trial_id,condition,snr,pred,is_exact,conf_anchor,conf_sent
t0000,no_distractor,inf,around,1,0,0
t0000,one_same,-9,allowed,0,0,0
t0000,one_same,-6,allowed,0,0,0
t0000,one_same,-3,allowed,0,0,0
t0000,one_same,0,allowed,0,0,0
t0000,one_same,3,allowed,0,0,0
t0000,one_diff,-9,along,0,0,0
t0000,one_diff,-6,along,0,0,0
t0000,one_diff,-3,around,1,0,0
t0000,one_diff,0,around,1,0,0
t0000,one_diff,3,around,1,0,0
t0000,two_talker,-9,allowed,0,0,0
t0000,two_talker,-6,allowed,0,0,0
t0000,two_talker,-3,allowed,0,0,0
t0000,two_talker,0,allowed,0,0,0
t0000,two_talker,3,allowed,0,0,0
t0000,four_talker,-9,owned,0,0,0
t0000,four_talker,-6,along,0,0,0
t0000,four_talker,-3,along,0,0,0
t0000,four_talker,0,along,0,0,0
t0000,four_talker,3,along,0,0,0
t0000,babble,-9,along,0,0,0
t0000,babble,-6,along,0,0,0
t0000,babble,-3,along,0,0,0
t0000,babble,0,along,0,0,0
t0000,babble,3,along,0,0,0
t0000,issn,-9,northern,0,0,0
t0000,issn,-6,below,0,0,0
t0000,issn,-3,allowed,0,0,0
t0000,issn,0,allowed,0,0,0
t0000,issn,3,along,0,0,0
t0001,no_distractor,inf,first,1,0,0
t0001,one_same,-9,against,0,0,0
t0001,one_same,-6,close,0,0,0
t0001,one_same,-3,close,0,0,0
t0001,one_same,0,close,0,0,0
t0001,one_same,3,close,0,0,0
t0001,one_diff,-9,across,0,0,0
t0001,one_diff,-6,across,0,0,0
t0001,one_diff,-3,first,1,0,0
t0001,one_diff,0,first,1,0,0
t0001,one_diff,3,first,1,0,0
t0001,two_talker,-9,placed,0,0,0
t0001,two_talker,-6,placed,0,0,0
t0001,two_talker,-3,close,0,0,0
t0001,two_talker,0,close,0,0,0
t0001,two_talker,3,first,1,0,0
t0001,four_talker,-9,native,0,0,0
t0001,four_talker,-6,native,0,0,0
t0001,four_talker,-3,across,0,0,0
t0001,four_talker,0,across,0,0,0
t0001,four_talker,3,across,0,0,0
t0001,babble,-9,source,0,0,0
t0001,babble,-6,source,0,0,0
t0001,babble,-3,source,0,0,0
t0001,babble,0,source,0,0,0
t0001,babble,3,source,0,0,0
t0001,issn,-9,small,0,0,0
t0001,issn,-6,couple,0,0,0
t0001,issn,-3,those,0,0,0
t0001,issn,0,close,0,0,0
t0001,issn,3,close,0,0,0
t0002,no_distractor,inf,effect,1,0,0
t0002,one_same,-9,forced,0,0,0
t0002,one_same,-6,alchemist,0,0,1
t0002,one_same,-3,effect,1,0,0
t0002,one_same,0,effect,1,0,0
t0002,one_same,3,effect,1,0,0
t0002,one_diff,-9,concept,0,0,0
t0002,one_diff,-6,concept,0,0,0
t0002,one_diff,-3,concept,0,0,0
t0002,one_diff,0,saint,0,0,0
t0002,one_diff,3,except,0,0,0
t0002,two_talker,-9,force,0,0,0
t0002,two_talker,-6,alchemist,0,0,1
t0002,two_talker,-3,alchemist,0,0,1
t0002,two_talker,0,successful,0,0,0
t0002,two_talker,3,success,0,0,0
t0002,four_talker,-9,mostly,0,0,0
t0002,four_talker,-6,mostly,0,0,0
t0002,four_talker,-3,mixed,0,0,0
t0002,four_talker,0,mixed,0,0,0
t0002,four_talker,3,placed,0,0,0
t0002,babble,-9,operated,0,0,0
t0002,babble,-6,replaced,0,0,0
t0002,babble,-3,replaced,0,0,0
t0002,babble,0,replaced,0,0,0
t0002,babble,3,placed,0,0,0
t0002,issn,-9,training,0,0,0
t0002,issn,-6,record,0,0,0
t0002,issn,-3,record,0,0,0
t0002,issn,0,effect,1,0,0
t0002,issn,3,effect,1,0,0
t0003,no_distractor,inf,really,1,0,0
t0003,one_same,-9,similar,0,1,1
t0003,one_same,-6,students,0,0,0
t0003,one_same,-3,studio,0,0,0
t0003,one_same,0,various,0,0,0
t0003,one_same,3,various,0,0,0
t0003,one_diff,-9,video,0,0,0
t0003,one_diff,-6,video,0,0,0
t0003,one_diff,-3,australia,0,0,0
t0003,one_diff,0,australia,0,0,0
t0003,one_diff,3,career,0,0,0
t0003,two_talker,-9,stories,0,0,0
t0003,two_talker,-6,historic,0,0,0
t0003,two_talker,-3,various,0,0,0
t0003,two_talker,0,various,0,0,0
t0003,two_talker,3,australia,0,0,0
t0003,four_talker,-9,several,0,0,0
t0003,four_talker,-6,students,0,0,0
t0003,four_talker,-3,series,0,0,0
t0003,four_talker,0,series,0,0,0
t0003,four_talker,3,australia,0,0,0
t0003,babble,-9,still,0,0,0
t0003,babble,-6,still,0,0,0
t0003,babble,-3,series,0,0,0
t0003,babble,0,series,0,0,0
t0003,babble,3,australia,0,0,0
t0003,issn,-9,brought,0,0,0
t0003,issn,-6,royal,0,0,0
t0003,issn,-3,various,0,0,0
t0003,issn,0,various,0,0,0
t0003,issn,3,areas,0,0,0
t0004,no_distractor,inf,makes,1,0,0
t0004,one_same,-9,which,0,1,1
t0004,one_same,-6,which,0,1,1
t0004,one_same,-3,which,0,1,1
t0004,one_same,0,which,0,1,1
t0004,one_same,3,which,0,1,1
t0004,one_diff,-9,makes,1,0,0
t0004,one_diff,-6,makes,1,0,0
t0004,one_diff,-3,makes,1,0,0
t0004,one_diff,0,makes,1,0,0
t0004,one_diff,3,makes,1,0,0
t0004,two_talker,-9,which,0,1,1
t0004,two_talker,-6,which,0,1,1
t0004,two_talker,-3,which,0,1,1
t0004,two_talker,0,which,0,1,1
t0004,two_talker,3,which,0,1,1
t0004,four_talker,-9,operates,0,0,0
t0004,four_talker,-6,makes,1,0,0
t0004,four_talker,-3,makes,1,0,0
t0004,four_talker,0,makes,1,0,0
t0004,four_talker,3,makes,1,0,0
t0004,babble,-9,actually,0,0,0
t0004,babble,-6,making,0,0,0
t0004,babble,-3,making,0,0,0
t0004,babble,0,makes,1,0,0
t0004,babble,3,makes,1,0,0
t0004,issn,-9,makes,1,0,0
t0004,issn,-6,makes,1,0,0
t0004,issn,-3,makes,1,0,0
t0004,issn,0,makes,1,0,0
t0004,issn,3,makes,1,0,0
t0005,no_distractor,inf,football,1,0,0
t0005,one_same,-9,almost,0,0,0
t0005,one_same,-6,almost,0,0,0
t0005,one_same,-3,almost,0,0,0
t0005,one_same,0,voice,0,0,0
t0005,one_same,3,close,0,0,0
t0005,one_diff,-9,football,1,0,0
t0005,one_diff,-6,football,1,0,0
t0005,one_diff,-3,football,1,0,0
t0005,one_diff,0,football,1,0,0
t0005,one_diff,3,football,1,0,0
t0005,two_talker,-9,awards,0,0,0
t0005,two_talker,-6,award,0,0,0
t0005,two_talker,-3,almost,0,0,0
t0005,two_talker,0,almost,0,0,0
t0005,two_talker,3,almost,0,0,0
t0005,four_talker,-9,television,0,0,0
t0005,four_talker,-6,information,0,0,0
t0005,four_talker,-3,division,0,0,0
t0005,four_talker,0,replaced,0,0,0
t0005,four_talker,3,replaced,0,0,0
t0005,babble,-9,almost,0,0,0
t0005,babble,-6,published,0,0,0
t0005,babble,-3,published,0,0,0
t0005,babble,0,published,0,0,0
t0005,babble,3,method,0,0,0
t0005,issn,-9,along,0,0,0
t0005,issn,-6,along,0,0,0
t0005,issn,-3,football,1,0,0
t0005,issn,0,football,1,0,0
t0005,issn,3,football,1,0,0
t0006,no_distractor,inf,found,1,0,0
t0006,one_same,-9,found,1,0,0
t0006,one_same,-6,found,1,0,0
t0006,one_same,-3,found,1,0,0
t0006,one_same,0,found,1,0,0
t0006,one_same,3,found,1,0,0
t0006,one_diff,-9,finally,0,0,0
t0006,one_diff,-6,found,1,0,0
t0006,one_diff,-3,found,1,0,0
t0006,one_diff,0,found,1,0,0
t0006,one_diff,3,found,1,0,0
t0006,two_talker,-9,finally,0,0,0
t0006,two_talker,-6,found,1,0,0
t0006,two_talker,-3,found,1,0,0
t0006,two_talker,0,founded,0,0,0
t0006,two_talker,3,found,1,0,0
t0006,four_talker,-9,standard,0,0,0
t0006,four_talker,-6,standard,0,0,0
t0006,four_talker,-3,founded,0,0,0
t0006,four_talker,0,found,1,0,0
t0006,four_talker,3,found,1,0,0
t0006,babble,-9,joined,0,0,0
t0006,babble,-6,joined,0,0,0
t0006,babble,-3,finally,0,0,0
t0006,babble,0,phone,0,0,0
t0006,babble,3,found,1,0,0
t0006,issn,-9,modern,0,0,0
t0006,issn,-6,running,0,0,0
t0006,issn,-3,running,0,0,0
t0006,issn,0,phone,0,0,0
t0006,issn,3,phone,0,0,0
t0007,no_distractor,inf,which,1,0,0
t0007,one_same,-9,built,0,0,0
t0007,one_same,-6,built,0,0,0
t0007,one_same,-3,built,0,0,0
t0007,one_same,0,built,0,0,0
t0007,one_same,3,italian,0,0,0
t0007,one_diff,-9,which,1,0,0
t0007,one_diff,-6,which,1,0,0
t0007,one_diff,-3,which,1,0,0
t0007,one_diff,0,which,1,0,0
t0007,one_diff,3,which,1,0,0
t0007,two_talker,-9,college,0,0,0
t0007,two_talker,-6,college,0,0,0
t0007,two_talker,-3,college,0,0,0
t0007,two_talker,0,college,0,0,0
t0007,two_talker,3,which,1,0,0
t0007,four_talker,-9,owned,0,0,0
t0007,four_talker,-6,owned,0,0,0
t0007,four_talker,-3,college,0,0,0
t0007,four_talker,0,college,0,0,0
t0007,four_talker,3,origin,0,0,0
t0007,babble,-9,programs,0,0,0
t0007,babble,-6,programs,0,0,0
t0007,babble,-3,parts,0,0,0
t0007,babble,0,guitar,0,0,0
t0007,babble,3,college,0,0,0
t0007,issn,-9,which,1,0,0
t0007,issn,-6,which,1,0,0
t0007,issn,-3,guitar,0,0,0
t0007,issn,0,guitar,0,0,0
t0007,issn,3,guitar,0,0,0
t0008,no_distractor,inf,therefore,1,0,0
t0008,one_same,-9,effect,0,0,0
t0008,one_same,-6,effect,0,0,0
t0008,one_same,-3,therefore,1,0,0
t0008,one_same,0,therefore,1,0,0
t0008,one_same,3,therefore,1,0,0
t0008,one_diff,-9,referred,0,0,0
t0008,one_diff,-6,therefore,1,0,0
t0008,one_diff,-3,therefore,1,0,0
t0008,one_diff,0,therefore,1,0,0
t0008,one_diff,3,therefore,1,0,0
t0008,two_talker,-9,effect,0,0,0
t0008,two_talker,-6,effect,0,0,0
t0008,two_talker,-3,european,0,0,0
t0008,two_talker,0,earth,0,0,0
t0008,two_talker,3,therefore,1,0,0
t0008,four_talker,-9,effect,0,0,0
t0008,four_talker,-6,effect,0,0,0
t0008,four_talker,-3,appeared,0,0,0
t0008,four_talker,0,therefore,1,0,0
t0008,four_talker,3,therefore,1,0,0
t0008,babble,-9,referred,0,0,0
t0008,babble,-6,therefore,1,0,0
t0008,babble,-3,therefore,1,0,0
t0008,babble,0,therefore,1,0,0
t0008,babble,3,therefore,1,0,0
t0008,issn,-9,lived,0,0,0
t0008,issn,-6,lived,0,0,0
t0008,issn,-3,therefore,1,0,0
t0008,issn,0,therefore,1,0,0
t0008,issn,3,therefore,1,0,0
t0009,no_distractor,inf,before,1,0,0
t0009,one_same,-9,another,0,1,1
t0009,one_same,-6,another,0,1,1
t0009,one_same,-3,including,0,0,0
t0009,one_same,0,including,0,0,0
t0009,one_same,3,three,0,0,0
t0009,one_diff,-9,majority,0,1,1
t0009,one_diff,-6,majority,0,1,1
t0009,one_diff,-3,majority,0,1,1
t0009,one_diff,0,referred,0,0,0
t0009,one_diff,3,referred,0,0,0
t0009,two_talker,-9,majority,0,1,1
t0009,two_talker,-6,majority,0,1,1
t0009,two_talker,-3,initially,0,0,0
t0009,two_talker,0,usually,0,0,0
t0009,two_talker,3,usually,0,0,0
t0009,four_talker,-9,william,0,0,0
t0009,four_talker,-6,never,0,0,0
t0009,four_talker,-3,other,0,0,0
t0009,four_talker,0,other,0,0,0
t0009,four_talker,3,other,0,0,0
t0009,babble,-9,houses,0,0,0
t0009,babble,-6,houses,0,0,0
t0009,babble,-3,noted,0,0,0
t0009,babble,0,united,0,0,0
t0009,babble,3,united,0,0,0
t0009,issn,-9,notable,0,0,0
t0009,issn,-6,smaller,0,0,0
t0009,issn,-3,mainly,0,0,0
t0009,issn,0,movie,0,0,0
t0009,issn,3,before,1,0,0
t0010,no_distractor,inf,getting,0,0,0
t0010,one_same,-9,people,0,1,1
t0010,one_same,-6,people,0,1,1
t0010,one_same,-3,people,0,1,1
t0010,one_same,0,studio,0,0,0
t0010,one_same,3,student,0,0,0
t0010,one_diff,-9,complete,0,0,0
t0010,one_diff,-6,complete,0,0,0
t0010,one_diff,-3,complete,0,0,0
t0010,one_diff,0,including,0,0,0
t0010,one_diff,3,including,0,0,0
t0010,two_talker,-9,people,0,1,1
t0010,two_talker,-6,studio,0,0,0
t0010,two_talker,-3,studio,0,0,0
t0010,two_talker,0,studio,0,0,0
t0010,two_talker,3,studio,0,0,0
t0010,four_talker,-9,different,0,0,0
t0010,four_talker,-6,different,0,0,0
t0010,four_talker,-3,different,0,0,0
t0010,four_talker,0,didn't,0,0,0
t0010,four_talker,3,didn't,0,0,0
t0010,babble,-9,educated,0,0,0
t0010,babble,-6,educated,0,0,0
t0010,babble,-3,completed,0,0,0
t0010,babble,0,completed,0,0,0
t0010,babble,3,either,0,0,0
t0010,issn,-9,civil,0,0,0
t0010,issn,-6,civil,0,0,0
t0010,issn,-3,significant,0,0,0
t0010,issn,0,studio,0,0,0
t0010,issn,3,studio,0,0,0
t0011,no_distractor,inf,created,1,0,0
t0011,one_same,-9,performed,0,0,0
t0011,one_same,-6,performed,0,0,0
t0011,one_same,-3,great,0,0,0
t0011,one_same,0,created,1,0,0
t0011,one_same,3,created,1,0,0
t0011,one_diff,-9,bridge,0,0,0
t0011,one_diff,-6,created,1,0,0
t0011,one_diff,-3,created,1,0,0
t0011,one_diff,0,created,1,0,0
t0011,one_diff,3,created,1,0,0
t0011,two_talker,-9,great,0,0,0
t0011,two_talker,-6,created,1,0,0
t0011,two_talker,-3,created,1,0,0
t0011,two_talker,0,created,1,0,0
t0011,two_talker,3,created,1,0,0
t0011,four_talker,-9,words,0,0,0
t0011,four_talker,-6,available,0,0,0
t0011,four_talker,-3,available,0,0,0
t0011,four_talker,0,played,0,0,0
t0011,four_talker,3,played,0,0,0
t0011,babble,-9,president,0,0,0
t0011,babble,-6,president,0,0,0
t0011,babble,-3,service,0,0,0
t0011,babble,0,service,0,0,0
t0011,babble,3,service,0,0,0
t0011,issn,-9,awards,0,0,0
t0011,issn,-6,radio,0,0,0
t0011,issn,-3,major,0,0,0
t0011,issn,0,created,1,0,0
t0011,issn,3,created,1,0,0
t0012,no_distractor,inf,owned,1,0,0
t0012,one_same,-9,local,0,0,0
t0012,one_same,-6,airport,0,0,0
t0012,one_same,-3,airport,0,0,0
t0012,one_same,0,therefore,0,0,0
t0012,one_same,3,therefore,0,0,0
t0012,one_diff,-9,lower,0,0,0
t0012,one_diff,-6,railroad,0,0,0
t0012,one_diff,-3,railroad,0,0,0
t0012,one_diff,0,railroad,0,0,0
t0012,one_diff,3,railroad,0,0,0
t0012,two_talker,-9,therefore,0,0,0
t0012,two_talker,-6,therefore,0,0,0
t0012,two_talker,-3,therefore,0,0,0
t0012,two_talker,0,therefore,0,0,0
t0012,two_talker,3,available,0,0,0
t0012,four_talker,-9,therefore,0,0,0
t0012,four_talker,-6,therefore,0,0,0
t0012,four_talker,-3,therefore,0,0,0
t0012,four_talker,0,available,0,0,0
t0012,four_talker,3,available,0,0,0
t0012,babble,-9,charge,0,0,0
t0012,babble,-6,charge,0,0,0
t0012,babble,-3,james,0,0,0
t0012,babble,0,james,0,0,0
t0012,babble,3,german,0,0,0
t0012,issn,-9,northern,0,0,0
t0012,issn,-6,earlier,0,0,0
t0012,issn,-3,owned,1,0,0
t0012,issn,0,owned,1,0,0
t0012,issn,3,owned,1,0,0
t0013,no_distractor,inf,paris,1,0,0
t0013,one_same,-9,service,0,0,0
t0013,one_same,-6,service,0,0,0
t0013,one_same,-3,service,0,0,0
t0013,one_same,0,themselves,0,0,0
t0013,one_same,3,themselves,0,0,0
t0013,one_diff,-9,miles,0,0,0
t0013,one_diff,-6,class,0,0,0
t0013,one_diff,-3,class,0,0,0
t0013,one_diff,0,paris,1,0,0
t0013,one_diff,3,paris,1,0,0
t0013,two_talker,-9,service,0,0,0
t0013,two_talker,-6,service,0,0,0
t0013,two_talker,-3,service,0,0,0
t0013,two_talker,0,service,0,0,0
t0013,two_talker,3,paris,1,0,0
t0013,four_talker,-9,seven,0,0,0
t0013,four_talker,-6,seven,0,0,0
t0013,four_talker,-3,seven,0,0,0
t0013,four_talker,0,service,0,0,0
t0013,four_talker,3,themselves,0,0,0
t0013,babble,-9,evidence,0,0,0
t0013,babble,-6,evidence,0,0,0
t0013,babble,-3,itself,0,0,0
t0013,babble,0,itself,0,0,0
t0013,babble,3,itself,0,0,0
t0013,issn,-9,works,0,0,0
t0013,issn,-6,works,0,0,0
t0013,issn,-3,miles,0,0,0
t0013,issn,0,class,0,0,0
t0013,issn,3,class,0,0,0
t0014,no_distractor,inf,member,1,0,0
t0014,one_same,-9,middle,0,1,1
t0014,one_same,-6,middle,0,1,1
t0014,one_same,-3,member,1,0,0
t0014,one_same,0,member,1,0,0
t0014,one_same,3,member,1,0,0
t0014,one_diff,-9,member,1,0,0
t0014,one_diff,-6,member,1,0,0
t0014,one_diff,-3,member,1,0,0
t0014,one_diff,0,member,1,0,0
t0014,one_diff,3,member,1,0,0
t0014,two_talker,-9,member,1,0,0
t0014,two_talker,-6,member,1,0,0
t0014,two_talker,-3,member,1,0,0
t0014,two_talker,0,member,1,0,0
t0014,two_talker,3,member,1,0,0
t0014,four_talker,-9,limited,0,0,0
t0014,four_talker,-6,william,0,0,0
t0014,four_talker,-3,member,1,0,0
t0014,four_talker,0,member,1,0,0
t0014,four_talker,3,member,1,0,0
t0014,babble,-9,mother,0,0,0
t0014,babble,-6,member,1,0,0
t0014,babble,-3,minor,0,0,0
t0014,babble,0,member,1,0,0
t0014,babble,3,member,1,0,0
t0014,issn,-9,member,1,0,0
t0014,issn,-6,member,1,0,0
t0014,issn,-3,member,1,0,0
t0014,issn,0,member,1,0,0
t0014,issn,3,member,1,0,0
t0015,no_distractor,inf,unknown,0,0,0
t0015,one_same,-9,round,0,0,0
t0015,one_same,-6,round,0,0,0
t0015,one_same,-3,unknown,0,0,0
t0015,one_same,0,unknown,0,0,0
t0015,one_same,3,unknown,0,0,0
t0015,one_diff,-9,alone,1,0,0
t0015,one_diff,-6,alone,1,0,0
t0015,one_diff,-3,alone,1,0,0
t0015,one_diff,0,alone,1,0,0
t0015,one_diff,3,alone,1,0,0
t0015,two_talker,-9,known,0,0,0
t0015,two_talker,-6,known,0,0,0
t0015,two_talker,-3,enough,0,0,0
t0015,two_talker,0,enough,0,0,0
t0015,two_talker,3,known,0,0,0
t0015,four_talker,-9,doctor,0,0,0
t0015,four_talker,-6,enough,0,0,0
t0015,four_talker,-3,enough,0,0,0
t0015,four_talker,0,enough,0,0,0
t0015,four_talker,3,enough,0,0,0
t0015,babble,-9,along,0,0,1
t0015,babble,-6,along,0,0,1
t0015,babble,-3,alone,1,0,0
t0015,babble,0,alone,1,0,0
t0015,babble,3,alone,1,0,0
t0015,issn,-9,order,0,0,0
t0015,issn,-6,lower,0,0,0
t0015,issn,-3,lower,0,0,0
t0015,issn,0,alone,1,0,0
t0015,issn,3,unknown,0,0,0
t0016,no_distractor,inf,county,1,0,0
t0016,one_same,-9,college,0,0,0
t0016,one_same,-6,college,0,0,0
t0016,one_same,-3,college,0,0,0
t0016,one_same,0,college,0,0,0
t0016,one_same,3,college,0,0,0
t0016,one_diff,-9,county,1,0,0
t0016,one_diff,-6,county,1,0,0
t0016,one_diff,-3,county,1,0,0
t0016,one_diff,0,county,1,0,0
t0016,one_diff,3,county,1,0,0
t0016,two_talker,-9,college,0,0,0
t0016,two_talker,-6,college,0,0,0
t0016,two_talker,-3,college,0,0,0
t0016,two_talker,0,county,1,0,0
t0016,two_talker,3,county,1,0,0
t0016,four_talker,-9,covered,0,0,0
t0016,four_talker,-6,covered,0,0,0
t0016,four_talker,-3,common,0,0,0
t0016,four_talker,0,common,0,0,0
t0016,four_talker,3,common,0,0,0
t0016,babble,-9,charge,0,0,0
t0016,babble,-6,charge,0,0,0
t0016,babble,-3,charge,0,0,0
t0016,babble,0,county,1,0,0
t0016,babble,3,county,1,0,0
t0016,issn,-9,mountain,0,0,0
t0016,issn,-6,mountain,0,0,0
t0016,issn,-3,county,1,0,0
t0016,issn,0,county,1,0,0
t0016,issn,3,county,1,0,0
t0017,no_distractor,inf,distance,1,0,0
t0017,one_same,-9,previously,0,1,1
t0017,one_same,-6,previously,0,1,1
t0017,one_same,-3,distance,1,0,0
t0017,one_same,0,distance,1,0,0
t0017,one_same,3,distance,1,0,0
t0017,one_diff,-9,distance,1,0,0
t0017,one_diff,-6,distance,1,0,0
t0017,one_diff,-3,distance,1,0,0
t0017,one_diff,0,distance,1,0,0
t0017,one_diff,3,distance,1,0,0
t0017,two_talker,-9,previously,0,1,1
t0017,two_talker,-6,previously,0,1,1
t0017,two_talker,-3,distance,1,0,0
t0017,two_talker,0,distance,1,0,0
t0017,two_talker,3,distance,1,0,0
t0017,four_talker,-9,doctor,0,1,1
t0017,four_talker,-6,doctor,0,1,1
t0017,four_talker,-3,distance,1,0,0
t0017,four_talker,0,distance,1,0,0
t0017,four_talker,3,distance,1,0,0
t0017,babble,-9,doctor,0,1,1
t0017,babble,-6,distance,1,0,0
t0017,babble,-3,distance,1,0,0
t0017,babble,0,distance,1,0,0
t0017,babble,3,distance,1,0,0
t0017,issn,-9,while,0,0,0
t0017,issn,-6,themselves,0,0,0
t0017,issn,-3,distance,1,0,0
t0017,issn,0,distance,1,0,0
t0017,issn,3,distance,1,0,0
t0018,no_distractor,inf,sound,1,0,0
t0018,one_same,-9,sound,1,0,0
t0018,one_same,-6,sound,1,0,0
t0018,one_same,-3,sound,1,0,0
t0018,one_same,0,sound,1,0,0
t0018,one_same,3,sound,1,0,0
t0018,one_diff,-9,sound,1,0,0
t0018,one_diff,-6,sound,1,0,0
t0018,one_diff,-3,sound,1,0,0
t0018,one_diff,0,sound,1,0,0
t0018,one_diff,3,sound,1,0,0
t0018,two_talker,-9,decided,0,0,0
t0018,two_talker,-6,sound,1,0,0
t0018,two_talker,-3,sound,1,0,0
t0018,two_talker,0,sound,1,0,0
t0018,two_talker,3,sound,1,0,0
t0018,four_talker,-9,designed,0,0,0
t0018,four_talker,-6,sound,1,0,0
t0018,four_talker,-3,sound,1,0,0
t0018,four_talker,0,sound,1,0,0
t0018,four_talker,3,sound,1,0,0
t0018,babble,-9,sound,1,0,0
t0018,babble,-6,sound,1,0,0
t0018,babble,-3,sound,1,0,0
t0018,babble,0,sound,1,0,0
t0018,babble,3,sound,1,0,0
t0018,issn,-9,south,0,0,0
t0018,issn,-6,sound,1,0,0
t0018,issn,-3,sound,1,0,0
t0018,issn,0,sound,1,0,0
t0018,issn,3,sound,1,0,0
t0019,no_distractor,inf,trains,1,0,0
t0019,one_same,-9,trains,1,0,0
t0019,one_same,-6,trains,1,0,0
t0019,one_same,-3,trains,1,0,0
t0019,one_same,0,trains,1,0,0
t0019,one_same,3,trains,1,0,0
t0019,one_diff,-9,trains,1,0,0
t0019,one_diff,-6,trains,1,0,0
t0019,one_diff,-3,trains,1,0,0
t0019,one_diff,0,trains,1,0,0
t0019,one_diff,3,trains,1,0,0
t0019,two_talker,-9,trains,1,0,0
t0019,two_talker,-6,trains,1,0,0
t0019,two_talker,-3,trains,1,0,0
t0019,two_talker,0,trains,1,0,0
t0019,two_talker,3,trains,1,0,0
t0019,four_talker,-9,trains,1,0,0
t0019,four_talker,-6,trains,1,0,0
t0019,four_talker,-3,trains,1,0,0
t0019,four_talker,0,trains,1,0,0
t0019,four_talker,3,trains,1,0,0
t0019,babble,-9,trains,1,0,0
t0019,babble,-6,trains,1,0,0
t0019,babble,-3,trains,1,0,0
t0019,babble,0,trains,1,0,0
t0019,babble,3,trains,1,0,0
t0019,issn,-9,carried,0,0,0
t0019,issn,-6,trains,1,0,0
t0019,issn,-3,trains,1,0,0
t0019,issn,0,trains,1,0,0
t0019,issn,3,trains,1,0,0
t0020,no_distractor,inf,countries,1,0,0
t0020,one_same,-9,issues,0,0,0
t0020,one_same,-6,office,0,1,1
t0020,one_same,-3,office,0,1,1
t0020,one_same,0,companies,0,0,0
t0020,one_same,3,companies,0,0,0
t0020,one_diff,-9,against,0,0,0
t0020,one_diff,-6,complex,0,0,0
t0020,one_diff,-3,complex,0,0,0
t0020,one_diff,0,companies,0,0,0
t0020,one_diff,3,companies,0,0,0
t0020,two_talker,-9,business,0,0,0
t0020,two_talker,-6,business,0,0,0
t0020,two_talker,-3,noted,0,0,0
t0020,two_talker,0,noted,0,0,0
t0020,two_talker,3,countries,1,0,0
t0020,four_talker,-9,medical,0,0,0
t0020,four_talker,-6,medical,0,0,0
t0020,four_talker,-3,local,0,0,0
t0020,four_talker,0,office,0,1,1
t0020,four_talker,3,companies,0,0,0
t0020,babble,-9,railway,0,0,0
t0020,babble,-6,members,0,0,0
t0020,babble,-3,countries,1,0,0
t0020,babble,0,countries,1,0,0
t0020,babble,3,countries,1,0,0
t0020,issn,-9,another,0,0,0
t0020,issn,-6,companies,0,0,0
t0020,issn,-3,companies,0,0,0
t0020,issn,0,countries,1,0,0
t0020,issn,3,countries,1,0,0
t0021,no_distractor,inf,american,1,0,0
t0021,one_same,-9,carried,0,1,1
t0021,one_same,-6,carried,0,1,1
t0021,one_same,-3,carried,0,1,1
t0021,one_same,0,married,0,0,0
t0021,one_same,3,married,0,0,0
t0021,one_diff,-9,united,0,0,0
t0021,one_diff,-6,united,0,0,0
t0021,one_diff,-3,american,1,0,0
t0021,one_diff,0,american,1,0,0
t0021,one_diff,3,american,1,0,0
t0021,two_talker,-9,carried,0,1,1
t0021,two_talker,-6,carried,0,1,1
t0021,two_talker,-3,married,0,0,0
t0021,two_talker,0,american,1,0,0
t0021,two_talker,3,american,1,0,0
t0021,four_talker,-9,buried,0,0,0
t0021,four_talker,-6,american,1,0,0
t0021,four_talker,-3,american,1,0,0
t0021,four_talker,0,american,1,0,0
t0021,four_talker,3,american,1,0,0
t0021,babble,-9,general,0,0,0
t0021,babble,-6,yellow,0,0,0
t0021,babble,-3,female,0,0,0
t0021,babble,0,female,0,0,0
t0021,babble,3,female,0,0,0
t0021,issn,-9,public,0,0,0
t0021,issn,-6,better,0,0,0
t0021,issn,-3,medical,0,0,0
t0021,issn,0,american,1,0,0
t0021,issn,3,american,1,0,0
t0022,no_distractor,inf,matter,1,0,0
t0022,one_same,-9,metal,0,0,0
t0022,one_same,-6,metal,0,0,0
t0022,one_same,-3,metal,0,0,0
t0022,one_same,0,metal,0,0,0
t0022,one_same,3,matter,1,0,0
t0022,one_diff,-9,metal,0,0,0
t0022,one_diff,-6,multiple,0,0,0
t0022,one_diff,-3,multiple,0,0,0
t0022,one_diff,0,particular,0,0,0
t0022,one_diff,3,particular,0,0,0
t0022,two_talker,-9,although,0,0,0
t0022,two_talker,-6,though,0,0,0
t0022,two_talker,-3,council,0,0,0
t0022,two_talker,0,metal,0,0,0
t0022,two_talker,3,matter,1,0,0
t0022,four_talker,-9,french,0,1,1
t0022,four_talker,-6,french,0,1,1
t0022,four_talker,-3,friend,0,0,0
t0022,four_talker,0,friend,0,0,0
t0022,four_talker,3,matter,1,0,0
t0022,babble,-9,friends,0,0,0
t0022,babble,-6,friends,0,0,0
t0022,babble,-3,friends,0,0,0
t0022,babble,0,friends,0,0,0
t0022,babble,3,money,0,0,0
t0022,issn,-9,festival,0,0,0
t0022,issn,-6,festival,0,0,0
t0022,issn,-3,hospital,0,0,0
t0022,issn,0,method,0,0,0
t0022,issn,3,matter,1,0,0
t0023,no_distractor,inf,state,1,0,0
t0023,one_same,-9,that's,0,1,1
t0023,one_same,-6,that's,0,1,1
t0023,one_same,-3,that's,0,1,1
t0023,one_same,0,that's,0,1,1
t0023,one_same,3,states,0,0,0
t0023,one_diff,-9,state,1,0,0
t0023,one_diff,-6,state,1,0,0
t0023,one_diff,-3,state,1,0,0
t0023,one_diff,0,state,1,0,0
t0023,one_diff,3,state,1,0,0
t0023,two_talker,-9,that's,0,1,1
t0023,two_talker,-6,that's,0,1,1
t0023,two_talker,-3,that's,0,1,1
t0023,two_talker,0,smith,0,0,0
t0023,two_talker,3,space,0,0,0
t0023,four_talker,-9,centre,0,0,0
t0023,four_talker,-6,outside,0,0,0
t0023,four_talker,-3,outside,0,0,0
t0023,four_talker,0,outside,0,0,0
t0023,four_talker,3,state,1,0,0
t0023,babble,-9,outside,0,0,0
t0023,babble,-6,website,0,0,0
t0023,babble,-3,smith,0,0,0
t0023,babble,0,smith,0,0,0
t0023,babble,3,smith,0,0,0
t0023,issn,-9,football,0,0,0
t0023,issn,-6,involved,0,0,0
t0023,issn,-3,named,0,0,0
t0023,issn,0,state,1,0,0
t0023,issn,3,state,1,0,0
t0024,no_distractor,inf,makes,0,0,0
t0024,one_same,-9,however,0,1,1
t0024,one_same,-6,let's,0,0,0
t0024,one_same,-3,let's,0,0,0
t0024,one_same,0,let's,0,0,0
t0024,one_same,3,written,0,0,0
t0024,one_diff,-9,recently,0,0,0
t0024,one_diff,-6,recently,0,0,0
t0024,one_diff,-3,recently,0,0,0
t0024,one_diff,0,makes,0,0,0
t0024,one_diff,3,makes,0,0,0
t0024,two_talker,-9,houses,0,0,0
t0024,two_talker,-6,houses,0,0,0
t0024,two_talker,-3,helped,0,0,0
t0024,two_talker,0,recently,0,0,0
t0024,two_talker,3,written,0,0,0
t0024,four_talker,-9,himself,0,1,1
t0024,four_talker,-6,something,0,0,0
t0024,four_talker,-3,until,0,0,0
t0024,four_talker,0,written,0,0,0
t0024,four_talker,3,written,0,0,0
t0024,babble,-9,forces,0,1,1
t0024,babble,-6,access,0,0,0
t0024,babble,-3,what's,0,0,0
t0024,babble,0,makes,0,0,0
t0024,babble,3,makes,0,0,0
t0024,issn,-9,species,0,0,0
t0024,issn,-6,considered,0,0,0
t0024,issn,-3,makes,0,0,0
t0024,issn,0,makes,0,0,0
t0024,issn,3,written,0,0,0
t0025,no_distractor,inf,music,1,0,0
t0025,one_same,-9,using,0,0,0
t0025,one_same,-6,using,0,0,0
t0025,one_same,-3,musical,0,0,0
t0025,one_same,0,musical,0,0,0
t0025,one_same,3,musical,0,0,0
t0025,one_diff,-9,business,0,0,0
t0025,one_diff,-6,music,1,0,0
t0025,one_diff,-3,music,1,0,0
t0025,one_diff,0,music,1,0,0
t0025,one_diff,3,music,1,0,0
t0025,two_talker,-9,issues,0,0,0
t0025,two_talker,-6,business,0,0,0
t0025,two_talker,-3,music,1,0,0
t0025,two_talker,0,music,1,0,0
t0025,two_talker,3,music,1,0,0
t0025,four_talker,-9,charge,0,0,0
t0025,four_talker,-6,results,0,0,0
t0025,four_talker,-3,designed,0,0,0
t0025,four_talker,0,designed,0,0,0
t0025,four_talker,3,music,1,0,0
t0025,babble,-9,songs,0,1,1
t0025,babble,-6,songs,0,1,1
t0025,babble,-3,songs,0,1,1
t0025,babble,0,using,0,0,0
t0025,babble,3,music,1,0,0
t0025,issn,-9,considered,0,0,0
t0025,issn,-6,considered,0,0,0
t0025,issn,-3,musical,0,0,0
t0025,issn,0,musical,0,0,0
t0025,issn,3,music,1,0,0
t0026,no_distractor,inf,interest,1,0,0
t0026,one_same,-9,interest,1,0,0
t0026,one_same,-6,interest,1,0,0
t0026,one_same,-3,interest,1,0,0
t0026,one_same,0,interest,1,0,0
t0026,one_same,3,interest,1,0,0
t0026,one_diff,-9,interest,1,0,0
t0026,one_diff,-6,interest,1,0,0
t0026,one_diff,-3,interest,1,0,0
t0026,one_diff,0,interest,1,0,0
t0026,one_diff,3,interest,1,0,0
t0026,two_talker,-9,interest,1,0,0
t0026,two_talker,-6,interest,1,0,0
t0026,two_talker,-3,interest,1,0,0
t0026,two_talker,0,interest,1,0,0
t0026,two_talker,3,interest,1,0,0
t0026,four_talker,-9,appears,0,0,0
t0026,four_talker,-6,interest,1,0,0
t0026,four_talker,-3,interest,1,0,0
t0026,four_talker,0,interest,1,0,0
t0026,four_talker,3,interest,1,0,0
t0026,babble,-9,source,0,0,0
t0026,babble,-6,source,0,0,0
t0026,babble,-3,source,0,0,0
t0026,babble,0,interest,1,0,0
t0026,babble,3,interest,1,0,0
t0026,issn,-9,numerous,0,0,0
t0026,issn,-6,themselves,0,0,0
t0026,issn,-3,interest,1,0,0
t0026,issn,0,interest,1,0,0
t0026,issn,3,interest,1,0,0
t0027,no_distractor,inf,church,1,0,0
t0027,one_same,-9,charge,0,0,0
t0027,one_same,-6,charge,0,0,0
t0027,one_same,-3,charge,0,0,0
t0027,one_same,0,charge,0,0,0
t0027,one_same,3,charge,0,0,0
t0027,one_diff,-9,charge,0,0,0
t0027,one_diff,-6,charge,0,0,0
t0027,one_diff,-3,charge,0,0,0
t0027,one_diff,0,church,1,0,0
t0027,one_diff,3,church,1,0,0
t0027,two_talker,-9,charge,0,0,0
t0027,two_talker,-6,charge,0,0,0
t0027,two_talker,-3,charge,0,0,0
t0027,two_talker,0,charge,0,0,0
t0027,two_talker,3,church,1,0,0
t0027,four_talker,-9,round,0,0,0
t0027,four_talker,-6,church,1,0,0
t0027,four_talker,-3,church,1,0,0
t0027,four_talker,0,church,1,0,0
t0027,four_talker,3,church,1,0,0
t0027,babble,-9,church,1,0,0
t0027,babble,-6,church,1,0,0
t0027,babble,-3,church,1,0,0
t0027,babble,0,church,1,0,0
t0027,babble,3,church,1,0,0
t0027,issn,-9,chief,0,0,0
t0027,issn,-6,chief,0,0,0
t0027,issn,-3,change,0,0,0
t0027,issn,0,church,1,0,0
t0027,issn,3,church,1,0,0
t0028,no_distractor,inf,lives,1,0,0
t0028,one_same,-9,money,0,0,0
t0028,one_same,-6,money,0,0,0
t0028,one_same,-3,makes,0,0,0
t0028,one_same,0,leaves,0,0,0
t0028,one_same,3,leaves,0,0,0
t0028,one_diff,-9,light,0,1,1
t0028,one_diff,-6,light,0,1,1
t0028,one_diff,-3,leaves,0,0,0
t0028,one_diff,0,leaves,0,0,0
t0028,one_diff,3,leaves,0,0,0
t0028,two_talker,-9,money,0,0,0
t0028,two_talker,-6,leaves,0,0,0
t0028,two_talker,-3,leaves,0,0,0
t0028,two_talker,0,leaves,0,0,0
t0028,two_talker,3,leaves,0,0,0
t0028,four_talker,-9,includes,0,0,0
t0028,four_talker,-6,groups,0,0,0
t0028,four_talker,-3,leaves,0,0,0
t0028,four_talker,0,leaves,0,0,0
t0028,four_talker,3,leaves,0,0,0
t0028,babble,-9,might,0,0,0
t0028,babble,-6,might,0,0,0
t0028,babble,-3,means,0,0,0
t0028,babble,0,means,0,0,0
t0028,babble,3,leaves,0,0,0
t0028,issn,-9,games,0,0,0
t0028,issn,-6,politics,0,0,0
t0028,issn,-3,politics,0,0,0
t0028,issn,0,leaves,0,0,0
t0028,issn,3,leaves,0,0,0
t0029,no_distractor,inf,career,1,0,0
t0029,one_same,-9,short,0,1,1
t0029,one_same,-6,short,0,1,1
t0029,one_same,-3,short,0,1,1
t0029,one_same,0,floor,0,0,0
t0029,one_same,3,floor,0,0,0
t0029,one_diff,-9,dream,0,0,0
t0029,one_diff,-6,career,1,0,0
t0029,one_diff,-3,career,1,0,0
t0029,one_diff,0,career,1,0,0
t0029,one_diff,3,career,1,0,0
t0029,two_talker,-9,historical,0,0,0
t0029,two_talker,-6,historical,0,0,0
t0029,two_talker,-3,floor,0,0,0
t0029,two_talker,0,floor,0,0,0
t0029,two_talker,3,floor,0,0,0
t0029,four_talker,-9,charles,0,0,0
t0029,four_talker,-6,historical,0,0,0
t0029,four_talker,-3,historical,0,0,0
t0029,four_talker,0,floor,0,0,0
t0029,four_talker,3,floor,0,0,0
t0029,babble,-9,brother,0,0,0
t0029,babble,-6,railroad,0,0,0
t0029,babble,-3,railroad,0,0,0
t0029,babble,0,railroad,0,0,0
t0029,babble,3,river,0,0,1
t0029,issn,-9,europe,0,0,0
t0029,issn,-6,europe,0,0,0
t0029,issn,-3,career,1,0,0
t0029,issn,0,career,1,0,0
t0029,issn,3,career,1,0,0
t0030,no_distractor,inf,trains,1,0,0
t0030,one_same,-9,trains,1,0,0
t0030,one_same,-6,trains,1,0,0
t0030,one_same,-3,trains,1,0,0
t0030,one_same,0,trains,1,0,0
t0030,one_same,3,trains,1,0,0
t0030,one_diff,-9,trains,1,0,0
t0030,one_diff,-6,trains,1,0,0
t0030,one_diff,-3,trains,1,0,0
t0030,one_diff,0,trains,1,0,0
t0030,one_diff,3,trains,1,0,0
t0030,two_talker,-9,trains,1,0,0
t0030,two_talker,-6,trains,1,0,0
t0030,two_talker,-3,trains,1,0,0
t0030,two_talker,0,trains,1,0,0
t0030,two_talker,3,trains,1,0,0
t0030,four_talker,-9,trains,1,0,0
t0030,four_talker,-6,trains,1,0,0
t0030,four_talker,-3,trains,1,0,0
t0030,four_talker,0,trains,1,0,0
t0030,four_talker,3,trains,1,0,0
t0030,babble,-9,services,0,0,0
t0030,babble,-6,services,0,0,0
t0030,babble,-3,trains,1,0,0
t0030,babble,0,trains,1,0,0
t0030,babble,3,trains,1,0,0
t0030,issn,-9,trains,1,0,0
t0030,issn,-6,trains,1,0,0
t0030,issn,-3,trains,1,0,0
t0030,issn,0,trains,1,0,0
t0030,issn,3,trains,1,0,0
t0031,no_distractor,inf,during,1,0,0
t0031,one_same,-9,origin,0,0,0
t0031,one_same,-6,during,1,0,0
t0031,one_same,-3,during,1,0,0
t0031,one_same,0,during,1,0,0
t0031,one_same,3,during,1,0,0
t0031,one_diff,-9,carried,0,0,0
t0031,one_diff,-6,carried,0,0,0
t0031,one_diff,-3,carried,0,0,0
t0031,one_diff,0,during,1,0,0
t0031,one_diff,3,during,1,0,0
t0031,two_talker,-9,killed,0,0,0
t0031,two_talker,-6,during,1,0,0
t0031,two_talker,-3,during,1,0,0
t0031,two_talker,0,during,1,0,0
t0031,two_talker,3,during,1,0,0
t0031,four_talker,-9,however,0,1,1
t0031,four_talker,-6,however,0,1,1
t0031,four_talker,-3,however,0,1,1
t0031,four_talker,0,however,0,1,1
t0031,four_talker,3,however,0,1,1
t0031,babble,-9,however,0,1,1
t0031,babble,-6,however,0,1,1
t0031,babble,-3,others,0,0,0
t0031,babble,0,japanese,0,0,0
t0031,babble,3,germany,0,0,0
t0031,issn,-9,northern,0,0,0
t0031,issn,-6,modern,0,0,0
t0031,issn,-3,german,0,0,0
t0031,issn,0,during,1,0,0
t0031,issn,3,during,1,0,0
t0032,no_distractor,inf,business,1,0,0
t0032,one_same,-9,raised,0,1,1
t0032,one_same,-6,raised,0,1,1
t0032,one_same,-3,radio,0,0,0
t0032,one_same,0,radio,0,0,0
t0032,one_same,3,various,0,0,0
t0032,one_diff,-9,civil,0,0,0
t0032,one_diff,-6,civil,0,0,0
t0032,one_diff,-3,business,1,0,0
t0032,one_diff,0,business,1,0,0
t0032,one_diff,3,business,1,0,0
t0032,two_talker,-9,raised,0,1,1
t0032,two_talker,-6,raised,0,1,1
t0032,two_talker,-3,raised,0,1,1
t0032,two_talker,0,raised,0,1,1
t0032,two_talker,3,raised,0,1,1
t0032,four_talker,-9,civil,0,0,0
t0032,four_talker,-6,civil,0,0,0
t0032,four_talker,-3,civil,0,0,0
t0032,four_talker,0,civil,0,0,0
t0032,four_talker,3,civil,0,0,0
t0032,babble,-9,numerous,0,0,0
t0032,babble,-6,similar,0,1,1
t0032,babble,-3,simple,0,0,0
t0032,babble,0,simple,0,0,0
t0032,babble,3,similar,0,1,1
t0032,issn,-9,system,0,0,0
t0032,issn,-6,business,1,0,0
t0032,issn,-3,business,1,0,0
t0032,issn,0,business,1,0,0
t0032,issn,3,business,1,0,0
t0033,no_distractor,inf,there,1,0,0
t0033,one_same,-9,buried,0,0,0
t0033,one_same,-6,provided,0,0,0
t0033,one_same,-3,better,0,0,0
t0033,one_same,0,better,0,0,0
t0033,one_same,3,better,0,0,0
t0033,one_diff,-9,areas,0,0,0
t0033,one_diff,-6,areas,0,0,0
t0033,one_diff,-3,there,1,0,0
t0033,one_diff,0,there,1,0,0
t0033,one_diff,3,there,1,0,0
t0033,two_talker,-9,brothers,0,0,0
t0033,two_talker,-6,brothers,0,0,0
t0033,two_talker,-3,brothers,0,0,0
t0033,two_talker,0,programs,0,0,0
t0033,two_talker,3,dance,0,0,0
t0033,four_talker,-9,above,0,0,0
t0033,four_talker,-6,developed,0,0,0
t0033,four_talker,-3,developed,0,0,0
t0033,four_talker,0,itself,0,0,0
t0033,four_talker,3,built,0,0,0
t0033,babble,-9,stories,0,0,0
t0033,babble,-6,stories,0,0,0
t0033,babble,-3,stories,0,0,0
t0033,babble,0,stories,0,0,0
t0033,babble,3,stories,0,0,0
t0033,issn,-9,middle,0,0,0
t0033,issn,-6,middle,0,0,0
t0033,issn,-3,america,0,0,0
t0033,issn,0,there,1,0,0
t0033,issn,3,there,1,0,0
t0034,no_distractor,inf,released,1,0,0
t0034,one_same,-9,changed,0,0,0
t0034,one_same,-6,remains,0,0,0
t0034,one_same,-3,remains,0,0,0
t0034,one_same,0,released,1,0,0
t0034,one_same,3,released,1,0,0
t0034,one_diff,-9,released,1,0,0
t0034,one_diff,-6,released,1,0,0
t0034,one_diff,-3,released,1,0,0
t0034,one_diff,0,released,1,0,0
t0034,one_diff,3,released,1,0,0
t0034,two_talker,-9,changed,0,0,0
t0034,two_talker,-6,changed,0,0,0
t0034,two_talker,-3,remains,0,0,0
t0034,two_talker,0,released,1,0,0
t0034,two_talker,3,released,1,0,0
t0034,four_talker,-9,changed,0,0,0
t0034,four_talker,-6,raised,0,0,0
t0034,four_talker,-3,raised,0,0,0
t0034,four_talker,0,raised,0,0,0
t0034,four_talker,3,released,1,0,0
t0034,babble,-9,piece,0,0,0
t0034,babble,-6,plays,0,0,0
t0034,babble,-3,plays,0,0,0
t0034,babble,0,released,1,0,0
t0034,babble,3,released,1,0,0
t0034,issn,-9,formed,0,0,0
t0034,issn,-6,schools,0,0,0
t0034,issn,-3,released,1,0,0
t0034,issn,0,released,1,0,0
t0034,issn,3,released,1,0,0
t0035,no_distractor,inf,names,1,0,0
t0035,one_same,-9,desert,0,1,1
t0035,one_same,-6,began,0,0,0
t0035,one_same,-3,began,0,0,0
t0035,one_same,0,named,0,0,0
t0035,one_same,3,named,0,0,0
t0035,one_diff,-9,studied,0,1,1
t0035,one_diff,-6,studied,0,1,1
t0035,one_diff,-3,start,0,0,0
t0035,one_diff,0,named,0,0,0
t0035,one_diff,3,named,0,0,0
t0035,two_talker,-9,started,0,0,0
t0035,two_talker,-6,start,0,0,0
t0035,two_talker,-3,start,0,0,0
t0035,two_talker,0,start,0,0,0
t0035,two_talker,3,standard,0,0,0
t0035,four_talker,-9,studied,0,1,1
t0035,four_talker,-6,standard,0,0,0
t0035,four_talker,-3,standard,0,0,0
t0035,four_talker,0,names,1,0,0
t0035,four_talker,3,names,1,0,0
t0035,babble,-9,story,0,0,0
t0035,babble,-6,story,0,0,0
t0035,babble,-3,story,0,0,0
t0035,babble,0,never,0,0,0
t0035,babble,3,named,0,0,0
t0035,issn,-9,involved,0,0,0
t0035,issn,-6,killed,0,0,0
t0035,issn,-3,named,0,0,0
t0035,issn,0,named,0,0,0
t0035,issn,3,named,0,0,0
t0036,no_distractor,inf,plant,1,0,0
t0036,one_same,-9,along,0,0,0
t0036,one_same,-6,along,0,0,0
t0036,one_same,-3,along,0,0,0
t0036,one_same,0,government,0,0,0
t0036,one_same,3,light,0,0,0
t0036,one_diff,-9,writing,0,0,0
t0036,one_diff,-6,london,0,0,0
t0036,one_diff,-3,blood,0,0,0
t0036,one_diff,0,larger,0,0,0
t0036,one_diff,3,larger,0,0,0
t0036,two_talker,-9,regular,0,0,0
t0036,two_talker,-6,learn,0,0,0
t0036,two_talker,-3,london,0,0,0
t0036,two_talker,0,london,0,0,0
t0036,two_talker,3,london,0,0,0
t0036,four_talker,-9,governor,0,0,0
t0036,four_talker,-6,governor,0,0,0
t0036,four_talker,-3,governor,0,0,0
t0036,four_talker,0,governor,0,0,0
t0036,four_talker,3,night,0,0,0
t0036,babble,-9,night,0,0,0
t0036,babble,-6,unknown,0,0,0
t0036,babble,-3,governor,0,0,0
t0036,babble,0,garden,0,0,0
t0036,babble,3,garden,0,0,0
t0036,issn,-9,member,0,0,0
t0036,issn,-6,method,0,0,0
t0036,issn,-3,method,0,0,0
t0036,issn,0,allowed,0,0,0
t0036,issn,3,allowed,0,0,0
t0037,no_distractor,inf,games,1,0,0
t0037,one_same,-9,named,0,0,0
t0037,one_same,-6,again,0,0,0
t0037,one_same,-3,again,0,0,0
t0037,one_same,0,games,1,0,0
t0037,one_same,3,games,1,0,0
t0037,one_diff,-9,airport,0,0,0
t0037,one_diff,-6,again,0,0,0
t0037,one_diff,-3,again,0,0,0
t0037,one_diff,0,again,0,0,0
t0037,one_diff,3,again,0,0,0
t0037,two_talker,-9,student,0,0,0
t0037,two_talker,-6,named,0,0,0
t0037,two_talker,-3,museum,0,0,0
t0037,two_talker,0,death,0,0,0
t0037,two_talker,3,dance,0,0,0
t0037,four_talker,-9,india,0,0,0
t0037,four_talker,-6,india,0,0,0
t0037,four_talker,-3,india,0,0,0
t0037,four_talker,0,games,1,0,0
t0037,four_talker,3,games,1,0,0
t0037,babble,-9,young,0,0,0
t0037,babble,-6,young,0,0,0
t0037,babble,-3,stations,0,0,0
t0037,babble,0,stations,0,0,0
t0037,babble,3,stations,0,0,0
t0037,issn,-9,given,0,0,0
t0037,issn,-6,leaving,0,0,0
t0037,issn,-3,leaving,0,0,0
t0037,issn,0,leader,0,0,0
t0037,issn,3,leader,0,0,0
t0038,no_distractor,inf,often,1,0,0
t0038,one_same,-9,former,0,0,0
t0038,one_same,-6,former,0,0,0
t0038,one_same,-3,former,0,0,0
t0038,one_same,0,often,1,0,0
t0038,one_same,3,often,1,0,0
t0038,one_diff,-9,author,0,0,0
t0038,one_diff,-6,author,0,0,0
t0038,one_diff,-3,author,0,0,0
t0038,one_diff,0,author,0,0,0
t0038,one_diff,3,author,0,0,0
t0038,two_talker,-9,woman,0,0,0
t0038,two_talker,-6,former,0,0,0
t0038,two_talker,-3,fourth,0,0,0
t0038,two_talker,0,often,1,0,0
t0038,two_talker,3,often,1,0,0
t0038,four_talker,-9,roman,0,0,0
t0038,four_talker,-6,roman,0,0,0
t0038,four_talker,-3,source,0,0,0
t0038,four_talker,0,source,0,0,0
t0038,four_talker,3,author,0,0,0
t0038,babble,-9,james,0,1,1
t0038,babble,-6,james,0,1,1
t0038,babble,-3,james,0,1,1
t0038,babble,0,offers,0,0,0
t0038,babble,3,offers,0,0,0
t0038,issn,-9,commonly,0,0,0
t0038,issn,-6,longer,0,0,0
t0038,issn,-3,longer,0,0,0
t0038,issn,0,cause,0,0,0
t0038,issn,3,cause,0,0,0
t0039,no_distractor,inf,native,0,0,0
t0039,one_same,-9,increased,0,0,0
t0039,one_same,-6,influence,0,0,0
t0039,one_same,-3,green,0,0,0
t0039,one_same,0,green,0,0,0
t0039,one_same,3,canadian,0,0,0
t0039,one_diff,-9,their,0,0,0
t0039,one_diff,-6,their,0,0,0
t0039,one_diff,-3,their,0,0,0
t0039,one_diff,0,their,0,0,0
t0039,one_diff,3,lived,0,0,0
t0039,two_talker,-9,aircraft,0,0,0
t0039,two_talker,-6,going,0,0,0
t0039,two_talker,-3,going,0,0,0
t0039,two_talker,0,therefore,0,0,0
t0039,two_talker,3,therefore,0,0,0
t0039,four_talker,-9,allowed,0,0,0
t0039,four_talker,-6,allowed,0,0,0
t0039,four_talker,-3,aircraft,0,0,0
t0039,four_talker,0,clear,0,0,0
t0039,four_talker,3,clear,0,0,0
t0039,babble,-9,northern,0,0,0
t0039,babble,-6,north,0,0,0
t0039,babble,-3,worked,0,0,0
t0039,babble,0,lived,0,0,0
t0039,babble,3,appears,0,0,0
t0039,issn,-9,award,0,0,0
t0039,issn,-6,indian,0,0,0
t0039,issn,-3,mainly,0,0,0
t0039,issn,0,mainly,0,0,0
t0039,issn,3,native,0,0,0
t0040,no_distractor,inf,light,0,0,0
t0040,one_same,-9,brought,0,0,0
t0040,one_same,-6,blood,0,0,0
t0040,one_same,-3,flight,0,0,0
t0040,one_same,0,flight,0,0,0
t0040,one_same,3,light,0,0,0
t0040,one_diff,-9,light,0,0,0
t0040,one_diff,-6,flight,0,0,0
t0040,one_diff,-3,flight,0,0,0
t0040,one_diff,0,light,0,0,0
t0040,one_diff,3,light,0,0,0
t0040,two_talker,-9,wanted,0,0,0
t0040,two_talker,-6,blood,0,0,0
t0040,two_talker,-3,blood,0,0,0
t0040,two_talker,0,light,0,0,0
t0040,two_talker,3,light,0,0,0
t0040,four_talker,-9,white,0,0,0
t0040,four_talker,-6,right,0,0,0
t0040,four_talker,-3,right,0,0,0
t0040,four_talker,0,right,0,0,0
t0040,four_talker,3,light,0,0,0
t0040,babble,-9,generally,0,1,1
t0040,babble,-6,whether,0,0,0
t0040,babble,-3,light,0,0,0
t0040,babble,0,light,0,0,0
t0040,babble,3,light,0,0,0
t0040,issn,-9,available,0,0,0
t0040,issn,-6,friend,0,0,0
t0040,issn,-3,friend,0,0,0
t0040,issn,0,right,0,0,0
t0040,issn,3,right,0,0,0
t0041,no_distractor,inf,across,1,0,0
t0041,one_same,-9,passed,0,0,0
t0041,one_same,-6,passed,0,0,0
t0041,one_same,-3,passed,0,0,0
t0041,one_same,0,passed,0,0,0
t0041,one_same,3,passed,0,0,0
t0041,one_diff,-9,products,0,0,0
t0041,one_diff,-6,cross,0,0,0
t0041,one_diff,-3,cross,0,0,0
t0041,one_diff,0,across,1,0,0
t0041,one_diff,3,across,1,0,0
t0041,two_talker,-9,cannot,0,0,0
t0041,two_talker,-6,taught,0,0,0
t0041,two_talker,-3,cause,0,0,0
t0041,two_talker,0,passed,0,0,0
t0041,two_talker,3,passed,0,0,0
t0041,four_talker,-9,failed,0,0,0
t0041,four_talker,-6,travel,0,0,0
t0041,four_talker,-3,taught,0,0,0
t0041,four_talker,0,caused,0,0,0
t0041,four_talker,3,caused,0,0,0
t0041,babble,-9,while,0,0,0
t0041,babble,-6,across,1,0,0
t0041,babble,-3,cross,0,0,0
t0041,babble,0,caused,0,0,0
t0041,babble,3,caused,0,0,0
t0041,issn,-9,known,0,0,0
t0041,issn,-6,across,1,0,0
t0041,issn,-3,across,1,0,0
t0041,issn,0,across,1,0,0
t0041,issn,3,across,1,0,0
t0042,no_distractor,inf,largest,1,0,0
t0042,one_same,-9,largest,1,0,0
t0042,one_same,-6,largest,1,0,0
t0042,one_same,-3,largest,1,0,0
t0042,one_same,0,largest,1,0,0
t0042,one_same,3,largest,1,0,0
t0042,one_diff,-9,largest,1,0,0
t0042,one_diff,-6,largest,1,0,0
t0042,one_diff,-3,largest,1,0,0
t0042,one_diff,0,largest,1,0,0
t0042,one_diff,3,largest,1,0,0
t0042,two_talker,-9,stars,0,0,0
t0042,two_talker,-6,stars,0,0,0
t0042,two_talker,-3,largest,1,0,0
t0042,two_talker,0,largest,1,0,0
t0042,two_talker,3,largest,1,0,0
t0042,four_talker,-9,almost,0,0,0
t0042,four_talker,-6,largest,1,0,0
t0042,four_talker,-3,largest,1,0,0
t0042,four_talker,0,largest,1,0,0
t0042,four_talker,3,largest,1,0,0
t0042,babble,-9,caused,0,0,0
t0042,babble,-6,largest,1,0,0
t0042,babble,-3,largest,1,0,0
t0042,babble,0,largest,1,0,0
t0042,babble,3,largest,1,0,0
t0042,issn,-9,stars,0,0,0
t0042,issn,-6,stars,0,0,0
t0042,issn,-3,largest,1,0,0
t0042,issn,0,largest,1,0,0
t0042,issn,3,largest,1,0,0
t0043,no_distractor,inf,population,1,0,0
t0043,one_same,-9,paris,0,0,0
t0043,one_same,-6,paris,0,0,0
t0043,one_same,-3,province,0,0,0
t0043,one_same,0,province,0,0,0
t0043,one_same,3,province,0,0,0
t0043,one_diff,-9,project,0,0,0
t0043,one_diff,-6,province,0,0,0
t0043,one_diff,-3,thomas,0,0,0
t0043,one_diff,0,thomas,0,0,0
t0043,one_diff,3,thomas,0,0,0
t0043,two_talker,-9,parents,0,1,1
t0043,two_talker,-6,stars,0,0,0
t0043,two_talker,-3,stars,0,0,0
t0043,two_talker,0,province,0,0,0
t0043,two_talker,3,province,0,0,0
t0043,four_talker,-9,township,0,0,0
t0043,four_talker,-6,stars,0,0,0
t0043,four_talker,-3,stars,0,0,0
t0043,four_talker,0,thomas,0,0,0
t0043,four_talker,3,province,0,0,0
t0043,babble,-9,structure,0,0,0
t0043,babble,-6,charles,0,0,0
t0043,babble,-3,smaller,0,0,0
t0043,babble,0,smaller,0,0,0
t0043,babble,3,office,0,0,0
t0043,issn,-9,model,0,0,0
t0043,issn,-6,father,0,0,0
t0043,issn,-3,father,0,0,0
t0043,issn,0,robert,0,0,0
t0043,issn,3,robert,0,0,0
t0044,no_distractor,inf,center,0,0,0
t0044,one_same,-9,center,0,0,0
t0044,one_same,-6,center,0,0,0
t0044,one_same,-3,center,0,0,0
t0044,one_same,0,centre,1,0,0
t0044,one_same,3,centre,1,0,0
t0044,one_diff,-9,social,0,0,0
t0044,one_diff,-6,successful,0,0,0
t0044,one_diff,-3,successful,0,0,0
t0044,one_diff,0,success,0,0,0
t0044,one_diff,3,centre,1,0,0
t0044,two_talker,-9,eventually,0,0,0
t0044,two_talker,-6,section,0,0,0
t0044,two_talker,-3,successful,0,0,0
t0044,two_talker,0,centre,1,0,0
t0044,two_talker,3,centre,1,0,0
t0044,four_talker,-9,sometimes,0,0,0
t0044,four_talker,-6,sometimes,0,0,0
t0044,four_talker,-3,successful,0,0,0
t0044,four_talker,0,success,0,0,0
t0044,four_talker,3,success,0,0,0
t0044,babble,-9,miles,0,0,0
t0044,babble,-6,years,0,1,1
t0044,babble,-3,similar,0,0,0
t0044,babble,0,similar,0,0,0
t0044,babble,3,centre,1,0,0
t0044,issn,-9,river,0,0,0
t0044,issn,-6,river,0,0,0
t0044,issn,-3,general,0,0,0
t0044,issn,0,general,0,0,0
t0044,issn,3,centre,1,0,0
t0045,no_distractor,inf,would,1,0,0
t0045,one_same,-9,government,0,1,1
t0045,one_same,-6,government,0,1,1
t0045,one_same,-3,government,0,1,1
t0045,one_same,0,government,0,1,1
t0045,one_same,3,government,0,1,1
t0045,one_diff,-9,entirely,0,0,0
t0045,one_diff,-6,entirely,0,0,0
t0045,one_diff,-3,entirely,0,0,0
t0045,one_diff,0,entirely,0,0,0
t0045,one_diff,3,whole,0,0,0
t0045,two_talker,-9,government,0,1,1
t0045,two_talker,-6,government,0,1,1
t0045,two_talker,-3,government,0,1,1
t0045,two_talker,0,government,0,1,1
t0045,two_talker,3,couple,0,0,0
t0045,four_talker,-9,location,0,1,1
t0045,four_talker,-6,during,0,0,0
t0045,four_talker,-3,playing,0,0,0
t0045,four_talker,0,playing,0,0,0
t0045,four_talker,3,including,0,0,0
t0045,babble,-9,location,0,1,1
t0045,babble,-6,location,0,1,1
t0045,babble,-3,location,0,1,1
t0045,babble,0,usually,0,0,0
t0045,babble,3,usually,0,0,0
t0045,issn,-9,would,1,0,0
t0045,issn,-6,would,1,0,0
t0045,issn,-3,would,1,0,0
t0045,issn,0,you'll,0,0,0
t0045,issn,3,would,1,0,0
t0046,no_distractor,inf,typically,1,0,0
t0046,one_same,-9,playing,0,1,1
t0046,one_same,-6,playing,0,1,1
t0046,one_same,-3,entirely,0,0,0
t0046,one_same,0,entirely,0,0,0
t0046,one_same,3,entirely,0,0,0
t0046,one_diff,-9,located,0,1,1
t0046,one_diff,-6,located,0,1,1
t0046,one_diff,-3,created,0,0,0
t0046,one_diff,0,created,0,0,0
t0046,one_diff,3,created,0,0,0
t0046,two_talker,-9,played,0,0,0
t0046,two_talker,-6,played,0,0,0
t0046,two_talker,-3,played,0,0,0
t0046,two_talker,0,david,0,0,0
t0046,two_talker,3,educated,0,0,0
t0046,four_talker,-9,given,0,0,0
t0046,four_talker,-6,given,0,0,0
t0046,four_talker,-3,given,0,0,0
t0046,four_talker,0,given,0,0,0
t0046,four_talker,3,within,0,0,0
t0046,babble,-9,associated,0,0,0
t0046,babble,-6,associated,0,0,0
t0046,babble,-3,associated,0,0,0
t0046,babble,0,associated,0,0,0
t0046,babble,3,cemetery,0,0,0
t0046,issn,-9,water,0,0,0
t0046,issn,-6,water,0,0,0
t0046,issn,-3,movement,0,0,0
t0046,issn,0,within,0,0,0
t0046,issn,3,within,0,0,0
t0047,no_distractor,inf,comes,1,0,0
t0047,one_same,-9,sports,0,0,0
t0047,one_same,-6,forms,0,0,0
t0047,one_same,-3,comes,1,0,0
t0047,one_same,0,comes,1,0,0
t0047,one_same,3,comes,1,0,0
t0047,one_diff,-9,comes,1,0,0
t0047,one_diff,-6,comes,1,0,0
t0047,one_diff,-3,comes,1,0,0
t0047,one_diff,0,comes,1,0,0
t0047,one_diff,3,comes,1,0,0
t0047,two_talker,-9,forms,0,0,0
t0047,two_talker,-6,forms,0,0,0
t0047,two_talker,-3,terms,0,0,0
t0047,two_talker,0,comes,1,0,0
t0047,two_talker,3,comes,1,0,0
t0047,four_talker,-9,position,0,0,0
t0047,four_talker,-6,church,0,0,0
t0047,four_talker,-3,township,0,0,0
t0047,four_talker,0,township,0,0,0
t0047,four_talker,3,township,0,0,0
t0047,babble,-9,ancient,0,0,0
t0047,babble,-6,names,0,0,0
t0047,babble,-3,names,0,0,0
t0047,babble,0,france,0,0,0
t0047,babble,3,france,0,0,0
t0047,issn,-9,forms,0,0,0
t0047,issn,-6,forms,0,0,0
t0047,issn,-3,comes,1,0,0
t0047,issn,0,comes,1,0,0
t0047,issn,3,comes,1,0,0
t0048,no_distractor,inf,islands,1,0,0
t0048,one_same,-9,short,0,1,1
t0048,one_same,-6,short,0,1,1
t0048,one_same,-3,short,0,1,1
t0048,one_same,0,islands,1,0,0
t0048,one_same,3,islands,1,0,0
t0048,one_diff,-9,islands,1,0,0
t0048,one_diff,-6,islands,1,0,0
t0048,one_diff,-3,islands,1,0,0
t0048,one_diff,0,islands,1,0,0
t0048,one_diff,3,islands,1,0,0
t0048,two_talker,-9,production,0,0,0
t0048,two_talker,-6,election,0,0,0
t0048,two_talker,-3,awards,0,0,0
t0048,two_talker,0,awards,0,0,0
t0048,two_talker,3,awards,0,0,0
t0048,four_talker,-9,production,0,0,0
t0048,four_talker,-6,production,0,0,0
t0048,four_talker,-3,action,0,0,0
t0048,four_talker,0,action,0,0,0
t0048,four_talker,3,islands,1,0,0
t0048,babble,-9,unknown,0,0,0
t0048,babble,-6,unknown,0,0,0
t0048,babble,-3,islands,1,0,0
t0048,babble,0,islands,1,0,0
t0048,babble,3,islands,1,0,0
t0048,issn,-9,islands,1,0,0
t0048,issn,-6,islands,1,0,0
t0048,issn,-3,islands,1,0,0
t0048,issn,0,islands,1,0,0
t0048,issn,3,islands,1,0,0
t0049,no_distractor,inf,worked,1,0,0
t0049,one_same,-9,characters,0,0,0
t0049,one_same,-6,characters,0,0,0
t0049,one_same,-3,character,0,0,0
t0049,one_same,0,character,0,0,0
t0049,one_same,3,death,0,0,0
t0049,one_diff,-9,built,0,0,0
t0049,one_diff,-6,built,0,0,0
t0049,one_diff,-3,built,0,0,0
t0049,one_diff,0,group,0,0,0
t0049,one_diff,3,worked,1,0,0
t0049,two_talker,-9,plant,0,0,0
t0049,two_talker,-6,plant,0,0,0
t0049,two_talker,-3,plant,0,0,0
t0049,two_talker,0,plant,0,0,0
t0049,two_talker,3,death,0,0,0
t0049,four_talker,-9,married,0,0,0
t0049,four_talker,-6,carried,0,1,1
t0049,four_talker,-3,carried,0,1,1
t0049,four_talker,0,period,0,0,0
t0049,four_talker,3,death,0,0,0
t0049,babble,-9,married,0,0,0
t0049,babble,-6,married,0,0,0
t0049,babble,-3,married,0,0,0
t0049,babble,0,plant,0,0,0
t0049,babble,3,plant,0,0,0
t0049,issn,-9,awards,0,0,0
t0049,issn,-6,works,0,0,0
t0049,issn,-3,blood,0,0,0
t0049,issn,0,worked,1,0,0
t0049,issn,3,worked,1,0,0
t0050,no_distractor,inf,father,1,0,0
t0050,one_same,-9,father,1,0,0
t0050,one_same,-6,father,1,0,0
t0050,one_same,-3,father,1,0,0
t0050,one_same,0,father,1,0,0
t0050,one_same,3,father,1,0,0
t0050,one_diff,-9,father,1,0,0
t0050,one_diff,-6,father,1,0,0
t0050,one_diff,-3,father,1,0,0
t0050,one_diff,0,father,1,0,0
t0050,one_diff,3,father,1,0,0
t0050,two_talker,-9,father,1,0,0
t0050,two_talker,-6,father,1,0,0
t0050,two_talker,-3,father,1,0,0
t0050,two_talker,0,father,1,0,0
t0050,two_talker,3,father,1,0,0
t0050,four_talker,-9,father,1,0,0
t0050,four_talker,-6,father,1,0,0
t0050,four_talker,-3,father,1,0,0
t0050,four_talker,0,father,1,0,0
t0050,four_talker,3,father,1,0,0
t0050,babble,-9,further,0,0,0
t0050,babble,-6,father,1,0,0
t0050,babble,-3,father,1,0,0
t0050,babble,0,father,1,0,0
t0050,babble,3,father,1,0,0
t0050,issn,-9,mother,0,0,0
t0050,issn,-6,mother,0,0,0
t0050,issn,-3,mother,0,0,0
t0050,issn,0,father,1,0,0
t0050,issn,3,father,1,0,0
t0051,no_distractor,inf,within,1,0,0
t0051,one_same,-9,between,0,1,1
t0051,one_same,-6,between,0,1,1
t0051,one_same,-3,between,0,1,1
t0051,one_same,0,between,0,1,1
t0051,one_same,3,within,1,0,0
t0051,one_diff,-9,common,0,1,1
t0051,one_diff,-6,common,0,1,1
t0051,one_diff,-3,career,0,0,0
t0051,one_diff,0,career,0,0,0
t0051,one_diff,3,could,0,0,0
t0051,two_talker,-9,could,0,0,0
t0051,two_talker,-6,quickly,0,0,0
t0051,two_talker,-3,quickly,0,0,0
t0051,two_talker,0,quickly,0,0,0
t0051,two_talker,3,quickly,0,0,0
t0051,four_talker,-9,green,0,0,0
t0051,four_talker,-6,green,0,0,0
t0051,four_talker,-3,being,0,0,0
t0051,four_talker,0,being,0,0,0
t0051,four_talker,3,within,1,0,0
t0051,babble,-9,playing,0,0,0
t0051,babble,-6,playing,0,0,0
t0051,babble,-3,being,0,0,0
t0051,babble,0,being,0,0,0
t0051,babble,3,being,0,0,0
t0051,issn,-9,minister,0,0,0
t0051,issn,-6,against,0,0,0
t0051,issn,-3,again,0,0,0
t0051,issn,0,beginning,0,0,0
t0051,issn,3,within,1,0,0
t0052,no_distractor,inf,community,1,0,0
t0052,one_same,-9,small,0,1,1
t0052,one_same,-6,small,0,1,1
t0052,one_same,-3,mountain,0,0,0
t0052,one_same,0,mountain,0,0,0
t0052,one_same,3,community,1,0,0
t0052,one_diff,-9,movie,0,0,0
t0052,one_diff,-6,movie,0,0,0
t0052,one_diff,-3,movie,0,0,0
t0052,one_diff,0,community,1,0,0
t0052,one_diff,3,community,1,0,0
t0052,two_talker,-9,round,0,0,0
t0052,two_talker,-6,round,0,0,0
t0052,two_talker,-3,mountain,0,0,0
t0052,two_talker,0,mountain,0,0,0
t0052,two_talker,3,community,1,0,0
t0052,four_talker,-9,round,0,0,0
t0052,four_talker,-6,mountain,0,0,0
t0052,four_talker,-3,mountain,0,0,0
t0052,four_talker,0,mountain,0,0,0
t0052,four_talker,3,community,1,0,0
t0052,babble,-9,final,0,0,0
t0052,babble,-6,minor,0,1,1
t0052,babble,-3,minor,0,1,1
t0052,babble,0,minor,0,1,1
t0052,babble,3,community,1,0,0
t0052,issn,-9,related,0,0,0
t0052,issn,-6,related,0,0,0
t0052,issn,-3,native,0,0,0
t0052,issn,0,community,1,0,0
t0052,issn,3,community,1,0,0
t0053,no_distractor,inf,church,1,0,0
t0053,one_same,-9,church,1,0,0
t0053,one_same,-6,church,1,0,0
t0053,one_same,-3,church,1,0,0
t0053,one_same,0,church,1,0,0
t0053,one_same,3,church,1,0,0
t0053,one_diff,-9,certain,0,0,0
t0053,one_diff,-6,certain,0,0,0
t0053,one_diff,-3,training,0,0,0
t0053,one_diff,0,church,1,0,0
t0053,one_diff,3,church,1,0,0
t0053,two_talker,-9,street,0,0,0
t0053,two_talker,-6,street,0,0,0
t0053,two_talker,-3,church,1,0,0
t0053,two_talker,0,church,1,0,0
t0053,two_talker,3,church,1,0,0
t0053,four_talker,-9,operations,0,0,0
t0053,four_talker,-6,originally,0,0,0
t0053,four_talker,-3,parish,0,0,0
t0053,four_talker,0,parish,0,0,0
t0053,four_talker,3,church,1,0,0
t0053,babble,-9,languages,0,0,0
t0053,babble,-6,interest,0,0,0
t0053,babble,-3,interest,0,0,0
t0053,babble,0,church,1,0,0
t0053,babble,3,church,1,0,0
t0053,issn,-9,seven,0,0,0
t0053,issn,-6,social,0,0,0
t0053,issn,-3,church,1,0,0
t0053,issn,0,church,1,0,0
t0053,issn,3,church,1,0,0
t0054,no_distractor,inf,black,1,0,0
t0054,one_same,-9,forward,0,0,0
t0054,one_same,-6,black,1,0,0
t0054,one_same,-3,black,1,0,0
t0054,one_same,0,black,1,0,0
t0054,one_same,3,black,1,0,0
t0054,one_diff,-9,black,1,0,0
t0054,one_diff,-6,black,1,0,0
t0054,one_diff,-3,black,1,0,0
t0054,one_diff,0,black,1,0,0
t0054,one_diff,3,black,1,0,0
t0054,two_talker,-9,library,0,0,0
t0054,two_talker,-6,black,1,0,0
t0054,two_talker,-3,black,1,0,0
t0054,two_talker,0,black,1,0,0
t0054,two_talker,3,black,1,0,0
t0054,four_talker,-9,award,0,0,0
t0054,four_talker,-6,property,0,0,0
t0054,four_talker,-3,property,0,0,0
t0054,four_talker,0,property,0,0,0
t0054,four_talker,3,black,1,0,0
t0054,babble,-9,matter,0,0,0
t0054,babble,-6,enough,0,0,0
t0054,babble,-3,after,0,1,1
t0054,babble,0,battle,0,0,0
t0054,babble,3,black,1,0,0
t0054,issn,-9,title,0,0,0
t0054,issn,-6,michael,0,0,0
t0054,issn,-3,michael,0,0,0
t0054,issn,0,michael,0,0,0
t0054,issn,3,michael,0,0,0
t0055,no_distractor,inf,their,1,0,0
t0055,one_same,-9,native,0,0,0
t0055,one_same,-6,their,1,0,0
t0055,one_same,-3,their,1,0,0
t0055,one_same,0,their,1,0,0
t0055,one_same,3,their,1,0,0
t0055,one_diff,-9,female,0,0,0
t0055,one_diff,-6,female,0,0,0
t0055,one_diff,-3,female,0,0,0
t0055,one_diff,0,american,0,0,0
t0055,one_diff,3,their,1,0,0
t0055,two_talker,-9,female,0,0,0
t0055,two_talker,-6,female,0,0,0
t0055,two_talker,-3,female,0,0,0
t0055,two_talker,0,female,0,0,0
t0055,two_talker,3,their,1,0,0
t0055,four_talker,-9,member,0,0,0
t0055,four_talker,-6,turned,0,0,0
t0055,four_talker,-3,turned,0,0,0
t0055,four_talker,0,turned,0,0,0
t0055,four_talker,3,turned,0,0,0
t0055,babble,-9,modern,0,0,0
t0055,babble,-6,modern,0,0,0
t0055,babble,-3,modern,0,0,0
t0055,babble,0,daughter,0,0,0
t0055,babble,3,known,0,0,0
t0055,issn,-9,numerous,0,0,0
t0055,issn,-6,numerous,0,0,0
t0055,issn,-3,female,0,0,0
t0055,issn,0,known,0,0,0
t0055,issn,3,known,0,0,0
t0056,no_distractor,inf,other,1,0,0
t0056,one_same,-9,another,0,0,0
t0056,one_same,-6,another,0,0,0
t0056,one_same,-3,another,0,0,0
t0056,one_same,0,another,0,0,0
t0056,one_same,3,another,0,0,0
t0056,one_diff,-9,other,1,0,0
t0056,one_diff,-6,other,1,0,0
t0056,one_diff,-3,other,1,0,0
t0056,one_diff,0,other,1,0,0
t0056,one_diff,3,other,1,0,0
t0056,two_talker,-9,never,0,0,0
t0056,two_talker,-6,another,0,0,0
t0056,two_talker,-3,another,0,0,0
t0056,two_talker,0,another,0,0,0
t0056,two_talker,3,another,0,0,0
t0056,four_talker,-9,never,0,0,0
t0056,four_talker,-6,never,0,0,0
t0056,four_talker,-3,southern,0,0,0
t0056,four_talker,0,southern,0,0,0
t0056,four_talker,3,other,1,0,0
t0056,babble,-9,river,0,0,0
t0056,babble,-6,other,1,0,0
t0056,babble,-3,other,1,0,0
t0056,babble,0,other,1,0,0
t0056,babble,3,other,1,0,0
t0056,issn,-9,album,0,0,0
t0056,issn,-6,other,1,0,0
t0056,issn,-3,other,1,0,0
t0056,issn,0,other,1,0,0
t0056,issn,3,other,1,0,0
t0057,no_distractor,inf,nearby,1,0,0
t0057,one_same,-9,union,0,0,0
t0057,one_same,-6,nearby,1,0,0
t0057,one_same,-3,nearby,1,0,0
t0057,one_same,0,nearby,1,0,0
t0057,one_same,3,nearby,1,0,0
t0057,one_diff,-9,nearby,1,0,0
t0057,one_diff,-6,nearby,1,0,0
t0057,one_diff,-3,nearby,1,0,0
t0057,one_diff,0,nearby,1,0,0
t0057,one_diff,3,nearby,1,0,0
t0057,two_talker,-9,europe,0,0,0
t0057,two_talker,-6,nearby,1,0,0
t0057,two_talker,-3,nearby,1,0,0
t0057,two_talker,0,nearby,1,0,0
t0057,two_talker,3,nearby,1,0,0
t0057,four_talker,-9,point,0,1,1
t0057,four_talker,-6,worked,0,0,0
t0057,four_talker,-3,europe,0,0,0
t0057,four_talker,0,europe,0,0,0
t0057,four_talker,3,nearby,1,0,0
t0057,babble,-9,among,0,0,0
t0057,babble,-6,primarily,0,0,0
t0057,babble,-3,nearby,1,0,0
t0057,babble,0,nearby,1,0,0
t0057,babble,3,nearby,1,0,0
t0057,issn,-9,canada,0,0,0
t0057,issn,-6,nearby,1,0,0
t0057,issn,-3,nearby,1,0,0
t0057,issn,0,nearby,1,0,0
t0057,issn,3,nearby,1,0,0
t0058,no_distractor,inf,anything,1,0,0
t0058,one_same,-9,member,0,1,1
t0058,one_same,-6,member,0,1,1
t0058,one_same,-3,night,0,0,0
t0058,one_same,0,flight,0,0,0
t0058,one_same,3,flight,0,0,0
t0058,one_diff,-9,playing,0,0,0
t0058,one_diff,-6,playing,0,0,0
t0058,one_diff,-3,playing,0,0,0
t0058,one_diff,0,anything,1,0,0
t0058,one_diff,3,anything,1,0,0
t0058,two_talker,-9,level,0,0,0
t0058,two_talker,-6,level,0,0,0
t0058,two_talker,-3,level,0,0,0
t0058,two_talker,0,friend,0,0,0
t0058,two_talker,3,friend,0,0,0
t0058,four_talker,-9,never,0,0,0
t0058,four_talker,-6,never,0,0,0
t0058,four_talker,-3,understand,0,0,0
t0058,four_talker,0,understand,0,0,0
t0058,four_talker,3,understand,0,0,0
t0058,babble,-9,longer,0,0,0
t0058,babble,-6,unknown,0,0,0
t0058,babble,-3,unknown,0,0,0
t0058,babble,0,known,0,0,1
t0058,babble,3,anything,1,0,0
t0058,issn,-9,table,0,0,0
t0058,issn,-6,anything,1,0,0
t0058,issn,-3,anything,1,0,0
t0058,issn,0,anything,1,0,0
t0058,issn,3,anything,1,0,0
t0059,no_distractor,inf,located,1,0,0
t0059,one_same,-9,languages,0,0,0
t0059,one_same,-6,languages,0,0,0
t0059,one_same,-3,features,0,0,0
t0059,one_same,0,features,0,0,0
t0059,one_same,3,features,0,0,0
t0059,one_diff,-9,recently,0,0,0
t0059,one_diff,-6,recently,0,0,0
t0059,one_diff,-3,simply,0,0,0
t0059,one_diff,0,cases,0,0,0
t0059,one_diff,3,located,1,0,0
t0059,two_talker,-9,languages,0,0,0
t0059,two_talker,-6,languages,0,0,0
t0059,two_talker,-3,languages,0,0,0
t0059,two_talker,0,features,0,0,0
t0059,two_talker,3,features,0,0,0
t0059,four_talker,-9,languages,0,0,0
t0059,four_talker,-6,languages,0,0,0
t0059,four_talker,-3,languages,0,0,0
t0059,four_talker,0,languages,0,0,0
t0059,four_talker,3,features,0,0,0
t0059,babble,-9,later,0,0,0
t0059,babble,-6,later,0,0,0
t0059,babble,-3,later,0,0,0
t0059,babble,0,later,0,0,0
t0059,babble,3,later,0,0,0
t0059,issn,-9,awards,0,0,0
t0059,issn,-6,awards,0,0,0
t0059,issn,-3,railway,0,0,0
t0059,issn,0,mainly,0,0,0
t0059,issn,3,previously,0,0,0
t0060,no_distractor,inf,recent,0,0,0
t0060,one_same,-9,office,0,0,0
t0060,one_same,-6,office,0,0,0
t0060,one_same,-3,office,0,0,0
t0060,one_same,0,office,0,0,0
t0060,one_same,3,recent,0,0,0
t0060,one_diff,-9,national,0,0,0
t0060,one_diff,-6,national,0,0,0
t0060,one_diff,-3,national,0,0,0
t0060,one_diff,0,national,0,0,0
t0060,one_diff,3,national,0,0,0
t0060,two_talker,-9,personal,0,0,0
t0060,two_talker,-6,personal,0,0,0
t0060,two_talker,-3,mountain,0,0,0
t0060,two_talker,0,mountain,0,0,0
t0060,two_talker,3,mountain,0,0,0
t0060,four_talker,-9,books,0,0,0
t0060,four_talker,-6,books,0,0,0
t0060,four_talker,-3,months,0,0,0
t0060,four_talker,0,mountain,0,0,0
t0060,four_talker,3,mountain,0,0,0
t0060,babble,-9,final,0,0,0
t0060,babble,-6,minor,0,1,1
t0060,babble,-3,minor,0,1,1
t0060,babble,0,minor,0,1,1
t0060,babble,3,minor,0,1,1
t0060,issn,-9,results,0,0,0
t0060,issn,-6,results,0,0,0
t0060,issn,-3,results,0,0,0
t0060,issn,0,results,0,0,0
t0060,issn,3,recent,0,0,0
t0061,no_distractor,inf,please,1,0,0
t0061,one_same,-9,comes,0,0,0
t0061,one_same,-6,comes,0,0,0
t0061,one_same,-3,comes,0,0,0
t0061,one_same,0,comes,0,0,0
t0061,one_same,3,please,1,0,0
t0061,one_diff,-9,please,1,0,0
t0061,one_diff,-6,please,1,0,0
t0061,one_diff,-3,please,1,0,0
t0061,one_diff,0,please,1,0,0
t0061,one_diff,3,please,1,0,0
t0061,two_talker,-9,comes,0,0,0
t0061,two_talker,-6,comes,0,0,0
t0061,two_talker,-3,please,1,0,0
t0061,two_talker,0,please,1,0,0
t0061,two_talker,3,please,1,0,0
t0061,four_talker,-9,lower,0,0,0
t0061,four_talker,-6,never,0,0,0
t0061,four_talker,-3,better,0,0,0
t0061,four_talker,0,there's,0,0,0
t0061,four_talker,3,comes,0,0,0
t0061,babble,-9,comes,0,0,0
t0061,babble,-6,comes,0,0,0
t0061,babble,-3,comes,0,0,0
t0061,babble,0,comes,0,0,0
t0061,babble,3,there's,0,0,0
t0061,issn,-9,leaves,0,0,0
t0061,issn,-6,leaves,0,0,0
t0061,issn,-3,please,1,0,0
t0061,issn,0,please,1,0,0
t0061,issn,3,please,1,0,0
t0062,no_distractor,inf,person,0,0,0
t0062,one_same,-9,attack,0,1,1
t0062,one_same,-6,attack,0,1,1
t0062,one_same,-3,person,0,0,0
t0062,one_same,0,person,0,0,0
t0062,one_same,3,person,0,0,0
t0062,one_diff,-9,months,0,0,0
t0062,one_diff,-6,earth,1,0,0
t0062,one_diff,-3,personal,0,0,0
t0062,one_diff,0,person,0,0,0
t0062,one_diff,3,person,0,0,0
t0062,two_talker,-9,attack,0,1,1
t0062,two_talker,-6,attack,0,1,1
t0062,two_talker,-3,attack,0,1,1
t0062,two_talker,0,return,0,0,0
t0062,two_talker,3,times,0,0,0
t0062,four_talker,-9,allowed,0,0,0
t0062,four_talker,-6,allowed,0,0,0
t0062,four_talker,-3,allowed,0,0,0
t0062,four_talker,0,allowed,0,0,0
t0062,four_talker,3,would,0,0,0
t0062,babble,-9,matter,0,0,0
t0062,babble,-6,earth,1,0,0
t0062,babble,-3,earth,1,0,0
t0062,babble,0,plans,0,0,0
t0062,babble,3,towards,0,0,0
t0062,issn,-9,person,0,0,0
t0062,issn,-6,person,0,0,0
t0062,issn,-3,person,0,0,0
t0062,issn,0,person,0,0,0
t0062,issn,3,person,0,0,0
t0063,no_distractor,inf,never,1,0,0
t0063,one_same,-9,another,0,0,0
t0063,one_same,-6,another,0,0,0
t0063,one_same,-3,another,0,0,0
t0063,one_same,0,having,0,0,0
t0063,one_same,3,never,1,0,0
t0063,one_diff,-9,movement,0,0,0
t0063,one_diff,-6,movement,0,0,0
t0063,one_diff,-3,never,1,0,0
t0063,one_diff,0,never,1,0,0
t0063,one_diff,3,never,1,0,0
t0063,two_talker,-9,other,0,0,0
t0063,two_talker,-6,other,0,0,0
t0063,two_talker,-3,inside,0,0,0
t0063,two_talker,0,himself,0,0,0
t0063,two_talker,3,never,1,0,0
t0063,four_talker,-9,research,0,0,0
t0063,four_talker,-6,numerous,0,0,0
t0063,four_talker,-3,there's,0,0,0
t0063,four_talker,0,never,1,0,0
t0063,four_talker,3,never,1,0,0
t0063,babble,-9,alchemist,0,0,0
t0063,babble,-6,alchemist,0,0,0
t0063,babble,-3,alchemist,0,0,0
t0063,babble,0,never,1,0,0
t0063,babble,3,never,1,0,0
t0063,issn,-9,medical,0,0,0
t0063,issn,-6,commercial,0,0,0
t0063,issn,-3,included,0,0,0
t0063,issn,0,never,1,0,0
t0063,issn,3,never,1,0,0
t0064,no_distractor,inf,would,1,0,0
t0064,one_same,-9,cemetery,0,0,0
t0064,one_same,-6,similar,0,0,0
t0064,one_same,-3,similar,0,0,0
t0064,one_same,0,similar,0,0,0
t0064,one_same,3,similar,0,0,0
t0064,one_diff,-9,languages,0,0,0
t0064,one_diff,-6,languages,0,0,0
t0064,one_diff,-3,we're,0,0,0
t0064,one_diff,0,would,1,0,0
t0064,one_diff,3,would,1,0,0
t0064,two_talker,-9,cemetery,0,0,0
t0064,two_talker,-6,similar,0,0,0
t0064,two_talker,-3,similar,0,0,0
t0064,two_talker,0,similar,0,0,0
t0064,two_talker,3,similar,0,0,0
t0064,four_talker,-9,suddenly,0,0,0
t0064,four_talker,-6,notable,0,0,0
t0064,four_talker,-3,notable,0,0,0
t0064,four_talker,0,middle,0,0,0
t0064,four_talker,3,another,0,0,0
t0064,babble,-9,since,0,0,0
t0064,babble,-6,those,0,0,0
t0064,babble,-3,minister,0,0,0
t0064,babble,0,looked,0,0,0
t0064,babble,3,looked,0,0,0
t0064,issn,-9,longer,0,0,0
t0064,issn,-6,public,0,0,0
t0064,issn,-3,looked,0,0,0
t0064,issn,0,looked,0,0,0
t0064,issn,3,looked,0,0,0
t0065,no_distractor,inf,wasn't,1,0,0
t0065,one_same,-9,offered,0,0,0
t0065,one_same,-6,offered,0,0,0
t0065,one_same,-3,offered,0,0,0
t0065,one_same,0,wasn't,1,0,0
t0065,one_same,3,wasn't,1,0,0
t0065,one_diff,-9,location,0,0,0
t0065,one_diff,-6,wasn't,1,0,0
t0065,one_diff,-3,wasn't,1,0,0
t0065,one_diff,0,wasn't,1,0,0
t0065,one_diff,3,wasn't,1,0,0
t0065,two_talker,-9,offer,0,1,1
t0065,two_talker,-6,offered,0,0,0
t0065,two_talker,-3,wasn't,1,0,0
t0065,two_talker,0,wasn't,1,0,0
t0065,two_talker,3,wasn't,1,0,0
t0065,four_talker,-9,largest,0,1,1
t0065,four_talker,-6,larger,0,0,0
t0065,four_talker,-3,larger,0,0,0
t0065,four_talker,0,water,0,0,0
t0065,four_talker,3,wasn't,1,0,0
t0065,babble,-9,established,0,0,0
t0065,babble,-6,listed,0,0,0
t0065,babble,-3,listed,0,0,0
t0065,babble,0,wasn't,1,0,0
t0065,babble,3,wasn't,1,0,0
t0065,issn,-9,process,0,0,0
t0065,issn,-6,wasn't,1,0,0
t0065,issn,-3,wasn't,1,0,0
t0065,issn,0,wasn't,1,0,0
t0065,issn,3,wasn't,1,0,0
t0066,no_distractor,inf,metal,1,0,0
t0066,one_same,-9,metal,1,0,0
t0066,one_same,-6,metal,1,0,0
t0066,one_same,-3,metal,1,0,0
t0066,one_same,0,metal,1,0,0
t0066,one_same,3,metal,1,0,0
t0066,one_diff,-9,matter,0,0,0
t0066,one_diff,-6,matter,0,0,0
t0066,one_diff,-3,metal,1,0,0
t0066,one_diff,0,metal,1,0,0
t0066,one_diff,3,metal,1,0,0
t0066,two_talker,-9,battle,0,0,0
t0066,two_talker,-6,battle,0,0,0
t0066,two_talker,-3,battle,0,0,0
t0066,two_talker,0,metal,1,0,0
t0066,two_talker,3,metal,1,0,0
t0066,four_talker,-9,battle,0,0,0
t0066,four_talker,-6,battle,0,0,0
t0066,four_talker,-3,metal,1,0,0
t0066,four_talker,0,metal,1,0,0
t0066,four_talker,3,metal,1,0,0
t0066,babble,-9,subsequently,0,0,0
t0066,babble,-6,sometimes,0,0,0
t0066,babble,-3,metal,1,0,0
t0066,babble,0,metal,1,0,0
t0066,babble,3,metal,1,0,0
t0066,issn,-9,available,0,0,0
t0066,issn,-6,battle,0,0,0
t0066,issn,-3,metal,1,0,0
t0066,issn,0,metal,1,0,0
t0066,issn,3,metal,1,0,0
t0067,no_distractor,inf,years,1,0,0
t0067,one_same,-9,years,1,0,0
t0067,one_same,-6,years,1,0,0
t0067,one_same,-3,years,1,0,0
t0067,one_same,0,years,1,0,0
t0067,one_same,3,years,1,0,0
t0067,one_diff,-9,years,1,0,0
t0067,one_diff,-6,years,1,0,0
t0067,one_diff,-3,years,1,0,0
t0067,one_diff,0,years,1,0,0
t0067,one_diff,3,years,1,0,0
t0067,two_talker,-9,reviews,0,0,0
t0067,two_talker,-6,years,1,0,0
t0067,two_talker,-3,years,1,0,0
t0067,two_talker,0,years,1,0,0
t0067,two_talker,3,years,1,0,0
t0067,four_talker,-9,years,1,0,0
t0067,four_talker,-6,years,1,0,0
t0067,four_talker,-3,years,1,0,0
t0067,four_talker,0,years,1,0,0
t0067,four_talker,3,years,1,0,0
t0067,babble,-9,appearance,0,0,0
t0067,babble,-6,years,1,0,0
t0067,babble,-3,years,1,0,0
t0067,babble,0,years,1,0,0
t0067,babble,3,years,1,0,0
t0067,issn,-9,players,0,0,0
t0067,issn,-6,players,0,0,0
t0067,issn,-3,years,1,0,0
t0067,issn,0,years,1,0,0
t0067,issn,3,years,1,0,0
t0068,no_distractor,inf,showed,1,0,0
t0068,one_same,-9,something,0,0,0
t0068,one_same,-6,showed,1,0,0
t0068,one_same,-3,showed,1,0,0
t0068,one_same,0,showed,1,0,0
t0068,one_same,3,showed,1,0,0
t0068,one_diff,-9,showed,1,0,0
t0068,one_diff,-6,showed,1,0,0
t0068,one_diff,-3,showed,1,0,0
t0068,one_diff,0,showed,1,0,0
t0068,one_diff,3,showed,1,0,0
t0068,two_talker,-9,showed,1,0,0
t0068,two_talker,-6,showed,1,0,0
t0068,two_talker,-3,showed,1,0,0
t0068,two_talker,0,showed,1,0,0
t0068,two_talker,3,showed,1,0,0
t0068,four_talker,-9,showed,1,0,0
t0068,four_talker,-6,showed,1,0,0
t0068,four_talker,-3,showed,1,0,0
t0068,four_talker,0,showed,1,0,0
t0068,four_talker,3,showed,1,0,0
t0068,babble,-9,trade,0,0,0
t0068,babble,-6,short,0,0,0
t0068,babble,-3,short,0,0,0
t0068,babble,0,shall,0,0,0
t0068,babble,3,shall,0,0,0
t0068,issn,-9,become,0,0,0
t0068,issn,-6,become,0,0,0
t0068,issn,-3,showed,1,0,0
t0068,issn,0,showed,1,0,0
t0068,issn,3,showed,1,0,0
t0069,no_distractor,inf,career,1,0,0
t0069,one_same,-9,career,1,0,0
t0069,one_same,-6,career,1,0,0
t0069,one_same,-3,career,1,0,0
t0069,one_same,0,career,1,0,0
t0069,one_same,3,career,1,0,0
t0069,one_diff,-9,earlier,0,0,0
t0069,one_diff,-6,earlier,0,0,0
t0069,one_diff,-3,earlier,0,0,0
t0069,one_diff,0,earlier,0,0,0
t0069,one_diff,3,career,1,0,0
t0069,two_talker,-9,india,0,0,0
t0069,two_talker,-6,career,1,0,0
t0069,two_talker,-3,career,1,0,0
t0069,two_talker,0,career,1,0,0
t0069,two_talker,3,career,1,0,0
t0069,four_talker,-9,years,0,0,0
t0069,four_talker,-6,years,0,0,0
t0069,four_talker,-3,economy,0,0,0
t0069,four_talker,0,career,1,0,0
t0069,four_talker,3,career,1,0,0
t0069,babble,-9,entire,0,1,1
t0069,babble,-6,higher,0,0,0
t0069,babble,-3,entire,0,1,1
t0069,babble,0,career,1,0,0
t0069,babble,3,career,1,0,0
t0069,issn,-9,awards,0,0,0
t0069,issn,-6,morning,0,0,0
t0069,issn,-3,earlier,0,0,0
t0069,issn,0,career,1,0,0
t0069,issn,3,career,1,0,0
t0070,no_distractor,inf,these,1,0,0
t0070,one_same,-9,using,0,0,0
t0070,one_same,-6,using,0,0,0
t0070,one_same,-3,using,0,0,0
t0070,one_same,0,using,0,0,0
t0070,one_same,3,these,1,0,0
t0070,one_diff,-9,numerous,0,0,0
t0070,one_diff,-6,release,0,0,0
t0070,one_diff,-3,these,1,0,0
t0070,one_diff,0,these,1,0,0
t0070,one_diff,3,these,1,0,0
t0070,two_talker,-9,specific,0,0,0
t0070,two_talker,-6,specific,0,0,0
t0070,two_talker,-3,music,0,0,0
t0070,two_talker,0,music,0,0,0
t0070,two_talker,3,these,1,0,0
t0070,four_talker,-9,music,0,0,0
t0070,four_talker,-6,music,0,0,0
t0070,four_talker,-3,music,0,0,0
t0070,four_talker,0,music,0,0,0
t0070,four_talker,3,release,0,0,0
t0070,babble,-9,musical,0,0,0
t0070,babble,-6,musical,0,0,0
t0070,babble,-3,music,0,0,0
t0070,babble,0,music,0,0,0
t0070,babble,3,musical,0,0,0
t0070,issn,-9,there's,0,0,0
t0070,issn,-6,piece,0,0,0
t0070,issn,-3,piece,0,0,0
t0070,issn,0,these,1,0,0
t0070,issn,3,these,1,0,0
t0071,no_distractor,inf,later,1,0,0
t0071,one_same,-9,buried,0,0,0
t0071,one_same,-6,played,0,0,0
t0071,one_same,-3,played,0,0,0
t0071,one_same,0,played,0,0,0
t0071,one_same,3,played,0,0,0
t0071,one_diff,-9,america,0,0,0
t0071,one_diff,-6,major,0,0,0
t0071,one_diff,-3,later,1,0,0
t0071,one_diff,0,later,1,0,0
t0071,one_diff,3,later,1,0,0
t0071,two_talker,-9,player,0,0,0
t0071,two_talker,-6,player,0,0,0
t0071,two_talker,-3,player,0,0,0
t0071,two_talker,0,played,0,0,0
t0071,two_talker,3,later,1,0,0
t0071,four_talker,-9,played,0,0,0
t0071,four_talker,-6,later,1,0,0
t0071,four_talker,-3,later,1,0,0
t0071,four_talker,0,later,1,0,0
t0071,four_talker,3,later,1,0,0
t0071,babble,-9,event,0,0,0
t0071,babble,-6,later,1,0,0
t0071,babble,-3,later,1,0,0
t0071,babble,0,later,1,0,0
t0071,babble,3,later,1,0,0
t0071,issn,-9,older,0,0,0
t0071,issn,-6,later,1,0,0
t0071,issn,-3,later,1,0,0
t0071,issn,0,later,1,0,0
t0071,issn,3,later,1,0,0
t0072,no_distractor,inf,birds,0,0,0
t0072,one_same,-9,design,0,1,1
t0072,one_same,-6,designed,0,0,0
t0072,one_same,-3,birds,0,0,0
t0072,one_same,0,birds,0,0,0
t0072,one_same,3,birds,0,0,0
t0072,one_diff,-9,terms,0,0,0
t0072,one_diff,-6,terms,0,0,0
t0072,one_diff,-3,terms,0,0,0
t0072,one_diff,0,terms,0,0,0
t0072,one_diff,3,terms,0,0,0
t0072,two_talker,-9,course,0,0,0
t0072,two_talker,-6,course,0,0,0
t0072,two_talker,-3,forest,0,0,0
t0072,two_talker,0,forest,0,0,0
t0072,two_talker,3,paris,0,0,0
t0072,four_talker,-9,historic,0,0,0
t0072,four_talker,-6,historic,0,0,0
t0072,four_talker,-3,forest,0,0,0
t0072,four_talker,0,words,0,0,0
t0072,four_talker,3,parents,0,0,0
t0072,babble,-9,historic,0,0,0
t0072,babble,-6,historic,0,0,0
t0072,babble,-3,parents,0,0,0
t0072,babble,0,parents,0,0,0
t0072,babble,3,parents,0,0,0
t0072,issn,-9,birds,0,0,0
t0072,issn,-6,birds,0,0,0
t0072,issn,-3,birds,0,0,0
t0072,issn,0,birds,0,0,0
t0072,issn,3,birds,0,0,0
t0073,no_distractor,inf,public,1,0,0
t0073,one_same,-9,front,0,0,0
t0073,one_same,-6,front,0,0,0
t0073,one_same,-3,front,0,0,0
t0073,one_same,0,founded,0,0,0
t0073,one_same,3,public,1,0,0
t0073,one_diff,-9,mountain,0,0,0
t0073,one_diff,-6,public,1,0,0
t0073,one_diff,-3,public,1,0,0
t0073,one_diff,0,public,1,0,0
t0073,one_diff,3,public,1,0,0
t0073,two_talker,-9,island,0,0,0
t0073,two_talker,-6,founded,0,0,0
t0073,two_talker,-3,founded,0,0,0
t0073,two_talker,0,founded,0,0,0
t0073,two_talker,3,founded,0,0,0
t0073,four_talker,-9,garden,0,0,0
t0073,four_talker,-6,garden,0,0,0
t0073,four_talker,-3,project,0,0,0
t0073,four_talker,0,project,0,0,0
t0073,four_talker,3,public,1,0,0
t0073,babble,-9,trains,0,0,0
t0073,babble,-6,operates,0,0,0
t0073,babble,-3,operates,0,0,0
t0073,babble,0,public,1,0,0
t0073,babble,3,public,1,0,0
t0073,issn,-9,large,0,0,0
t0073,issn,-6,large,0,0,0
t0073,issn,-3,public,1,0,0
t0073,issn,0,public,1,0,0
t0073,issn,3,public,1,0,0
t0074,no_distractor,inf,outside,1,0,0
t0074,one_same,-9,itself,0,0,0
t0074,one_same,-6,outside,1,0,0
t0074,one_same,-3,outside,1,0,0
t0074,one_same,0,outside,1,0,0
t0074,one_same,3,outside,1,0,0
t0074,one_diff,-9,outside,1,0,0
t0074,one_diff,-6,outside,1,0,0
t0074,one_diff,-3,outside,1,0,0
t0074,one_diff,0,outside,1,0,0
t0074,one_diff,3,outside,1,0,0
t0074,two_talker,-9,results,0,0,0
t0074,two_talker,-6,results,0,0,0
t0074,two_talker,-3,above,0,0,0
t0074,two_talker,0,outside,1,0,0
t0074,two_talker,3,outside,1,0,0
t0074,four_talker,-9,success,0,0,0
t0074,four_talker,-6,itself,0,0,0
t0074,four_talker,-3,itself,0,0,0
t0074,four_talker,0,itself,0,0,0
t0074,four_talker,3,outside,1,0,0
t0074,babble,-9,cause,0,0,1
t0074,babble,-6,involved,0,0,0
t0074,babble,-3,above,0,0,0
t0074,babble,0,outside,1,0,0
t0074,babble,3,outside,1,0,0
t0074,issn,-9,models,0,0,0
t0074,issn,-6,modern,0,0,0
t0074,issn,-3,outside,1,0,0
t0074,issn,0,outside,1,0,0
t0074,issn,3,outside,1,0,0
t0075,no_distractor,inf,young,1,0,0
t0075,one_same,-9,indian,0,0,0
t0075,one_same,-6,being,0,0,0
t0075,one_same,-3,young,1,0,0
t0075,one_same,0,young,1,0,0
t0075,one_same,3,young,1,0,0
t0075,one_diff,-9,needs,0,0,0
t0075,one_diff,-6,needs,0,0,0
t0075,one_diff,-3,needs,0,0,0
t0075,one_diff,0,means,0,0,0
t0075,one_diff,3,being,0,0,0
t0075,two_talker,-9,indian,0,0,0
t0075,two_talker,-6,means,0,0,0
t0075,two_talker,-3,means,0,0,0
t0075,two_talker,0,means,0,0,0
t0075,two_talker,3,means,0,0,0
t0075,four_talker,-9,caused,0,0,0
t0075,four_talker,-6,plays,0,0,0
t0075,four_talker,-3,years,0,0,0
t0075,four_talker,0,years,0,0,0
t0075,four_talker,3,means,0,0,0
t0075,babble,-9,closed,0,0,0
t0075,babble,-6,closed,0,0,0
t0075,babble,-3,closed,0,0,0
t0075,babble,0,leaves,0,0,0
t0075,babble,3,leaves,0,0,0
t0075,issn,-9,earlier,0,0,0
t0075,issn,-6,william,0,0,0
t0075,issn,-3,william,0,0,0
t0075,issn,0,young,1,0,0
t0075,issn,3,young,1,0,0
t0076,no_distractor,inf,include,1,0,0
t0076,one_same,-9,don't,0,1,1
t0076,one_same,-6,don't,0,1,1
t0076,one_same,-3,don't,0,1,1
t0076,one_same,0,don't,0,1,1
t0076,one_same,3,don't,0,1,1
t0076,one_diff,-9,simple,0,0,0
t0076,one_diff,-6,simple,0,0,0
t0076,one_diff,-3,simple,0,0,0
t0076,one_diff,0,simple,0,0,0
t0076,one_diff,3,include,1,0,0
t0076,two_talker,-9,don't,0,1,1
t0076,two_talker,-6,don't,0,1,1
t0076,two_talker,-3,don't,0,1,1
t0076,two_talker,0,don't,0,1,1
t0076,two_talker,3,don't,0,1,1
t0076,four_talker,-9,don't,0,1,1
t0076,four_talker,-6,don't,0,1,1
t0076,four_talker,-3,don't,0,1,1
t0076,four_talker,0,until,0,0,0
t0076,four_talker,3,until,0,0,0
t0076,babble,-9,known,0,0,0
t0076,babble,-6,known,0,0,0
t0076,babble,-3,known,0,0,0
t0076,babble,0,built,0,0,0
t0076,babble,3,includes,0,0,0
t0076,issn,-9,museum,0,0,0
t0076,issn,-6,includes,0,0,0
t0076,issn,-3,include,1,0,0
t0076,issn,0,include,1,0,0
t0076,issn,3,include,1,0,0
t0077,no_distractor,inf,member,1,0,0
t0077,one_same,-9,medical,0,0,0
t0077,one_same,-6,member,1,0,0
t0077,one_same,-3,member,1,0,0
t0077,one_same,0,member,1,0,0
t0077,one_same,3,member,1,0,0
t0077,one_diff,-9,river,0,0,0
t0077,one_diff,-6,river,0,0,0
t0077,one_diff,-3,member,1,0,0
t0077,one_diff,0,member,1,0,0
t0077,one_diff,3,member,1,0,0
t0077,two_talker,-9,member,1,0,0
t0077,two_talker,-6,member,1,0,0
t0077,two_talker,-3,member,1,0,0
t0077,two_talker,0,member,1,0,0
t0077,two_talker,3,member,1,0,0
t0077,four_talker,-9,rather,0,0,0
t0077,four_talker,-6,railroad,0,0,0
t0077,four_talker,-3,railroad,0,0,0
t0077,four_talker,0,river,0,0,0
t0077,four_talker,3,member,1,0,0
t0077,babble,-9,thomas,0,0,0
t0077,babble,-6,numerous,0,0,0
t0077,babble,-3,numerous,0,0,0
t0077,babble,0,number,0,0,0
t0077,babble,3,number,0,0,0
t0077,issn,-9,company,0,0,0
t0077,issn,-6,company,0,0,0
t0077,issn,-3,couple,0,0,0
t0077,issn,0,number,0,0,0
t0077,issn,3,number,0,0,0
t0078,no_distractor,inf,continued,1,0,0
t0078,one_same,-9,turned,0,0,0
t0078,one_same,-6,turned,0,0,0
t0078,one_same,-3,until,0,0,0
t0078,one_same,0,continued,1,0,0
t0078,one_same,3,continued,1,0,0
t0078,one_diff,-9,generally,0,0,0
t0078,one_diff,-6,continued,1,0,0
t0078,one_diff,-3,continued,1,0,0
t0078,one_diff,0,continued,1,0,0
t0078,one_diff,3,continued,1,0,0
t0078,two_talker,-9,generally,0,0,0
t0078,two_talker,-6,similar,0,0,0
t0078,two_talker,-3,continued,1,0,0
t0078,two_talker,0,continued,1,0,0
t0078,two_talker,3,continued,1,0,0
t0078,four_talker,-9,founded,0,0,0
t0078,four_talker,-6,found,0,0,0
t0078,four_talker,-3,family,0,0,0
t0078,four_talker,0,county,0,1,1
t0078,four_talker,3,county,0,1,1
t0078,babble,-9,unknown,0,0,0
t0078,babble,-6,unknown,0,0,0
t0078,babble,-3,season,0,0,1
t0078,babble,0,season,0,0,1
t0078,babble,3,continued,1,0,0
t0078,issn,-9,military,0,0,0
t0078,issn,-6,festival,0,0,0
t0078,issn,-3,festival,0,0,0
t0078,issn,0,continue,0,0,0
t0078,issn,3,continue,0,0,0
t0079,no_distractor,inf,began,1,0,0
t0079,one_same,-9,programs,0,0,0
t0079,one_same,-6,programs,0,0,0
t0079,one_same,-3,records,0,0,0
t0079,one_same,0,records,0,0,0
t0079,one_same,3,records,0,0,0
t0079,one_diff,-9,began,1,0,0
t0079,one_diff,-6,began,1,0,0
t0079,one_diff,-3,began,1,0,0
t0079,one_diff,0,began,1,0,0
t0079,one_diff,3,began,1,0,0
t0079,two_talker,-9,programs,0,0,0
t0079,two_talker,-6,programs,0,0,0
t0079,two_talker,-3,programs,0,0,0
t0079,two_talker,0,records,0,0,0
t0079,two_talker,3,records,0,0,0
t0079,four_talker,-9,remains,0,0,0
t0079,four_talker,-6,remains,0,0,0
t0079,four_talker,-3,events,0,0,0
t0079,four_talker,0,results,0,0,0
t0079,four_talker,3,results,0,0,0
t0079,babble,-9,plans,0,0,0
t0079,babble,-6,plans,0,0,0
t0079,babble,-3,plans,0,0,0
t0079,babble,0,black,0,0,0
t0079,babble,3,black,0,0,0
t0079,issn,-9,award,0,0,0
t0079,issn,-6,games,0,0,0
t0079,issn,-3,buildings,0,0,0
t0079,issn,0,buildings,0,0,0
t0079,issn,3,dance,0,0,0
t0080,no_distractor,inf,independent,1,0,0
t0080,one_same,-9,government,0,1,1
t0080,one_same,-6,government,0,1,1
t0080,one_same,-3,government,0,1,1
t0080,one_same,0,government,0,1,1
t0080,one_same,3,opened,0,0,0
t0080,one_diff,-9,different,0,0,0
t0080,one_diff,-6,different,0,0,0
t0080,one_diff,-3,independent,1,0,0
t0080,one_diff,0,independent,1,0,0
t0080,one_diff,3,independent,1,0,0
t0080,two_talker,-9,government,0,1,1
t0080,two_talker,-6,government,0,1,1
t0080,two_talker,-3,government,0,1,1
t0080,two_talker,0,independent,1,0,0
t0080,two_talker,3,independent,1,0,0
t0080,four_talker,-9,canadian,0,0,0
t0080,four_talker,-6,independent,1,0,0
t0080,four_talker,-3,independent,1,0,0
t0080,four_talker,0,independent,1,0,0
t0080,four_talker,3,independent,1,0,0
t0080,babble,-9,divided,0,0,0
t0080,babble,-6,divided,0,0,0
t0080,babble,-3,divided,0,0,0
t0080,babble,0,divided,0,0,0
t0080,babble,3,independent,1,0,0
t0080,issn,-9,eventually,0,0,0
t0080,issn,-6,event,0,0,0
t0080,issn,-3,different,0,0,0
t0080,issn,0,different,0,0,0
t0080,issn,3,different,0,0,0
t0081,no_distractor,inf,company,1,0,0
t0081,one_same,-9,completed,0,0,0
t0081,one_same,-6,completed,0,0,0
t0081,one_same,-3,company,1,0,0
t0081,one_same,0,company,1,0,0
t0081,one_same,3,company,1,0,0
t0081,one_diff,-9,problem,0,0,0
t0081,one_diff,-6,problem,0,0,0
t0081,one_diff,-3,problem,0,0,0
t0081,one_diff,0,company,1,0,0
t0081,one_diff,3,company,1,0,0
t0081,two_talker,-9,played,0,1,1
t0081,two_talker,-6,cover,0,0,0
t0081,two_talker,-3,couple,0,0,0
t0081,two_talker,0,couple,0,0,0
t0081,two_talker,3,company,1,0,0
t0081,four_talker,-9,color,0,0,0
t0081,four_talker,-6,cover,0,0,0
t0081,four_talker,-3,couple,0,0,0
t0081,four_talker,0,couple,0,0,0
t0081,four_talker,3,couple,0,0,0
t0081,babble,-9,color,0,0,0
t0081,babble,-6,color,0,0,0
t0081,babble,-3,cover,0,0,0
t0081,babble,0,cover,0,0,0
t0081,babble,3,company,1,0,0
t0081,issn,-9,european,0,0,0
t0081,issn,-6,european,0,0,0
t0081,issn,-3,company,1,0,0
t0081,issn,0,company,1,0,0
t0081,issn,3,company,1,0,0
t0082,no_distractor,inf,companies,1,0,0
t0082,one_same,-9,companies,1,0,0
t0082,one_same,-6,companies,1,0,0
t0082,one_same,-3,companies,1,0,0
t0082,one_same,0,companies,1,0,0
t0082,one_same,3,companies,1,0,0
t0082,one_diff,-9,plant,0,0,0
t0082,one_diff,-6,plans,0,0,0
t0082,one_diff,-3,comes,0,0,0
t0082,one_diff,0,plays,0,0,0
t0082,one_diff,3,companies,1,0,0
t0082,two_talker,-9,commonly,0,0,0
t0082,two_talker,-6,complex,0,0,0
t0082,two_talker,-3,companies,1,0,0
t0082,two_talker,0,companies,1,0,0
t0082,two_talker,3,companies,1,0,0
t0082,four_talker,-9,album,0,0,0
t0082,four_talker,-6,album,0,0,0
t0082,four_talker,-3,complex,0,0,0
t0082,four_talker,0,complex,0,0,0
t0082,four_talker,3,companies,1,0,0
t0082,babble,-9,complex,0,0,0
t0082,babble,-6,complex,0,0,0
t0082,babble,-3,companies,1,0,0
t0082,babble,0,companies,1,0,0
t0082,babble,3,companies,1,0,0
t0082,issn,-9,operated,0,0,0
t0082,issn,-6,operated,0,0,0
t0082,issn,-3,operates,0,0,0
t0082,issn,0,companies,1,0,0
t0082,issn,3,companies,1,0,0
t0083,no_distractor,inf,built,1,0,0
t0083,one_same,-9,against,0,1,1
t0083,one_same,-6,against,0,1,1
t0083,one_same,-3,states,0,0,0
t0083,one_same,0,built,1,0,0
t0083,one_same,3,built,1,0,0
t0083,one_diff,-9,buried,0,0,0
t0083,one_diff,-6,built,1,0,0
t0083,one_diff,-3,built,1,0,0
t0083,one_diff,0,built,1,0,0
t0083,one_diff,3,built,1,0,0
t0083,two_talker,-9,against,0,1,1
t0083,two_talker,-6,against,0,1,1
t0083,two_talker,-3,built,1,0,0
t0083,two_talker,0,built,1,0,0
t0083,two_talker,3,built,1,0,0
t0083,four_talker,-9,forms,0,0,0
t0083,four_talker,-6,influence,0,0,0
t0083,four_talker,-3,influence,0,0,0
t0083,four_talker,0,states,0,0,0
t0083,four_talker,3,based,0,0,0
t0083,babble,-9,paper,0,0,0
t0083,babble,-6,paper,0,0,0
t0083,babble,-3,paper,0,0,0
t0083,babble,0,newspaper,0,0,0
t0083,babble,3,based,0,0,0
t0083,issn,-9,buried,0,0,0
t0083,issn,-6,buried,0,0,0
t0083,issn,-3,operated,0,0,0
t0083,issn,0,operated,0,0,0
t0083,issn,3,completely,0,0,0
t0084,no_distractor,inf,several,1,0,0
t0084,one_same,-9,separate,0,0,0
t0084,one_same,-6,separate,0,0,0
t0084,one_same,-3,several,1,0,0
t0084,one_same,0,several,1,0,0
t0084,one_same,3,several,1,0,0
t0084,one_diff,-9,several,1,0,0
t0084,one_diff,-6,several,1,0,0
t0084,one_diff,-3,several,1,0,0
t0084,one_diff,0,several,1,0,0
t0084,one_diff,3,several,1,0,0
t0084,two_talker,-9,several,1,0,0
t0084,two_talker,-6,several,1,0,0
t0084,two_talker,-3,several,1,0,0
t0084,two_talker,0,several,1,0,0
t0084,two_talker,3,several,1,0,0
t0084,four_talker,-9,southern,0,0,0
t0084,four_talker,-6,several,1,0,0
t0084,four_talker,-3,several,1,0,0
t0084,four_talker,0,several,1,0,0
t0084,four_talker,3,several,1,0,0
t0084,babble,-9,sound,0,0,0
t0084,babble,-6,sound,0,0,0
t0084,babble,-3,southern,0,0,0
t0084,babble,0,several,1,0,0
t0084,babble,3,several,1,0,0
t0084,issn,-9,europe,0,0,0
t0084,issn,-6,civil,0,0,0
t0084,issn,-3,several,1,0,0
t0084,issn,0,several,1,0,0
t0084,issn,3,several,1,0,0
t0085,no_distractor,inf,built,0,0,0
t0085,one_same,-9,river,0,1,1
t0085,one_same,-6,river,0,1,1
t0085,one_same,-3,river,0,1,1
t0085,one_same,0,built,0,0,0
t0085,one_same,3,built,0,0,0
t0085,one_diff,-9,throughout,0,0,0
t0085,one_diff,-6,though,0,0,0
t0085,one_diff,-3,built,0,0,0
t0085,one_diff,0,built,0,0,0
t0085,one_diff,3,built,0,0,0
t0085,two_talker,-9,river,0,1,1
t0085,two_talker,-6,river,0,1,1
t0085,two_talker,-3,river,0,1,1
t0085,two_talker,0,built,0,0,0
t0085,two_talker,3,built,0,0,0
t0085,four_talker,-9,railroad,0,0,0
t0085,four_talker,-6,railroad,0,0,0
t0085,four_talker,-3,built,0,0,0
t0085,four_talker,0,built,0,0,0
t0085,four_talker,3,built,0,0,0
t0085,babble,-9,built,0,0,0
t0085,babble,-6,built,0,0,0
t0085,babble,-3,built,0,0,0
t0085,babble,0,built,0,0,0
t0085,babble,3,built,0,0,0
t0085,issn,-9,become,0,0,0
t0085,issn,-6,become,0,0,0
t0085,issn,-3,become,0,0,0
t0085,issn,0,become,0,0,0
t0085,issn,3,become,0,0,0
t0086,no_distractor,inf,served,1,0,0
t0086,one_same,-9,certain,0,0,0
t0086,one_same,-6,served,1,0,0
t0086,one_same,-3,served,1,0,0
t0086,one_same,0,served,1,0,0
t0086,one_same,3,served,1,0,0
t0086,one_diff,-9,source,0,0,0
t0086,one_diff,-6,served,1,0,0
t0086,one_diff,-3,served,1,0,0
t0086,one_diff,0,served,1,0,0
t0086,one_diff,3,served,1,0,0
t0086,two_talker,-9,series,0,0,0
t0086,two_talker,-6,series,0,0,0
t0086,two_talker,-3,certain,0,0,0
t0086,two_talker,0,served,1,0,0
t0086,two_talker,3,served,1,0,0
t0086,four_talker,-9,serves,0,0,0
t0086,four_talker,-6,serves,0,0,0
t0086,four_talker,-3,serves,0,0,0
t0086,four_talker,0,serves,0,0,0
t0086,four_talker,3,serves,0,0,0
t0086,babble,-9,serves,0,0,0
t0086,babble,-6,serves,0,0,0
t0086,babble,-3,serves,0,0,0
t0086,babble,0,served,1,0,0
t0086,babble,3,served,1,0,0
t0086,issn,-9,civil,0,0,0
t0086,issn,-6,civil,0,0,0
t0086,issn,-3,considered,0,0,0
t0086,issn,0,served,1,0,0
t0086,issn,3,served,1,0,0
t0087,no_distractor,inf,might,1,0,0
t0087,one_same,-9,might,1,0,0
t0087,one_same,-6,might,1,0,0
t0087,one_same,-3,might,1,0,0
t0087,one_same,0,might,1,0,0
t0087,one_same,3,might,1,0,0
t0087,one_diff,-9,might,1,0,0
t0087,one_diff,-6,might,1,0,0
t0087,one_diff,-3,might,1,0,0
t0087,one_diff,0,might,1,0,0
t0087,one_diff,3,might,1,0,0
t0087,two_talker,-9,might,1,0,0
t0087,two_talker,-6,might,1,0,0
t0087,two_talker,-3,might,1,0,0
t0087,two_talker,0,might,1,0,0
t0087,two_talker,3,might,1,0,0
t0087,four_talker,-9,sometimes,0,0,0
t0087,four_talker,-6,plans,0,0,0
t0087,four_talker,-3,plans,0,0,0
t0087,four_talker,0,plans,0,0,0
t0087,four_talker,3,might,1,0,0
t0087,babble,-9,science,0,0,0
t0087,babble,-6,plans,0,0,0
t0087,babble,-3,minor,0,0,0
t0087,babble,0,minor,0,0,0
t0087,babble,3,might,1,0,0
t0087,issn,-9,lines,0,0,0
t0087,issn,-6,minor,0,0,0
t0087,issn,-3,minor,0,0,0
t0087,issn,0,might,1,0,0
t0087,issn,3,might,1,0,0
t0088,no_distractor,inf,first,1,0,0
t0088,one_same,-9,after,0,1,1
t0088,one_same,-6,after,0,1,1
t0088,one_same,-3,after,0,1,1
t0088,one_same,0,after,0,1,1
t0088,one_same,3,through,0,0,0
t0088,one_diff,-9,forces,0,0,0
t0088,one_diff,-6,first,1,0,0
t0088,one_diff,-3,first,1,0,0
t0088,one_diff,0,first,1,0,0
t0088,one_diff,3,first,1,0,0
t0088,two_talker,-9,after,0,1,1
t0088,two_talker,-6,after,0,1,1
t0088,two_talker,-3,after,0,1,1
t0088,two_talker,0,after,0,1,1
t0088,two_talker,3,through,0,0,0
t0088,four_talker,-9,passed,0,0,0
t0088,four_talker,-6,passed,0,0,0
t0088,four_talker,-3,across,0,0,0
t0088,four_talker,0,across,0,0,0
t0088,four_talker,3,first,1,0,0
t0088,babble,-9,rights,0,0,0
t0088,babble,-6,across,0,0,0
t0088,babble,-3,across,0,0,0
t0088,babble,0,horse,0,0,0
t0088,babble,3,horse,0,0,0
t0088,issn,-9,islands,0,0,0
t0088,issn,-6,person,0,0,0
t0088,issn,-3,first,1,0,0
t0088,issn,0,first,1,0,0
t0088,issn,3,first,1,0,0
t0089,no_distractor,inf,small,1,0,0
t0089,one_same,-9,small,1,0,0
t0089,one_same,-6,small,1,0,0
t0089,one_same,-3,small,1,0,0
t0089,one_same,0,small,1,0,0
t0089,one_same,3,small,1,0,0
t0089,one_diff,-9,small,1,0,0
t0089,one_diff,-6,small,1,0,0
t0089,one_diff,-3,small,1,0,0
t0089,one_diff,0,small,1,0,0
t0089,one_diff,3,small,1,0,0
t0089,two_talker,-9,council,0,0,0
t0089,two_talker,-6,council,0,0,0
t0089,two_talker,-3,small,1,0,0
t0089,two_talker,0,small,1,0,0
t0089,two_talker,3,small,1,0,0
t0089,four_talker,-9,culture,0,0,0
t0089,four_talker,-6,council,0,0,0
t0089,four_talker,-3,small,1,0,0
t0089,four_talker,0,small,1,0,0
t0089,four_talker,3,small,1,0,0
t0089,babble,-9,television,0,0,0
t0089,babble,-6,small,1,0,0
t0089,babble,-3,small,1,0,0
t0089,babble,0,small,1,0,0
t0089,babble,3,small,1,0,0
t0089,issn,-9,small,1,0,0
t0089,issn,-6,small,1,0,0
t0089,issn,-3,small,1,0,0
t0089,issn,0,small,1,0,0
t0089,issn,3,small,1,0,0
t0090,no_distractor,inf,although,1,0,0
t0090,one_same,-9,although,1,0,0
t0090,one_same,-6,although,1,0,0
t0090,one_same,-3,although,1,0,0
t0090,one_same,0,although,1,0,0
t0090,one_same,3,although,1,0,0
t0090,one_diff,-9,although,1,0,0
t0090,one_diff,-6,although,1,0,0
t0090,one_diff,-3,although,1,0,0
t0090,one_diff,0,although,1,0,0
t0090,one_diff,3,although,1,0,0
t0090,two_talker,-9,culture,0,0,0
t0090,two_talker,-6,politics,0,0,0
t0090,two_talker,-3,although,1,0,0
t0090,two_talker,0,although,1,0,0
t0090,two_talker,3,although,1,0,0
t0090,four_talker,-9,always,0,0,0
t0090,four_talker,-6,always,0,0,0
t0090,four_talker,-3,although,1,0,0
t0090,four_talker,0,although,1,0,0
t0090,four_talker,3,although,1,0,0
t0090,babble,-9,usually,0,0,0
t0090,babble,-6,although,1,0,0
t0090,babble,-3,although,1,0,0
t0090,babble,0,although,1,0,0
t0090,babble,3,although,1,0,0
t0090,issn,-9,royal,0,0,0
t0090,issn,-6,model,0,0,0
t0090,issn,-3,although,1,0,0
t0090,issn,0,although,1,0,0
t0090,issn,3,although,1,0,0
t0091,no_distractor,inf,larger,1,0,0
t0091,one_same,-9,large,0,0,0
t0091,one_same,-6,large,0,0,0
t0091,one_same,-3,large,0,0,0
t0091,one_same,0,larger,1,0,0
t0091,one_same,3,larger,1,0,0
t0091,one_diff,-9,larger,1,0,0
t0091,one_diff,-6,larger,1,0,0
t0091,one_diff,-3,larger,1,0,0
t0091,one_diff,0,larger,1,0,0
t0091,one_diff,3,larger,1,0,0
t0091,two_talker,-9,large,0,0,0
t0091,two_talker,-6,larger,1,0,0
t0091,two_talker,-3,larger,1,0,0
t0091,two_talker,0,larger,1,0,0
t0091,two_talker,3,larger,1,0,0
t0091,four_talker,-9,country,0,1,1
t0091,four_talker,-6,country,0,1,1
t0091,four_talker,-3,country,0,1,1
t0091,four_talker,0,larger,1,0,0
t0091,four_talker,3,larger,1,0,0
t0091,babble,-9,country,0,1,1
t0091,babble,-6,country,0,1,1
t0091,babble,-3,larger,1,0,0
t0091,babble,0,larger,1,0,0
t0091,babble,3,larger,1,0,0
t0091,issn,-9,author,0,0,0
t0091,issn,-6,party,0,0,0
t0091,issn,-3,larger,1,0,0
t0091,issn,0,larger,1,0,0
t0091,issn,3,larger,1,0,0
t0092,no_distractor,inf,spent,1,0,0
t0092,one_same,-9,serves,0,0,0
t0092,one_same,-6,sound,0,0,0
t0092,one_same,-3,sound,0,0,0
t0092,one_same,0,sound,0,0,0
t0092,one_same,3,spent,1,0,0
t0092,one_diff,-9,spent,1,0,0
t0092,one_diff,-6,spent,1,0,0
t0092,one_diff,-3,spent,1,0,0
t0092,one_diff,0,spent,1,0,0
t0092,one_diff,3,spent,1,0,0
t0092,two_talker,-9,himself,0,0,0
t0092,two_talker,-6,itself,0,0,0
t0092,two_talker,-3,itself,0,0,0
t0092,two_talker,0,spent,1,0,0
t0092,two_talker,3,spent,1,0,0
t0092,four_talker,-9,husband,0,0,0
t0092,four_talker,-6,husband,0,0,0
t0092,four_talker,-3,spent,1,0,0
t0092,four_talker,0,spent,1,0,0
t0092,four_talker,3,spent,1,0,0
t0092,babble,-9,husband,0,0,0
t0092,babble,-6,stopped,0,0,0
t0092,babble,-3,spent,1,0,0
t0092,babble,0,spent,1,0,0
t0092,babble,3,spent,1,0,0
t0092,issn,-9,something,0,0,0
t0092,issn,-6,speak,0,0,0
t0092,issn,-3,spent,1,0,0
t0092,issn,0,spent,1,0,0
t0092,issn,3,spent,1,0,0
t0093,no_distractor,inf,years,1,0,0
t0093,one_same,-9,english,0,0,0
t0093,one_same,-6,years,1,0,0
t0093,one_same,-3,years,1,0,0
t0093,one_same,0,years,1,0,0
t0093,one_same,3,years,1,0,0
t0093,one_diff,-9,english,0,0,0
t0093,one_diff,-6,english,0,0,0
t0093,one_diff,-3,years,1,0,0
t0093,one_diff,0,years,1,0,0
t0093,one_diff,3,years,1,0,0
t0093,two_talker,-9,immediately,0,0,0
t0093,two_talker,-6,english,0,0,0
t0093,two_talker,-3,years,1,0,0
t0093,two_talker,0,years,1,0,0
t0093,two_talker,3,years,1,0,0
t0093,four_talker,-9,voice,0,0,0
t0093,four_talker,-6,voice,0,0,0
t0093,four_talker,-3,years,1,0,0
t0093,four_talker,0,years,1,0,0
t0093,four_talker,3,years,1,0,0
t0093,babble,-9,united,0,0,0
t0093,babble,-6,united,0,0,0
t0093,babble,-3,middle,0,0,0
t0093,babble,0,english,0,0,0
t0093,babble,3,english,0,0,0
t0093,issn,-9,included,0,0,0
t0093,issn,-6,english,0,0,0
t0093,issn,-3,english,0,0,0
t0093,issn,0,years,1,0,0
t0093,issn,3,years,1,0,0
t0094,no_distractor,inf,although,0,0,0
t0094,one_same,-9,football,0,0,0
t0094,one_same,-6,football,0,0,0
t0094,one_same,-3,although,0,0,0
t0094,one_same,0,although,0,0,0
t0094,one_same,3,although,0,0,0
t0094,one_diff,-9,could,0,0,0
t0094,one_diff,-6,although,0,0,0
t0094,one_diff,-3,although,0,0,0
t0094,one_diff,0,although,0,0,0
t0094,one_diff,3,although,0,0,0
t0094,two_talker,-9,little,0,0,0
t0094,two_talker,-6,other,0,0,0
t0094,two_talker,-3,other,0,0,0
t0094,two_talker,0,although,0,0,0
t0094,two_talker,3,although,0,0,0
t0094,four_talker,-9,which,0,0,0
t0094,four_talker,-6,which,0,0,0
t0094,four_talker,-3,until,0,0,0
t0094,four_talker,0,don't,0,0,0
t0094,four_talker,3,don't,0,0,0
t0094,babble,-9,therefore,0,0,0
t0094,babble,-6,therefore,0,0,0
t0094,babble,-3,although,0,0,0
t0094,babble,0,although,0,0,0
t0094,babble,3,although,0,0,0
t0094,issn,-9,little,0,0,0
t0094,issn,-6,little,0,0,0
t0094,issn,-3,color,0,0,0
t0094,issn,0,comes,0,0,0
t0094,issn,3,although,0,0,0
t0095,no_distractor,inf,while,0,0,0
t0095,one_same,-9,bright,0,0,0
t0095,one_same,-6,bright,0,0,0
t0095,one_same,-3,bright,0,0,0
t0095,one_same,0,going,0,0,0
t0095,one_same,3,going,0,0,0
t0095,one_diff,-9,thought,0,0,0
t0095,one_diff,-6,about,0,0,0
t0095,one_diff,-3,while,0,0,0
t0095,one_diff,0,although,0,0,0
t0095,one_diff,3,while,0,0,0
t0095,two_talker,-9,learn,0,0,0
t0095,two_talker,-6,garden,0,0,0
t0095,two_talker,-3,garden,0,0,0
t0095,two_talker,0,although,0,0,0
t0095,two_talker,3,although,0,0,0
t0095,four_talker,-9,around,0,0,0
t0095,four_talker,-6,although,0,0,0
t0095,four_talker,-3,although,0,0,0
t0095,four_talker,0,although,0,0,0
t0095,four_talker,3,although,0,0,0
t0095,babble,-9,almost,0,0,0
t0095,babble,-6,although,0,0,1
t0095,babble,-3,although,0,0,1
t0095,babble,0,although,0,0,1
t0095,babble,3,although,0,0,1
t0095,issn,-9,probably,0,0,0
t0095,issn,-6,although,0,0,0
t0095,issn,-3,although,0,0,0
t0095,issn,0,although,0,0,0
t0095,issn,3,although,0,0,0
t0096,no_distractor,inf,noted,1,0,0
t0096,one_same,-9,going,0,0,0
t0096,one_same,-6,going,0,0,0
t0096,one_same,-3,going,0,0,0
t0096,one_same,0,going,0,0,0
t0096,one_same,3,noted,1,0,0
t0096,one_diff,-9,noted,1,0,0
t0096,one_diff,-6,noted,1,0,0
t0096,one_diff,-3,noted,1,0,0
t0096,one_diff,0,noted,1,0,0
t0096,one_diff,3,noted,1,0,0
t0096,two_talker,-9,going,0,0,0
t0096,two_talker,-6,unknown,0,0,1
t0096,two_talker,-3,unknown,0,0,1
t0096,two_talker,0,unknown,0,0,1
t0096,two_talker,3,noted,1,0,0
t0096,four_talker,-9,finally,0,0,0
t0096,four_talker,-6,noted,1,0,0
t0096,four_talker,-3,noted,1,0,0
t0096,four_talker,0,noted,1,0,0
t0096,four_talker,3,noted,1,0,0
t0096,babble,-9,unknown,0,0,1
t0096,babble,-6,unknown,0,0,1
t0096,babble,-3,unknown,0,0,1
t0096,babble,0,noted,1,0,0
t0096,babble,3,noted,1,0,0
t0096,issn,-9,england,0,0,0
t0096,issn,-6,language,0,0,0
t0096,issn,-3,going,0,0,0
t0096,issn,0,noted,1,0,0
t0096,issn,3,noted,1,0,0
t0097,no_distractor,inf,worked,1,0,0
t0097,one_same,-9,death,0,0,0
t0097,one_same,-6,later,0,0,0
t0097,one_same,-3,lived,0,0,0
t0097,one_same,0,worked,1,0,0
t0097,one_same,3,worked,1,0,0
t0097,one_diff,-9,working,0,0,0
t0097,one_diff,-6,working,0,0,0
t0097,one_diff,-3,worked,1,0,0
t0097,one_diff,0,worked,1,0,0
t0097,one_diff,3,worked,1,0,0
t0097,two_talker,-9,death,0,0,0
t0097,two_talker,-6,death,0,0,0
t0097,two_talker,-3,their,0,0,0
t0097,two_talker,0,their,0,0,0
t0097,two_talker,3,worked,1,0,0
t0097,four_talker,-9,their,0,0,0
t0097,four_talker,-6,their,0,0,0
t0097,four_talker,-3,their,0,0,0
t0097,four_talker,0,wrote,0,0,0
t0097,four_talker,3,wrote,0,0,0
t0097,babble,-9,another,0,0,0
t0097,babble,-6,model,0,0,0
t0097,babble,-3,following,0,0,0
t0097,babble,0,southern,0,0,0
t0097,babble,3,wrote,0,0,0
t0097,issn,-9,software,0,0,0
t0097,issn,-6,supported,0,0,0
t0097,issn,-3,located,0,0,0
t0097,issn,0,worked,1,0,0
t0097,issn,3,worked,1,0,0
t0098,no_distractor,inf,single,1,0,0
t0098,one_same,-9,single,1,0,0
t0098,one_same,-6,single,1,0,0
t0098,one_same,-3,single,1,0,0
t0098,one_same,0,single,1,0,0
t0098,one_same,3,single,1,0,0
t0098,one_diff,-9,single,1,0,0
t0098,one_diff,-6,single,1,0,0
t0098,one_diff,-3,single,1,0,0
t0098,one_diff,0,single,1,0,0
t0098,one_diff,3,single,1,0,0
t0098,two_talker,-9,single,1,0,0
t0098,two_talker,-6,single,1,0,0
t0098,two_talker,-3,single,1,0,0
t0098,two_talker,0,single,1,0,0
t0098,two_talker,3,single,1,0,0
t0098,four_talker,-9,single,1,0,0
t0098,four_talker,-6,single,1,0,0
t0098,four_talker,-3,single,1,0,0
t0098,four_talker,0,single,1,0,0
t0098,four_talker,3,single,1,0,0
t0098,babble,-9,single,1,0,0
t0098,babble,-6,single,1,0,0
t0098,babble,-3,single,1,0,0
t0098,babble,0,single,1,0,0
t0098,babble,3,single,1,0,0
t0098,issn,-9,single,1,0,0
t0098,issn,-6,single,1,0,0
t0098,issn,-3,single,1,0,0
t0098,issn,0,single,1,0,0
t0098,issn,3,single,1,0,0
t0099,no_distractor,inf,great,1,0,0
t0099,one_same,-9,great,1,0,0
t0099,one_same,-6,great,1,0,0
t0099,one_same,-3,great,1,0,0
t0099,one_same,0,great,1,0,0
t0099,one_same,3,great,1,0,0
t0099,one_diff,-9,great,1,0,0
t0099,one_diff,-6,great,1,0,0
t0099,one_diff,-3,great,1,0,0
t0099,one_diff,0,great,1,0,0
t0099,one_diff,3,great,1,0,0
t0099,two_talker,-9,creek,0,0,0
t0099,two_talker,-6,creek,0,0,0
t0099,two_talker,-3,creek,0,0,0
t0099,two_talker,0,great,1,0,0
t0099,two_talker,3,great,1,0,0
t0099,four_talker,-9,creek,0,0,0
t0099,four_talker,-6,creek,0,0,0
t0099,four_talker,-3,range,0,0,0
t0099,four_talker,0,great,1,0,0
t0099,four_talker,3,great,1,0,0
t0099,babble,-9,named,0,0,0
t0099,babble,-6,great,1,0,0
t0099,babble,-3,great,1,0,0
t0099,babble,0,great,1,0,0
t0099,babble,3,great,1,0,0
t0099,issn,-9,playing,0,0,0
t0099,issn,-6,range,0,0,0
t0099,issn,-3,range,0,0,0
t0099,issn,0,range,0,0,0
t0099,issn,3,great,1,0,0
t0100,no_distractor,inf,international,1,0,0
t0100,one_same,-9,international,1,0,0
t0100,one_same,-6,international,1,0,0
t0100,one_same,-3,international,1,0,0
t0100,one_same,0,international,1,0,0
t0100,one_same,3,international,1,0,0
t0100,one_diff,-9,international,1,0,0
t0100,one_diff,-6,international,1,0,0
t0100,one_diff,-3,international,1,0,0
t0100,one_diff,0,international,1,0,0
t0100,one_diff,3,international,1,0,0
t0100,two_talker,-9,international,1,0,0
t0100,two_talker,-6,international,1,0,0
t0100,two_talker,-3,international,1,0,0
t0100,two_talker,0,international,1,0,0
t0100,two_talker,3,international,1,0,0
t0100,four_talker,-9,international,1,0,0
t0100,four_talker,-6,international,1,0,0
t0100,four_talker,-3,international,1,0,0
t0100,four_talker,0,international,1,0,0
t0100,four_talker,3,international,1,0,0
t0100,babble,-9,international,1,0,0
t0100,babble,-6,international,1,0,0
t0100,babble,-3,international,1,0,0
t0100,babble,0,international,1,0,0
t0100,babble,3,international,1,0,0
t0100,issn,-9,version,0,0,0
t0100,issn,-6,international,1,0,0
t0100,issn,-3,international,1,0,0
t0100,issn,0,international,1,0,0
t0100,issn,3,international,1,0,0
t0101,no_distractor,inf,capital,1,0,0
t0101,one_same,-9,capital,1,0,0
t0101,one_same,-6,capital,1,0,0
t0101,one_same,-3,capital,1,0,0
t0101,one_same,0,capital,1,0,0
t0101,one_same,3,capital,1,0,0
t0101,one_diff,-9,capital,1,0,0
t0101,one_diff,-6,capital,1,0,0
t0101,one_diff,-3,capital,1,0,0
t0101,one_diff,0,capital,1,0,0
t0101,one_diff,3,capital,1,0,0
t0101,two_talker,-9,coach,0,0,0
t0101,two_talker,-6,carried,0,0,0
t0101,two_talker,-3,county,0,0,0
t0101,two_talker,0,capital,1,0,0
t0101,two_talker,3,capital,1,0,0
t0101,four_talker,-9,search,0,0,0
t0101,four_talker,-6,after,0,0,0
t0101,four_talker,-3,after,0,0,0
t0101,four_talker,0,capital,1,0,0
t0101,four_talker,3,capital,1,0,0
t0101,babble,-9,worked,0,0,0
t0101,babble,-6,without,0,0,0
t0101,babble,-3,capital,1,0,0
t0101,babble,0,capital,1,0,0
t0101,babble,3,capital,1,0,0
t0101,issn,-9,battle,0,0,0
t0101,issn,-6,battle,0,0,0
t0101,issn,-3,battle,0,0,0
t0101,issn,0,capital,1,0,0
t0101,issn,3,capital,1,0,0
t0102,no_distractor,inf,national,1,0,0
t0102,one_same,-9,national,1,0,0
t0102,one_same,-6,national,1,0,0
t0102,one_same,-3,national,1,0,0
t0102,one_same,0,national,1,0,0
t0102,one_same,3,national,1,0,0
t0102,one_diff,-9,national,1,0,0
t0102,one_diff,-6,national,1,0,0
t0102,one_diff,-3,national,1,0,0
t0102,one_diff,0,national,1,0,0
t0102,one_diff,3,national,1,0,0
t0102,two_talker,-9,national,1,0,0
t0102,two_talker,-6,national,1,0,0
t0102,two_talker,-3,national,1,0,0
t0102,two_talker,0,national,1,0,0
t0102,two_talker,3,national,1,0,0
t0102,four_talker,-9,natural,0,0,0
t0102,four_talker,-6,national,1,0,0
t0102,four_talker,-3,national,1,0,0
t0102,four_talker,0,national,1,0,0
t0102,four_talker,3,national,1,0,0
t0102,babble,-9,several,0,0,0
t0102,babble,-6,natural,0,0,0
t0102,babble,-3,natural,0,0,0
t0102,babble,0,national,1,0,0
t0102,babble,3,national,1,0,0
t0102,issn,-9,national,1,0,0
t0102,issn,-6,national,1,0,0
t0102,issn,-3,national,1,0,0
t0102,issn,0,national,1,0,0
t0102,issn,3,national,1,0,0
t0103,no_distractor,inf,language,1,0,0
t0103,one_same,-9,range,0,0,0
t0103,one_same,-6,language,1,0,0
t0103,one_same,-3,language,1,0,0
t0103,one_same,0,language,1,0,0
t0103,one_same,3,language,1,0,0
t0103,one_diff,-9,language,1,0,0
t0103,one_diff,-6,language,1,0,0
t0103,one_diff,-3,language,1,0,0
t0103,one_diff,0,language,1,0,0
t0103,one_diff,3,language,1,0,0
t0103,two_talker,-9,range,0,0,0
t0103,two_talker,-6,language,1,0,0
t0103,two_talker,-3,language,1,0,0
t0103,two_talker,0,language,1,0,0
t0103,two_talker,3,language,1,0,0
t0103,four_talker,-9,language,1,0,0
t0103,four_talker,-6,language,1,0,0
t0103,four_talker,-3,language,1,0,0
t0103,four_talker,0,language,1,0,0
t0103,four_talker,3,language,1,0,0
t0103,babble,-9,award,0,0,0
t0103,babble,-6,award,0,0,0
t0103,babble,-3,level,0,0,0
t0103,babble,0,language,1,0,0
t0103,babble,3,language,1,0,0
t0103,issn,-9,island,0,0,0
t0103,issn,-6,library,0,0,0
t0103,issn,-3,language,1,0,0
t0103,issn,0,language,1,0,0
t0103,issn,3,language,1,0,0
t0104,no_distractor,inf,widely,1,0,0
t0104,one_same,-9,widely,1,0,0
t0104,one_same,-6,widely,1,0,0
t0104,one_same,-3,widely,1,0,0
t0104,one_same,0,widely,1,0,0
t0104,one_same,3,widely,1,0,0
t0104,one_diff,-9,widely,1,0,0
t0104,one_diff,-6,widely,1,0,0
t0104,one_diff,-3,widely,1,0,0
t0104,one_diff,0,widely,1,0,0
t0104,one_diff,3,widely,1,0,0
t0104,two_talker,-9,widely,1,0,0
t0104,two_talker,-6,widely,1,0,0
t0104,two_talker,-3,widely,1,0,0
t0104,two_talker,0,widely,1,0,0
t0104,two_talker,3,widely,1,0,0
t0104,four_talker,-9,widely,1,0,0
t0104,four_talker,-6,widely,1,0,0
t0104,four_talker,-3,widely,1,0,0
t0104,four_talker,0,widely,1,0,0
t0104,four_talker,3,widely,1,0,0
t0104,babble,-9,widely,1,0,0
t0104,babble,-6,widely,1,0,0
t0104,babble,-3,widely,1,0,0
t0104,babble,0,widely,1,0,0
t0104,babble,3,widely,1,0,0
t0104,issn,-9,widely,1,0,0
t0104,issn,-6,widely,1,0,0
t0104,issn,-3,widely,1,0,0
t0104,issn,0,widely,1,0,0
t0104,issn,3,widely,1,0,0
t0105,no_distractor,inf,generally,1,0,0
t0105,one_same,-9,generally,1,0,0
t0105,one_same,-6,generally,1,0,0
t0105,one_same,-3,generally,1,0,0
t0105,one_same,0,generally,1,0,0
t0105,one_same,3,generally,1,0,0
t0105,one_diff,-9,general,0,0,0
t0105,one_diff,-6,generally,1,0,0
t0105,one_diff,-3,generally,1,0,0
t0105,one_diff,0,generally,1,0,0
t0105,one_diff,3,generally,1,0,0
t0105,two_talker,-9,generally,1,0,0
t0105,two_talker,-6,generally,1,0,0
t0105,two_talker,-3,generally,1,0,0
t0105,two_talker,0,generally,1,0,0
t0105,two_talker,3,generally,1,0,0
t0105,four_talker,-9,member,0,0,0
t0105,four_talker,-6,general,0,0,0
t0105,four_talker,-3,general,0,0,0
t0105,four_talker,0,general,0,0,0
t0105,four_talker,3,general,0,0,0
t0105,babble,-9,member,0,0,0
t0105,babble,-6,general,0,0,0
t0105,babble,-3,general,0,0,0
t0105,babble,0,general,0,0,0
t0105,babble,3,general,0,0,0
t0105,issn,-9,generally,1,0,0
t0105,issn,-6,general,0,0,0
t0105,issn,-3,general,0,0,0
t0105,issn,0,generally,1,0,0
t0105,issn,3,generally,1,0,0
t0106,no_distractor,inf,river,1,0,0
t0106,one_same,-9,northern,0,1,1
t0106,one_same,-6,northern,0,1,1
t0106,one_same,-3,northern,0,1,1
t0106,one_same,0,brother,0,0,0
t0106,one_same,3,brother,0,0,0
t0106,one_diff,-9,referred,0,0,0
t0106,one_diff,-6,referred,0,0,0
t0106,one_diff,-3,referred,0,0,0
t0106,one_diff,0,referred,0,0,0
t0106,one_diff,3,referred,0,0,0
t0106,two_talker,-9,northern,0,1,1
t0106,two_talker,-6,northern,0,1,1
t0106,two_talker,-3,northern,0,1,1
t0106,two_talker,0,river,1,0,0
t0106,two_talker,3,river,1,0,0
t0106,four_talker,-9,among,0,0,0
t0106,four_talker,-6,among,0,0,0
t0106,four_talker,-3,larger,0,0,0
t0106,four_talker,0,referred,0,0,0
t0106,four_talker,3,referred,0,0,0
t0106,babble,-9,william,0,0,0
t0106,babble,-6,remained,0,0,0
t0106,babble,-3,large,0,0,0
t0106,babble,0,referred,0,0,0
t0106,babble,3,referred,0,0,0
t0106,issn,-9,order,0,0,0
t0106,issn,-6,order,0,0,0
t0106,issn,-3,robert,0,0,0
t0106,issn,0,river,1,0,0
t0106,issn,3,river,1,0,0
t0107,no_distractor,inf,means,1,0,0
t0107,one_same,-9,published,0,1,1
t0107,one_same,-6,published,0,1,1
t0107,one_same,-3,published,0,1,1
t0107,one_same,0,problems,0,0,0
t0107,one_same,3,means,1,0,0
t0107,one_diff,-9,means,1,0,0
t0107,one_diff,-6,means,1,0,0
t0107,one_diff,-3,means,1,0,0
t0107,one_diff,0,means,1,0,0
t0107,one_diff,3,means,1,0,0
t0107,two_talker,-9,published,0,1,1
t0107,two_talker,-6,published,0,1,1
t0107,two_talker,-3,problems,0,0,0
t0107,two_talker,0,means,1,0,0
t0107,two_talker,3,means,1,0,0
t0107,four_talker,-9,films,0,0,0
t0107,four_talker,-6,films,0,0,0
t0107,four_talker,-3,films,0,0,0
t0107,four_talker,0,young,0,1,1
t0107,four_talker,3,films,0,0,0
t0107,babble,-9,films,0,0,0
t0107,babble,-6,films,0,0,0
t0107,babble,-3,films,0,0,0
t0107,babble,0,films,0,0,0
t0107,babble,3,films,0,0,0
t0107,issn,-9,minutes,0,0,0
t0107,issn,-6,minutes,0,0,0
t0107,issn,-3,means,1,0,0
t0107,issn,0,means,1,0,0
t0107,issn,3,means,1,0,0
t0108,no_distractor,inf,heart,1,0,0
t0108,one_same,-9,north,0,0,0
t0108,one_same,-6,north,0,0,0
t0108,one_same,-3,north,0,0,0
t0108,one_same,0,heart,1,0,0
t0108,one_same,3,heart,1,0,0
t0108,one_diff,-9,doctor,0,0,0
t0108,one_diff,-6,doctor,0,0,0
t0108,one_diff,-3,doctor,0,0,0
t0108,one_diff,0,doctor,0,0,0
t0108,one_diff,3,doctor,0,0,0
t0108,two_talker,-9,north,0,0,0
t0108,two_talker,-6,doctor,0,0,0
t0108,two_talker,-3,doctor,0,0,0
t0108,two_talker,0,doctor,0,0,0
t0108,two_talker,3,north,0,0,0
t0108,four_talker,-9,light,0,0,0
t0108,four_talker,-6,light,0,0,0
t0108,four_talker,-3,black,0,0,0
t0108,four_talker,0,heart,1,0,0
t0108,four_talker,3,heart,1,0,0
t0108,babble,-9,called,0,0,0
t0108,babble,-6,white,0,0,0
t0108,babble,-3,light,0,0,0
t0108,babble,0,heart,1,0,0
t0108,babble,3,heart,1,0,0
t0108,issn,-9,white,0,0,0
t0108,issn,-6,large,0,0,0
t0108,issn,-3,large,0,0,0
t0108,issn,0,heart,1,0,0
t0108,issn,3,heart,1,0,0
t0109,no_distractor,inf,sound,0,0,0
t0109,one_same,-9,france,0,0,0
t0109,one_same,-6,found,1,0,0
t0109,one_same,-3,found,1,0,0
t0109,one_same,0,found,1,0,0
t0109,one_same,3,found,1,0,0
t0109,one_diff,-9,found,1,0,0
t0109,one_diff,-6,found,1,0,0
t0109,one_diff,-3,sound,0,0,0
t0109,one_diff,0,sound,0,0,0
t0109,one_diff,3,sound,0,0,0
t0109,two_talker,-9,france,0,0,0
t0109,two_talker,-6,found,1,0,0
t0109,two_talker,-3,found,1,0,0
t0109,two_talker,0,found,1,0,0
t0109,two_talker,3,found,1,0,0
t0109,four_talker,-9,found,1,0,0
t0109,four_talker,-6,found,1,0,0
t0109,four_talker,-3,found,1,0,0
t0109,four_talker,0,found,1,0,0
t0109,four_talker,3,found,1,0,0
t0109,babble,-9,round,0,0,0
t0109,babble,-6,found,1,0,0
t0109,babble,-3,found,1,0,0
t0109,babble,0,found,1,0,0
t0109,babble,3,found,1,0,0
t0109,issn,-9,power,0,0,0
t0109,issn,-6,found,1,0,0
t0109,issn,-3,found,1,0,0
t0109,issn,0,found,1,0,0
t0109,issn,3,found,1,0,0
t0110,no_distractor,inf,still,1,0,0
t0110,one_same,-9,before,0,1,1
t0110,one_same,-6,before,0,1,1
t0110,one_same,-3,still,1,0,0
t0110,one_same,0,still,1,0,0
t0110,one_same,3,still,1,0,0
t0110,one_diff,-9,still,1,0,0
t0110,one_diff,-6,still,1,0,0
t0110,one_diff,-3,still,1,0,0
t0110,one_diff,0,still,1,0,0
t0110,one_diff,3,still,1,0,0
t0110,two_talker,-9,stone,0,0,0
t0110,two_talker,-6,still,1,0,0
t0110,two_talker,-3,still,1,0,0
t0110,two_talker,0,still,1,0,0
t0110,two_talker,3,still,1,0,0
t0110,four_talker,-9,going,0,0,0
t0110,four_talker,-6,still,1,0,0
t0110,four_talker,-3,still,1,0,0
t0110,four_talker,0,still,1,0,0
t0110,four_talker,3,still,1,0,0
t0110,babble,-9,story,0,0,0
t0110,babble,-6,still,1,0,0
t0110,babble,-3,still,1,0,0
t0110,babble,0,still,1,0,0
t0110,babble,3,still,1,0,0
t0110,issn,-9,railroad,0,0,0
t0110,issn,-6,still,1,0,0
t0110,issn,-3,still,1,0,0
t0110,issn,0,still,1,0,0
t0110,issn,3,still,1,0,0
t0111,no_distractor,inf,can't,1,0,0
t0111,one_same,-9,house,0,1,1
t0111,one_same,-6,house,0,1,1
t0111,one_same,-3,house,0,1,1
t0111,one_same,0,house,0,1,1
t0111,one_same,3,house,0,1,1
t0111,one_diff,-9,character,0,0,0
t0111,one_diff,-6,can't,1,0,0
t0111,one_diff,-3,can't,1,0,0
t0111,one_diff,0,can't,1,0,0
t0111,one_diff,3,can't,1,0,0
t0111,two_talker,-9,house,0,1,1
t0111,two_talker,-6,house,0,1,1
t0111,two_talker,-3,house,0,1,1
t0111,two_talker,0,house,0,1,1
t0111,two_talker,3,can't,1,0,0
t0111,four_talker,-9,houses,0,0,0
t0111,four_talker,-6,happen,0,0,0
t0111,four_talker,-3,catholic,0,0,0
t0111,four_talker,0,catholic,0,0,0
t0111,four_talker,3,catholic,0,0,0
t0111,babble,-9,capital,0,0,0
t0111,babble,-6,passed,0,0,0
t0111,babble,-3,passed,0,0,0
t0111,babble,0,passed,0,0,0
t0111,babble,3,catholic,0,0,0
t0111,issn,-9,attack,0,0,0
t0111,issn,-6,attack,0,0,0
t0111,issn,-3,attack,0,0,0
t0111,issn,0,can't,1,0,0
t0111,issn,3,can't,1,0,0
t0112,no_distractor,inf,continue,1,0,0
t0112,one_same,-9,taken,0,0,0
t0112,one_same,-6,activity,0,0,0
t0112,one_same,-3,activity,0,0,0
t0112,one_same,0,activity,0,0,0
t0112,one_same,3,activity,0,0,0
t0112,one_diff,-9,continue,1,0,0
t0112,one_diff,-6,continue,1,0,0
t0112,one_diff,-3,continue,1,0,0
t0112,one_diff,0,continue,1,0,0
t0112,one_diff,3,continue,1,0,0
t0112,two_talker,-9,christian,0,0,0
t0112,two_talker,-6,division,0,0,0
t0112,two_talker,-3,continued,0,0,0
t0112,two_talker,0,continue,1,0,0
t0112,two_talker,3,continue,1,0,0
t0112,four_talker,-9,ancient,0,0,0
t0112,four_talker,-6,ancient,0,0,0
t0112,four_talker,-3,between,0,0,0
t0112,four_talker,0,between,0,0,0
t0112,four_talker,3,continued,0,0,0
t0112,babble,-9,professional,0,0,0
t0112,babble,-6,professional,0,0,0
t0112,babble,-3,attended,0,0,0
t0112,babble,0,continue,1,0,0
t0112,babble,3,continue,1,0,0
t0112,issn,-9,material,0,0,0
t0112,issn,-6,continue,1,0,0
t0112,issn,-3,continue,1,0,0
t0112,issn,0,continue,1,0,0
t0112,issn,3,continue,1,0,0
t0113,no_distractor,inf,successful,1,0,0
t0113,one_same,-9,first,0,1,1
t0113,one_same,-6,successful,1,0,0
t0113,one_same,-3,successful,1,0,0
t0113,one_same,0,successful,1,0,0
t0113,one_same,3,successful,1,0,0
t0113,one_diff,-9,successful,1,0,0
t0113,one_diff,-6,successful,1,0,0
t0113,one_diff,-3,successful,1,0,0
t0113,one_diff,0,successful,1,0,0
t0113,one_diff,3,successful,1,0,0
t0113,two_talker,-9,first,0,1,1
t0113,two_talker,-6,first,0,1,1
t0113,two_talker,-3,successful,1,0,0
t0113,two_talker,0,successful,1,0,0
t0113,two_talker,3,successful,1,0,0
t0113,four_talker,-9,first,0,1,1
t0113,four_talker,-6,first,0,1,1
t0113,four_talker,-3,successful,1,0,0
t0113,four_talker,0,successful,1,0,0
t0113,four_talker,3,successful,1,0,0
t0113,babble,-9,performed,0,0,0
t0113,babble,-6,performed,0,0,0
t0113,babble,-3,successful,1,0,0
t0113,babble,0,successful,1,0,0
t0113,babble,3,successful,1,0,0
t0113,issn,-9,separate,0,0,0
t0113,issn,-6,successful,1,0,0
t0113,issn,-3,successful,1,0,0
t0113,issn,0,successful,1,0,0
t0113,issn,3,successful,1,0,0
t0114,no_distractor,inf,album,1,0,0
t0114,one_same,-9,always,0,0,0
t0114,one_same,-6,always,0,0,0
t0114,one_same,-3,album,1,0,0
t0114,one_same,0,album,1,0,0
t0114,one_same,3,album,1,0,0
t0114,one_diff,-9,often,0,0,0
t0114,one_diff,-6,often,0,0,0
t0114,one_diff,-3,often,0,0,0
t0114,one_diff,0,album,1,0,0
t0114,one_diff,3,album,1,0,0
t0114,two_talker,-9,already,0,0,0
t0114,two_talker,-6,album,1,0,0
t0114,two_talker,-3,album,1,0,0
t0114,two_talker,0,album,1,0,0
t0114,two_talker,3,album,1,0,0
t0114,four_talker,-9,owned,0,0,0
t0114,four_talker,-6,album,1,0,0
t0114,four_talker,-3,album,1,0,0
t0114,four_talker,0,album,1,0,0
t0114,four_talker,3,album,1,0,0
t0114,babble,-9,morning,0,0,0
t0114,babble,-6,already,0,0,0
t0114,babble,-3,office,0,0,0
t0114,babble,0,album,1,0,0
t0114,babble,3,album,1,0,0
t0114,issn,-9,around,0,0,0
t0114,issn,-6,author,0,0,0
t0114,issn,-3,album,1,0,0
t0114,issn,0,album,1,0,0
t0114,issn,3,album,1,0,0
t0115,no_distractor,inf,recorded,1,0,0
t0115,one_same,-9,recorded,1,0,0
t0115,one_same,-6,recorded,1,0,0
t0115,one_same,-3,recorded,1,0,0
t0115,one_same,0,recorded,1,0,0
t0115,one_same,3,recorded,1,0,0
t0115,one_diff,-9,recorded,1,0,0
t0115,one_diff,-6,recorded,1,0,0
t0115,one_diff,-3,recorded,1,0,0
t0115,one_diff,0,recorded,1,0,0
t0115,one_diff,3,recorded,1,0,0
t0115,two_talker,-9,recorded,1,0,0
t0115,two_talker,-6,recorded,1,0,0
t0115,two_talker,-3,recorded,1,0,0
t0115,two_talker,0,recorded,1,0,0
t0115,two_talker,3,recorded,1,0,0
t0115,four_talker,-9,started,0,0,0
t0115,four_talker,-6,recorded,1,0,0
t0115,four_talker,-3,recorded,1,0,0
t0115,four_talker,0,recorded,1,0,0
t0115,four_talker,3,recorded,1,0,0
t0115,babble,-9,specific,0,0,0
t0115,babble,-6,services,0,0,0
t0115,babble,-3,recorded,1,0,0
t0115,babble,0,recorded,1,0,0
t0115,babble,3,recorded,1,0,0
t0115,issn,-9,recorded,1,0,0
t0115,issn,-6,recorded,1,0,0
t0115,issn,-3,recorded,1,0,0
t0115,issn,0,recorded,1,0,0
t0115,issn,3,recorded,1,0,0
t0116,no_distractor,inf,music,1,0,0
t0116,one_same,-9,music,1,0,0
t0116,one_same,-6,music,1,0,0
t0116,one_same,-3,music,1,0,0
t0116,one_same,0,music,1,0,0
t0116,one_same,3,music,1,0,0
t0116,one_diff,-9,music,1,0,0
t0116,one_diff,-6,music,1,0,0
t0116,one_diff,-3,music,1,0,0
t0116,one_diff,0,music,1,0,0
t0116,one_diff,3,music,1,0,0
t0116,two_talker,-9,music,1,0,0
t0116,two_talker,-6,music,1,0,0
t0116,two_talker,-3,music,1,0,0
t0116,two_talker,0,music,1,0,0
t0116,two_talker,3,music,1,0,0
t0116,four_talker,-9,music,1,0,0
t0116,four_talker,-6,music,1,0,0
t0116,four_talker,-3,music,1,0,0
t0116,four_talker,0,music,1,0,0
t0116,four_talker,3,music,1,0,0
t0116,babble,-9,western,0,0,0
t0116,babble,-6,moment,0,0,0
t0116,babble,-3,music,1,0,0
t0116,babble,0,music,1,0,0
t0116,babble,3,music,1,0,0
t0116,issn,-9,music,1,0,0
t0116,issn,-6,music,1,0,0
t0116,issn,-3,music,1,0,0
t0116,issn,0,music,1,0,0
t0116,issn,3,music,1,0,0
t0117,no_distractor,inf,during,1,0,0
t0117,one_same,-9,place,0,1,1
t0117,one_same,-6,plays,0,0,0
t0117,one_same,-3,based,0,0,0
t0117,one_same,0,bring,0,0,0
t0117,one_same,3,bring,0,0,0
t0117,one_diff,-9,during,1,0,0
t0117,one_diff,-6,during,1,0,0
t0117,one_diff,-3,during,1,0,0
t0117,one_diff,0,during,1,0,0
t0117,one_diff,3,during,1,0,0
t0117,two_talker,-9,please,0,0,0
t0117,two_talker,-6,great,0,0,0
t0117,two_talker,-3,great,0,0,0
t0117,two_talker,0,bring,0,0,0
t0117,two_talker,3,bring,0,0,0
t0117,four_talker,-9,space,0,0,0
t0117,four_talker,-6,space,0,0,0
t0117,four_talker,-3,space,0,0,0
t0117,four_talker,0,means,0,0,0
t0117,four_talker,3,meaning,0,0,0
t0117,babble,-9,makes,0,0,0
t0117,babble,-6,sister,0,0,0
t0117,babble,-3,access,0,0,0
t0117,babble,0,makes,0,0,0
t0117,babble,3,remains,0,0,0
t0117,issn,-9,green,0,0,0
t0117,issn,-6,green,0,0,0
t0117,issn,-3,green,0,0,0
t0117,issn,0,during,1,0,0
t0117,issn,3,during,1,0,0
t0118,no_distractor,inf,winter,1,0,0
t0118,one_same,-9,attended,0,0,0
t0118,one_same,-6,winter,1,0,0
t0118,one_same,-3,winter,1,0,0
t0118,one_same,0,winter,1,0,0
t0118,one_same,3,winter,1,0,0
t0118,one_diff,-9,winter,1,0,0
t0118,one_diff,-6,winter,1,0,0
t0118,one_diff,-3,winter,1,0,0
t0118,one_diff,0,winter,1,0,0
t0118,one_diff,3,winter,1,0,0
t0118,two_talker,-9,activities,0,0,0
t0118,two_talker,-6,activity,0,0,0
t0118,two_talker,-3,winter,1,0,0
t0118,two_talker,0,winter,1,0,0
t0118,two_talker,3,winter,1,0,0
t0118,four_talker,-9,operates,0,0,0
t0118,four_talker,-6,degree,0,0,0
t0118,four_talker,-3,military,0,0,0
t0118,four_talker,0,return,0,0,0
t0118,four_talker,3,winter,1,0,0
t0118,babble,-9,groups,0,0,0
t0118,babble,-6,groups,0,0,0
t0118,babble,-3,degree,0,0,0
t0118,babble,0,military,0,0,0
t0118,babble,3,military,0,0,0
t0118,issn,-9,marriage,0,0,0
t0118,issn,-6,feature,0,0,0
t0118,issn,-3,nature,0,0,0
t0118,issn,0,winter,1,0,0
t0118,issn,3,winter,1,0,0
t0119,no_distractor,inf,village,1,0,0
t0119,one_same,-9,village,1,0,0
t0119,one_same,-6,village,1,0,0
t0119,one_same,-3,village,1,0,0
t0119,one_same,0,village,1,0,0
t0119,one_same,3,village,1,0,0
t0119,one_diff,-9,built,0,0,0
t0119,one_diff,-6,built,0,0,0
t0119,one_diff,-3,built,0,0,0
t0119,one_diff,0,built,0,0,0
t0119,one_diff,3,village,1,0,0
t0119,two_talker,-9,buildings,0,0,0
t0119,two_talker,-6,buildings,0,0,0
t0119,two_talker,-3,village,1,0,0
t0119,two_talker,0,village,1,0,0
t0119,two_talker,3,village,1,0,0
t0119,four_talker,-9,buildings,0,0,0
t0119,four_talker,-6,buildings,0,0,0
t0119,four_talker,-3,buildings,0,0,0
t0119,four_talker,0,buildings,0,0,0
t0119,four_talker,3,buildings,0,0,0
t0119,babble,-9,forms,0,0,0
t0119,babble,-6,floor,0,0,0
t0119,babble,-3,floor,0,0,0
t0119,babble,0,church,0,0,0
t0119,babble,3,village,1,0,0
t0119,issn,-9,worked,0,0,0
t0119,issn,-6,which,0,0,0
t0119,issn,-3,which,0,0,0
t0119,issn,0,you're,0,0,0
t0119,issn,3,village,1,0,0
t0120,no_distractor,inf,ground,1,0,0
t0120,one_same,-9,ground,1,0,0
t0120,one_same,-6,ground,1,0,0
t0120,one_same,-3,ground,1,0,0
t0120,one_same,0,ground,1,0,0
t0120,one_same,3,ground,1,0,0
t0120,one_diff,-9,ground,1,0,0
t0120,one_diff,-6,ground,1,0,0
t0120,one_diff,-3,ground,1,0,0
t0120,one_diff,0,ground,1,0,0
t0120,one_diff,3,ground,1,0,0
t0120,two_talker,-9,ground,1,0,0
t0120,two_talker,-6,ground,1,0,0
t0120,two_talker,-3,ground,1,0,0
t0120,two_talker,0,ground,1,0,0
t0120,two_talker,3,ground,1,0,0
t0120,four_talker,-9,royal,0,0,0
t0120,four_talker,-6,round,0,0,0
t0120,four_talker,-3,ground,1,0,0
t0120,four_talker,0,ground,1,0,0
t0120,four_talker,3,ground,1,0,0
t0120,babble,-9,black,0,0,0
t0120,babble,-6,round,0,0,0
t0120,babble,-3,round,0,0,0
t0120,babble,0,ground,1,0,0
t0120,babble,3,ground,1,0,0
t0120,issn,-9,metal,0,0,0
t0120,issn,-6,ground,1,0,0
t0120,issn,-3,ground,1,0,0
t0120,issn,0,ground,1,0,0
t0120,issn,3,ground,1,0,0
t0121,no_distractor,inf,middle,1,0,0
t0121,one_same,-9,little,0,0,0
t0121,one_same,-6,little,0,0,0
t0121,one_same,-3,little,0,0,0
t0121,one_same,0,middle,1,0,0
t0121,one_same,3,middle,1,0,0
t0121,one_diff,-9,before,0,0,0
t0121,one_diff,-6,middle,1,0,0
t0121,one_diff,-3,middle,1,0,0
t0121,one_diff,0,middle,1,0,0
t0121,one_diff,3,middle,1,0,0
t0121,two_talker,-9,built,0,0,0
t0121,two_talker,-6,built,0,0,0
t0121,two_talker,-3,built,0,0,0
t0121,two_talker,0,built,0,0,0
t0121,two_talker,3,middle,1,0,0
t0121,four_talker,-9,developed,0,0,0
t0121,four_talker,-6,middle,1,0,0
t0121,four_talker,-3,middle,1,0,0
t0121,four_talker,0,middle,1,0,0
t0121,four_talker,3,middle,1,0,0
t0121,babble,-9,battle,0,0,0
t0121,babble,-6,metal,0,0,0
t0121,babble,-3,metal,0,0,0
t0121,babble,0,middle,1,0,0
t0121,babble,3,middle,1,0,0
t0121,issn,-9,lower,0,0,0
t0121,issn,-6,lower,0,0,0
t0121,issn,-3,middle,1,0,0
t0121,issn,0,middle,1,0,0
t0121,issn,3,middle,1,0,0
t0122,no_distractor,inf,featured,1,0,0
t0122,one_same,-9,featured,1,0,0
t0122,one_same,-6,featured,1,0,0
t0122,one_same,-3,featured,1,0,0
t0122,one_same,0,featured,1,0,0
t0122,one_same,3,featured,1,0,0
t0122,one_diff,-9,speak,0,0,0
t0122,one_diff,-6,speak,0,0,0
t0122,one_diff,-3,featured,1,0,0
t0122,one_diff,0,featured,1,0,0
t0122,one_diff,3,featured,1,0,0
t0122,two_talker,-9,featured,1,0,0
t0122,two_talker,-6,featured,1,0,0
t0122,two_talker,-3,featured,1,0,0
t0122,two_talker,0,featured,1,0,0
t0122,two_talker,3,featured,1,0,0
t0122,four_talker,-9,single,0,0,0
t0122,four_talker,-6,featured,1,0,0
t0122,four_talker,-3,featured,1,0,0
t0122,four_talker,0,featured,1,0,0
t0122,four_talker,3,featured,1,0,0
t0122,babble,-9,social,0,0,1
t0122,babble,-6,station,0,0,0
t0122,babble,-3,station,0,0,0
t0122,babble,0,featured,1,0,0
t0122,babble,3,featured,1,0,0
t0122,issn,-9,featured,1,0,0
t0122,issn,-6,featured,1,0,0
t0122,issn,-3,featured,1,0,0
t0122,issn,0,featured,1,0,0
t0122,issn,3,featured,1,0,0
t0123,no_distractor,inf,cover,1,0,0
t0123,one_same,-9,cover,1,0,0
t0123,one_same,-6,cover,1,0,0
t0123,one_same,-3,cover,1,0,0
t0123,one_same,0,cover,1,0,0
t0123,one_same,3,cover,1,0,0
t0123,one_diff,-9,cover,1,0,0
t0123,one_diff,-6,cover,1,0,0
t0123,one_diff,-3,cover,1,0,0
t0123,one_diff,0,cover,1,0,0
t0123,one_diff,3,cover,1,0,0
t0123,two_talker,-9,color,0,0,0
t0123,two_talker,-6,color,0,0,0
t0123,two_talker,-3,cover,1,0,0
t0123,two_talker,0,cover,1,0,0
t0123,two_talker,3,cover,1,0,0
t0123,four_talker,-9,cause,0,0,0
t0123,four_talker,-6,cover,1,0,0
t0123,four_talker,-3,cover,1,0,0
t0123,four_talker,0,cover,1,0,0
t0123,four_talker,3,cover,1,0,0
t0123,babble,-9,railroad,0,0,0
t0123,babble,-6,railroad,0,0,0
t0123,babble,-3,railroad,0,0,0
t0123,babble,0,cover,1,0,0
t0123,babble,3,cover,1,0,0
t0123,issn,-9,governor,0,0,0
t0123,issn,-6,however,0,0,0
t0123,issn,-3,cover,1,0,0
t0123,issn,0,cover,1,0,0
t0123,issn,3,cover,1,0,0
t0124,no_distractor,inf,operated,1,0,0
t0124,one_same,-9,might,0,1,1
t0124,one_same,-6,magazine,0,0,0
t0124,one_same,-3,magazine,0,0,0
t0124,one_same,0,minor,0,0,0
t0124,one_same,3,upper,0,0,0
t0124,one_diff,-9,operated,1,0,0
t0124,one_diff,-6,operated,1,0,0
t0124,one_diff,-3,operated,1,0,0
t0124,one_diff,0,operated,1,0,0
t0124,one_diff,3,operated,1,0,0
t0124,two_talker,-9,behind,0,0,0
t0124,two_talker,-6,offered,0,0,0
t0124,two_talker,-3,offered,0,0,0
t0124,two_talker,0,offered,0,0,0
t0124,two_talker,3,offered,0,0,0
t0124,four_talker,-9,unknown,0,0,0
t0124,four_talker,-6,unknown,0,0,0
t0124,four_talker,-3,unknown,0,0,0
t0124,four_talker,0,unknown,0,0,0
t0124,four_talker,3,upper,0,0,0
t0124,babble,-9,sometimes,0,0,0
t0124,babble,-6,africa,0,0,0
t0124,babble,-3,africa,0,0,0
t0124,babble,0,offered,0,0,0
t0124,babble,3,offered,0,0,0
t0124,issn,-9,light,0,0,0
t0124,issn,-6,operated,1,0,0
t0124,issn,-3,operated,1,0,0
t0124,issn,0,operated,1,0,0
t0124,issn,3,operated,1,0,0
t0125,no_distractor,inf,still,1,0,0
t0125,one_same,-9,australia,0,0,0
t0125,one_same,-6,after,0,0,0
t0125,one_same,-3,after,0,0,0
t0125,one_same,0,after,0,0,0
t0125,one_same,3,after,0,0,0
t0125,one_diff,-9,between,0,1,1
t0125,one_diff,-6,between,0,1,1
t0125,one_diff,-3,still,1,0,0
t0125,one_diff,0,still,1,0,0
t0125,one_diff,3,still,1,0,0
t0125,two_talker,-9,international,0,0,0
t0125,two_talker,-6,after,0,0,0
t0125,two_talker,-3,after,0,0,0
t0125,two_talker,0,after,0,0,0
t0125,two_talker,3,after,0,0,0
t0125,four_talker,-9,going,0,1,1
t0125,four_talker,-6,continue,0,0,0
t0125,four_talker,-3,significant,0,0,0
t0125,four_talker,0,civil,0,0,0
t0125,four_talker,3,civil,0,0,0
t0125,babble,-9,great,0,0,0
t0125,babble,-6,great,0,0,0
t0125,babble,-3,active,0,0,0
t0125,babble,0,active,0,0,0
t0125,babble,3,after,0,0,0
t0125,issn,-9,river,0,0,0
t0125,issn,-6,together,0,0,0
t0125,issn,-3,after,0,0,0
t0125,issn,0,after,0,0,0
t0125,issn,3,australia,0,0,0
t0126,no_distractor,inf,cause,1,0,0
t0126,one_same,-9,began,0,1,1
t0126,one_same,-6,began,0,1,1
t0126,one_same,-3,began,0,1,1
t0126,one_same,0,class,0,0,0
t0126,one_same,3,process,0,0,0
t0126,one_diff,-9,cause,1,0,0
t0126,one_diff,-6,cause,1,0,0
t0126,one_diff,-3,cause,1,0,0
t0126,one_diff,0,cause,1,0,0
t0126,one_diff,3,cause,1,0,0
t0126,two_talker,-9,began,0,1,1
t0126,two_talker,-6,began,0,1,1
t0126,two_talker,-3,passed,0,0,0
t0126,two_talker,0,cross,0,0,0
t0126,two_talker,3,process,0,0,0
t0126,four_talker,-9,specific,0,0,0
t0126,four_talker,-6,passed,0,0,0
t0126,four_talker,-3,parts,0,0,0
t0126,four_talker,0,cause,1,0,0
t0126,four_talker,3,cause,1,0,0
t0126,babble,-9,start,0,0,0
t0126,babble,-6,start,0,0,0
t0126,babble,-3,charge,0,0,0
t0126,babble,0,charge,0,0,0
t0126,babble,3,cause,1,0,0
t0126,issn,-9,problem,0,0,0
t0126,issn,-6,problem,0,0,0
t0126,issn,-3,problems,0,0,0
t0126,issn,0,process,0,0,0
t0126,issn,3,process,0,0,0
t0127,no_distractor,inf,child,1,0,0
t0127,one_same,-9,child,1,0,0
t0127,one_same,-6,child,1,0,0
t0127,one_same,-3,child,1,0,0
t0127,one_same,0,child,1,0,0
t0127,one_same,3,child,1,0,0
t0127,one_diff,-9,child,1,0,0
t0127,one_diff,-6,child,1,0,0
t0127,one_diff,-3,child,1,0,0
t0127,one_diff,0,child,1,0,0
t0127,one_diff,3,child,1,0,0
t0127,two_talker,-9,child,1,0,0
t0127,two_talker,-6,child,1,0,0
t0127,two_talker,-3,child,1,0,0
t0127,two_talker,0,child,1,0,0
t0127,two_talker,3,child,1,0,0
t0127,four_talker,-9,child,1,0,0
t0127,four_talker,-6,child,1,0,0
t0127,four_talker,-3,child,1,0,0
t0127,four_talker,0,child,1,0,0
t0127,four_talker,3,child,1,0,0
t0127,babble,-9,child,1,0,0
t0127,babble,-6,child,1,0,0
t0127,babble,-3,child,1,0,0
t0127,babble,0,child,1,0,0
t0127,babble,3,child,1,0,0
t0127,issn,-9,china,0,0,0
t0127,issn,-6,child,1,0,0
t0127,issn,-3,child,1,0,0
t0127,issn,0,child,1,0,0
t0127,issn,3,child,1,0,0
t0128,no_distractor,inf,group,1,0,0
t0128,one_same,-9,between,0,1,1
t0128,one_same,-6,between,0,1,1
t0128,one_same,-3,group,1,0,0
t0128,one_same,0,group,1,0,0
t0128,one_same,3,group,1,0,0
t0128,one_diff,-9,group,1,0,0
t0128,one_diff,-6,group,1,0,0
t0128,one_diff,-3,group,1,0,0
t0128,one_diff,0,group,1,0,0
t0128,one_diff,3,group,1,0,0
t0128,two_talker,-9,between,0,1,1
t0128,two_talker,-6,group,1,0,0
t0128,two_talker,-3,group,1,0,0
t0128,two_talker,0,group,1,0,0
t0128,two_talker,3,group,1,0,0
t0128,four_talker,-9,building,0,0,0
t0128,four_talker,-6,building,0,0,0
t0128,four_talker,-3,building,0,0,0
t0128,four_talker,0,group,1,0,0
t0128,four_talker,3,group,1,0,0
t0128,babble,-9,ancient,0,1,1
t0128,babble,-6,function,0,0,0
t0128,babble,-3,version,0,0,0
t0128,babble,0,group,1,0,0
t0128,babble,3,group,1,0,0
t0128,issn,-9,within,0,0,0
t0128,issn,-6,people,0,0,0
t0128,issn,-3,group,1,0,0
t0128,issn,0,group,1,0,0
t0128,issn,3,group,1,0,0
t0129,no_distractor,inf,medical,1,0,0
t0129,one_same,-9,medical,1,0,0
t0129,one_same,-6,medical,1,0,0
t0129,one_same,-3,medical,1,0,0
t0129,one_same,0,medical,1,0,0
t0129,one_same,3,medical,1,0,0
t0129,one_diff,-9,medical,1,0,0
t0129,one_diff,-6,medical,1,0,0
t0129,one_diff,-3,medical,1,0,0
t0129,one_diff,0,medical,1,0,0
t0129,one_diff,3,medical,1,0,0
t0129,two_talker,-9,medical,1,0,0
t0129,two_talker,-6,medical,1,0,0
t0129,two_talker,-3,medical,1,0,0
t0129,two_talker,0,medical,1,0,0
t0129,two_talker,3,medical,1,0,0
t0129,four_talker,-9,medical,1,0,0
t0129,four_talker,-6,medical,1,0,0
t0129,four_talker,-3,medical,1,0,0
t0129,four_talker,0,medical,1,0,0
t0129,four_talker,3,medical,1,0,0
t0129,babble,-9,medical,1,0,0
t0129,babble,-6,medical,1,0,0
t0129,babble,-3,medical,1,0,0
t0129,babble,0,medical,1,0,0
t0129,babble,3,medical,1,0,0
t0129,issn,-9,medical,1,0,0
t0129,issn,-6,medical,1,0,0
t0129,issn,-3,medical,1,0,0
t0129,issn,0,medical,1,0,0
t0129,issn,3,medical,1,0,0
t0130,no_distractor,inf,level,1,0,0
t0130,one_same,-9,level,1,0,0
t0130,one_same,-6,level,1,0,0
t0130,one_same,-3,level,1,0,0
t0130,one_same,0,level,1,0,0
t0130,one_same,3,level,1,0,0
t0130,one_diff,-9,level,1,0,0
t0130,one_diff,-6,level,1,0,0
t0130,one_diff,-3,level,1,0,0
t0130,one_diff,0,level,1,0,0
t0130,one_diff,3,level,1,0,0
t0130,two_talker,-9,level,1,0,0
t0130,two_talker,-6,level,1,0,0
t0130,two_talker,-3,level,1,0,0
t0130,two_talker,0,level,1,0,0
t0130,two_talker,3,level,1,0,0
t0130,four_talker,-9,yellow,0,0,0
t0130,four_talker,-6,level,1,0,0
t0130,four_talker,-3,level,1,0,0
t0130,four_talker,0,level,1,0,0
t0130,four_talker,3,level,1,0,0
t0130,babble,-9,former,0,0,0
t0130,babble,-6,level,1,0,0
t0130,babble,-3,level,1,0,0
t0130,babble,0,level,1,0,0
t0130,babble,3,level,1,0,0
t0130,issn,-9,about,0,0,0
t0130,issn,-6,about,0,0,0
t0130,issn,-3,level,1,0,0
t0130,issn,0,level,1,0,0
t0130,issn,3,level,1,0,0
t0131,no_distractor,inf,let's,1,0,0
t0131,one_same,-9,lives,0,0,0
t0131,one_same,-6,lives,0,0,0
t0131,one_same,-3,lives,0,0,0
t0131,one_same,0,lives,0,0,0
t0131,one_same,3,lives,0,0,0
t0131,one_diff,-9,middle,0,1,1
t0131,one_diff,-6,metal,0,0,0
t0131,one_diff,-3,metal,0,0,0
t0131,one_diff,0,metal,0,0,0
t0131,one_diff,3,level,0,0,0
t0131,two_talker,-9,consists,0,0,0
t0131,two_talker,-6,lives,0,0,0
t0131,two_talker,-3,alchemist,0,0,0
t0131,two_talker,0,appears,0,0,0
t0131,two_talker,3,appears,0,0,0
t0131,four_talker,-9,placed,0,0,0
t0131,four_talker,-6,placed,0,0,0
t0131,four_talker,-3,let's,1,0,0
t0131,four_talker,0,let's,1,0,0
t0131,four_talker,3,let's,1,0,0
t0131,babble,-9,large,0,0,0
t0131,babble,-6,large,0,0,0
t0131,babble,-3,death,0,0,0
t0131,babble,0,death,0,0,0
t0131,babble,3,let's,1,0,0
t0131,issn,-9,class,0,0,0
t0131,issn,-6,class,0,0,0
t0131,issn,-3,class,0,0,0
t0131,issn,0,that's,0,0,0
t0131,issn,3,that's,0,0,0
t0132,no_distractor,inf,stood,0,0,0
t0132,one_same,-9,library,0,0,0
t0132,one_same,-6,firefox,0,0,0
t0132,one_same,-3,firefox,0,0,0
t0132,one_same,0,there's,0,0,0
t0132,one_same,3,there's,0,0,0
t0132,one_diff,-9,cover,0,0,0
t0132,one_diff,-6,others,0,0,0
t0132,one_diff,-3,others,0,0,0
t0132,one_diff,0,another,0,0,0
t0132,one_diff,3,another,0,0,0
t0132,two_talker,-9,others,0,0,0
t0132,two_talker,-6,another,0,0,0
t0132,two_talker,-3,another,0,0,0
t0132,two_talker,0,where,0,0,0
t0132,two_talker,3,where,0,0,0
t0132,four_talker,-9,whether,0,0,0
t0132,four_talker,-6,whether,0,0,0
t0132,four_talker,-3,whether,0,0,0
t0132,four_talker,0,where,0,0,1
t0132,four_talker,3,where,0,0,1
t0132,babble,-9,whether,0,0,0
t0132,babble,-6,whether,0,0,0
t0132,babble,-3,whether,0,0,0
t0132,babble,0,whether,0,0,0
t0132,babble,3,you're,0,0,0
t0132,issn,-9,creek,0,0,0
t0132,issn,-6,originally,0,0,0
t0132,issn,-3,originally,0,0,0
t0132,issn,0,clear,0,0,0
t0132,issn,3,clear,0,0,0
t0133,no_distractor,inf,south,1,0,0
t0133,one_same,-9,outside,0,0,0
t0133,one_same,-6,outside,0,0,0
t0133,one_same,-3,outside,0,0,0
t0133,one_same,0,sound,0,0,0
t0133,one_same,3,sound,0,0,0
t0133,one_diff,-9,south,1,0,0
t0133,one_diff,-6,south,1,0,0
t0133,one_diff,-3,south,1,0,0
t0133,one_diff,0,south,1,0,0
t0133,one_diff,3,south,1,0,0
t0133,two_talker,-9,again,0,0,0
t0133,two_talker,-6,sound,0,0,0
t0133,two_talker,-3,sound,0,0,0
t0133,two_talker,0,south,1,0,0
t0133,two_talker,3,south,1,0,0
t0133,four_talker,-9,japanese,0,0,0
t0133,four_talker,-6,south,1,0,0
t0133,four_talker,-3,south,1,0,0
t0133,four_talker,0,south,1,0,0
t0133,four_talker,3,south,1,0,0
t0133,babble,-9,involved,0,0,0
t0133,babble,-6,songs,0,0,0
t0133,babble,-3,songs,0,0,0
t0133,babble,0,south,1,0,0
t0133,babble,3,south,1,0,0
t0133,issn,-9,round,0,0,0
t0133,issn,-6,sound,0,0,0
t0133,issn,-3,south,1,0,0
t0133,issn,0,south,1,0,0
t0133,issn,3,south,1,0,0
t0134,no_distractor,inf,direction,1,0,0
t0134,one_same,-9,minor,0,1,1
t0134,one_same,-6,election,0,0,0
t0134,one_same,-3,election,0,0,0
t0134,one_same,0,election,0,0,0
t0134,one_same,3,election,0,0,0
t0134,one_diff,-9,direction,1,0,0
t0134,one_diff,-6,direction,1,0,0
t0134,one_diff,-3,direction,1,0,0
t0134,one_diff,0,direction,1,0,0
t0134,one_diff,3,direction,1,0,0
t0134,two_talker,-9,minor,0,1,1
t0134,two_talker,-6,election,0,0,0
t0134,two_talker,-3,election,0,0,0
t0134,two_talker,0,election,0,0,0
t0134,two_talker,3,election,0,0,0
t0134,four_talker,-9,airport,0,0,0
t0134,four_talker,-6,action,0,0,0
t0134,four_talker,-3,action,0,0,0
t0134,four_talker,0,election,0,0,0
t0134,four_talker,3,election,0,0,0
t0134,babble,-9,township,0,0,0
t0134,babble,-6,production,0,0,0
t0134,babble,-3,production,0,0,0
t0134,babble,0,action,0,0,0
t0134,babble,3,election,0,0,0
t0134,issn,-9,elected,0,0,0
t0134,issn,-6,eventually,0,0,0
t0134,issn,-3,direction,1,0,0
t0134,issn,0,direction,1,0,0
t0134,issn,3,direction,1,0,0
t0135,no_distractor,inf,should,1,0,0
t0135,one_same,-9,should,1,0,0
t0135,one_same,-6,should,1,0,0
t0135,one_same,-3,should,1,0,0
t0135,one_same,0,should,1,0,0
t0135,one_same,3,should,1,0,0
t0135,one_diff,-9,should,1,0,0
t0135,one_diff,-6,should,1,0,0
t0135,one_diff,-3,should,1,0,0
t0135,one_diff,0,should,1,0,0
t0135,one_diff,3,should,1,0,0
t0135,two_talker,-9,should,1,0,0
t0135,two_talker,-6,should,1,0,0
t0135,two_talker,-3,should,1,0,0
t0135,two_talker,0,should,1,0,0
t0135,two_talker,3,should,1,0,0
t0135,four_talker,-9,should,1,0,0
t0135,four_talker,-6,should,1,0,0
t0135,four_talker,-3,should,1,0,0
t0135,four_talker,0,should,1,0,0
t0135,four_talker,3,should,1,0,0
t0135,babble,-9,should,1,0,0
t0135,babble,-6,should,1,0,0
t0135,babble,-3,should,1,0,0
t0135,babble,0,should,1,0,0
t0135,babble,3,should,1,0,0
t0135,issn,-9,initially,0,0,0
t0135,issn,-6,should,1,0,0
t0135,issn,-3,should,1,0,0
t0135,issn,0,should,1,0,0
t0135,issn,3,should,1,0,0
t0136,no_distractor,inf,center,0,0,0
t0136,one_same,-9,attack,0,1,1
t0136,one_same,-6,center,0,0,0
t0136,one_same,-3,center,0,0,0
t0136,one_same,0,center,0,0,0
t0136,one_same,3,center,0,0,0
t0136,one_diff,-9,centre,1,0,0
t0136,one_diff,-6,center,0,0,0
t0136,one_diff,-3,center,0,0,0
t0136,one_diff,0,center,0,0,0
t0136,one_diff,3,center,0,0,0
t0136,two_talker,-9,daughter,0,0,0
t0136,two_talker,-6,center,0,0,0
t0136,two_talker,-3,centre,1,0,0
t0136,two_talker,0,centre,1,0,0
t0136,two_talker,3,centre,1,0,0
t0136,four_talker,-9,direction,0,0,0
t0136,four_talker,-6,direction,0,0,0
t0136,four_talker,-3,centre,1,0,0
t0136,four_talker,0,centre,1,0,0
t0136,four_talker,3,centre,1,0,0
t0136,babble,-9,township,0,0,0
t0136,babble,-6,search,0,0,0
t0136,babble,-3,centre,1,0,0
t0136,babble,0,center,0,0,0
t0136,babble,3,center,0,0,0
t0136,issn,-9,success,0,0,0
t0136,issn,-6,centre,1,0,0
t0136,issn,-3,centre,1,0,0
t0136,issn,0,center,0,0,0
t0136,issn,3,center,0,0,0
t0137,no_distractor,inf,without,1,0,0
t0137,one_same,-9,without,1,0,0
t0137,one_same,-6,without,1,0,0
t0137,one_same,-3,found,0,0,0
t0137,one_same,0,found,0,0,0
t0137,one_same,3,found,0,0,0
t0137,one_diff,-9,strong,0,0,0
t0137,one_diff,-6,forms,0,0,0
t0137,one_diff,-3,found,0,0,0
t0137,one_diff,0,found,0,0,0
t0137,one_diff,3,found,0,0,0
t0137,two_talker,-9,terms,0,0,0
t0137,two_talker,-6,around,0,0,0
t0137,two_talker,-3,around,0,0,0
t0137,two_talker,0,found,0,0,0
t0137,two_talker,3,found,0,0,0
t0137,four_talker,-9,musical,0,0,0
t0137,four_talker,-6,eastern,0,0,0
t0137,four_talker,-3,cannot,0,0,0
t0137,four_talker,0,concept,0,0,0
t0137,four_talker,3,found,0,0,0
t0137,babble,-9,middle,0,0,0
t0137,babble,-6,middle,0,0,0
t0137,babble,-3,across,0,0,0
t0137,babble,0,himself,0,0,0
t0137,babble,3,without,1,0,0
t0137,issn,-9,historical,0,0,0
t0137,issn,-6,taught,0,0,0
t0137,issn,-3,doctor,0,0,0
t0137,issn,0,without,1,0,0
t0137,issn,3,without,1,0,0
t0138,no_distractor,inf,thing,0,0,0
t0138,one_same,-9,desert,0,1,1
t0138,one_same,-6,effect,0,0,0
t0138,one_same,-3,effect,0,0,0
t0138,one_same,0,thing,0,0,0
t0138,one_same,3,thing,0,0,0
t0138,one_diff,-9,today,0,0,0
t0138,one_diff,-6,again,0,0,0
t0138,one_diff,-3,again,0,0,0
t0138,one_diff,0,again,0,0,0
t0138,one_diff,3,thing,0,0,0
t0138,two_talker,-9,effect,0,0,0
t0138,two_talker,-6,effect,0,0,0
t0138,two_talker,-3,effect,0,0,0
t0138,two_talker,0,thing,0,0,0
t0138,two_talker,3,thing,0,0,0
t0138,four_talker,-9,nearby,0,0,0
t0138,four_talker,-6,nearby,0,0,0
t0138,four_talker,-3,nearby,0,0,0
t0138,four_talker,0,named,0,0,0
t0138,four_talker,3,named,0,0,0
t0138,babble,-9,associated,0,0,0
t0138,babble,-6,saint,0,0,0
t0138,babble,-3,saint,0,0,0
t0138,babble,0,saint,0,0,0
t0138,babble,3,saint,0,0,0
t0138,issn,-9,established,0,0,0
t0138,issn,-6,quickly,0,0,0
t0138,issn,-3,being,1,0,0
t0138,issn,0,thing,0,0,0
t0138,issn,3,thing,0,0,0
t0139,no_distractor,inf,limited,1,0,0
t0139,one_same,-9,black,0,1,1
t0139,one_same,-6,black,0,1,1
t0139,one_same,-3,black,0,1,1
t0139,one_same,0,black,0,1,1
t0139,one_same,3,black,0,1,1
t0139,one_diff,-9,limited,1,0,0
t0139,one_diff,-6,limited,1,0,0
t0139,one_diff,-3,limited,1,0,0
t0139,one_diff,0,limited,1,0,0
t0139,one_diff,3,limited,1,0,0
t0139,two_talker,-9,black,0,1,1
t0139,two_talker,-6,black,0,1,1
t0139,two_talker,-3,black,0,1,1
t0139,two_talker,0,black,0,1,1
t0139,two_talker,3,director,0,0,0
t0139,four_talker,-9,matter,0,0,0
t0139,four_talker,-6,matter,0,0,0
t0139,four_talker,-3,matter,0,0,0
t0139,four_talker,0,matter,0,0,0
t0139,four_talker,3,matter,0,0,0
t0139,babble,-9,private,0,0,0
t0139,babble,-6,divided,0,0,0
t0139,babble,-3,divided,0,0,0
t0139,babble,0,writer,0,0,0
t0139,babble,3,writer,0,0,0
t0139,issn,-9,activities,0,0,0
t0139,issn,-6,activities,0,0,0
t0139,issn,-3,limited,1,0,0
t0139,issn,0,limited,1,0,0
t0139,issn,3,limited,1,0,0
t0140,no_distractor,inf,books,1,0,0
t0140,one_same,-9,which,0,1,1
t0140,one_same,-6,which,0,1,1
t0140,one_same,-3,books,1,0,0
t0140,one_same,0,books,1,0,0
t0140,one_same,3,books,1,0,0
t0140,one_diff,-9,problems,0,1,1
t0140,one_diff,-6,problems,0,1,1
t0140,one_diff,-3,books,1,0,0
t0140,one_diff,0,books,1,0,0
t0140,one_diff,3,books,1,0,0
t0140,two_talker,-9,which,0,1,1
t0140,two_talker,-6,which,0,1,1
t0140,two_talker,-3,which,0,1,1
t0140,two_talker,0,which,0,1,1
t0140,two_talker,3,books,1,0,0
t0140,four_talker,-9,performance,0,0,0
t0140,four_talker,-6,forms,0,0,0
t0140,four_talker,-3,force,0,0,0
t0140,four_talker,0,force,0,0,0
t0140,four_talker,3,books,1,0,0
t0140,babble,-9,areas,0,0,0
t0140,babble,-6,areas,0,0,0
t0140,babble,-3,areas,0,0,0
t0140,babble,0,areas,0,0,0
t0140,babble,3,books,1,0,0
t0140,issn,-9,lives,0,0,0
t0140,issn,-6,lives,0,0,0
t0140,issn,-3,there's,0,0,0
t0140,issn,0,books,1,0,0
t0140,issn,3,books,1,0,0
t0141,no_distractor,inf,title,1,0,0
t0141,one_same,-9,types,0,0,0
t0141,one_same,-6,title,1,0,0
t0141,one_same,-3,title,1,0,0
t0141,one_same,0,title,1,0,0
t0141,one_same,3,title,1,0,0
t0141,one_diff,-9,title,1,0,0
t0141,one_diff,-6,title,1,0,0
t0141,one_diff,-3,title,1,0,0
t0141,one_diff,0,title,1,0,0
t0141,one_diff,3,title,1,0,0
t0141,two_talker,-9,islands,0,0,0
t0141,two_talker,-6,title,1,0,0
t0141,two_talker,-3,title,1,0,0
t0141,two_talker,0,title,1,0,0
t0141,two_talker,3,title,1,0,0
t0141,four_talker,-9,islands,0,0,0
t0141,four_talker,-6,islands,0,0,0
t0141,four_talker,-3,islands,0,0,0
t0141,four_talker,0,title,1,0,0
t0141,four_talker,3,title,1,0,0
t0141,babble,-9,access,0,0,0
t0141,babble,-6,rights,0,0,0
t0141,babble,-3,types,0,0,0
t0141,babble,0,types,0,0,0
t0141,babble,3,types,0,0,0
t0141,issn,-9,title,1,0,0
t0141,issn,-6,title,1,0,0
t0141,issn,-3,types,0,0,0
t0141,issn,0,types,0,0,0
t0141,issn,3,types,0,0,0
t0142,no_distractor,inf,novel,1,0,0
t0142,one_same,-9,records,0,0,0
t0142,one_same,-6,records,0,0,0
t0142,one_same,-3,north,0,0,0
t0142,one_same,0,north,0,0,0
t0142,one_same,3,north,0,0,0
t0142,one_diff,-9,novel,1,0,0
t0142,one_diff,-6,novel,1,0,0
t0142,one_diff,-3,novel,1,0,0
t0142,one_diff,0,novel,1,0,0
t0142,one_diff,3,novel,1,0,0
t0142,two_talker,-9,record,0,0,0
t0142,two_talker,-6,records,0,0,0
t0142,two_talker,-3,north,0,0,0
t0142,two_talker,0,north,0,0,0
t0142,two_talker,3,north,0,0,0
t0142,four_talker,-9,models,0,0,0
t0142,four_talker,-6,records,0,0,0
t0142,four_talker,-3,north,0,0,0
t0142,four_talker,0,novel,1,0,0
t0142,four_talker,3,novel,1,0,0
t0142,babble,-9,model,0,0,0
t0142,babble,-6,model,0,0,0
t0142,babble,-3,novel,1,0,0
t0142,babble,0,novel,1,0,0
t0142,babble,3,novel,1,0,0
t0142,issn,-9,company,0,0,0
t0142,issn,-6,company,0,0,0
t0142,issn,-3,couple,0,0,0
t0142,issn,0,novel,1,0,0
t0142,issn,3,novel,1,0,0
t0143,no_distractor,inf,serves,1,0,0
t0143,one_same,-9,serves,1,0,0
t0143,one_same,-6,serves,1,0,0
t0143,one_same,-3,serves,1,0,0
t0143,one_same,0,serves,1,0,0
t0143,one_same,3,serves,1,0,0
t0143,one_diff,-9,serves,1,0,0
t0143,one_diff,-6,serves,1,0,0
t0143,one_diff,-3,serves,1,0,0
t0143,one_diff,0,serves,1,0,0
t0143,one_diff,3,serves,1,0,0
t0143,two_talker,-9,serves,1,0,0
t0143,two_talker,-6,serves,1,0,0
t0143,two_talker,-3,serves,1,0,0
t0143,two_talker,0,serves,1,0,0
t0143,two_talker,3,serves,1,0,0
t0143,four_talker,-9,serves,1,0,0
t0143,four_talker,-6,serves,1,0,0
t0143,four_talker,-3,serves,1,0,0
t0143,four_talker,0,serves,1,0,0
t0143,four_talker,3,serves,1,0,0
t0143,babble,-9,serves,1,0,0
t0143,babble,-6,serves,1,0,0
t0143,babble,-3,serves,1,0,0
t0143,babble,0,serves,1,0,0
t0143,babble,3,serves,1,0,0
t0143,issn,-9,serves,1,0,0
t0143,issn,-6,serves,1,0,0
t0143,issn,-3,serves,1,0,0
t0143,issn,0,serves,1,0,0
t0143,issn,3,serves,1,0,0
t0144,no_distractor,inf,under,1,0,0
t0144,one_same,-9,separate,0,0,0
t0144,one_same,-6,under,1,0,0
t0144,one_same,-3,under,1,0,0
t0144,one_same,0,under,1,0,0
t0144,one_same,3,under,1,0,0
t0144,one_diff,-9,created,0,0,0
t0144,one_diff,-6,under,1,0,0
t0144,one_diff,-3,under,1,0,0
t0144,one_diff,0,under,1,0,0
t0144,one_diff,3,under,1,0,0
t0144,two_talker,-9,minister,0,0,0
t0144,two_talker,-6,understood,0,0,0
t0144,two_talker,-3,under,1,0,0
t0144,two_talker,0,under,1,0,0
t0144,two_talker,3,under,1,0,0
t0144,four_talker,-9,coast,0,0,0
t0144,four_talker,-6,understood,0,0,0
t0144,four_talker,-3,under,1,0,0
t0144,four_talker,0,under,1,0,0
t0144,four_talker,3,under,1,0,0
t0144,babble,-9,placed,0,0,0
t0144,babble,-6,studied,0,0,0
t0144,babble,-3,started,0,0,0
t0144,babble,0,under,1,0,0
t0144,babble,3,under,1,0,0
t0144,issn,-9,website,0,0,0
t0144,issn,-6,website,0,0,0
t0144,issn,-3,separate,0,0,0
t0144,issn,0,separate,0,0,0
t0144,issn,3,separate,0,0,0
t0145,no_distractor,inf,floor,1,0,0
t0145,one_same,-9,forced,0,0,0
t0145,one_same,-6,forest,0,0,0
t0145,one_same,-3,floor,1,0,0
t0145,one_same,0,floor,1,0,0
t0145,one_same,3,floor,1,0,0
t0145,one_diff,-9,border,0,0,0
t0145,one_diff,-6,border,0,0,0
t0145,one_diff,-3,border,0,0,0
t0145,one_diff,0,border,0,0,0
t0145,one_diff,3,border,0,0,0
t0145,two_talker,-9,forest,0,0,0
t0145,two_talker,-6,forest,0,0,0
t0145,two_talker,-3,forest,0,0,0
t0145,two_talker,0,floor,1,0,0
t0145,two_talker,3,floor,1,0,0
t0145,four_talker,-9,forest,0,0,0
t0145,four_talker,-6,board,0,0,0
t0145,four_talker,-3,board,0,0,0
t0145,four_talker,0,board,0,0,0
t0145,four_talker,3,floor,1,0,0
t0145,babble,-9,mostly,0,0,0
t0145,babble,-6,mostly,0,0,0
t0145,babble,-3,border,0,0,0
t0145,babble,0,board,0,0,0
t0145,babble,3,water,0,0,0
t0145,issn,-9,board,0,0,0
t0145,issn,-6,award,0,0,0
t0145,issn,-3,board,0,0,0
t0145,issn,0,court,0,0,0
t0145,issn,3,court,0,0,0
t0146,no_distractor,inf,leading,0,0,0
t0146,one_same,-9,league,0,0,0
t0146,one_same,-6,leading,0,0,0
t0146,one_same,-3,leading,0,0,0
t0146,one_same,0,leading,0,0,0
t0146,one_same,3,leading,0,0,0
t0146,one_diff,-9,leading,0,0,0
t0146,one_diff,-6,leading,0,0,0
t0146,one_diff,-3,leading,0,0,0
t0146,one_diff,0,leading,0,0,0
t0146,one_diff,3,leading,0,0,0
t0146,two_talker,-9,where,0,0,0
t0146,two_talker,-6,meaning,0,0,0
t0146,two_talker,-3,meaning,0,0,0
t0146,two_talker,0,leading,0,0,0
t0146,two_talker,3,leading,0,0,0
t0146,four_talker,-9,leading,0,0,0
t0146,four_talker,-6,leading,0,0,0
t0146,four_talker,-3,leading,0,0,0
t0146,four_talker,0,leading,0,0,0
t0146,four_talker,3,leading,0,0,0
t0146,babble,-9,leading,0,0,0
t0146,babble,-6,leading,0,0,0
t0146,babble,-3,leading,0,0,0
t0146,babble,0,leading,0,0,0
t0146,babble,3,leading,0,0,0
t0146,issn,-9,although,0,0,0
t0146,issn,-6,included,0,0,0
t0146,issn,-3,leading,0,0,0
t0146,issn,0,leading,0,0,0
t0146,issn,3,leading,0,0,0
t0147,no_distractor,inf,canadian,1,0,0
t0147,one_same,-9,student,0,0,0
t0147,one_same,-6,studio,0,0,0
t0147,one_same,-3,union,0,0,0
t0147,one_same,0,canadian,1,0,0
t0147,one_same,3,canadian,1,0,0
t0147,one_diff,-9,canadian,1,0,0
t0147,one_diff,-6,canadian,1,0,0
t0147,one_diff,-3,canadian,1,0,0
t0147,one_diff,0,canadian,1,0,0
t0147,one_diff,3,canadian,1,0,0
t0147,two_talker,-9,seemed,0,0,0
t0147,two_talker,-6,seemed,0,0,0
t0147,two_talker,-3,seemed,0,0,0
t0147,two_talker,0,seemed,0,0,0
t0147,two_talker,3,canadian,1,0,0
t0147,four_talker,-9,single,0,0,0
t0147,four_talker,-6,canadian,1,0,0
t0147,four_talker,-3,canadian,1,0,0
t0147,four_talker,0,canadian,1,0,0
t0147,four_talker,3,canadian,1,0,0
t0147,babble,-9,campaign,0,0,0
t0147,babble,-6,campaign,0,0,0
t0147,babble,-3,campaign,0,0,0
t0147,babble,0,canadian,1,0,0
t0147,babble,3,canadian,1,0,0
t0147,issn,-9,middle,0,0,0
t0147,issn,-6,middle,0,0,0
t0147,issn,-3,canadian,1,0,0
t0147,issn,0,canadian,1,0,0
t0147,issn,3,canadian,1,0,0
t0148,no_distractor,inf,political,1,0,0
t0148,one_same,-9,provided,0,0,0
t0148,one_same,-6,provided,0,0,0
t0148,one_same,-3,provided,0,0,0
t0148,one_same,0,provided,0,0,0
t0148,one_same,3,michael,0,0,0
t0148,one_diff,-9,political,1,0,0
t0148,one_diff,-6,political,1,0,0
t0148,one_diff,-3,political,1,0,0
t0148,one_diff,0,political,1,0,0
t0148,one_diff,3,political,1,0,0
t0148,two_talker,-9,provided,0,0,0
t0148,two_talker,-6,provided,0,0,0
t0148,two_talker,-3,provided,0,0,0
t0148,two_talker,0,whether,0,0,0
t0148,two_talker,3,little,0,0,0
t0148,four_talker,-9,inside,0,0,0
t0148,four_talker,-6,women,0,0,0
t0148,four_talker,-3,whether,0,0,0
t0148,four_talker,0,whether,0,0,0
t0148,four_talker,3,little,0,0,0
t0148,babble,-9,royal,0,0,0
t0148,babble,-6,political,1,0,0
t0148,babble,-3,political,1,0,0
t0148,babble,0,political,1,0,0
t0148,babble,3,little,0,0,0
t0148,issn,-9,political,1,0,0
t0148,issn,-6,political,1,0,0
t0148,issn,-3,political,1,0,0
t0148,issn,0,political,1,0,0
t0148,issn,3,political,1,0,0
t0149,no_distractor,inf,order,1,0,0
t0149,one_same,-9,border,0,0,0
t0149,one_same,-6,order,1,0,0
t0149,one_same,-3,order,1,0,0
t0149,one_same,0,order,1,0,0
t0149,one_same,3,order,1,0,0
t0149,one_diff,-9,order,1,0,0
t0149,one_diff,-6,order,1,0,0
t0149,one_diff,-3,order,1,0,0
t0149,one_diff,0,order,1,0,0
t0149,one_diff,3,order,1,0,0
t0149,two_talker,-9,border,0,0,0
t0149,two_talker,-6,border,0,0,0
t0149,two_talker,-3,order,1,0,0
t0149,two_talker,0,order,1,0,0
t0149,two_talker,3,order,1,0,0
t0149,four_talker,-9,released,0,1,1
t0149,four_talker,-6,produced,0,0,0
t0149,four_talker,-3,order,1,0,0
t0149,four_talker,0,order,1,0,0
t0149,four_talker,3,order,1,0,0
t0149,babble,-9,always,0,0,0
t0149,babble,-6,border,0,0,0
t0149,babble,-3,border,0,0,0
t0149,babble,0,border,0,0,0
t0149,babble,3,border,0,0,0
t0149,issn,-9,border,0,0,0
t0149,issn,-6,border,0,0,0
t0149,issn,-3,order,1,0,0
t0149,issn,0,order,1,0,0
t0149,issn,3,order,1,0,0
t0150,no_distractor,inf,known,1,0,0
t0150,one_same,-9,longer,0,0,0
t0150,one_same,-6,known,1,0,0
t0150,one_same,-3,known,1,0,0
t0150,one_same,0,known,1,0,0
t0150,one_same,3,known,1,0,0
t0150,one_diff,-9,known,1,0,0
t0150,one_diff,-6,known,1,0,0
t0150,one_diff,-3,known,1,0,0
t0150,one_diff,0,known,1,0,0
t0150,one_diff,3,known,1,0,0
t0150,two_talker,-9,office,0,0,0
t0150,two_talker,-6,office,0,0,0
t0150,two_talker,-3,known,1,0,0
t0150,two_talker,0,known,1,0,0
t0150,two_talker,3,known,1,0,0
t0150,four_talker,-9,followed,0,0,0
t0150,four_talker,-6,offer,0,0,0
t0150,four_talker,-3,often,0,0,0
t0150,four_talker,0,often,0,0,0
t0150,four_talker,3,known,1,0,0
t0150,babble,-9,former,0,0,0
t0150,babble,-6,former,0,0,0
t0150,babble,-3,former,0,0,0
t0150,babble,0,formed,0,0,0
t0150,babble,3,known,1,0,0
t0150,issn,-9,never,0,0,0
t0150,issn,-6,known,1,0,0
t0150,issn,-3,known,1,0,0
t0150,issn,0,known,1,0,0
t0150,issn,3,known,1,0,0
t0151,no_distractor,inf,valley,0,0,0
t0151,one_same,-9,after,0,1,1
t0151,one_same,-6,after,0,1,1
t0151,one_same,-3,being,0,0,0
t0151,one_same,0,being,0,0,0
t0151,one_same,3,being,0,0,0
t0151,one_diff,-9,female,0,0,0
t0151,one_diff,-6,married,0,0,0
t0151,one_diff,-3,married,0,0,0
t0151,one_diff,0,mainly,0,0,0
t0151,one_diff,3,mainly,0,0,0
t0151,two_talker,-9,after,0,1,1
t0151,two_talker,-6,after,0,1,1
t0151,two_talker,-3,under,0,0,0
t0151,two_talker,0,under,0,0,0
t0151,two_talker,3,being,0,0,0
t0151,four_talker,-9,after,0,1,1
t0151,four_talker,-6,after,0,1,1
t0151,four_talker,-3,under,0,0,0
t0151,four_talker,0,early,0,0,0
t0151,four_talker,3,early,0,0,0
t0151,babble,-9,after,0,1,1
t0151,babble,-6,after,0,1,1
t0151,babble,-3,upper,0,0,0
t0151,babble,0,being,0,0,0
t0151,babble,3,being,0,0,0
t0151,issn,-9,happy,0,0,0
t0151,issn,-6,happy,0,0,0
t0151,issn,-3,happy,0,0,0
t0151,issn,0,happy,0,0,0
t0151,issn,3,happy,0,0,0
t0152,no_distractor,inf,house,0,0,0
t0152,one_same,-9,those,0,0,0
t0152,one_same,-6,those,0,0,0
t0152,one_same,-3,thought,0,1,1
t0152,one_same,0,thought,0,1,1
t0152,one_same,3,asked,0,0,0
t0152,one_diff,-9,asked,0,0,0
t0152,one_diff,-6,asked,0,0,0
t0152,one_diff,-3,heart,0,0,0
t0152,one_diff,0,heart,0,0,0
t0152,one_diff,3,heart,0,0,0
t0152,two_talker,-9,asked,0,0,0
t0152,two_talker,-6,asked,0,0,0
t0152,two_talker,-3,asked,0,0,0
t0152,two_talker,0,almost,1,0,0
t0152,two_talker,3,almost,1,0,0
t0152,four_talker,-9,because,0,0,0
t0152,four_talker,-6,because,0,0,0
t0152,four_talker,-3,appears,0,0,0
t0152,four_talker,0,alchemist,0,0,0
t0152,four_talker,3,almost,1,0,0
t0152,babble,-9,without,0,0,0
t0152,babble,-6,because,0,0,0
t0152,babble,-3,what's,0,0,0
t0152,babble,0,what's,0,0,0
t0152,babble,3,problems,0,0,0
t0152,issn,-9,those,0,0,0
t0152,issn,-6,those,0,0,0
t0152,issn,-3,those,0,0,0
t0152,issn,0,those,0,0,0
t0152,issn,3,those,0,0,0
t0153,no_distractor,inf,playing,0,0,0
t0153,one_same,-9,using,0,0,0
t0153,one_same,-6,history,0,0,0
t0153,one_same,-3,history,0,0,0
t0153,one_same,0,history,0,0,0
t0153,one_same,3,playing,0,0,0
t0153,one_diff,-9,mainly,0,0,0
t0153,one_diff,-6,mainly,0,0,0
t0153,one_diff,-3,mainly,0,0,0
t0153,one_diff,0,mainly,0,0,0
t0153,one_diff,3,playing,0,0,0
t0153,two_talker,-9,public,0,0,0
t0153,two_talker,-6,public,0,0,0
t0153,two_talker,-3,community,0,0,0
t0153,two_talker,0,community,0,0,0
t0153,two_talker,3,story,0,0,0
t0153,four_talker,-9,saint,0,0,0
t0153,four_talker,-6,under,0,0,0
t0153,four_talker,-3,under,0,0,0
t0153,four_talker,0,under,0,0,0
t0153,four_talker,3,mainly,0,0,0
t0153,babble,-9,gives,0,0,0
t0153,babble,-6,gives,0,0,0
t0153,babble,-3,gives,0,0,0
t0153,babble,0,twenty,0,0,0
t0153,babble,3,needed,0,0,0
t0153,issn,-9,middle,0,0,0
t0153,issn,-6,never,0,0,0
t0153,issn,-3,really,0,0,0
t0153,issn,0,mainly,0,0,0
t0153,issn,3,mainly,0,0,0
t0154,no_distractor,inf,another,0,0,0
t0154,one_same,-9,award,0,0,0
t0154,one_same,-6,award,0,0,0
t0154,one_same,-3,award,0,0,0
t0154,one_same,0,novel,0,0,0
t0154,one_same,3,another,0,0,0
t0154,one_diff,-9,active,0,0,0
t0154,one_diff,-6,activity,0,0,0
t0154,one_diff,-3,activity,0,0,0
t0154,one_diff,0,whether,0,0,0
t0154,one_diff,3,whether,0,0,0
t0154,two_talker,-9,happened,0,0,0
t0154,two_talker,-6,happened,0,0,0
t0154,two_talker,-3,happened,0,0,0
t0154,two_talker,0,happened,0,0,0
t0154,two_talker,3,middle,0,0,0
t0154,four_talker,-9,noted,0,0,0
t0154,four_talker,-6,order,0,0,0
t0154,four_talker,-3,order,0,0,0
t0154,four_talker,0,order,0,0,0
t0154,four_talker,3,order,0,0,0
t0154,babble,-9,month,0,0,0
t0154,babble,-6,month,0,0,0
t0154,babble,-3,others,0,0,0
t0154,babble,0,artist,0,0,0
t0154,babble,3,artist,0,0,0
t0154,issn,-9,you'll,0,0,0
t0154,issn,-6,people,0,0,0
t0154,issn,-3,until,0,0,0
t0154,issn,0,until,0,0,0
t0154,issn,3,mother,0,0,0
t0155,no_distractor,inf,given,1,0,0
t0155,one_same,-9,didn't,0,1,1
t0155,one_same,-6,didn't,0,1,1
t0155,one_same,-3,given,1,0,0
t0155,one_same,0,given,1,0,0
t0155,one_same,3,given,1,0,0
t0155,one_diff,-9,given,1,0,0
t0155,one_diff,-6,given,1,0,0
t0155,one_diff,-3,given,1,0,0
t0155,one_diff,0,given,1,0,0
t0155,one_diff,3,given,1,0,0
t0155,two_talker,-9,didn't,0,1,1
t0155,two_talker,-6,didn't,0,1,1
t0155,two_talker,-3,given,1,0,0
t0155,two_talker,0,given,1,0,0
t0155,two_talker,3,given,1,0,0
t0155,four_talker,-9,didn't,0,1,1
t0155,four_talker,-6,given,1,0,0
t0155,four_talker,-3,given,1,0,0
t0155,four_talker,0,given,1,0,0
t0155,four_talker,3,given,1,0,0
t0155,babble,-9,woman,0,0,0
t0155,babble,-6,didn't,0,1,1
t0155,babble,-3,given,1,0,0
t0155,babble,0,given,1,0,0
t0155,babble,3,given,1,0,0
t0155,issn,-9,international,0,0,0
t0155,issn,-6,given,1,0,0
t0155,issn,-3,given,1,0,0
t0155,issn,0,given,1,0,0
t0155,issn,3,given,1,0,0
t0156,no_distractor,inf,after,1,0,0
t0156,one_same,-9,after,1,0,0
t0156,one_same,-6,after,1,0,0
t0156,one_same,-3,after,1,0,0
t0156,one_same,0,after,1,0,0
t0156,one_same,3,after,1,0,0
t0156,one_diff,-9,service,0,1,1
t0156,one_diff,-6,every,0,0,0
t0156,one_diff,-3,every,0,0,0
t0156,one_diff,0,after,1,0,0
t0156,one_diff,3,after,1,0,0
t0156,two_talker,-9,services,0,0,0
t0156,two_talker,-6,services,0,0,0
t0156,two_talker,-3,after,1,0,0
t0156,two_talker,0,after,1,0,0
t0156,two_talker,3,after,1,0,0
t0156,four_talker,-9,passed,0,0,0
t0156,four_talker,-6,passed,0,0,0
t0156,four_talker,-3,after,1,0,0
t0156,four_talker,0,after,1,0,0
t0156,four_talker,3,after,1,0,0
t0156,babble,-9,africa,0,0,0
t0156,babble,-6,africa,0,0,0
t0156,babble,-3,after,1,0,0
t0156,babble,0,after,1,0,0
t0156,babble,3,after,1,0,0
t0156,issn,-9,active,0,0,0
t0156,issn,-6,after,1,0,0
t0156,issn,-3,after,1,0,0
t0156,issn,0,after,1,0,0
t0156,issn,3,after,1,0,0
t0157,no_distractor,inf,being,1,0,0
t0157,one_same,-9,everything,0,1,1
t0157,one_same,-6,everything,0,1,1
t0157,one_same,-3,leaving,0,0,0
t0157,one_same,0,being,1,0,0
t0157,one_same,3,being,1,0,0
t0157,one_diff,-9,being,1,0,0
t0157,one_diff,-6,being,1,0,0
t0157,one_diff,-3,being,1,0,0
t0157,one_diff,0,being,1,0,0
t0157,one_diff,3,being,1,0,0
t0157,two_talker,-9,movie,0,0,0
t0157,two_talker,-6,leaving,0,0,0
t0157,two_talker,-3,leaving,0,0,0
t0157,two_talker,0,leaving,0,0,0
t0157,two_talker,3,being,1,0,0
t0157,four_talker,-9,remains,0,0,0
t0157,four_talker,-6,remains,0,0,0
t0157,four_talker,-3,remained,0,0,0
t0157,four_talker,0,being,1,0,0
t0157,four_talker,3,being,1,0,0
t0157,babble,-9,william,0,0,0
t0157,babble,-6,named,0,0,0
t0157,babble,-3,being,1,0,0
t0157,babble,0,being,1,0,0
t0157,babble,3,being,1,0,0
t0157,issn,-9,began,0,0,0
t0157,issn,-6,began,0,0,0
t0157,issn,-3,being,1,0,0
t0157,issn,0,being,1,0,0
t0157,issn,3,being,1,0,0
t0158,no_distractor,inf,because,1,0,0
t0158,one_same,-9,began,0,0,0
t0158,one_same,-6,began,0,0,0
t0158,one_same,-3,began,0,0,0
t0158,one_same,0,because,1,0,0
t0158,one_same,3,because,1,0,0
t0158,one_diff,-9,because,1,0,0
t0158,one_diff,-6,because,1,0,0
t0158,one_diff,-3,because,1,0,0
t0158,one_diff,0,because,1,0,0
t0158,one_diff,3,because,1,0,0
t0158,two_talker,-9,began,0,0,0
t0158,two_talker,-6,because,1,0,0
t0158,two_talker,-3,because,1,0,0
t0158,two_talker,0,because,1,0,0
t0158,two_talker,3,because,1,0,0
t0158,four_talker,-9,because,1,0,0
t0158,four_talker,-6,because,1,0,0
t0158,four_talker,-3,because,1,0,0
t0158,four_talker,0,because,1,0,0
t0158,four_talker,3,because,1,0,0
t0158,babble,-9,associated,0,0,0
t0158,babble,-6,associated,0,0,0
t0158,babble,-3,associated,0,0,0
t0158,babble,0,because,1,0,0
t0158,babble,3,because,1,0,0
t0158,issn,-9,primarily,0,0,0
t0158,issn,-6,primarily,0,0,0
t0158,issn,-3,typically,0,0,0
t0158,issn,0,between,0,0,0
t0158,issn,3,become,0,0,0
t0159,no_distractor,inf,member,1,0,0
t0159,one_same,-9,bright,0,1,1
t0159,one_same,-6,bright,0,1,1
t0159,one_same,-3,bright,0,1,1
t0159,one_same,0,provide,0,0,0
t0159,one_same,3,provide,0,0,0
t0159,one_diff,-9,number,0,0,0
t0159,one_diff,-6,member,1,0,0
t0159,one_diff,-3,member,1,0,0
t0159,one_diff,0,member,1,0,0
t0159,one_diff,3,member,1,0,0
t0159,two_talker,-9,write,0,0,0
t0159,two_talker,-6,royal,0,0,0
t0159,two_talker,-3,royal,0,0,0
t0159,two_talker,0,member,1,0,0
t0159,two_talker,3,member,1,0,0
t0159,four_talker,-9,writer,0,0,0
t0159,four_talker,-6,writer,0,0,0
t0159,four_talker,-3,minister,0,0,0
t0159,four_talker,0,member,1,0,0
t0159,four_talker,3,member,1,0,0
t0159,babble,-9,short,0,0,1
t0159,babble,-6,lower,0,0,0
t0159,babble,-3,lower,0,0,0
t0159,babble,0,member,1,0,0
t0159,babble,3,member,1,0,0
t0159,issn,-9,nearby,0,0,0
t0159,issn,-6,guitar,0,0,0
t0159,issn,-3,member,1,0,0
t0159,issn,0,member,1,0,0
t0159,issn,3,member,1,0,0
t0160,no_distractor,inf,route,1,0,0
t0160,one_same,-9,ancient,0,1,1
t0160,one_same,-6,ancient,0,1,1
t0160,one_same,-3,ancient,0,1,1
t0160,one_same,0,ancient,0,1,1
t0160,one_same,3,ancient,0,1,1
t0160,one_diff,-9,career,0,0,0
t0160,one_diff,-6,route,1,0,0
t0160,one_diff,-3,route,1,0,0
t0160,one_diff,0,route,1,0,0
t0160,one_diff,3,route,1,0,0
t0160,two_talker,-9,ancient,0,1,1
t0160,two_talker,-6,version,0,0,0
t0160,two_talker,-3,numbers,0,0,0
t0160,two_talker,0,numbers,0,0,0
t0160,two_talker,3,route,1,0,0
t0160,four_talker,-9,period,0,0,0
t0160,four_talker,-6,route,1,0,0
t0160,four_talker,-3,route,1,0,0
t0160,four_talker,0,route,1,0,0
t0160,four_talker,3,route,1,0,0
t0160,babble,-9,eight,0,1,1
t0160,babble,-6,eight,0,1,1
t0160,babble,-3,eight,0,1,1
t0160,babble,0,route,1,0,0
t0160,babble,3,route,1,0,0
t0160,issn,-9,number,0,0,0
t0160,issn,-6,number,0,0,0
t0160,issn,-3,number,0,0,0
t0160,issn,0,number,0,0,0
t0160,issn,3,route,1,0,0
t0161,no_distractor,inf,people,1,0,0
t0161,one_same,-9,under,0,1,1
t0161,one_same,-6,until,0,0,0
t0161,one_same,-3,control,0,0,0
t0161,one_same,0,people,1,0,0
t0161,one_same,3,people,1,0,0
t0161,one_diff,-9,appear,0,0,0
t0161,one_diff,-6,appear,0,0,0
t0161,one_diff,-3,people,1,0,0
t0161,one_diff,0,people,1,0,0
t0161,one_diff,3,people,1,0,0
t0161,two_talker,-9,unknown,0,0,0
t0161,two_talker,-6,union,0,0,0
t0161,two_talker,-3,continue,0,0,0
t0161,two_talker,0,continue,0,0,0
t0161,two_talker,3,people,1,0,0
t0161,four_talker,-9,indian,0,0,0
t0161,four_talker,-6,indian,0,0,0
t0161,four_talker,-3,people,1,0,0
t0161,four_talker,0,people,1,0,0
t0161,four_talker,3,people,1,0,0
t0161,babble,-9,forms,0,0,0
t0161,babble,-6,forms,0,0,0
t0161,babble,-3,front,0,0,0
t0161,babble,0,control,0,0,0
t0161,babble,3,people,1,0,0
t0161,issn,-9,again,0,0,0
t0161,issn,-6,began,0,0,0
t0161,issn,-3,involved,0,0,0
t0161,issn,0,people,1,0,0
t0161,issn,3,people,1,0,0
t0162,no_distractor,inf,makes,1,0,0
t0162,one_same,-9,makes,1,0,0
t0162,one_same,-6,makes,1,0,0
t0162,one_same,-3,makes,1,0,0
t0162,one_same,0,makes,1,0,0
t0162,one_same,3,makes,1,0,0
t0162,one_diff,-9,makes,1,0,0
t0162,one_diff,-6,makes,1,0,0
t0162,one_diff,-3,makes,1,0,0
t0162,one_diff,0,makes,1,0,0
t0162,one_diff,3,makes,1,0,0
t0162,two_talker,-9,turned,0,0,0
t0162,two_talker,-6,needs,0,0,0
t0162,two_talker,-3,mixed,0,0,0
t0162,two_talker,0,makes,1,0,0
t0162,two_talker,3,makes,1,0,0
t0162,four_talker,-9,times,0,0,0
t0162,four_talker,-6,garden,0,0,0
t0162,four_talker,-3,artist,0,0,0
t0162,four_talker,0,that's,0,0,0
t0162,four_talker,3,that's,0,0,0
t0162,babble,-9,contains,0,0,0
t0162,babble,-6,needs,0,0,0
t0162,babble,-3,needs,0,0,0
t0162,babble,0,needs,0,0,0
t0162,babble,3,makes,1,0,0
t0162,issn,-9,these,0,0,0
t0162,issn,-6,makes,1,0,0
t0162,issn,-3,makes,1,0,0
t0162,issn,0,makes,1,0,0
t0162,issn,3,makes,1,0,0
t0163,no_distractor,inf,three,1,0,0
t0163,one_same,-9,trees,0,0,0
t0163,one_same,-6,three,1,0,0
t0163,one_same,-3,three,1,0,0
t0163,one_same,0,three,1,0,0
t0163,one_same,3,three,1,0,0
t0163,one_diff,-9,title,0,0,0
t0163,one_diff,-6,township,0,0,0
t0163,one_diff,-3,township,0,0,0
t0163,one_diff,0,township,0,0,0
t0163,one_diff,3,country,0,0,0
t0163,two_talker,-9,between,0,1,1
t0163,two_talker,-6,three,1,0,0
t0163,two_talker,-3,three,1,0,0
t0163,two_talker,0,three,1,0,0
t0163,two_talker,3,three,1,0,0
t0163,four_talker,-9,returned,0,1,1
t0163,four_talker,-6,characters,0,0,0
t0163,four_talker,-3,characters,0,0,0
t0163,four_talker,0,characters,0,0,0
t0163,four_talker,3,characters,0,0,0
t0163,babble,-9,added,0,0,0
t0163,babble,-6,allowed,0,0,0
t0163,babble,-3,appears,0,0,0
t0163,babble,0,changes,0,0,0
t0163,babble,3,county,0,0,0
t0163,issn,-9,sometimes,0,0,0
t0163,issn,-6,township,0,0,0
t0163,issn,-3,country,0,0,0
t0163,issn,0,country,0,0,0
t0163,issn,3,country,0,0,0
t0164,no_distractor,inf,often,0,0,0
t0164,one_same,-9,special,0,0,0
t0164,one_same,-6,special,0,0,0
t0164,one_same,-3,upper,0,0,0
t0164,one_same,0,upper,0,0,0
t0164,one_same,3,upper,0,0,0
t0164,one_diff,-9,offered,0,0,0
t0164,one_diff,-6,offered,0,0,0
t0164,one_diff,-3,offered,0,0,0
t0164,one_diff,0,offered,0,0,0
t0164,one_diff,3,offered,0,0,0
t0164,two_talker,-9,peter,0,0,0
t0164,two_talker,-6,could,0,0,0
t0164,two_talker,-3,could,0,0,0
t0164,two_talker,0,upper,0,0,0
t0164,two_talker,3,upper,0,0,0
t0164,four_talker,-9,because,0,0,0
t0164,four_talker,-6,because,0,0,0
t0164,four_talker,-3,become,0,0,0
t0164,four_talker,0,experience,0,0,0
t0164,four_talker,3,upper,0,0,0
t0164,babble,-9,students,0,0,0
t0164,babble,-6,hospital,0,0,0
t0164,babble,-3,hospital,0,0,0
t0164,babble,0,hospital,0,0,0
t0164,babble,3,public,0,0,0
t0164,issn,-9,subsequently,0,0,0
t0164,issn,-6,example,0,0,0
t0164,issn,-3,example,0,0,0
t0164,issn,0,south,0,0,0
t0164,issn,3,south,0,0,0
t0165,no_distractor,inf,attended,1,0,0
t0165,one_same,-9,attack,0,0,0
t0165,one_same,-6,attack,0,0,0
t0165,one_same,-3,attack,0,0,0
t0165,one_same,0,attack,0,0,0
t0165,one_same,3,attack,0,0,0
t0165,one_diff,-9,source,0,1,1
t0165,one_diff,-6,source,0,1,1
t0165,one_diff,-3,against,0,0,0
t0165,one_diff,0,attended,1,0,0
t0165,one_diff,3,attended,1,0,0
t0165,two_talker,-9,south,0,0,0
t0165,two_talker,-6,serves,0,0,0
t0165,two_talker,-3,serves,0,0,0
t0165,two_talker,0,attack,0,0,0
t0165,two_talker,3,attack,0,0,0
t0165,four_talker,-9,throughout,0,0,0
t0165,four_talker,-6,throughout,0,0,0
t0165,four_talker,-3,described,0,0,0
t0165,four_talker,0,attack,0,0,0
t0165,four_talker,3,attack,0,0,0
t0165,babble,-9,brown,0,0,0
t0165,babble,-6,brown,0,0,0
t0165,babble,-3,described,0,0,0
t0165,babble,0,described,0,0,0
t0165,babble,3,attack,0,0,0
t0165,issn,-9,germany,0,0,0
t0165,issn,-6,germany,0,0,0
t0165,issn,-3,attended,1,0,0
t0165,issn,0,attended,1,0,0
t0165,issn,3,attended,1,0,0
t0166,no_distractor,inf,college,1,0,0
t0166,one_same,-9,college,1,0,0
t0166,one_same,-6,college,1,0,0
t0166,one_same,-3,college,1,0,0
t0166,one_same,0,college,1,0,0
t0166,one_same,3,college,1,0,0
t0166,one_diff,-9,college,1,0,0
t0166,one_diff,-6,college,1,0,0
t0166,one_diff,-3,college,1,0,0
t0166,one_diff,0,college,1,0,0
t0166,one_diff,3,college,1,0,0
t0166,two_talker,-9,college,1,0,0
t0166,two_talker,-6,college,1,0,0
t0166,two_talker,-3,college,1,0,0
t0166,two_talker,0,college,1,0,0
t0166,two_talker,3,college,1,0,0
t0166,four_talker,-9,college,1,0,0
t0166,four_talker,-6,college,1,0,0
t0166,four_talker,-3,college,1,0,0
t0166,four_talker,0,college,1,0,0
t0166,four_talker,3,college,1,0,0
t0166,babble,-9,college,1,0,0
t0166,babble,-6,college,1,0,0
t0166,babble,-3,college,1,0,0
t0166,babble,0,college,1,0,0
t0166,babble,3,college,1,0,0
t0166,issn,-9,including,0,0,0
t0166,issn,-6,college,1,0,0
t0166,issn,-3,college,1,0,0
t0166,issn,0,college,1,0,0
t0166,issn,3,college,1,0,0
t0167,no_distractor,inf,comes,1,0,0
t0167,one_same,-9,comes,1,0,0
t0167,one_same,-6,comes,1,0,0
t0167,one_same,-3,comes,1,0,0
t0167,one_same,0,comes,1,0,0
t0167,one_same,3,comes,1,0,0
t0167,one_diff,-9,comes,1,0,0
t0167,one_diff,-6,comes,1,0,0
t0167,one_diff,-3,comes,1,0,0
t0167,one_diff,0,comes,1,0,0
t0167,one_diff,3,comes,1,0,0
t0167,two_talker,-9,comes,1,0,0
t0167,two_talker,-6,comes,1,0,0
t0167,two_talker,-3,comes,1,0,0
t0167,two_talker,0,comes,1,0,0
t0167,two_talker,3,comes,1,0,0
t0167,four_talker,-9,along,0,0,0
t0167,four_talker,-6,across,0,0,0
t0167,four_talker,-3,across,0,0,0
t0167,four_talker,0,comes,1,0,0
t0167,four_talker,3,comes,1,0,0
t0167,babble,-9,strong,0,0,0
t0167,babble,-6,strong,0,0,0
t0167,babble,-3,songs,0,0,0
t0167,babble,0,comes,1,0,0
t0167,babble,3,comes,1,0,0
t0167,issn,-9,father,0,0,0
t0167,issn,-6,father,0,0,0
t0167,issn,-3,common,0,0,0
t0167,issn,0,common,0,0,0
t0167,issn,3,comes,1,0,0
t0168,no_distractor,inf,began,1,0,0
t0168,one_same,-9,began,1,0,0
t0168,one_same,-6,began,1,0,0
t0168,one_same,-3,began,1,0,0
t0168,one_same,0,began,1,0,0
t0168,one_same,3,began,1,0,0
t0168,one_diff,-9,began,1,0,0
t0168,one_diff,-6,began,1,0,0
t0168,one_diff,-3,began,1,0,0
t0168,one_diff,0,began,1,0,0
t0168,one_diff,3,began,1,0,0
t0168,two_talker,-9,began,1,0,0
t0168,two_talker,-6,began,1,0,0
t0168,two_talker,-3,began,1,0,0
t0168,two_talker,0,began,1,0,0
t0168,two_talker,3,began,1,0,0
t0168,four_talker,-9,began,1,0,0
t0168,four_talker,-6,began,1,0,0
t0168,four_talker,-3,began,1,0,0
t0168,four_talker,0,began,1,0,0
t0168,four_talker,3,began,1,0,0
t0168,babble,-9,william,0,0,0
t0168,babble,-6,began,1,0,0
t0168,babble,-3,began,1,0,0
t0168,babble,0,began,1,0,0
t0168,babble,3,began,1,0,0
t0168,issn,-9,earlier,0,0,0
t0168,issn,-6,began,1,0,0
t0168,issn,-3,began,1,0,0
t0168,issn,0,began,1,0,0
t0168,issn,3,began,1,0,0
t0169,no_distractor,inf,through,1,0,0
t0169,one_same,-9,covered,0,0,0
t0169,one_same,-6,further,0,0,0
t0169,one_same,-3,through,1,0,0
t0169,one_same,0,through,1,0,0
t0169,one_same,3,through,1,0,0
t0169,one_diff,-9,through,1,0,0
t0169,one_diff,-6,through,1,0,0
t0169,one_diff,-3,through,1,0,0
t0169,one_diff,0,through,1,0,0
t0169,one_diff,3,through,1,0,0
t0169,two_talker,-9,entered,0,0,0
t0169,two_talker,-6,which,0,0,0
t0169,two_talker,-3,bridge,0,0,0
t0169,two_talker,0,through,1,0,0
t0169,two_talker,3,through,1,0,0
t0169,four_talker,-9,stood,0,0,0
t0169,four_talker,-6,stood,0,0,0
t0169,four_talker,-3,through,1,0,0
t0169,four_talker,0,through,1,0,0
t0169,four_talker,3,through,1,0,0
t0169,babble,-9,known,0,0,0
t0169,babble,-6,known,0,0,0
t0169,babble,-3,known,0,0,0
t0169,babble,0,heard,0,0,0
t0169,babble,3,heard,0,0,0
t0169,issn,-9,because,0,0,0
t0169,issn,-6,because,0,0,0
t0169,issn,-3,because,0,0,0
t0169,issn,0,because,0,0,0
t0169,issn,3,group,0,0,0
t0170,no_distractor,inf,found,1,0,0
t0170,one_same,-9,around,0,0,0
t0170,one_same,-6,around,0,0,0
t0170,one_same,-3,around,0,0,0
t0170,one_same,0,around,0,0,0
t0170,one_same,3,around,0,0,0
t0170,one_diff,-9,about,0,0,0
t0170,one_diff,-6,found,1,0,0
t0170,one_diff,-3,found,1,0,0
t0170,one_diff,0,found,1,0,0
t0170,one_diff,3,found,1,0,0
t0170,two_talker,-9,hours,0,0,0
t0170,two_talker,-6,around,0,0,0
t0170,two_talker,-3,around,0,0,0
t0170,two_talker,0,found,1,0,0
t0170,two_talker,3,found,1,0,0
t0170,four_talker,-9,about,0,0,0
t0170,four_talker,-6,without,0,1,1
t0170,four_talker,-3,valley,0,0,0
t0170,four_talker,0,valley,0,0,0
t0170,four_talker,3,found,1,0,0
t0170,babble,-9,round,0,0,0
t0170,babble,-6,house,0,0,1
t0170,babble,-3,house,0,0,1
t0170,babble,0,found,1,0,0
t0170,babble,3,found,1,0,0
t0170,issn,-9,problem,0,0,0
t0170,issn,-6,without,0,0,0
t0170,issn,-3,found,1,0,0
t0170,issn,0,found,1,0,0
t0170,issn,3,found,1,0,0
t0171,no_distractor,inf,himself,1,0,0
t0171,one_same,-9,still,0,0,0
t0171,one_same,-6,himself,1,0,0
t0171,one_same,-3,himself,1,0,0
t0171,one_same,0,himself,1,0,0
t0171,one_same,3,himself,1,0,0
t0171,one_diff,-9,software,0,0,0
t0171,one_diff,-6,himself,1,0,0
t0171,one_diff,-3,himself,1,0,0
t0171,one_diff,0,himself,1,0,0
t0171,one_diff,3,himself,1,0,0
t0171,two_talker,-9,himself,1,0,0
t0171,two_talker,-6,himself,1,0,0
t0171,two_talker,-3,himself,1,0,0
t0171,two_talker,0,himself,1,0,0
t0171,two_talker,3,himself,1,0,0
t0171,four_talker,-9,sound,0,0,0
t0171,four_talker,-6,himself,1,0,0
t0171,four_talker,-3,himself,1,0,0
t0171,four_talker,0,himself,1,0,0
t0171,four_talker,3,himself,1,0,0
t0171,babble,-9,something,0,0,0
t0171,babble,-6,himself,1,0,0
t0171,babble,-3,himself,1,0,0
t0171,babble,0,himself,1,0,0
t0171,babble,3,himself,1,0,0
t0171,issn,-9,probably,0,0,0
t0171,issn,-6,southern,0,0,0
t0171,issn,-3,southern,0,0,0
t0171,issn,0,southern,0,0,0
t0171,issn,3,himself,1,0,0
t0172,no_distractor,inf,without,1,0,0
t0172,one_same,-9,without,1,0,0
t0172,one_same,-6,without,1,0,0
t0172,one_same,-3,without,1,0,0
t0172,one_same,0,without,1,0,0
t0172,one_same,3,without,1,0,0
t0172,one_diff,-9,comes,0,0,0
t0172,one_diff,-6,comes,0,0,0
t0172,one_diff,-3,without,1,0,0
t0172,one_diff,0,without,1,0,0
t0172,one_diff,3,without,1,0,0
t0172,two_talker,-9,doctor,0,0,0
t0172,two_talker,-6,doctor,0,0,0
t0172,two_talker,-3,dance,0,0,0
t0172,two_talker,0,dance,0,0,0
t0172,two_talker,3,without,1,0,0
t0172,four_talker,-9,allowed,0,0,0
t0172,four_talker,-6,miles,0,0,0
t0172,four_talker,-3,miles,0,0,0
t0172,four_talker,0,without,1,0,0
t0172,four_talker,3,without,1,0,0
t0172,babble,-9,enough,0,0,0
t0172,babble,-6,without,1,0,0
t0172,babble,-3,without,1,0,0
t0172,babble,0,without,1,0,0
t0172,babble,3,without,1,0,0
t0172,issn,-9,class,0,0,0
t0172,issn,-6,about,0,0,0
t0172,issn,-3,without,1,0,0
t0172,issn,0,without,1,0,0
t0172,issn,3,without,1,0,0
t0173,no_distractor,inf,themselves,1,0,0
t0173,one_same,-9,themselves,1,0,0
t0173,one_same,-6,themselves,1,0,0
t0173,one_same,-3,themselves,1,0,0
t0173,one_same,0,themselves,1,0,0
t0173,one_same,3,themselves,1,0,0
t0173,one_diff,-9,small,0,1,1
t0173,one_diff,-6,small,0,1,1
t0173,one_diff,-3,small,0,1,1
t0173,one_diff,0,themselves,1,0,0
t0173,one_diff,3,themselves,1,0,0
t0173,two_talker,-9,songs,0,0,0
t0173,two_talker,-6,songs,0,0,0
t0173,two_talker,-3,songs,0,0,0
t0173,two_talker,0,themselves,1,0,0
t0173,two_talker,3,themselves,1,0,0
t0173,four_talker,-9,themselves,1,0,0
t0173,four_talker,-6,themselves,1,0,0
t0173,four_talker,-3,themselves,1,0,0
t0173,four_talker,0,themselves,1,0,0
t0173,four_talker,3,themselves,1,0,0
t0173,babble,-9,government,0,0,0
t0173,babble,-6,government,0,0,0
t0173,babble,-3,government,0,0,0
t0173,babble,0,development,0,0,0
t0173,babble,3,themselves,1,0,0
t0173,issn,-9,civil,0,0,0
t0173,issn,-6,civil,0,0,0
t0173,issn,-3,source,0,0,0
t0173,issn,0,results,0,0,0
t0173,issn,3,results,0,0,0
t0174,no_distractor,inf,called,1,0,0
t0174,one_same,-9,along,0,0,0
t0174,one_same,-6,along,0,0,0
t0174,one_same,-3,alone,0,0,0
t0174,one_same,0,alone,0,0,0
t0174,one_same,3,forms,0,0,0
t0174,one_diff,-9,forms,0,0,0
t0174,one_diff,-6,forms,0,0,0
t0174,one_diff,-3,closed,0,0,0
t0174,one_diff,0,closed,0,0,0
t0174,one_diff,3,closed,0,0,0
t0174,two_talker,-9,election,0,1,1
t0174,two_talker,-6,population,0,0,0
t0174,two_talker,-3,popular,0,0,0
t0174,two_talker,0,closed,0,0,0
t0174,two_talker,3,closed,0,0,0
t0174,four_talker,-9,operations,0,0,0
t0174,four_talker,-6,operates,0,0,0
t0174,four_talker,-3,operates,0,0,0
t0174,four_talker,0,stories,0,0,0
t0174,four_talker,3,closed,0,0,0
t0174,babble,-9,games,0,0,0
t0174,babble,-6,games,0,0,0
t0174,babble,-3,games,0,0,0
t0174,babble,0,games,0,0,0
t0174,babble,3,games,0,0,0
t0174,issn,-9,among,0,0,0
t0174,issn,-6,models,0,0,0
t0174,issn,-3,models,0,0,0
t0174,issn,0,forms,0,0,0
t0174,issn,3,forms,0,0,0
t0175,no_distractor,inf,there,1,0,0
t0175,one_same,-9,active,0,0,0
t0175,one_same,-6,after,0,0,0
t0175,one_same,-3,there,1,0,0
t0175,one_same,0,there,1,0,0
t0175,one_same,3,there,1,0,0
t0175,one_diff,-9,problems,0,0,0
t0175,one_diff,-6,following,0,0,0
t0175,one_diff,-3,various,0,0,0
t0175,one_diff,0,various,0,0,0
t0175,one_diff,3,various,0,0,0
t0175,two_talker,-9,after,0,0,0
t0175,two_talker,-6,after,0,0,0
t0175,two_talker,-3,there,1,0,0
t0175,two_talker,0,various,0,0,0
t0175,two_talker,3,various,0,0,0
t0175,four_talker,-9,continues,0,0,0
t0175,four_talker,-6,party,0,0,0
t0175,four_talker,-3,party,0,0,0
t0175,four_talker,0,writing,0,0,0
t0175,four_talker,3,various,0,0,0
t0175,babble,-9,japanese,0,0,0
t0175,babble,-6,japanese,0,0,0
t0175,babble,-3,japanese,0,0,0
t0175,babble,0,there,1,0,0
t0175,babble,3,there,1,0,0
t0175,issn,-9,canadian,0,0,0
t0175,issn,-6,available,0,0,0
t0175,issn,-3,various,0,0,0
t0175,issn,0,there,1,0,0
t0175,issn,3,there,1,0,0
t0176,no_distractor,inf,nothing,1,0,0
t0176,one_same,-9,founded,0,0,0
t0176,one_same,-6,founded,0,0,0
t0176,one_same,-3,morning,0,0,0
t0176,one_same,0,morning,0,0,0
t0176,one_same,3,morning,0,0,0
t0176,one_diff,-9,level,0,0,0
t0176,one_diff,-6,worked,0,0,0
t0176,one_diff,-3,north,0,0,0
t0176,one_diff,0,noted,0,0,0
t0176,one_diff,3,mostly,0,0,0
t0176,two_talker,-9,appointed,0,0,0
t0176,two_talker,-6,noted,0,0,0
t0176,two_talker,-3,noted,0,0,0
t0176,two_talker,0,noted,0,0,0
t0176,two_talker,3,mostly,0,0,0
t0176,four_talker,-9,making,0,0,0
t0176,four_talker,-6,making,0,0,0
t0176,four_talker,-3,making,0,0,0
t0176,four_talker,0,making,0,0,0
t0176,four_talker,3,making,0,0,0
t0176,babble,-9,among,0,0,0
t0176,babble,-6,mainly,0,0,0
t0176,babble,-3,mainly,0,0,0
t0176,babble,0,making,0,0,0
t0176,babble,3,making,0,0,0
t0176,issn,-9,never,0,0,0
t0176,issn,-6,method,0,0,0
t0176,issn,-3,nothing,1,0,0
t0176,issn,0,nothing,1,0,0
t0176,issn,3,nothing,1,0,0
t0177,no_distractor,inf,members,1,0,0
t0177,one_same,-9,shape,0,1,1
t0177,one_same,-6,short,0,0,0
t0177,one_same,-3,members,1,0,0
t0177,one_same,0,members,1,0,0
t0177,one_same,3,members,1,0,0
t0177,one_diff,-9,members,1,0,0
t0177,one_diff,-6,members,1,0,0
t0177,one_diff,-3,members,1,0,0
t0177,one_diff,0,members,1,0,0
t0177,one_diff,3,members,1,0,0
t0177,two_talker,-9,shows,0,0,0
t0177,two_talker,-6,shows,0,0,0
t0177,two_talker,-3,shows,0,0,0
t0177,two_talker,0,shows,0,0,0
t0177,two_talker,3,members,1,0,0
t0177,four_talker,-9,shows,0,0,0
t0177,four_talker,-6,shows,0,0,0
t0177,four_talker,-3,shows,0,0,0
t0177,four_talker,0,numbers,0,0,0
t0177,four_talker,3,numbers,0,0,0
t0177,babble,-9,friends,0,0,0
t0177,babble,-6,referred,0,0,0
t0177,babble,-3,referred,0,0,0
t0177,babble,0,numbers,0,0,0
t0177,babble,3,members,1,0,0
t0177,issn,-9,members,1,0,0
t0177,issn,-6,members,1,0,0
t0177,issn,-3,members,1,0,0
t0177,issn,0,members,1,0,0
t0177,issn,3,members,1,0,0
t0178,no_distractor,inf,appointed,1,0,0
t0178,one_same,-9,wanted,0,1,1
t0178,one_same,-6,wanted,0,1,1
t0178,one_same,-3,appointed,1,0,0
t0178,one_same,0,appointed,1,0,0
t0178,one_same,3,appointed,1,0,0
t0178,one_diff,-9,appointed,1,0,0
t0178,one_diff,-6,appointed,1,0,0
t0178,one_diff,-3,appointed,1,0,0
t0178,one_diff,0,supported,0,0,0
t0178,one_diff,3,appointed,1,0,0
t0178,two_talker,-9,wanted,0,1,1
t0178,two_talker,-6,wanted,0,1,1
t0178,two_talker,-3,wanted,0,1,1
t0178,two_talker,0,appointed,1,0,0
t0178,two_talker,3,appointed,1,0,0
t0178,four_talker,-9,called,0,0,0
t0178,four_talker,-6,called,0,0,0
t0178,four_talker,-3,called,0,0,0
t0178,four_talker,0,called,0,0,0
t0178,four_talker,3,called,0,0,0
t0178,babble,-9,caused,0,0,0
t0178,babble,-6,caused,0,0,0
t0178,babble,-3,cause,0,0,0
t0178,babble,0,called,0,0,0
t0178,babble,3,project,0,0,0
t0178,issn,-9,method,0,0,0
t0178,issn,-6,winter,0,0,0
t0178,issn,-3,winter,0,0,0
t0178,issn,0,appointed,1,0,0
t0178,issn,3,appointed,1,0,0
t0179,no_distractor,inf,university,1,0,0
t0179,one_same,-9,minutes,0,0,0
t0179,one_same,-6,university,1,0,0
t0179,one_same,-3,university,1,0,0
t0179,one_same,0,university,1,0,0
t0179,one_same,3,university,1,0,0
t0179,one_diff,-9,university,1,0,0
t0179,one_diff,-6,university,1,0,0
t0179,one_diff,-3,university,1,0,0
t0179,one_diff,0,university,1,0,0
t0179,one_diff,3,university,1,0,0
t0179,two_talker,-9,university,1,0,0
t0179,two_talker,-6,university,1,0,0
t0179,two_talker,-3,university,1,0,0
t0179,two_talker,0,university,1,0,0
t0179,two_talker,3,university,1,0,0
t0179,four_talker,-9,minister,0,0,0
t0179,four_talker,-6,university,1,0,0
t0179,four_talker,-3,university,1,0,0
t0179,four_talker,0,university,1,0,0
t0179,four_talker,3,university,1,0,0
t0179,babble,-9,minister,0,0,0
t0179,babble,-6,university,1,0,0
t0179,babble,-3,university,1,0,0
t0179,babble,0,university,1,0,0
t0179,babble,3,university,1,0,0
t0179,issn,-9,original,0,0,0
t0179,issn,-6,original,0,0,0
t0179,issn,-3,university,1,0,0
t0179,issn,0,university,1,0,0
t0179,issn,3,university,1,0,0
t0180,no_distractor,inf,slowly,1,0,0
t0180,one_same,-9,although,0,0,0
t0180,one_same,-6,smaller,0,0,0
t0180,one_same,-3,smaller,0,0,0
t0180,one_same,0,slowly,1,0,0
t0180,one_same,3,slowly,1,0,0
t0180,one_diff,-9,small,0,0,0
t0180,one_diff,-6,small,0,0,0
t0180,one_diff,-3,small,0,0,0
t0180,one_diff,0,slowly,1,0,0
t0180,one_diff,3,slowly,1,0,0
t0180,two_talker,-9,specific,0,0,0
t0180,two_talker,-6,small,0,0,0
t0180,two_talker,-3,small,0,0,0
t0180,two_talker,0,small,0,0,0
t0180,two_talker,3,small,0,0,0
t0180,four_talker,-9,saint,0,1,1
t0180,four_talker,-6,saint,0,1,1
t0180,four_talker,-3,saint,0,1,1
t0180,four_talker,0,saint,0,1,1
t0180,four_talker,3,saint,0,1,1
t0180,babble,-9,saint,0,1,1
t0180,babble,-6,saint,0,1,1
t0180,babble,-3,small,0,0,0
t0180,babble,0,small,0,0,0
t0180,babble,3,slowly,1,0,0
t0180,issn,-9,available,0,0,0
t0180,issn,-6,robert,0,0,0
t0180,issn,-3,robert,0,0,0
t0180,issn,0,robert,0,0,0
t0180,issn,3,slowly,1,0,0
t0181,no_distractor,inf,train,0,0,0
t0181,one_same,-9,member,0,1,1
t0181,one_same,-6,member,0,1,1
t0181,one_same,-3,train,0,0,0
t0181,one_same,0,trade,0,0,0
t0181,one_same,3,trade,0,0,0
t0181,one_diff,-9,waiting,0,0,0
t0181,one_diff,-6,waiting,0,0,0
t0181,one_diff,-3,waiting,0,0,0
t0181,one_diff,0,clear,0,0,0
t0181,one_diff,3,training,1,0,0
t0181,two_talker,-9,library,0,0,0
t0181,two_talker,-6,library,0,0,0
t0181,two_talker,-3,library,0,0,0
t0181,two_talker,0,trade,0,0,0
t0181,two_talker,3,trade,0,0,0
t0181,four_talker,-9,america,0,0,0
t0181,four_talker,-6,career,0,1,1
t0181,four_talker,-3,career,0,1,1
t0181,four_talker,0,train,0,0,0
t0181,four_talker,3,train,0,0,0
t0181,babble,-9,variety,0,0,0
t0181,babble,-6,career,0,1,1
t0181,babble,-3,radio,0,0,0
t0181,babble,0,dream,0,0,0
t0181,babble,3,dream,0,0,0
t0181,issn,-9,regional,0,0,0
t0181,issn,-6,winter,0,0,0
t0181,issn,-3,winter,0,0,0
t0181,issn,0,winter,0,0,0
t0181,issn,3,waiting,0,0,0
t0182,no_distractor,inf,along,0,0,0
t0182,one_same,-9,being,0,1,1
t0182,one_same,-6,being,0,1,1
t0182,one_same,-3,along,0,0,0
t0182,one_same,0,london,1,0,0
t0182,one_same,3,london,1,0,0
t0182,one_diff,-9,alone,0,0,0
t0182,one_diff,-6,along,0,0,0
t0182,one_diff,-3,along,0,0,0
t0182,one_diff,0,along,0,0,0
t0182,one_diff,3,along,0,0,0
t0182,two_talker,-9,roman,0,0,0
t0182,two_talker,-6,roman,0,0,0
t0182,two_talker,-3,london,1,0,0
t0182,two_talker,0,along,0,0,0
t0182,two_talker,3,along,0,0,0
t0182,four_talker,-9,released,0,0,0
t0182,four_talker,-6,limited,0,0,0
t0182,four_talker,-3,longer,0,0,0
t0182,four_talker,0,along,0,0,0
t0182,four_talker,3,along,0,0,0
t0182,babble,-9,mostly,0,0,0
t0182,babble,-6,others,0,0,0
t0182,babble,-3,along,0,0,0
t0182,babble,0,along,0,0,0
t0182,babble,3,along,0,0,0
t0182,issn,-9,cover,0,0,0
t0182,issn,-6,color,0,0,0
t0182,issn,-3,along,0,0,0
t0182,issn,0,along,0,0,0
t0182,issn,3,along,0,0,0
t0183,no_distractor,inf,longer,1,0,0
t0183,one_same,-9,number,0,0,0
t0183,one_same,-6,number,0,0,0
t0183,one_same,-3,number,0,0,0
t0183,one_same,0,number,0,0,0
t0183,one_same,3,number,0,0,0
t0183,one_diff,-9,longer,1,0,0
t0183,one_diff,-6,longer,1,0,0
t0183,one_diff,-3,longer,1,0,0
t0183,one_diff,0,longer,1,0,0
t0183,one_diff,3,longer,1,0,0
t0183,two_talker,-9,leaving,0,0,0
t0183,two_talker,-6,number,0,0,0
t0183,two_talker,-3,number,0,0,0
t0183,two_talker,0,number,0,0,0
t0183,two_talker,3,number,0,0,0
t0183,four_talker,-9,canadian,0,0,0
t0183,four_talker,-6,canadian,0,0,0
t0183,four_talker,-3,canadian,0,0,0
t0183,four_talker,0,major,0,0,0
t0183,four_talker,3,minor,0,0,0
t0183,babble,-9,further,0,0,0
t0183,babble,-6,further,0,0,0
t0183,babble,-3,further,0,0,0
t0183,babble,0,number,0,0,0
t0183,babble,3,number,0,0,0
t0183,issn,-9,numerous,0,0,0
t0183,issn,-6,longer,1,0,0
t0183,issn,-3,longer,1,0,0
t0183,issn,0,longer,1,0,0
t0183,issn,3,longer,1,0,0
t0184,no_distractor,inf,design,0,0,0
t0184,one_same,-9,within,0,1,1
t0184,one_same,-6,within,0,1,1
t0184,one_same,-3,within,0,1,1
t0184,one_same,0,isn't,0,0,0
t0184,one_same,3,designed,1,0,0
t0184,one_diff,-9,design,0,0,0
t0184,one_diff,-6,designed,1,0,0
t0184,one_diff,-3,design,0,0,0
t0184,one_diff,0,design,0,0,0
t0184,one_diff,3,design,0,0,0
t0184,two_talker,-9,system,0,0,0
t0184,two_talker,-6,designed,1,0,0
t0184,two_talker,-3,designed,1,0,0
t0184,two_talker,0,designed,1,0,0
t0184,two_talker,3,designed,1,0,0
t0184,four_talker,-9,isn't,0,0,0
t0184,four_talker,-6,isn't,0,0,0
t0184,four_talker,-3,design,0,0,0
t0184,four_talker,0,design,0,0,0
t0184,four_talker,3,design,0,0,0
t0184,babble,-9,designed,1,0,0
t0184,babble,-6,designed,1,0,0
t0184,babble,-3,designed,1,0,0
t0184,babble,0,designed,1,0,0
t0184,babble,3,designed,1,0,0
t0184,issn,-9,music,0,0,0
t0184,issn,-6,music,0,0,0
t0184,issn,-3,designed,1,0,0
t0184,issn,0,designed,1,0,0
t0184,issn,3,design,0,0,0
t0185,no_distractor,inf,against,1,0,0
t0185,one_same,-9,series,0,0,0
t0185,one_same,-6,against,1,0,0
t0185,one_same,-3,against,1,0,0
t0185,one_same,0,against,1,0,0
t0185,one_same,3,against,1,0,0
t0185,one_diff,-9,politics,0,0,0
t0185,one_diff,-6,politics,0,0,0
t0185,one_diff,-3,against,1,0,0
t0185,one_diff,0,against,1,0,0
t0185,one_diff,3,against,1,0,0
t0185,two_talker,-9,reviews,0,0,0
t0185,two_talker,-6,reviews,0,0,0
t0185,two_talker,-3,against,1,0,0
t0185,two_talker,0,against,1,0,0
t0185,two_talker,3,against,1,0,0
t0185,four_talker,-9,through,0,0,0
t0185,four_talker,-6,created,0,0,0
t0185,four_talker,-3,games,0,0,0
t0185,four_talker,0,against,1,0,0
t0185,four_talker,3,against,1,0,0
t0185,babble,-9,operates,0,0,0
t0185,babble,-6,raised,0,0,0
t0185,babble,-3,against,1,0,0
t0185,babble,0,against,1,0,0
t0185,babble,3,against,1,0,0
t0185,issn,-9,business,0,0,0
t0185,issn,-6,business,0,0,0
t0185,issn,-3,business,0,0,0
t0185,issn,0,against,1,0,0
t0185,issn,3,against,1,0,0
t0186,no_distractor,inf,similar,1,0,0
t0186,one_same,-9,position,0,1,1
t0186,one_same,-6,position,0,1,1
t0186,one_same,-3,similar,1,0,0
t0186,one_same,0,similar,1,0,0
t0186,one_same,3,similar,1,0,0
t0186,one_diff,-9,similar,1,0,0
t0186,one_diff,-6,similar,1,0,0
t0186,one_diff,-3,similar,1,0,0
t0186,one_diff,0,similar,1,0,0
t0186,one_diff,3,similar,1,0,0
t0186,two_talker,-9,specific,0,0,0
t0186,two_talker,-6,similar,1,0,0
t0186,two_talker,-3,similar,1,0,0
t0186,two_talker,0,similar,1,0,0
t0186,two_talker,3,similar,1,0,0
t0186,four_talker,-9,speak,0,0,0
t0186,four_talker,-6,speak,0,0,0
t0186,four_talker,-3,speak,0,0,0
t0186,four_talker,0,speak,0,0,0
t0186,four_talker,3,smith,0,0,0
t0186,babble,-9,station,0,0,0
t0186,babble,-6,stage,0,0,0
t0186,babble,-3,stage,0,0,0
t0186,babble,0,station,0,0,0
t0186,babble,3,smith,0,0,0
t0186,issn,-9,association,0,0,0
t0186,issn,-6,association,0,0,0
t0186,issn,-3,relationship,0,0,0
t0186,issn,0,similar,1,0,0
t0186,issn,3,similar,1,0,0
t0187,no_distractor,inf,future,1,0,0
t0187,one_same,-9,function,0,1,1
t0187,one_same,-6,function,0,1,1
t0187,one_same,-3,function,0,1,1
t0187,one_same,0,function,0,1,1
t0187,one_same,3,function,0,1,1
t0187,one_diff,-9,future,1,0,0
t0187,one_diff,-6,future,1,0,0
t0187,one_diff,-3,future,1,0,0
t0187,one_diff,0,future,1,0,0
t0187,one_diff,3,future,1,0,0
t0187,two_talker,-9,function,0,1,1
t0187,two_talker,-6,function,0,1,1
t0187,two_talker,-3,function,0,1,1
t0187,two_talker,0,function,0,1,1
t0187,two_talker,3,function,0,1,1
t0187,four_talker,-9,field,0,0,0
t0187,four_talker,-6,field,0,0,0
t0187,four_talker,-3,field,0,0,0
t0187,four_talker,0,function,0,1,1
t0187,four_talker,3,future,1,0,0
t0187,babble,-9,government,0,0,0
t0187,babble,-6,government,0,0,0
t0187,babble,-3,german,0,0,0
t0187,babble,0,german,0,0,0
t0187,babble,3,german,0,0,0
t0187,issn,-9,limited,0,0,0
t0187,issn,-6,military,0,0,0
t0187,issn,-3,military,0,0,0
t0187,issn,0,return,0,0,0
t0187,issn,3,return,0,0,0
t0188,no_distractor,inf,eastern,1,0,0
t0188,one_same,-9,generally,0,1,1
t0188,one_same,-6,generally,0,1,1
t0188,one_same,-3,generally,0,1,1
t0188,one_same,0,eastern,1,0,0
t0188,one_same,3,eastern,1,0,0
t0188,one_diff,-9,history,0,0,0
t0188,one_diff,-6,eastern,1,0,0
t0188,one_diff,-3,eastern,1,0,0
t0188,one_diff,0,eastern,1,0,0
t0188,one_diff,3,eastern,1,0,0
t0188,two_talker,-9,generally,0,1,1
t0188,two_talker,-6,generally,0,1,1
t0188,two_talker,-3,generally,0,1,1
t0188,two_talker,0,history,0,0,0
t0188,two_talker,3,eastern,1,0,0
t0188,four_talker,-9,national,0,0,0
t0188,four_talker,-6,national,0,0,0
t0188,four_talker,-3,national,0,0,0
t0188,four_talker,0,understood,0,0,0
t0188,four_talker,3,understood,0,0,0
t0188,babble,-9,action,0,0,0
t0188,babble,-6,action,0,0,0
t0188,babble,-3,action,0,0,0
t0188,babble,0,after,0,1,1
t0188,babble,3,after,0,1,1
t0188,issn,-9,listed,0,0,0
t0188,issn,-6,listed,0,0,0
t0188,issn,-3,listed,0,0,0
t0188,issn,0,eastern,1,0,0
t0188,issn,3,eastern,1,0,0
t0189,no_distractor,inf,following,1,0,0
t0189,one_same,-9,several,0,1,1
t0189,one_same,-6,certain,0,0,0
t0189,one_same,-3,suddenly,0,0,0
t0189,one_same,0,following,1,0,0
t0189,one_same,3,following,1,0,0
t0189,one_diff,-9,following,1,0,0
t0189,one_diff,-6,following,1,0,0
t0189,one_diff,-3,following,1,0,0
t0189,one_diff,0,following,1,0,0
t0189,one_diff,3,following,1,0,0
t0189,two_talker,-9,seven,0,0,0
t0189,two_talker,-6,following,1,0,0
t0189,two_talker,-3,following,1,0,0
t0189,two_talker,0,following,1,0,0
t0189,two_talker,3,following,1,0,0
t0189,four_talker,-9,following,1,0,0
t0189,four_talker,-6,following,1,0,0
t0189,four_talker,-3,following,1,0,0
t0189,four_talker,0,following,1,0,0
t0189,four_talker,3,following,1,0,0
t0189,babble,-9,following,1,0,0
t0189,babble,-6,following,1,0,0
t0189,babble,-3,following,1,0,0
t0189,babble,0,following,1,0,0
t0189,babble,3,following,1,0,0
t0189,issn,-9,following,1,0,0
t0189,issn,-6,following,1,0,0
t0189,issn,-3,following,1,0,0
t0189,issn,0,following,1,0,0
t0189,issn,3,following,1,0,0
t0190,no_distractor,inf,season,1,0,0
t0190,one_same,-9,season,1,0,0
t0190,one_same,-6,season,1,0,0
t0190,one_same,-3,season,1,0,0
t0190,one_same,0,season,1,0,0
t0190,one_same,3,season,1,0,0
t0190,one_diff,-9,season,1,0,0
t0190,one_diff,-6,season,1,0,0
t0190,one_diff,-3,season,1,0,0
t0190,one_diff,0,season,1,0,0
t0190,one_diff,3,season,1,0,0
t0190,two_talker,-9,season,1,0,0
t0190,two_talker,-6,season,1,0,0
t0190,two_talker,-3,season,1,0,0
t0190,two_talker,0,season,1,0,0
t0190,two_talker,3,season,1,0,0
t0190,four_talker,-9,season,1,0,0
t0190,four_talker,-6,season,1,0,0
t0190,four_talker,-3,season,1,0,0
t0190,four_talker,0,season,1,0,0
t0190,four_talker,3,season,1,0,0
t0190,babble,-9,season,1,0,0
t0190,babble,-6,season,1,0,0
t0190,babble,-3,season,1,0,0
t0190,babble,0,season,1,0,0
t0190,babble,3,season,1,0,0
t0190,issn,-9,museum,0,0,0
t0190,issn,-6,museum,0,0,0
t0190,issn,-3,season,1,0,0
t0190,issn,0,season,1,0,0
t0190,issn,3,season,1,0,0
t0191,no_distractor,inf,california,1,0,0
t0191,one_same,-9,capital,0,0,0
t0191,one_same,-6,california,1,0,0
t0191,one_same,-3,california,1,0,0
t0191,one_same,0,california,1,0,0
t0191,one_same,3,california,1,0,0
t0191,one_diff,-9,current,0,0,0
t0191,one_diff,-6,cover,0,0,0
t0191,one_diff,-3,california,1,0,0
t0191,one_diff,0,california,1,0,0
t0191,one_diff,3,california,1,0,0
t0191,two_talker,-9,character,0,0,0
t0191,two_talker,-6,character,0,0,0
t0191,two_talker,-3,character,0,0,0
t0191,two_talker,0,character,0,0,0
t0191,two_talker,3,california,1,0,0
t0191,four_talker,-9,tower,0,0,0
t0191,four_talker,-6,tower,0,0,0
t0191,four_talker,-3,tower,0,0,0
t0191,four_talker,0,california,1,0,0
t0191,four_talker,3,california,1,0,0
t0191,babble,-9,tower,0,0,0
t0191,babble,-6,tower,0,0,0
t0191,babble,-3,california,1,0,0
t0191,babble,0,california,1,0,0
t0191,babble,3,california,1,0,0
t0191,issn,-9,california,1,0,0
t0191,issn,-6,california,1,0,0
t0191,issn,-3,california,1,0,0
t0191,issn,0,california,1,0,0
t0191,issn,3,california,1,0,0
t0192,no_distractor,inf,canada,1,0,0
t0192,one_same,-9,canada,1,0,0
t0192,one_same,-6,canada,1,0,0
t0192,one_same,-3,canada,1,0,0
t0192,one_same,0,canada,1,0,0
t0192,one_same,3,canada,1,0,0
t0192,one_diff,-9,canada,1,0,0
t0192,one_diff,-6,canada,1,0,0
t0192,one_diff,-3,canada,1,0,0
t0192,one_diff,0,canada,1,0,0
t0192,one_diff,3,canada,1,0,0
t0192,two_talker,-9,canada,1,0,0
t0192,two_talker,-6,canada,1,0,0
t0192,two_talker,-3,canada,1,0,0
t0192,two_talker,0,canada,1,0,0
t0192,two_talker,3,canada,1,0,0
t0192,four_talker,-9,attack,0,0,0
t0192,four_talker,-6,canada,1,0,0
t0192,four_talker,-3,canada,1,0,0
t0192,four_talker,0,canada,1,0,0
t0192,four_talker,3,canada,1,0,0
t0192,babble,-9,tower,0,0,0
t0192,babble,-6,capital,0,0,0
t0192,babble,-3,canada,1,0,0
t0192,babble,0,canada,1,0,0
t0192,babble,3,canada,1,0,0
t0192,issn,-9,canada,1,0,0
t0192,issn,-6,canada,1,0,0
t0192,issn,-3,canada,1,0,0
t0192,issn,0,canada,1,0,0
t0192,issn,3,canada,1,0,0
t0193,no_distractor,inf,based,1,0,0
t0193,one_same,-9,based,1,0,0
t0193,one_same,-6,based,1,0,0
t0193,one_same,-3,based,1,0,0
t0193,one_same,0,based,1,0,0
t0193,one_same,3,based,1,0,0
t0193,one_diff,-9,based,1,0,0
t0193,one_diff,-6,based,1,0,0
t0193,one_diff,-3,based,1,0,0
t0193,one_diff,0,based,1,0,0
t0193,one_diff,3,based,1,0,0
t0193,two_talker,-9,based,1,0,0
t0193,two_talker,-6,based,1,0,0
t0193,two_talker,-3,based,1,0,0
t0193,two_talker,0,based,1,0,0
t0193,two_talker,3,based,1,0,0
t0193,four_talker,-9,others,0,0,0
t0193,four_talker,-6,others,0,0,0
t0193,four_talker,-3,based,1,0,0
t0193,four_talker,0,based,1,0,0
t0193,four_talker,3,based,1,0,0
t0193,babble,-9,almost,0,1,1
t0193,babble,-6,almost,0,1,1
t0193,babble,-3,based,1,0,0
t0193,babble,0,based,1,0,0
t0193,babble,3,based,1,0,0
t0193,issn,-9,published,0,0,0
t0193,issn,-6,raised,0,0,0
t0193,issn,-3,placed,0,0,0
t0193,issn,0,placed,0,0,0
t0193,issn,3,placed,0,0,0
t0194,no_distractor,inf,recent,1,0,0
t0194,one_same,-9,carried,0,1,1
t0194,one_same,-6,received,0,0,0
t0194,one_same,-3,received,0,0,0
t0194,one_same,0,received,0,0,0
t0194,one_same,3,received,0,0,0
t0194,one_diff,-9,recent,1,0,0
t0194,one_diff,-6,recent,1,0,0
t0194,one_diff,-3,recent,1,0,0
t0194,one_diff,0,recent,1,0,0
t0194,one_diff,3,recent,1,0,0
t0194,two_talker,-9,various,0,0,0
t0194,two_talker,-6,music,0,0,0
t0194,two_talker,-3,music,0,0,0
t0194,two_talker,0,music,0,0,0
t0194,two_talker,3,recent,1,0,0
t0194,four_talker,-9,provides,0,0,0
t0194,four_talker,-6,musical,0,0,0
t0194,four_talker,-3,musical,0,0,0
t0194,four_talker,0,recent,1,0,0
t0194,four_talker,3,recent,1,0,0
t0194,babble,-9,married,0,0,0
t0194,babble,-6,variety,0,0,0
t0194,babble,-3,similar,0,0,0
t0194,babble,0,recent,1,0,0
t0194,babble,3,recent,1,0,0
t0194,issn,-9,eastern,0,0,0
t0194,issn,-6,recent,1,0,0
t0194,issn,-3,recent,1,0,0
t0194,issn,0,recent,1,0,0
t0194,issn,3,recent,1,0,0
t0195,no_distractor,inf,years,1,0,0
t0195,one_same,-9,known,0,1,1
t0195,one_same,-6,notable,0,0,0
t0195,one_same,-3,notable,0,0,0
t0195,one_same,0,appearance,0,0,0
t0195,one_same,3,software,0,0,0
t0195,one_diff,-9,means,0,0,0
t0195,one_diff,-6,means,0,0,0
t0195,one_diff,-3,means,0,0,0
t0195,one_diff,0,means,0,0,0
t0195,one_diff,3,means,0,0,0
t0195,two_talker,-9,aircraft,0,0,0
t0195,two_talker,-6,aircraft,0,0,0
t0195,two_talker,-3,software,0,0,0
t0195,two_talker,0,numerous,0,0,0
t0195,two_talker,3,numerous,0,0,0
t0195,four_talker,-9,sometimes,0,0,0
t0195,four_talker,-6,sometimes,0,0,0
t0195,four_talker,-3,library,0,0,0
t0195,four_talker,0,names,0,0,0
t0195,four_talker,3,years,1,0,0
t0195,babble,-9,sometimes,0,0,0
t0195,babble,-6,sometimes,0,0,0
t0195,babble,-3,types,0,0,0
t0195,babble,0,years,1,0,0
t0195,babble,3,years,1,0,0
t0195,issn,-9,division,0,0,0
t0195,issn,-6,lives,0,0,0
t0195,issn,-3,years,1,0,0
t0195,issn,0,years,1,0,0
t0195,issn,3,years,1,0,0
t0196,no_distractor,inf,library,1,0,0
t0196,one_same,-9,michael,0,0,0
t0196,one_same,-6,michael,0,0,0
t0196,one_same,-3,michael,0,0,0
t0196,one_same,0,library,1,0,0
t0196,one_same,3,library,1,0,0
t0196,one_diff,-9,described,0,0,0
t0196,one_diff,-6,described,0,0,0
t0196,one_diff,-3,described,0,0,0
t0196,one_diff,0,described,0,0,0
t0196,one_diff,3,library,1,0,0
t0196,two_talker,-9,friends,0,0,0
t0196,two_talker,-6,friends,0,0,0
t0196,two_talker,-3,fight,0,0,0
t0196,two_talker,0,fight,0,0,0
t0196,two_talker,3,fight,0,0,0
t0196,four_talker,-9,effect,0,0,0
t0196,four_talker,-6,offered,0,0,0
t0196,four_talker,-3,offered,0,0,0
t0196,four_talker,0,despite,0,0,0
t0196,four_talker,3,widely,0,0,0
t0196,babble,-9,continues,0,0,0
t0196,babble,-6,culture,0,0,0
t0196,babble,-3,culture,0,0,0
t0196,babble,0,society,0,0,0
t0196,babble,3,society,0,0,0
t0196,issn,-9,study,0,0,0
t0196,issn,-6,study,0,0,0
t0196,issn,-3,described,0,0,0
t0196,issn,0,described,0,0,0
t0196,issn,3,library,1,0,0
t0197,no_distractor,inf,radio,1,0,0
t0197,one_same,-9,radio,1,0,0
t0197,one_same,-6,radio,1,0,0
t0197,one_same,-3,radio,1,0,0
t0197,one_same,0,radio,1,0,0
t0197,one_same,3,radio,1,0,0
t0197,one_diff,-9,radio,1,0,0
t0197,one_diff,-6,radio,1,0,0
t0197,one_diff,-3,radio,1,0,0
t0197,one_diff,0,radio,1,0,0
t0197,one_diff,3,radio,1,0,0
t0197,two_talker,-9,radio,1,0,0
t0197,two_talker,-6,radio,1,0,0
t0197,two_talker,-3,radio,1,0,0
t0197,two_talker,0,radio,1,0,0
t0197,two_talker,3,radio,1,0,0
t0197,four_talker,-9,river,0,0,0
t0197,four_talker,-6,river,0,0,0
t0197,four_talker,-3,railroad,0,0,0
t0197,four_talker,0,railroad,0,0,0
t0197,four_talker,3,radio,1,0,0
t0197,babble,-9,brothers,0,0,0
t0197,babble,-6,brothers,0,0,0
t0197,babble,-3,brother,0,0,0
t0197,babble,0,regular,0,0,0
t0197,babble,3,radio,1,0,0
t0197,issn,-9,regular,0,0,0
t0197,issn,-6,radio,1,0,0
t0197,issn,-3,radio,1,0,0
t0197,issn,0,radio,1,0,0
t0197,issn,3,radio,1,0,0
t0198,no_distractor,inf,educated,1,0,0
t0198,one_same,-9,educated,1,0,0
t0198,one_same,-6,educated,1,0,0
t0198,one_same,-3,educated,1,0,0
t0198,one_same,0,educated,1,0,0
t0198,one_same,3,educated,1,0,0
t0198,one_diff,-9,educated,1,0,0
t0198,one_diff,-6,educated,1,0,0
t0198,one_diff,-3,educated,1,0,0
t0198,one_diff,0,educated,1,0,0
t0198,one_diff,3,educated,1,0,0
t0198,two_talker,-9,commercial,0,0,0
t0198,two_talker,-6,educated,1,0,0
t0198,two_talker,-3,educated,1,0,0
t0198,two_talker,0,educated,1,0,0
t0198,two_talker,3,educated,1,0,0
t0198,four_talker,-9,educated,1,0,0
t0198,four_talker,-6,educated,1,0,0
t0198,four_talker,-3,educated,1,0,0
t0198,four_talker,0,educated,1,0,0
t0198,four_talker,3,educated,1,0,0
t0198,babble,-9,official,0,0,0
t0198,babble,-6,canadian,0,0,0
t0198,babble,-3,educated,1,0,0
t0198,babble,0,educated,1,0,0
t0198,babble,3,educated,1,0,0
t0198,issn,-9,england,0,0,0
t0198,issn,-6,educated,1,0,0
t0198,issn,-3,educated,1,0,0
t0198,issn,0,educated,1,0,0
t0198,issn,3,educated,1,0,0
t0199,no_distractor,inf,school,1,0,0
t0199,one_same,-9,listed,0,0,0
t0199,one_same,-6,listed,0,0,0
t0199,one_same,-3,career,0,0,0
t0199,one_same,0,career,0,0,0
t0199,one_same,3,career,0,0,0
t0199,one_diff,-9,school,1,0,0
t0199,one_diff,-6,school,1,0,0
t0199,one_diff,-3,school,1,0,0
t0199,one_diff,0,school,1,0,0
t0199,one_diff,3,school,1,0,0
t0199,two_talker,-9,career,0,0,0
t0199,two_talker,-6,career,0,0,0
t0199,two_talker,-3,career,0,0,0
t0199,two_talker,0,school,1,0,0
t0199,two_talker,3,school,1,0,0
t0199,four_talker,-9,supported,0,0,0
t0199,four_talker,-6,school,1,0,0
t0199,four_talker,-3,school,1,0,0
t0199,four_talker,0,school,1,0,0
t0199,four_talker,3,school,1,0,0
t0199,babble,-9,hours,0,0,0
t0199,babble,-6,songs,0,0,0
t0199,babble,-3,songs,0,0,0
t0199,babble,0,schools,0,0,1
t0199,babble,3,schools,0,0,1
t0199,issn,-9,considered,0,0,0
t0199,issn,-6,supported,0,0,0
t0199,issn,-3,support,0,0,0
t0199,issn,0,school,1,0,0
t0199,issn,3,school,1,0,0
t0200,no_distractor,inf,international,1,0,0
t0200,one_same,-9,nature,0,0,0
t0200,one_same,-6,international,1,0,0
t0200,one_same,-3,international,1,0,0
t0200,one_same,0,international,1,0,0
t0200,one_same,3,international,1,0,0
t0200,one_diff,-9,enough,0,0,0
t0200,one_diff,-6,national,0,0,0
t0200,one_diff,-3,national,0,0,0
t0200,one_diff,0,national,0,0,0
t0200,one_diff,3,national,0,0,0
t0200,two_talker,-9,construction,0,0,0
t0200,two_talker,-6,international,1,0,0
t0200,two_talker,-3,international,1,0,0
t0200,two_talker,0,international,1,0,0
t0200,two_talker,3,international,1,0,0
t0200,four_talker,-9,theory,0,0,0
t0200,four_talker,-6,internet,0,0,0
t0200,four_talker,-3,internet,0,0,0
t0200,four_talker,0,international,1,0,0
t0200,four_talker,3,international,1,0,0
t0200,babble,-9,words,0,0,0
t0200,babble,-6,words,0,0,0
t0200,babble,-3,results,0,0,0
t0200,babble,0,results,0,0,0
t0200,babble,3,results,0,0,0
t0200,issn,-9,control,0,0,0
t0200,issn,-6,control,0,0,0
t0200,issn,-3,international,1,0,0
t0200,issn,0,international,1,0,0
t0200,issn,3,international,1,0,0
t0201,no_distractor,inf,living,1,0,0
t0201,one_same,-9,entire,0,1,1
t0201,one_same,-6,entire,0,1,1
t0201,one_same,-3,entire,0,1,1
t0201,one_same,0,entire,0,1,1
t0201,one_same,3,guitar,0,0,0
t0201,one_diff,-9,living,1,0,0
t0201,one_diff,-6,living,1,0,0
t0201,one_diff,-3,living,1,0,0
t0201,one_diff,0,living,1,0,0
t0201,one_diff,3,living,1,0,0
t0201,two_talker,-9,entirely,0,0,0
t0201,two_talker,-6,entirely,0,0,0
t0201,two_talker,-3,entirely,0,0,0
t0201,two_talker,0,video,0,0,0
t0201,two_talker,3,video,0,0,0
t0201,four_talker,-9,entirely,0,0,0
t0201,four_talker,-6,entirely,0,0,0
t0201,four_talker,-3,child,0,0,0
t0201,four_talker,0,majority,0,0,0
t0201,four_talker,3,initially,0,0,0
t0201,babble,-9,child,0,0,0
t0201,babble,-6,china,0,0,0
t0201,babble,-3,child,0,0,0
t0201,babble,0,entirely,0,0,0
t0201,babble,3,didn't,0,0,0
t0201,issn,-9,become,0,0,0
t0201,issn,-6,become,0,0,0
t0201,issn,-3,within,0,0,0
t0201,issn,0,living,1,0,0
t0201,issn,3,living,1,0,0
t0202,no_distractor,inf,things,1,0,0
t0202,one_same,-9,means,0,0,0
t0202,one_same,-6,means,0,0,0
t0202,one_same,-3,means,0,0,0
t0202,one_same,0,things,1,0,0
t0202,one_same,3,things,1,0,0
t0202,one_diff,-9,don't,0,0,0
t0202,one_diff,-6,don't,0,0,0
t0202,one_diff,-3,things,1,0,0
t0202,one_diff,0,things,1,0,0
t0202,one_diff,3,things,1,0,0
t0202,two_talker,-9,comes,0,0,0
t0202,two_talker,-6,forms,0,0,0
t0202,two_talker,-3,films,0,0,0
t0202,two_talker,0,things,1,0,0
t0202,two_talker,3,things,1,0,0
t0202,four_talker,-9,placed,0,0,0
t0202,four_talker,-6,released,0,0,0
t0202,four_talker,-3,police,0,0,0
t0202,four_talker,0,please,0,0,0
t0202,four_talker,3,please,0,0,0
t0202,babble,-9,placed,0,0,0
t0202,babble,-6,please,0,0,0
t0202,babble,-3,please,0,0,0
t0202,babble,0,please,0,0,0
t0202,babble,3,please,0,0,0
t0202,issn,-9,means,0,0,0
t0202,issn,-6,means,0,0,0
t0202,issn,-3,things,1,0,0
t0202,issn,0,things,1,0,0
t0202,issn,3,things,1,0,0
t0203,no_distractor,inf,happen,1,0,0
t0203,one_same,-9,happen,1,0,0
t0203,one_same,-6,happen,1,0,0
t0203,one_same,-3,happen,1,0,0
t0203,one_same,0,happen,1,0,0
t0203,one_same,3,happen,1,0,0
t0203,one_diff,-9,happened,0,0,0
t0203,one_diff,-6,happened,0,0,0
t0203,one_diff,-3,happened,0,0,0
t0203,one_diff,0,happened,0,0,0
t0203,one_diff,3,happened,0,0,0
t0203,two_talker,-9,happened,0,0,0
t0203,two_talker,-6,happened,0,0,0
t0203,two_talker,-3,happened,0,0,0
t0203,two_talker,0,happened,0,0,0
t0203,two_talker,3,happened,0,0,0
t0203,four_talker,-9,happened,0,0,0
t0203,four_talker,-6,happened,0,0,0
t0203,four_talker,-3,happened,0,0,0
t0203,four_talker,0,happened,0,0,0
t0203,four_talker,3,happened,0,0,0
t0203,babble,-9,highly,0,0,0
t0203,babble,-6,family,0,0,0
t0203,babble,-3,family,0,0,0
t0203,babble,0,happen,1,0,0
t0203,babble,3,happen,1,0,0
t0203,issn,-9,added,0,0,0
t0203,issn,-6,added,0,0,0
t0203,issn,-3,happened,0,0,0
t0203,issn,0,happen,1,0,0
t0203,issn,3,happen,1,0,0
t0204,no_distractor,inf,community,1,0,0
t0204,one_same,-9,creek,0,0,0
t0204,one_same,-6,created,0,1,1
t0204,one_same,-3,means,0,0,0
t0204,one_same,0,needs,0,0,0
t0204,one_same,3,means,0,0,0
t0204,one_diff,-9,community,1,0,0
t0204,one_diff,-6,community,1,0,0
t0204,one_diff,-3,community,1,0,0
t0204,one_diff,0,community,1,0,0
t0204,one_diff,3,community,1,0,0
t0204,two_talker,-9,failed,0,0,0
t0204,two_talker,-6,failed,0,0,0
t0204,two_talker,-3,native,0,0,0
t0204,two_talker,0,native,0,0,0
t0204,two_talker,3,community,1,0,0
t0204,four_talker,-9,showed,0,0,0
t0204,four_talker,-6,field,0,0,0
t0204,four_talker,-3,field,0,0,0
t0204,four_talker,0,field,0,0,0
t0204,four_talker,3,community,1,0,0
t0204,babble,-9,highly,0,0,0
t0204,babble,-6,highly,0,0,0
t0204,babble,-3,married,0,0,0
t0204,babble,0,night,0,0,0
t0204,babble,3,night,0,0,0
t0204,issn,-9,means,0,0,0
t0204,issn,-6,means,0,0,0
t0204,issn,-3,canadian,0,0,0
t0204,issn,0,community,1,0,0
t0204,issn,3,community,1,0,0
t0205,no_distractor,inf,television,1,0,0
t0205,one_same,-9,township,0,0,0
t0205,one_same,-6,township,0,0,0
t0205,one_same,-3,television,1,0,0
t0205,one_same,0,television,1,0,0
t0205,one_same,3,television,1,0,0
t0205,one_diff,-9,television,1,0,0
t0205,one_diff,-6,television,1,0,0
t0205,one_diff,-3,television,1,0,0
t0205,one_diff,0,television,1,0,0
t0205,one_diff,3,television,1,0,0
t0205,two_talker,-9,television,1,0,0
t0205,two_talker,-6,television,1,0,0
t0205,two_talker,-3,television,1,0,0
t0205,two_talker,0,television,1,0,0
t0205,two_talker,3,television,1,0,0
t0205,four_talker,-9,chinese,0,0,0
t0205,four_talker,-6,chinese,0,0,0
t0205,four_talker,-3,types,0,0,0
t0205,four_talker,0,television,1,0,0
t0205,four_talker,3,television,1,0,0
t0205,babble,-9,other,0,0,1
t0205,babble,-6,other,0,0,1
t0205,babble,-3,television,1,0,0
t0205,babble,0,television,1,0,0
t0205,babble,3,television,1,0,0
t0205,issn,-9,addition,0,0,0
t0205,issn,-6,addition,0,0,0
t0205,issn,-3,addition,0,0,0
t0205,issn,0,addition,0,0,0
t0205,issn,3,television,1,0,0
t0206,no_distractor,inf,there,1,0,0
t0206,one_same,-9,terms,0,0,0
t0206,one_same,-6,terms,0,0,0
t0206,one_same,-3,there,1,0,0
t0206,one_same,0,there,1,0,0
t0206,one_same,3,there,1,0,0
t0206,one_diff,-9,caused,0,0,0
t0206,one_diff,-6,stars,0,0,0
t0206,one_diff,-3,stars,0,0,0
t0206,one_diff,0,there's,0,0,0
t0206,one_diff,3,there's,0,0,0
t0206,two_talker,-9,films,0,0,0
t0206,two_talker,-6,films,0,0,0
t0206,two_talker,-3,there's,0,0,0
t0206,two_talker,0,there's,0,0,0
t0206,two_talker,3,there's,0,0,0
t0206,four_talker,-9,fourth,0,0,0
t0206,four_talker,-6,voice,0,0,0
t0206,four_talker,-3,voice,0,0,0
t0206,four_talker,0,voice,0,0,0
t0206,four_talker,3,voice,0,0,0
t0206,babble,-9,divided,0,0,0
t0206,babble,-6,divided,0,0,0
t0206,babble,-3,death,0,0,0
t0206,babble,0,though,0,0,0
t0206,babble,3,though,0,0,0
t0206,issn,-9,events,0,0,0
t0206,issn,-6,players,0,0,0
t0206,issn,-3,players,0,0,0
t0206,issn,0,players,0,0,0
t0206,issn,3,players,0,0,0
t0207,no_distractor,inf,large,1,0,0
t0207,one_same,-9,office,0,1,1
t0207,one_same,-6,largest,0,0,0
t0207,one_same,-3,large,1,0,0
t0207,one_same,0,large,1,0,0
t0207,one_same,3,large,1,0,0
t0207,one_diff,-9,national,0,0,0
t0207,one_diff,-6,large,1,0,0
t0207,one_diff,-3,large,1,0,0
t0207,one_diff,0,large,1,0,0
t0207,one_diff,3,large,1,0,0
t0207,two_talker,-9,others,0,0,0
t0207,two_talker,-6,thomas,0,0,0
t0207,two_talker,-3,large,1,0,0
t0207,two_talker,0,large,1,0,0
t0207,two_talker,3,large,1,0,0
t0207,four_talker,-9,others,0,0,0
t0207,four_talker,-6,others,0,0,0
t0207,four_talker,-3,established,0,0,0
t0207,four_talker,0,largest,0,0,0
t0207,four_talker,3,large,1,0,0
t0207,babble,-9,mother,0,0,0
t0207,babble,-6,largest,0,0,0
t0207,babble,-3,large,1,0,0
t0207,babble,0,large,1,0,0
t0207,babble,3,large,1,0,0
t0207,issn,-9,national,0,0,0
t0207,issn,-6,national,0,0,0
t0207,issn,-3,large,1,0,0
t0207,issn,0,large,1,0,0
t0207,issn,3,large,1,0,0
t0208,no_distractor,inf,plant,1,0,0
t0208,one_same,-9,heart,0,1,1
t0208,one_same,-6,heart,0,1,1
t0208,one_same,-3,heart,0,1,1
t0208,one_same,0,heart,0,1,1
t0208,one_same,3,heart,0,1,1
t0208,one_diff,-9,plant,1,0,0
t0208,one_diff,-6,plant,1,0,0
t0208,one_diff,-3,plant,1,0,0
t0208,one_diff,0,plant,1,0,0
t0208,one_diff,3,plant,1,0,0
t0208,two_talker,-9,heart,0,1,1
t0208,two_talker,-6,heart,0,1,1
t0208,two_talker,-3,heart,0,1,1
t0208,two_talker,0,heart,0,1,1
t0208,two_talker,3,rights,0,0,0
t0208,four_talker,-9,heart,0,1,1
t0208,four_talker,-6,heart,0,1,1
t0208,four_talker,-3,heart,0,1,1
t0208,four_talker,0,tried,0,0,0
t0208,four_talker,3,rights,0,0,0
t0208,babble,-9,tried,0,0,0
t0208,babble,-6,tried,0,0,0
t0208,babble,-3,final,0,0,0
t0208,babble,0,writer,0,0,0
t0208,babble,3,writer,0,0,0
t0208,issn,-9,notable,0,0,0
t0208,issn,-6,military,0,0,0
t0208,issn,-3,plant,1,0,0
t0208,issn,0,plant,1,0,0
t0208,issn,3,plant,1,0,0
t0209,no_distractor,inf,working,1,0,0
t0209,one_same,-9,while,0,1,1
t0209,one_same,-6,while,0,1,1
t0209,one_same,-3,while,0,1,1
t0209,one_same,0,while,0,1,1
t0209,one_same,3,while,0,1,1
t0209,one_diff,-9,wanted,0,0,0
t0209,one_diff,-6,working,1,0,0
t0209,one_diff,-3,working,1,0,0
t0209,one_diff,0,working,1,0,0
t0209,one_diff,3,working,1,0,0
t0209,two_talker,-9,while,0,1,1
t0209,two_talker,-6,while,0,1,1
t0209,two_talker,-3,while,0,1,1
t0209,two_talker,0,while,0,1,1
t0209,two_talker,3,while,0,1,1
t0209,four_talker,-9,below,0,0,0
t0209,four_talker,-6,below,0,0,0
t0209,four_talker,-3,people,0,0,0
t0209,four_talker,0,waiting,0,0,0
t0209,four_talker,3,making,0,0,0
t0209,babble,-9,working,1,0,0
t0209,babble,-6,working,1,0,0
t0209,babble,-3,working,1,0,0
t0209,babble,0,working,1,0,0
t0209,babble,3,working,1,0,0
t0209,issn,-9,within,0,0,0
t0209,issn,-6,within,0,0,0
t0209,issn,-3,project,0,0,0
t0209,issn,0,project,0,0,0
t0209,issn,3,important,0,0,0
t0210,no_distractor,inf,construction,1,0,0
t0210,one_same,-9,construction,1,0,0
t0210,one_same,-6,construction,1,0,0
t0210,one_same,-3,construction,1,0,0
t0210,one_same,0,construction,1,0,0
t0210,one_same,3,construction,1,0,0
t0210,one_diff,-9,collection,0,0,0
t0210,one_diff,-6,collection,0,0,0
t0210,one_diff,-3,construction,1,0,0
t0210,one_diff,0,construction,1,0,0
t0210,one_diff,3,construction,1,0,0
t0210,two_talker,-9,section,0,0,0
t0210,two_talker,-6,special,0,0,0
t0210,two_talker,-3,special,0,0,0
t0210,two_talker,0,special,0,0,0
t0210,two_talker,3,construction,1,0,0
t0210,four_talker,-9,seven,0,1,1
t0210,four_talker,-6,seven,0,1,1
t0210,four_talker,-3,seven,0,1,1
t0210,four_talker,0,personal,0,0,0
t0210,four_talker,3,construction,1,0,0
t0210,babble,-9,itself,0,0,0
t0210,babble,-6,professional,0,0,0
t0210,babble,-3,personal,0,0,0
t0210,babble,0,personal,0,0,0
t0210,babble,3,personal,0,0,0
t0210,issn,-9,construction,1,0,0
t0210,issn,-6,construction,1,0,0
t0210,issn,-3,construction,1,0,0
t0210,issn,0,construction,1,0,0
t0210,issn,3,construction,1,0,0
t0211,no_distractor,inf,light,0,0,0
t0211,one_same,-9,design,0,0,0
t0211,one_same,-6,design,0,0,0
t0211,one_same,-3,designed,0,1,1
t0211,one_same,0,black,1,0,0
t0211,one_same,3,black,1,0,0
t0211,one_diff,-9,character,0,0,0
t0211,one_diff,-6,black,1,0,0
t0211,one_diff,-3,black,1,0,0
t0211,one_diff,0,black,1,0,0
t0211,one_diff,3,black,1,0,0
t0211,two_talker,-9,designed,0,1,1
t0211,two_talker,-6,designed,0,1,1
t0211,two_talker,-3,black,1,0,0
t0211,two_talker,0,black,1,0,0
t0211,two_talker,3,black,1,0,0
t0211,four_talker,-9,largest,0,0,0
t0211,four_talker,-6,black,1,0,0
t0211,four_talker,-3,black,1,0,0
t0211,four_talker,0,black,1,0,0
t0211,four_talker,3,black,1,0,0
t0211,babble,-9,black,1,0,0
t0211,babble,-6,black,1,0,0
t0211,babble,-3,black,1,0,0
t0211,babble,0,black,1,0,0
t0211,babble,3,black,1,0,0
t0211,issn,-9,tower,0,0,0
t0211,issn,-6,tower,0,0,0
t0211,issn,-3,learn,0,0,0
t0211,issn,0,write,0,0,0
t0211,issn,3,write,0,0,0
t0212,no_distractor,inf,playing,1,0,0
t0212,one_same,-9,played,0,0,0
t0212,one_same,-6,played,0,0,0
t0212,one_same,-3,played,0,0,0
t0212,one_same,0,playing,1,0,0
t0212,one_same,3,playing,1,0,0
t0212,one_diff,-9,named,0,0,0
t0212,one_diff,-6,playing,1,0,0
t0212,one_diff,-3,playing,1,0,0
t0212,one_diff,0,playing,1,0,0
t0212,one_diff,3,playing,1,0,0
t0212,two_talker,-9,green,0,0,0
t0212,two_talker,-6,green,0,0,0
t0212,two_talker,-3,green,0,0,0
t0212,two_talker,0,playing,1,0,0
t0212,two_talker,3,playing,1,0,0
t0212,four_talker,-9,range,0,0,0
t0212,four_talker,-6,range,0,0,0
t0212,four_talker,-3,green,0,0,0
t0212,four_talker,0,playing,1,0,0
t0212,four_talker,3,playing,1,0,0
t0212,babble,-9,plays,0,0,0
t0212,babble,-6,plays,0,0,0
t0212,babble,-3,plays,0,0,0
t0212,babble,0,playing,1,0,0
t0212,babble,3,playing,1,0,0
t0212,issn,-9,director,0,0,0
t0212,issn,-6,bring,0,0,0
t0212,issn,-3,green,0,0,0
t0212,issn,0,green,0,0,0
t0212,issn,3,playing,1,0,0
t0213,no_distractor,inf,young,1,0,0
t0213,one_same,-9,services,0,0,0
t0213,one_same,-6,ground,0,0,0
t0213,one_same,-3,ground,0,0,0
t0213,one_same,0,young,1,0,0
t0213,one_same,3,young,1,0,0
t0213,one_diff,-9,unique,0,0,0
t0213,one_diff,-6,young,1,0,0
t0213,one_diff,-3,young,1,0,0
t0213,one_diff,0,young,1,0,0
t0213,one_diff,3,young,1,0,0
t0213,two_talker,-9,services,0,0,0
t0213,two_talker,-6,known,0,0,0
t0213,two_talker,-3,known,0,0,0
t0213,two_talker,0,young,1,0,0
t0213,two_talker,3,young,1,0,0
t0213,four_talker,-9,several,0,0,0
t0213,four_talker,-6,several,0,0,0
t0213,four_talker,-3,serves,0,0,0
t0213,four_talker,0,serves,0,0,0
t0213,four_talker,3,young,1,0,0
t0213,babble,-9,civil,0,0,0
t0213,babble,-6,lower,0,0,0
t0213,babble,-3,lower,0,0,0
t0213,babble,0,lower,0,0,0
t0213,babble,3,young,1,0,0
t0213,issn,-9,never,0,0,0
t0213,issn,-6,young,1,0,0
t0213,issn,-3,can't,0,0,0
t0213,issn,0,young,1,0,0
t0213,issn,3,young,1,0,0
t0214,no_distractor,inf,person,1,0,0
t0214,one_same,-9,person,1,0,0
t0214,one_same,-6,person,1,0,0
t0214,one_same,-3,person,1,0,0
t0214,one_same,0,person,1,0,0
t0214,one_same,3,person,1,0,0
t0214,one_diff,-9,person,1,0,0
t0214,one_diff,-6,person,1,0,0
t0214,one_diff,-3,person,1,0,0
t0214,one_diff,0,person,1,0,0
t0214,one_diff,3,person,1,0,0
t0214,two_talker,-9,person,1,0,0
t0214,two_talker,-6,person,1,0,0
t0214,two_talker,-3,person,1,0,0
t0214,two_talker,0,person,1,0,0
t0214,two_talker,3,person,1,0,0
t0214,four_talker,-9,should,0,0,0
t0214,four_talker,-6,should,0,0,0
t0214,four_talker,-3,should,0,0,0
t0214,four_talker,0,person,1,0,0
t0214,four_talker,3,person,1,0,0
t0214,babble,-9,doctor,0,1,1
t0214,babble,-6,doctor,0,1,1
t0214,babble,-3,daughter,0,0,0
t0214,babble,0,garden,0,0,0
t0214,babble,3,person,1,0,0
t0214,issn,-9,musical,0,0,0
t0214,issn,-6,person,1,0,0
t0214,issn,-3,person,1,0,0
t0214,issn,0,person,1,0,0
t0214,issn,3,person,1,0,0
t0215,no_distractor,inf,class,1,0,0
t0215,one_same,-9,published,0,0,0
t0215,one_same,-6,published,0,0,0
t0215,one_same,-3,published,0,0,0
t0215,one_same,0,published,0,0,0
t0215,one_same,3,class,1,0,0
t0215,one_diff,-9,summer,0,0,0
t0215,one_diff,-6,summer,0,0,0
t0215,one_diff,-3,science,0,0,0
t0215,one_diff,0,science,0,0,0
t0215,one_diff,3,science,0,0,0
t0215,two_talker,-9,serves,0,0,0
t0215,two_talker,-6,stars,0,0,0
t0215,two_talker,-3,stars,0,0,0
t0215,two_talker,0,stars,0,0,0
t0215,two_talker,3,stars,0,0,0
t0215,four_talker,-9,models,0,0,0
t0215,four_talker,-6,models,0,0,0
t0215,four_talker,-3,models,0,0,0
t0215,four_talker,0,class,1,0,0
t0215,four_talker,3,class,1,0,0
t0215,babble,-9,class,1,0,0
t0215,babble,-6,class,1,0,0
t0215,babble,-3,class,1,0,0
t0215,babble,0,class,1,0,0
t0215,babble,3,class,1,0,0
t0215,issn,-9,council,0,0,0
t0215,issn,-6,songs,0,0,0
t0215,issn,-3,parts,0,0,0
t0215,issn,0,parts,0,0,0
t0215,issn,3,class,1,0,0
t0216,no_distractor,inf,eventually,1,0,0
t0216,one_same,-9,firefox,0,1,1
t0216,one_same,-6,their,0,0,0
t0216,one_same,-3,provide,0,0,0
t0216,one_same,0,provide,0,0,0
t0216,one_same,3,their,0,0,0
t0216,one_diff,-9,eventually,1,0,0
t0216,one_diff,-6,eventually,1,0,0
t0216,one_diff,-3,eventually,1,0,0
t0216,one_diff,0,eventually,1,0,0
t0216,one_diff,3,eventually,1,0,0
t0216,two_talker,-9,provide,0,0,0
t0216,two_talker,-6,provide,0,0,0
t0216,two_talker,-3,provide,0,0,0
t0216,two_talker,0,provide,0,0,0
t0216,two_talker,3,provide,0,0,0
t0216,four_talker,-9,provided,0,0,0
t0216,four_talker,-6,provided,0,0,0
t0216,four_talker,-3,provided,0,0,0
t0216,four_talker,0,provided,0,0,0
t0216,four_talker,3,production,0,0,0
t0216,babble,-9,operations,0,0,0
t0216,babble,-6,divided,0,0,0
t0216,babble,-3,divided,0,0,0
t0216,babble,0,bridge,0,0,0
t0216,babble,3,eventually,1,0,0
t0216,issn,-9,eventually,1,0,0
t0216,issn,-6,eventually,1,0,0
t0216,issn,-3,eventually,1,0,0
t0216,issn,0,eventually,1,0,0
t0216,issn,3,eventually,1,0,0
t0217,no_distractor,inf,community,1,0,0
t0217,one_same,-9,lived,0,1,1
t0217,one_same,-6,lived,0,1,1
t0217,one_same,-3,leave,0,0,0
t0217,one_same,0,leave,0,0,0
t0217,one_same,3,leaving,0,0,0
t0217,one_diff,-9,canadian,0,0,0
t0217,one_diff,-6,canadian,0,0,0
t0217,one_diff,-3,community,1,0,0
t0217,one_diff,0,community,1,0,0
t0217,one_diff,3,community,1,0,0
t0217,two_talker,-9,lived,0,1,1
t0217,two_talker,-6,lived,0,1,1
t0217,two_talker,-3,leave,0,0,0
t0217,two_talker,0,leave,0,0,0
t0217,two_talker,3,named,0,0,0
t0217,four_talker,-9,which,0,1,1
t0217,four_talker,-6,which,0,1,1
t0217,four_talker,-3,which,0,1,1
t0217,four_talker,0,nature,0,0,0
t0217,four_talker,3,regional,0,0,0
t0217,babble,-9,which,0,1,1
t0217,babble,-6,which,0,1,1
t0217,babble,-3,which,0,1,1
t0217,babble,0,which,0,1,1
t0217,babble,3,regional,0,0,0
t0217,issn,-9,junior,0,0,0
t0217,issn,-6,junior,0,0,0
t0217,issn,-3,junior,0,0,0
t0217,issn,0,community,1,0,0
t0217,issn,3,community,1,0,0
t0218,no_distractor,inf,primary,1,0,0
t0218,one_same,-9,primary,1,0,0
t0218,one_same,-6,primary,1,0,0
t0218,one_same,-3,primary,1,0,0
t0218,one_same,0,primary,1,0,0
t0218,one_same,3,primary,1,0,0
t0218,one_diff,-9,highly,0,0,0
t0218,one_diff,-6,private,0,0,0
t0218,one_diff,-3,private,0,0,0
t0218,one_diff,0,private,0,0,0
t0218,one_diff,3,primary,1,0,0
t0218,two_talker,-9,members,0,0,0
t0218,two_talker,-6,primary,1,0,0
t0218,two_talker,-3,primary,1,0,0
t0218,two_talker,0,primary,1,0,0
t0218,two_talker,3,primary,1,0,0
t0218,four_talker,-9,research,0,0,0
t0218,four_talker,-6,series,0,0,0
t0218,four_talker,-3,series,0,0,0
t0218,four_talker,0,private,0,0,0
t0218,four_talker,3,private,0,0,0
t0218,babble,-9,that's,0,1,1
t0218,babble,-6,that's,0,1,1
t0218,babble,-3,that's,0,1,1
t0218,babble,0,hands,0,0,0
t0218,babble,3,hands,0,0,0
t0218,issn,-9,united,0,0,0
t0218,issn,-6,private,0,0,0
t0218,issn,-3,primary,1,0,0
t0218,issn,0,primary,1,0,0
t0218,issn,3,primary,1,0,0
t0219,no_distractor,inf,school,1,0,0
t0219,one_same,-9,believed,0,1,1
t0219,one_same,-6,speak,0,0,0
t0219,one_same,-3,school,1,0,0
t0219,one_same,0,school,1,0,0
t0219,one_same,3,school,1,0,0
t0219,one_diff,-9,school,1,0,0
t0219,one_diff,-6,school,1,0,0
t0219,one_diff,-3,school,1,0,0
t0219,one_diff,0,school,1,0,0
t0219,one_diff,3,school,1,0,0
t0219,two_talker,-9,university,0,0,0
t0219,two_talker,-6,being,0,0,0
t0219,two_talker,-3,school,1,0,0
t0219,two_talker,0,school,1,0,0
t0219,two_talker,3,school,1,0,0
t0219,four_talker,-9,recently,0,0,0
t0219,four_talker,-6,recently,0,0,0
t0219,four_talker,-3,along,0,0,0
t0219,four_talker,0,along,0,0,0
t0219,four_talker,3,along,0,0,0
t0219,babble,-9,named,0,0,0
t0219,babble,-6,named,0,0,0
t0219,babble,-3,named,0,0,0
t0219,babble,0,school,1,0,0
t0219,babble,3,school,1,0,0
t0219,issn,-9,smith,0,0,0
t0219,issn,-6,president,0,0,0
t0219,issn,-3,smith,0,0,0
t0219,issn,0,school,1,0,0
t0219,issn,3,school,1,0,0
t0220,no_distractor,inf,still,1,0,0
t0220,one_same,-9,taught,0,0,0
t0220,one_same,-6,though,0,0,0
t0220,one_same,-3,still,1,0,0
t0220,one_same,0,still,1,0,0
t0220,one_same,3,still,1,0,0
t0220,one_diff,-9,still,1,0,0
t0220,one_diff,-6,still,1,0,0
t0220,one_diff,-3,still,1,0,0
t0220,one_diff,0,still,1,0,0
t0220,one_diff,3,still,1,0,0
t0220,two_talker,-9,don't,0,0,0
t0220,two_talker,-6,don't,0,0,0
t0220,two_talker,-3,don't,0,0,0
t0220,two_talker,0,still,1,0,0
t0220,two_talker,3,still,1,0,0
t0220,four_talker,-9,tower,0,0,0
t0220,four_talker,-6,tower,0,0,0
t0220,four_talker,-3,tower,0,0,0
t0220,four_talker,0,don't,0,0,0
t0220,four_talker,3,still,1,0,0
t0220,babble,-9,water,0,0,0
t0220,babble,-6,tower,0,0,0
t0220,babble,-3,tower,0,0,0
t0220,babble,0,still,1,0,0
t0220,babble,3,still,1,0,0
t0220,issn,-9,general,0,0,0
t0220,issn,-6,until,0,0,0
t0220,issn,-3,until,0,0,0
t0220,issn,0,still,1,0,0
t0220,issn,3,still,1,0,0
t0221,no_distractor,inf,newspaper,1,0,0
t0221,one_same,-9,common,0,1,1
t0221,one_same,-6,common,0,1,1
t0221,one_same,-3,covered,0,0,0
t0221,one_same,0,newspaper,1,0,0
t0221,one_same,3,newspaper,1,0,0
t0221,one_diff,-9,newspaper,1,0,0
t0221,one_diff,-6,newspaper,1,0,0
t0221,one_diff,-3,newspaper,1,0,0
t0221,one_diff,0,newspaper,1,0,0
t0221,one_diff,3,newspaper,1,0,0
t0221,two_talker,-9,minor,0,0,0
t0221,two_talker,-6,minor,0,0,0
t0221,two_talker,-3,newspaper,1,0,0
t0221,two_talker,0,newspaper,1,0,0
t0221,two_talker,3,newspaper,1,0,0
t0221,four_talker,-9,london,0,0,0
t0221,four_talker,-6,notable,0,0,0
t0221,four_talker,-3,noted,0,0,0
t0221,four_talker,0,newspaper,1,0,0
t0221,four_talker,3,newspaper,1,0,0
t0221,babble,-9,students,0,0,0
t0221,babble,-6,students,0,0,0
t0221,babble,-3,listed,0,0,0
t0221,babble,0,newspaper,1,0,0
t0221,babble,3,newspaper,1,0,0
t0221,issn,-9,eastern,0,0,0
t0221,issn,-6,eastern,0,0,0
t0221,issn,-3,newspaper,1,0,0
t0221,issn,0,newspaper,1,0,0
t0221,issn,3,newspaper,1,0,0
t0222,no_distractor,inf,other,1,0,0
t0222,one_same,-9,southern,0,0,0
t0222,one_same,-6,other,1,0,0
t0222,one_same,-3,other,1,0,0
t0222,one_same,0,other,1,0,0
t0222,one_same,3,other,1,0,0
t0222,one_diff,-9,central,0,0,0
t0222,one_diff,-6,award,0,0,0
t0222,one_diff,-3,award,0,0,0
t0222,one_diff,0,award,0,0,0
t0222,one_diff,3,other,1,0,0
t0222,two_talker,-9,couple,0,1,1
t0222,two_talker,-6,couple,0,1,1
t0222,two_talker,-3,above,0,0,0
t0222,two_talker,0,other,1,0,0
t0222,two_talker,3,other,1,0,0
t0222,four_talker,-9,often,0,0,0
t0222,four_talker,-6,often,0,0,0
t0222,four_talker,-3,other,1,0,0
t0222,four_talker,0,southern,0,0,0
t0222,four_talker,3,southern,0,0,0
t0222,babble,-9,often,0,0,0
t0222,babble,-6,study,0,0,0
t0222,babble,-3,study,0,0,0
t0222,babble,0,stone,0,0,0
t0222,babble,3,still,0,0,0
t0222,issn,-9,several,0,0,0
t0222,issn,-6,several,0,0,0
t0222,issn,-3,southern,0,0,0
t0222,issn,0,similar,0,0,0
t0222,issn,3,other,1,0,0
t0223,no_distractor,inf,since,1,0,0
t0223,one_same,-9,writer,0,0,0
t0223,one_same,-6,especially,0,0,0
t0223,one_same,-3,especially,0,0,0
t0223,one_same,0,especially,0,0,0
t0223,one_same,3,especially,0,0,0
t0223,one_diff,-9,station,0,0,0
t0223,one_diff,-6,station,0,0,0
t0223,one_diff,-3,especially,0,0,0
t0223,one_diff,0,since,1,0,0
t0223,one_diff,3,since,1,0,0
t0223,two_talker,-9,often,0,0,0
t0223,two_talker,-6,often,0,0,0
t0223,two_talker,-3,often,0,0,0
t0223,two_talker,0,especially,0,0,0
t0223,two_talker,3,since,1,0,0
t0223,four_talker,-9,especially,0,0,0
t0223,four_talker,-6,especially,0,0,0
t0223,four_talker,-3,especially,0,0,0
t0223,four_talker,0,especially,0,0,0
t0223,four_talker,3,recently,0,0,0
t0223,babble,-9,access,0,0,0
t0223,babble,-6,access,0,0,0
t0223,babble,-3,established,0,0,0
t0223,babble,0,christian,0,0,0
t0223,babble,3,countries,0,1,1
t0223,issn,-9,husband,0,0,0
t0223,issn,-6,subsequently,0,0,0
t0223,issn,-3,subsequently,0,0,0
t0223,issn,0,subsequently,0,0,0
t0223,issn,3,subsequently,0,0,0
t0224,no_distractor,inf,produced,1,0,0
t0224,one_same,-9,video,0,0,0
t0224,one_same,-6,published,0,0,0
t0224,one_same,-3,published,0,0,0
t0224,one_same,0,published,0,0,0
t0224,one_same,3,produced,1,0,0
t0224,one_diff,-9,raised,0,0,0
t0224,one_diff,-6,raised,0,0,0
t0224,one_diff,-3,raised,0,0,0
t0224,one_diff,0,raised,0,0,0
t0224,one_diff,3,raised,0,0,0
t0224,two_talker,-9,radio,0,0,0
t0224,two_talker,-6,variety,0,0,0
t0224,two_talker,-3,various,0,0,0
t0224,two_talker,0,produced,1,0,0
t0224,two_talker,3,produced,1,0,0
t0224,four_talker,-9,studio,0,0,0
t0224,four_talker,-6,studio,0,0,0
t0224,four_talker,-3,produced,1,0,0
t0224,four_talker,0,produced,1,0,0
t0224,four_talker,3,produced,1,0,0
t0224,babble,-9,raised,0,0,0
t0224,babble,-6,released,0,0,0
t0224,babble,-3,produced,1,0,0
t0224,babble,0,produced,1,0,0
t0224,babble,3,produced,1,0,0
t0224,issn,-9,given,0,0,0
t0224,issn,-6,either,0,0,0
t0224,issn,-3,produced,1,0,0
t0224,issn,0,produced,1,0,0
t0224,issn,3,produced,1,0,0
t0225,no_distractor,inf,william,1,0,0
t0225,one_same,-9,william,1,0,0
t0225,one_same,-6,william,1,0,0
t0225,one_same,-3,william,1,0,0
t0225,one_same,0,william,1,0,0
t0225,one_same,3,william,1,0,0
t0225,one_diff,-9,women,0,0,0
t0225,one_diff,-6,numerous,0,0,0
t0225,one_diff,-3,women,0,0,0
t0225,one_diff,0,william,1,0,0
t0225,one_diff,3,william,1,0,0
t0225,two_talker,-9,william,1,0,0
t0225,two_talker,-6,william,1,0,0
t0225,two_talker,-3,william,1,0,0
t0225,two_talker,0,william,1,0,0
t0225,two_talker,3,william,1,0,0
t0225,four_talker,-9,number,0,1,1
t0225,four_talker,-6,known,0,0,0
t0225,four_talker,-3,known,0,0,0
t0225,four_talker,0,known,0,0,0
t0225,four_talker,3,william,1,0,0
t0225,babble,-9,historical,0,0,0
t0225,babble,-6,royal,0,0,0
t0225,babble,-3,william,1,0,0
t0225,babble,0,william,1,0,0
t0225,babble,3,william,1,0,0
t0225,issn,-9,media,0,0,0
t0225,issn,-6,media,0,0,0
t0225,issn,-3,video,0,0,0
t0225,issn,0,william,1,0,0
t0225,issn,3,william,1,0,0
t0226,no_distractor,inf,paris,1,0,0
t0226,one_same,-9,service,0,0,0
t0226,one_same,-6,several,0,1,1
t0226,one_same,-3,several,0,1,1
t0226,one_same,0,service,0,0,0
t0226,one_same,3,paris,1,0,0
t0226,one_diff,-9,paris,1,0,0
t0226,one_diff,-6,paris,1,0,0
t0226,one_diff,-3,paris,1,0,0
t0226,one_diff,0,paris,1,0,0
t0226,one_diff,3,paris,1,0,0
t0226,two_talker,-9,several,0,1,1
t0226,two_talker,-6,several,0,1,1
t0226,two_talker,-3,serves,0,0,0
t0226,two_talker,0,paris,1,0,0
t0226,two_talker,3,paris,1,0,0
t0226,four_talker,-9,stars,0,0,0
t0226,four_talker,-6,stars,0,0,0
t0226,four_talker,-3,stars,0,0,0
t0226,four_talker,0,paris,1,0,0
t0226,four_talker,3,paris,1,0,0
t0226,babble,-9,science,0,0,0
t0226,babble,-6,science,0,0,0
t0226,babble,-3,entirely,0,0,0
t0226,babble,0,paris,1,0,0
t0226,babble,3,paris,1,0,0
t0226,issn,-9,paris,1,0,0
t0226,issn,-6,paris,1,0,0
t0226,issn,-3,paris,1,0,0
t0226,issn,0,paris,1,0,0
t0226,issn,3,paris,1,0,0
t0227,no_distractor,inf,table,1,0,0
t0227,one_same,-9,killed,0,0,0
t0227,one_same,-6,killed,0,0,0
t0227,one_same,-3,taken,0,0,0
t0227,one_same,0,killed,0,0,0
t0227,one_same,3,taken,0,0,0
t0227,one_diff,-9,takes,0,0,0
t0227,one_diff,-6,table,1,0,0
t0227,one_diff,-3,table,1,0,0
t0227,one_diff,0,table,1,0,0
t0227,one_diff,3,table,1,0,0
t0227,two_talker,-9,teams,0,0,0
t0227,two_talker,-6,cases,0,0,0
t0227,two_talker,-3,cases,0,0,0
t0227,two_talker,0,cases,0,0,0
t0227,two_talker,3,cases,0,0,0
t0227,four_talker,-9,enough,0,0,0
t0227,four_talker,-6,enough,0,0,0
t0227,four_talker,-3,enough,0,0,0
t0227,four_talker,0,novel,0,0,0
t0227,four_talker,3,table,1,0,0
t0227,babble,-9,lines,0,0,0
t0227,babble,-6,science,0,0,0
t0227,babble,-3,science,0,0,0
t0227,babble,0,studies,0,0,0
t0227,babble,3,buildings,0,0,0
t0227,issn,-9,mouth,0,0,0
t0227,issn,-6,james,0,0,0
t0227,issn,-3,table,1,0,0
t0227,issn,0,table,1,0,0
t0227,issn,3,table,1,0,0
t0228,no_distractor,inf,design,1,0,0
t0228,one_same,-9,design,1,0,0
t0228,one_same,-6,design,1,0,0
t0228,one_same,-3,design,1,0,0
t0228,one_same,0,design,1,0,0
t0228,one_same,3,design,1,0,0
t0228,one_diff,-9,different,0,0,0
t0228,one_diff,-6,design,1,0,0
t0228,one_diff,-3,design,1,0,0
t0228,one_diff,0,design,1,0,0
t0228,one_diff,3,design,1,0,0
t0228,two_talker,-9,design,1,0,0
t0228,two_talker,-6,design,1,0,0
t0228,two_talker,-3,design,1,0,0
t0228,two_talker,0,design,1,0,0
t0228,two_talker,3,design,1,0,0
t0228,four_talker,-9,doctor,0,0,0
t0228,four_talker,-6,doctor,0,0,0
t0228,four_talker,-3,production,0,0,0
t0228,four_talker,0,those,0,0,0
t0228,four_talker,3,distance,0,0,0
t0228,babble,-9,governor,0,0,0
t0228,babble,-6,doctor,0,0,0
t0228,babble,-3,american,0,0,0
t0228,babble,0,musical,0,0,0
t0228,babble,3,designed,0,0,0
t0228,issn,-9,similar,0,0,0
t0228,issn,-6,designed,0,0,0
t0228,issn,-3,designed,0,0,0
t0228,issn,0,design,1,0,0
t0228,issn,3,design,1,0,0
t0229,no_distractor,inf,whole,1,0,0
t0229,one_same,-9,changed,0,0,0
t0229,one_same,-6,changed,0,0,0
t0229,one_same,-3,changed,0,0,0
t0229,one_same,0,changed,0,0,0
t0229,one_same,3,change,0,1,1
t0229,one_diff,-9,whole,1,0,0
t0229,one_diff,-6,whole,1,0,0
t0229,one_diff,-3,whole,1,0,0
t0229,one_diff,0,whole,1,0,0
t0229,one_diff,3,before,0,0,0
t0229,two_talker,-9,changed,0,0,0
t0229,two_talker,-6,changed,0,0,0
t0229,two_talker,-3,changed,0,0,0
t0229,two_talker,0,changed,0,0,0
t0229,two_talker,3,changed,0,0,0
t0229,four_talker,-9,change,0,1,1
t0229,four_talker,-6,change,0,1,1
t0229,four_talker,-3,change,0,1,1
t0229,four_talker,0,george,0,0,0
t0229,four_talker,3,george,0,0,0
t0229,babble,-9,george,0,0,0
t0229,babble,-6,george,0,0,0
t0229,babble,-3,george,0,0,0
t0229,babble,0,george,0,0,0
t0229,babble,3,george,0,0,0
t0229,issn,-9,whole,1,0,0
t0229,issn,-6,whole,1,0,0
t0229,issn,-3,whole,1,0,0
t0229,issn,0,whole,1,0,0
t0229,issn,3,whole,1,0,0
t0230,no_distractor,inf,german,1,0,0
t0230,one_same,-9,common,0,0,0
t0230,one_same,-6,german,1,0,0
t0230,one_same,-3,german,1,0,0
t0230,one_same,0,german,1,0,0
t0230,one_same,3,german,1,0,0
t0230,one_diff,-9,german,1,0,0
t0230,one_diff,-6,german,1,0,0
t0230,one_diff,-3,german,1,0,0
t0230,one_diff,0,german,1,0,0
t0230,one_diff,3,german,1,0,0
t0230,two_talker,-9,shall,0,0,0
t0230,two_talker,-6,joined,0,0,0
t0230,two_talker,-3,german,1,0,0
t0230,two_talker,0,german,1,0,0
t0230,two_talker,3,german,1,0,0
t0230,four_talker,-9,opened,0,0,0
t0230,four_talker,-6,culture,0,0,0
t0230,four_talker,-3,german,1,0,0
t0230,four_talker,0,german,1,0,0
t0230,four_talker,3,german,1,0,0
t0230,babble,-9,around,0,0,0
t0230,babble,-6,around,0,0,0
t0230,babble,-3,around,0,0,0
t0230,babble,0,around,0,0,0
t0230,babble,3,german,1,0,0
t0230,issn,-9,german,1,0,0
t0230,issn,-6,german,1,0,0
t0230,issn,-3,german,1,0,0
t0230,issn,0,german,1,0,0
t0230,issn,3,german,1,0,0
t0231,no_distractor,inf,under,1,0,0
t0231,one_same,-9,lower,0,1,1
t0231,one_same,-6,under,1,0,0
t0231,one_same,-3,under,1,0,0
t0231,one_same,0,under,1,0,0
t0231,one_same,3,under,1,0,0
t0231,one_diff,-9,surrounding,0,0,0
t0231,one_diff,-6,around,0,0,0
t0231,one_diff,-3,around,0,0,0
t0231,one_diff,0,around,0,0,0
t0231,one_diff,3,around,0,0,0
t0231,two_talker,-9,london,0,0,0
t0231,two_talker,-6,london,0,0,0
t0231,two_talker,-3,around,0,0,0
t0231,two_talker,0,around,0,0,0
t0231,two_talker,3,around,0,0,0
t0231,four_talker,-9,dream,0,0,0
t0231,four_talker,-6,period,0,0,0
t0231,four_talker,-3,studio,0,0,0
t0231,four_talker,0,media,0,0,0
t0231,four_talker,3,media,0,0,0
t0231,babble,-9,studio,0,0,0
t0231,babble,-6,studio,0,0,0
t0231,babble,-3,studio,0,0,0
t0231,babble,0,surrounding,0,0,0
t0231,babble,3,surrounding,0,0,0
t0231,issn,-9,earlier,0,0,0
t0231,issn,-6,particularly,0,0,0
t0231,issn,-3,particularly,0,0,0
t0231,issn,0,working,0,0,0
t0231,issn,3,where,0,0,0
t0232,no_distractor,inf,their,1,0,0
t0232,one_same,-9,various,0,0,0
t0232,one_same,-6,various,0,0,0
t0232,one_same,-3,various,0,0,0
t0232,one_same,0,minor,0,0,0
t0232,one_same,3,their,1,0,0
t0232,one_diff,-9,along,0,0,0
t0232,one_diff,-6,getting,0,0,0
t0232,one_diff,-3,getting,0,0,0
t0232,one_diff,0,getting,0,0,0
t0232,one_diff,3,getting,0,0,0
t0232,two_talker,-9,writing,0,0,0
t0232,two_talker,-6,islands,0,0,0
t0232,two_talker,-3,highly,0,0,0
t0232,two_talker,0,islands,0,0,0
t0232,two_talker,3,island,0,0,0
t0232,four_talker,-9,chinese,0,0,0
t0232,four_talker,-6,highly,0,0,0
t0232,four_talker,-3,highly,0,0,0
t0232,four_talker,0,husband,0,0,0
t0232,four_talker,3,husband,0,0,0
t0232,babble,-9,chinese,0,0,0
t0232,babble,-6,chinese,0,0,0
t0232,babble,-3,chinese,0,0,0
t0232,babble,0,chinese,0,0,0
t0232,babble,3,national,0,0,0
t0232,issn,-9,middle,0,0,0
t0232,issn,-6,english,0,0,0
t0232,issn,-3,international,0,0,0
t0232,issn,0,their,1,0,0
t0232,issn,3,their,1,0,0
t0233,no_distractor,inf,night,1,0,0
t0233,one_same,-9,night,1,0,0
t0233,one_same,-6,night,1,0,0
t0233,one_same,-3,night,1,0,0
t0233,one_same,0,night,1,0,0
t0233,one_same,3,night,1,0,0
t0233,one_diff,-9,helped,0,0,0
t0233,one_diff,-6,helped,0,0,0
t0233,one_diff,-3,married,0,0,0
t0233,one_diff,0,married,0,0,0
t0233,one_diff,3,night,1,0,0
t0233,two_talker,-9,helped,0,0,0
t0233,two_talker,-6,helped,0,0,0
t0233,two_talker,-3,helped,0,0,0
t0233,two_talker,0,married,0,0,0
t0233,two_talker,3,light,0,0,0
t0233,four_talker,-9,helped,0,0,0
t0233,four_talker,-6,helped,0,0,0
t0233,four_talker,-3,related,0,0,0
t0233,four_talker,0,night,1,0,0
t0233,four_talker,3,night,1,0,0
t0233,babble,-9,wrote,0,0,0
t0233,babble,-6,married,0,0,0
t0233,babble,-3,married,0,0,0
t0233,babble,0,married,0,0,0
t0233,babble,3,night,1,0,0
t0233,issn,-9,remember,0,0,0
t0233,issn,-6,married,0,0,0
t0233,issn,-3,night,1,0,0
t0233,issn,0,night,1,0,0
t0233,issn,3,night,1,0,0
t0234,no_distractor,inf,nothing,0,0,0
t0234,one_same,-9,living,0,0,0
t0234,one_same,-6,living,0,0,0
t0234,one_same,-3,living,0,0,0
t0234,one_same,0,living,0,0,0
t0234,one_same,3,living,0,0,0
t0234,one_diff,-9,death,0,0,0
t0234,one_diff,-6,metal,0,0,0
t0234,one_diff,-3,metal,0,0,0
t0234,one_diff,0,looking,0,0,0
t0234,one_diff,3,making,0,0,0
t0234,two_talker,-9,living,0,0,0
t0234,two_talker,-6,living,0,0,0
t0234,two_talker,-3,living,0,0,0
t0234,two_talker,0,living,0,0,0
t0234,two_talker,3,living,0,0,0
t0234,four_talker,-9,towards,0,0,0
t0234,four_talker,-6,western,0,0,0
t0234,four_talker,-3,lived,0,0,0
t0234,four_talker,0,lived,0,0,0
t0234,four_talker,3,lived,0,0,0
t0234,babble,-9,placed,0,0,0
t0234,babble,-6,placed,0,0,0
t0234,babble,-3,placed,0,0,0
t0234,babble,0,placed,0,0,0
t0234,babble,3,let's,0,0,0
t0234,issn,-9,together,0,0,0
t0234,issn,-6,internet,0,0,0
t0234,issn,-3,metal,0,0,0
t0234,issn,0,metal,0,0,0
t0234,issn,3,nothing,0,0,0
t0235,no_distractor,inf,would,1,0,0
t0235,one_same,-9,floor,0,0,0
t0235,one_same,-6,floor,0,0,0
t0235,one_same,-3,floor,0,0,0
t0235,one_same,0,board,0,0,0
t0235,one_same,3,board,0,0,0
t0235,one_diff,-9,would,1,0,0
t0235,one_diff,-6,would,1,0,0
t0235,one_diff,-3,would,1,0,0
t0235,one_diff,0,would,1,0,0
t0235,one_diff,3,would,1,0,0
t0235,two_talker,-9,majority,0,0,0
t0235,two_talker,-6,floor,0,0,0
t0235,two_talker,-3,board,0,0,0
t0235,two_talker,0,board,0,0,0
t0235,two_talker,3,board,0,0,0
t0235,four_talker,-9,guitar,0,0,0
t0235,four_talker,-6,guitar,0,0,0
t0235,four_talker,-3,below,0,0,0
t0235,four_talker,0,below,0,0,0
t0235,four_talker,3,below,0,0,0
t0235,babble,-9,provide,0,0,0
t0235,babble,-6,modern,0,0,0
t0235,babble,-3,modern,0,0,0
t0235,babble,0,modern,0,0,0
t0235,babble,3,northern,0,0,0
t0235,issn,-9,either,0,0,0
t0235,issn,-6,isn't,0,0,0
t0235,issn,-3,you'll,0,0,0
t0235,issn,0,would,1,0,0
t0235,issn,3,would,1,0,0
t0236,no_distractor,inf,never,1,0,0
t0236,one_same,-9,author,0,0,0
t0236,one_same,-6,member,0,0,0
t0236,one_same,-3,never,1,0,0
t0236,one_same,0,never,1,0,0
t0236,one_same,3,never,1,0,0
t0236,one_diff,-9,married,0,0,0
t0236,one_diff,-6,married,0,0,0
t0236,one_diff,-3,never,1,0,0
t0236,one_diff,0,never,1,0,0
t0236,one_diff,3,never,1,0,0
t0236,two_talker,-9,board,0,0,0
t0236,two_talker,-6,board,0,0,0
t0236,two_talker,-3,lower,0,0,0
t0236,two_talker,0,lower,0,0,0
t0236,two_talker,3,never,1,0,0
t0236,four_talker,-9,allowed,0,0,0
t0236,four_talker,-6,lower,0,0,0
t0236,four_talker,-3,lower,0,0,0
t0236,four_talker,0,lower,0,0,0
t0236,four_talker,3,lower,0,0,0
t0236,babble,-9,south,0,0,0
t0236,babble,-6,power,0,0,0
t0236,babble,-3,lower,0,0,0
t0236,babble,0,lower,0,0,0
t0236,babble,3,lower,0,0,0
t0236,issn,-9,remember,0,0,0
t0236,issn,-6,everyone,0,0,0
t0236,issn,-3,never,1,0,0
t0236,issn,0,never,1,0,0
t0236,issn,3,never,1,0,0
t0237,no_distractor,inf,decided,1,0,0
t0237,one_same,-9,science,0,0,0
t0237,one_same,-6,decided,1,0,0
t0237,one_same,-3,decided,1,0,0
t0237,one_same,0,decided,1,0,0
t0237,one_same,3,decided,1,0,0
t0237,one_diff,-9,decided,1,0,0
t0237,one_diff,-6,decided,1,0,0
t0237,one_diff,-3,decided,1,0,0
t0237,one_diff,0,decided,1,0,0
t0237,one_diff,3,decided,1,0,0
t0237,two_talker,-9,standard,0,0,0
t0237,two_talker,-6,seven,0,0,0
t0237,two_talker,-3,decided,1,0,0
t0237,two_talker,0,decided,1,0,0
t0237,two_talker,3,decided,1,0,0
t0237,four_talker,-9,decided,1,0,0
t0237,four_talker,-6,decided,1,0,0
t0237,four_talker,-3,decided,1,0,0
t0237,four_talker,0,decided,1,0,0
t0237,four_talker,3,decided,1,0,0
t0237,babble,-9,shall,0,0,0
t0237,babble,-6,science,0,0,0
t0237,babble,-3,science,0,0,0
t0237,babble,0,science,0,0,0
t0237,babble,3,decided,1,0,0
t0237,issn,-9,second,0,0,0
t0237,issn,-6,decided,1,0,0
t0237,issn,-3,decided,1,0,0
t0237,issn,0,decided,1,0,0
t0237,issn,3,decided,1,0,0
t0238,no_distractor,inf,again,1,0,0
t0238,one_same,-9,largest,0,1,1
t0238,one_same,-6,again,1,0,0
t0238,one_same,-3,again,1,0,0
t0238,one_same,0,again,1,0,0
t0238,one_same,3,again,1,0,0
t0238,one_diff,-9,general,0,0,0
t0238,one_diff,-6,general,0,0,0
t0238,one_diff,-3,example,0,0,0
t0238,one_diff,0,example,0,0,0
t0238,one_diff,3,again,1,0,0
t0238,two_talker,-9,largest,0,1,1
t0238,two_talker,-6,lives,0,0,0
t0238,two_talker,-3,lives,0,0,0
t0238,two_talker,0,against,0,0,0
t0238,two_talker,3,death,0,0,0
t0238,four_talker,-9,lines,0,0,0
t0238,four_talker,-6,events,0,0,0
t0238,four_talker,-3,against,0,0,0
t0238,four_talker,0,against,0,0,0
t0238,four_talker,3,against,0,0,0
t0238,babble,-9,groups,0,0,0
t0238,babble,-6,groups,0,0,0
t0238,babble,-3,against,0,0,0
t0238,babble,0,against,0,0,0
t0238,babble,3,against,0,0,0
t0238,issn,-9,developed,0,0,0
t0238,issn,-6,developed,0,0,0
t0238,issn,-3,developed,0,0,0
t0238,issn,0,began,0,0,0
t0238,issn,3,began,0,0,0
t0239,no_distractor,inf,wrote,1,0,0
t0239,one_same,-9,cause,0,0,0
t0239,one_same,-6,cause,0,0,0
t0239,one_same,-3,small,0,0,0
t0239,one_same,0,small,0,0,0
t0239,one_same,3,northern,0,0,0
t0239,one_diff,-9,robert,0,0,0
t0239,one_diff,-6,rather,0,0,0
t0239,one_diff,-3,rather,0,0,0
t0239,one_diff,0,rather,0,0,0
t0239,one_diff,3,wrote,1,0,0
t0239,two_talker,-9,cause,0,0,0
t0239,two_talker,-6,author,0,0,0
t0239,two_talker,-3,author,0,0,0
t0239,two_talker,0,small,0,0,0
t0239,two_talker,3,northern,0,0,0
t0239,four_talker,-9,houses,0,0,0
t0239,four_talker,-6,houses,0,0,0
t0239,four_talker,-3,houses,0,0,0
t0239,four_talker,0,northern,0,0,0
t0239,four_talker,3,northern,0,0,0
t0239,babble,-9,while,0,0,0
t0239,babble,-6,while,0,0,0
t0239,babble,-3,while,0,0,0
t0239,babble,0,robert,0,0,0
t0239,babble,3,robert,0,0,0
t0239,issn,-9,border,0,0,0
t0239,issn,-6,border,0,0,0
t0239,issn,-3,border,0,0,0
t0239,issn,0,supported,0,0,0
t0239,issn,3,wrote,1,0,0
t0240,no_distractor,inf,island,1,0,0
t0240,one_same,-9,languages,0,0,0
t0240,one_same,-6,lines,0,0,0
t0240,one_same,-3,lines,0,0,0
t0240,one_same,0,islands,0,0,0
t0240,one_same,3,islands,0,0,0
t0240,one_diff,-9,models,0,0,0
t0240,one_diff,-6,models,0,0,0
t0240,one_diff,-3,models,0,0,0
t0240,one_diff,0,island,1,0,0
t0240,one_diff,3,island,1,0,0
t0240,two_talker,-9,islands,0,0,0
t0240,two_talker,-6,islands,0,0,0
t0240,two_talker,-3,islands,0,0,0
t0240,two_talker,0,islands,0,0,0
t0240,two_talker,3,island,1,0,0
t0240,four_talker,-9,means,0,0,0
t0240,four_talker,-6,islands,0,0,0
t0240,four_talker,-3,islands,0,0,0
t0240,four_talker,0,islands,0,0,0
t0240,four_talker,3,islands,0,0,0
t0240,babble,-9,birds,0,0,0
t0240,babble,-6,large,0,0,0
t0240,babble,-3,largest,0,0,0
t0240,babble,0,artist,0,0,0
t0240,babble,3,islands,0,0,0
t0240,issn,-9,lives,0,0,0
t0240,issn,-6,larger,0,0,0
t0240,issn,-3,garden,0,0,0
t0240,issn,0,garden,0,0,0
t0240,issn,3,garden,0,0,0
t0241,no_distractor,inf,separate,0,0,0
t0241,one_same,-9,numbers,0,1,1
t0241,one_same,-6,numbers,0,1,1
t0241,one_same,-3,separate,0,0,0
t0241,one_same,0,separate,0,0,0
t0241,one_same,3,separate,0,0,0
t0241,one_diff,-9,provides,0,0,0
t0241,one_diff,-6,provides,0,0,0
t0241,one_diff,-3,provides,0,0,0
t0241,one_diff,0,british,0,0,0
t0241,one_diff,3,british,0,0,0
t0241,two_talker,-9,numbers,0,1,1
t0241,two_talker,-6,numbers,0,1,1
t0241,two_talker,-3,government,0,0,0
t0241,two_talker,0,operates,0,0,0
t0241,two_talker,3,operates,0,0,0
t0241,four_talker,-9,language,0,0,0
t0241,four_talker,-6,planet,0,0,0
t0241,four_talker,-3,plans,0,0,0
t0241,four_talker,0,parents,0,0,0
t0241,four_talker,3,parents,0,0,0
t0241,babble,-9,daughter,0,0,0
t0241,babble,-6,buildings,0,0,0
t0241,babble,-3,buildings,0,0,0
t0241,babble,0,service,0,0,0
t0241,babble,3,groups,0,0,0
t0241,issn,-9,students,0,0,0
t0241,issn,-6,students,0,0,0
t0241,issn,-3,students,0,0,0
t0241,issn,0,events,0,0,0
t0241,issn,3,separate,0,0,0
t0242,no_distractor,inf,center,1,0,0
t0242,one_same,-9,central,0,0,0
t0242,one_same,-6,central,0,0,0
t0242,one_same,-3,central,0,0,0
t0242,one_same,0,central,0,0,0
t0242,one_same,3,central,0,0,0
t0242,one_diff,-9,central,0,0,0
t0242,one_diff,-6,central,0,0,0
t0242,one_diff,-3,central,0,0,0
t0242,one_diff,0,center,1,0,0
t0242,one_diff,3,center,1,0,0
t0242,two_talker,-9,successful,0,0,0
t0242,two_talker,-6,successful,0,0,0
t0242,two_talker,-3,successful,0,0,0
t0242,two_talker,0,successful,0,0,0
t0242,two_talker,3,central,0,0,0
t0242,four_talker,-9,several,0,0,0
t0242,four_talker,-6,successful,0,0,0
t0242,four_talker,-3,successful,0,0,0
t0242,four_talker,0,center,1,0,0
t0242,four_talker,3,center,1,0,0
t0242,babble,-9,president,0,0,0
t0242,babble,-6,successful,0,0,0
t0242,babble,-3,center,1,0,0
t0242,babble,0,center,1,0,0
t0242,babble,3,center,1,0,0
t0242,issn,-9,center,1,0,0
t0242,issn,-6,center,1,0,0
t0242,issn,-3,center,1,0,0
t0242,issn,0,center,1,0,0
t0242,issn,3,center,1,0,0
t0243,no_distractor,inf,would,1,0,0
t0243,one_same,-9,which,0,1,1
t0243,one_same,-6,which,0,1,1
t0243,one_same,-3,would,1,0,0
t0243,one_same,0,would,1,0,0
t0243,one_same,3,would,1,0,0
t0243,one_diff,-9,earth,0,0,0
t0243,one_diff,-6,level,0,0,0
t0243,one_diff,-3,looked,0,0,0
t0243,one_diff,0,looked,0,0,0
t0243,one_diff,3,looked,0,0,0
t0243,two_talker,-9,looked,0,0,0
t0243,two_talker,-6,looked,0,0,0
t0243,two_talker,-3,looked,0,0,0
t0243,two_talker,0,looked,0,0,0
t0243,two_talker,3,looked,0,0,0
t0243,four_talker,-9,episode,0,0,0
t0243,four_talker,-6,evidence,0,0,0
t0243,four_talker,-3,evidence,0,0,0
t0243,four_talker,0,evidence,0,0,0
t0243,four_talker,3,evidence,0,0,0
t0243,babble,-9,answered,0,0,0
t0243,babble,-6,evidence,0,0,0
t0243,babble,-3,evidence,0,0,0
t0243,babble,0,let's,0,0,0
t0243,babble,3,let's,0,0,0
t0243,issn,-9,network,0,0,0
t0243,issn,-6,network,0,0,0
t0243,issn,-3,network,0,0,0
t0243,issn,0,never,0,0,0
t0243,issn,3,level,0,0,0
t0244,no_distractor,inf,fight,1,0,0
t0244,one_same,-9,light,0,0,0
t0244,one_same,-6,fight,1,0,0
t0244,one_same,-3,fight,1,0,0
t0244,one_same,0,fight,1,0,0
t0244,one_same,3,fight,1,0,0
t0244,one_diff,-9,fight,1,0,0
t0244,one_diff,-6,fight,1,0,0
t0244,one_diff,-3,fight,1,0,0
t0244,one_diff,0,fight,1,0,0
t0244,one_diff,3,fight,1,0,0
t0244,two_talker,-9,light,0,0,0
t0244,two_talker,-6,fight,1,0,0
t0244,two_talker,-3,fight,1,0,0
t0244,two_talker,0,fight,1,0,0
t0244,two_talker,3,fight,1,0,0
t0244,four_talker,-9,white,0,0,0
t0244,four_talker,-6,rights,0,0,0
t0244,four_talker,-3,fight,1,0,0
t0244,four_talker,0,fight,1,0,0
t0244,four_talker,3,fight,1,0,0
t0244,babble,-9,style,0,0,0
t0244,babble,-6,types,0,0,0
t0244,babble,-3,types,0,0,0
t0244,babble,0,types,0,0,0
t0244,babble,3,types,0,0,0
t0244,issn,-9,title,0,0,0
t0244,issn,-6,title,0,0,0
t0244,issn,-3,fight,1,0,0
t0244,issn,0,fight,1,0,0
t0244,issn,3,fight,1,0,0
t0245,no_distractor,inf,slowly,1,0,0
t0245,one_same,-9,movement,0,0,0
t0245,one_same,-6,movement,0,0,0
t0245,one_same,-3,slowly,1,0,0
t0245,one_same,0,slowly,1,0,0
t0245,one_same,3,slowly,1,0,0
t0245,one_diff,-9,slowly,1,0,0
t0245,one_diff,-6,slowly,1,0,0
t0245,one_diff,-3,slowly,1,0,0
t0245,one_diff,0,slowly,1,0,0
t0245,one_diff,3,slowly,1,0,0
t0245,two_talker,-9,schools,0,0,0
t0245,two_talker,-6,movement,0,0,0
t0245,two_talker,-3,slowly,1,0,0
t0245,two_talker,0,slowly,1,0,0
t0245,two_talker,3,slowly,1,0,0
t0245,four_talker,-9,still,0,0,0
t0245,four_talker,-6,small,0,0,0
t0245,four_talker,-3,slowly,1,0,0
t0245,four_talker,0,slowly,1,0,0
t0245,four_talker,3,slowly,1,0,0
t0245,babble,-9,still,0,0,0
t0245,babble,-6,still,0,0,0
t0245,babble,-3,slowly,1,0,0
t0245,babble,0,slowly,1,0,0
t0245,babble,3,slowly,1,0,0
t0245,issn,-9,slowly,1,0,0
t0245,issn,-6,slowly,1,0,0
t0245,issn,-3,slowly,1,0,0
t0245,issn,0,slowly,1,0,0
t0245,issn,3,slowly,1,0,0
t0246,no_distractor,inf,culture,0,0,0
t0246,one_same,-9,movie,0,0,0
t0246,one_same,-6,junior,0,0,0
t0246,one_same,-3,junior,0,0,0
t0246,one_same,0,junior,0,0,0
t0246,one_same,3,junior,0,0,0
t0246,one_diff,-9,probably,0,0,0
t0246,one_diff,-6,probably,0,0,0
t0246,one_diff,-3,probably,0,0,0
t0246,one_diff,0,probably,0,0,0
t0246,one_diff,3,culture,0,0,0
t0246,two_talker,-9,movie,0,0,0
t0246,two_talker,-6,movie,0,0,0
t0246,two_talker,-3,property,0,0,0
t0246,two_talker,0,junior,0,0,0
t0246,two_talker,3,dream,0,0,0
t0246,four_talker,-9,doing,0,0,0
t0246,four_talker,-6,doing,0,0,0
t0246,four_talker,-3,doing,0,0,0
t0246,four_talker,0,junior,0,0,0
t0246,four_talker,3,junior,0,0,0
t0246,babble,-9,voice,0,0,0
t0246,babble,-6,voice,0,0,0
t0246,babble,-3,board,0,0,0
t0246,babble,0,board,0,0,0
t0246,babble,3,nearby,0,0,0
t0246,issn,-9,small,0,0,0
t0246,issn,-6,notable,0,0,0
t0246,issn,-3,notable,0,0,0
t0246,issn,0,twenty,0,0,0
t0246,issn,3,children,0,0,0
t0247,no_distractor,inf,where,1,0,0
t0247,one_same,-9,metal,0,0,0
t0247,one_same,-6,metal,0,0,0
t0247,one_same,-3,metal,0,0,0
t0247,one_same,0,never,0,0,0
t0247,one_same,3,never,0,0,0
t0247,one_diff,-9,while,0,0,0
t0247,one_diff,-6,while,0,0,0
t0247,one_diff,-3,while,0,0,0
t0247,one_diff,0,where,1,0,0
t0247,one_diff,3,where,1,0,0
t0247,two_talker,-9,while,0,0,0
t0247,two_talker,-6,where,1,0,0
t0247,two_talker,-3,where,1,0,0
t0247,two_talker,0,where,1,0,0
t0247,two_talker,3,where,1,0,0
t0247,four_talker,-9,metal,0,0,0
t0247,four_talker,-6,metal,0,0,0
t0247,four_talker,-3,while,0,0,0
t0247,four_talker,0,where,1,0,0
t0247,four_talker,3,where,1,0,0
t0247,babble,-9,planet,0,0,0
t0247,babble,-6,study,0,0,0
t0247,babble,-3,study,0,0,0
t0247,babble,0,where,1,0,0
t0247,babble,3,where,1,0,0
t0247,issn,-9,never,0,0,0
t0247,issn,-6,never,0,0,0
t0247,issn,-3,never,0,0,0
t0247,issn,0,where,1,0,0
t0247,issn,3,where,1,0,0
t0248,no_distractor,inf,could,1,0,0
t0248,one_same,-9,leading,0,1,1
t0248,one_same,-6,leading,0,1,1
t0248,one_same,-3,leading,0,1,1
t0248,one_same,0,leading,0,1,1
t0248,one_same,3,leading,0,1,1
t0248,one_diff,-9,husband,0,0,0
t0248,one_diff,-6,mostly,0,0,0
t0248,one_diff,-3,noted,0,0,0
t0248,one_diff,0,typically,0,0,0
t0248,one_diff,3,typically,0,0,0
t0248,two_talker,-9,noted,0,0,0
t0248,two_talker,-6,noted,0,0,0
t0248,two_talker,-3,noted,0,0,0
t0248,two_talker,0,noted,0,0,0
t0248,two_talker,3,noted,0,0,0
t0248,four_talker,-9,sound,0,0,0
t0248,four_talker,-6,noted,0,0,0
t0248,four_talker,-3,noted,0,0,0
t0248,four_talker,0,noted,0,0,0
t0248,four_talker,3,attended,0,0,0
t0248,babble,-9,railroad,0,0,0
t0248,babble,-6,allowed,0,0,0
t0248,babble,-3,noted,0,0,0
t0248,babble,0,noted,0,0,0
t0248,babble,3,notable,0,0,0
t0248,issn,-9,companies,0,0,0
t0248,issn,-6,spent,0,0,0
t0248,issn,-3,typically,0,0,0
t0248,issn,0,typically,0,0,0
t0248,issn,3,typically,0,0,0
t0249,no_distractor,inf,leader,0,0,0
t0249,one_same,-9,number,0,0,0
t0249,one_same,-6,lower,0,0,0
t0249,one_same,-3,lower,0,0,0
t0249,one_same,0,lower,0,0,0
t0249,one_same,3,leader,0,0,0
t0249,one_diff,-9,middle,0,0,0
t0249,one_diff,-6,leader,0,0,0
t0249,one_diff,-3,leader,0,0,0
t0249,one_diff,0,leader,0,0,0
t0249,one_diff,3,leader,0,0,0
t0249,two_talker,-9,never,0,0,0
t0249,two_talker,-6,never,0,0,0
t0249,two_talker,-3,never,0,0,0
t0249,two_talker,0,leader,0,0,0
t0249,two_talker,3,leader,0,0,0
t0249,four_talker,-9,generally,0,0,0
t0249,four_talker,-6,generally,0,0,0
t0249,four_talker,-3,never,0,0,1
t0249,four_talker,0,later,1,0,0
t0249,four_talker,3,later,1,0,0
t0249,babble,-9,middle,0,0,0
t0249,babble,-6,middle,0,0,0
t0249,babble,-3,middle,0,0,0
t0249,babble,0,either,0,0,0
t0249,babble,3,later,1,0,0
t0249,issn,-9,primarily,0,0,0
t0249,issn,-6,either,0,0,0
t0249,issn,-3,either,0,0,0
t0249,issn,0,paper,0,0,0
t0249,issn,3,later,1,0,0
t0250,no_distractor,inf,english,1,0,0
t0250,one_same,-9,means,0,0,0
t0250,one_same,-6,english,1,0,0
t0250,one_same,-3,english,1,0,0
t0250,one_same,0,english,1,0,0
t0250,one_same,3,english,1,0,0
t0250,one_diff,-9,english,1,0,0
t0250,one_diff,-6,english,1,0,0
t0250,one_diff,-3,english,1,0,0
t0250,one_diff,0,english,1,0,0
t0250,one_diff,3,english,1,0,0
t0250,two_talker,-9,listed,0,0,0
t0250,two_talker,-6,english,1,0,0
t0250,two_talker,-3,english,1,0,0
t0250,two_talker,0,english,1,0,0
t0250,two_talker,3,english,1,0,0
t0250,four_talker,-9,william,0,0,0
t0250,four_talker,-6,numerous,0,0,0
t0250,four_talker,-3,numerous,0,0,0
t0250,four_talker,0,english,1,0,0
t0250,four_talker,3,english,1,0,0
t0250,babble,-9,christian,0,0,0
t0250,babble,-6,almost,0,1,1
t0250,babble,-3,numerous,0,0,0
t0250,babble,0,english,1,0,0
t0250,babble,3,english,1,0,0
t0250,issn,-9,movement,0,0,0
t0250,issn,-6,industry,0,0,0
t0250,issn,-3,english,1,0,0
t0250,issn,0,english,1,0,0
t0250,issn,3,english,1,0,0
t0251,no_distractor,inf,first,1,0,0
t0251,one_same,-9,first,1,0,0
t0251,one_same,-6,first,1,0,0
t0251,one_same,-3,first,1,0,0
t0251,one_same,0,first,1,0,0
t0251,one_same,3,first,1,0,0
t0251,one_diff,-9,first,1,0,0
t0251,one_diff,-6,first,1,0,0
t0251,one_diff,-3,first,1,0,0
t0251,one_diff,0,first,1,0,0
t0251,one_diff,3,first,1,0,0
t0251,two_talker,-9,first,1,0,0
t0251,two_talker,-6,first,1,0,0
t0251,two_talker,-3,first,1,0,0
t0251,two_talker,0,first,1,0,0
t0251,two_talker,3,first,1,0,0
t0251,four_talker,-9,numerous,0,0,0
t0251,four_talker,-6,numerous,0,0,0
t0251,four_talker,-3,numerous,0,0,0
t0251,four_talker,0,numerous,0,0,0
t0251,four_talker,3,first,1,0,0
t0251,babble,-9,numerous,0,0,0
t0251,babble,-6,numerous,0,0,0
t0251,babble,-3,numerous,0,0,0
t0251,babble,0,first,1,0,0
t0251,babble,3,first,1,0,0
t0251,issn,-9,first,1,0,0
t0251,issn,-6,first,1,0,0
t0251,issn,-3,first,1,0,0
t0251,issn,0,first,1,0,0
t0251,issn,3,first,1,0,0
t0252,no_distractor,inf,never,1,0,0
t0252,one_same,-9,never,1,0,0
t0252,one_same,-6,never,1,0,0
t0252,one_same,-3,never,1,0,0
t0252,one_same,0,never,1,0,0
t0252,one_same,3,never,1,0,0
t0252,one_diff,-9,never,1,0,0
t0252,one_diff,-6,never,1,0,0
t0252,one_diff,-3,never,1,0,0
t0252,one_diff,0,never,1,0,0
t0252,one_diff,3,never,1,0,0
t0252,two_talker,-9,never,1,0,0
t0252,two_talker,-6,never,1,0,0
t0252,two_talker,-3,never,1,0,0
t0252,two_talker,0,never,1,0,0
t0252,two_talker,3,never,1,0,0
t0252,four_talker,-9,doesn't,0,0,0
t0252,four_talker,-6,never,1,0,0
t0252,four_talker,-3,never,1,0,0
t0252,four_talker,0,never,1,0,0
t0252,four_talker,3,never,1,0,0
t0252,babble,-9,brothers,0,0,0
t0252,babble,-6,never,1,0,0
t0252,babble,-3,never,1,0,0
t0252,babble,0,never,1,0,0
t0252,babble,3,never,1,0,0
t0252,issn,-9,never,1,0,0
t0252,issn,-6,never,1,0,0
t0252,issn,-3,never,1,0,0
t0252,issn,0,never,1,0,0
t0252,issn,3,never,1,0,0
t0253,no_distractor,inf,future,1,0,0
t0253,one_same,-9,social,0,0,0
t0253,one_same,-6,social,0,0,0
t0253,one_same,-3,central,0,0,0
t0253,one_same,0,central,0,0,0
t0253,one_same,3,central,0,0,0
t0253,one_diff,-9,future,1,0,0
t0253,one_diff,-6,future,1,0,0
t0253,one_diff,-3,future,1,0,0
t0253,one_diff,0,future,1,0,0
t0253,one_diff,3,future,1,0,0
t0253,two_talker,-9,central,0,0,0
t0253,two_talker,-6,central,0,0,0
t0253,two_talker,-3,central,0,0,0
t0253,two_talker,0,natural,0,0,0
t0253,two_talker,3,natural,0,0,0
t0253,four_talker,-9,public,0,0,0
t0253,four_talker,-6,public,0,0,0
t0253,four_talker,-3,public,0,0,0
t0253,four_talker,0,public,0,0,0
t0253,four_talker,3,culture,0,0,0
t0253,babble,-9,surface,0,0,0
t0253,babble,-6,surface,0,0,0
t0253,babble,-3,politics,0,0,0
t0253,babble,0,section,0,0,0
t0253,babble,3,section,0,0,0
t0253,issn,-9,natural,0,0,0
t0253,issn,-6,natural,0,0,0
t0253,issn,-3,nature,0,0,0
t0253,issn,0,nature,0,0,0
t0253,issn,3,nature,0,0,0
t0254,no_distractor,inf,asked,1,0,0
t0254,one_same,-9,asked,1,0,0
t0254,one_same,-6,asked,1,0,0
t0254,one_same,-3,asked,1,0,0
t0254,one_same,0,asked,1,0,0
t0254,one_same,3,asked,1,0,0
t0254,one_diff,-9,parts,0,0,0
t0254,one_diff,-6,parts,0,0,0
t0254,one_diff,-3,asked,1,0,0
t0254,one_diff,0,asked,1,0,0
t0254,one_diff,3,asked,1,0,0
t0254,two_talker,-9,artist,0,0,0
t0254,two_talker,-6,artist,0,0,0
t0254,two_talker,-3,artist,0,0,0
t0254,two_talker,0,asked,1,0,0
t0254,two_talker,3,asked,1,0,0
t0254,four_talker,-9,artist,0,0,0
t0254,four_talker,-6,artist,0,0,0
t0254,four_talker,-3,asked,1,0,0
t0254,four_talker,0,asked,1,0,0
t0254,four_talker,3,asked,1,0,0
t0254,babble,-9,natural,0,0,0
t0254,babble,-6,natural,0,0,0
t0254,babble,-3,natural,0,0,0
t0254,babble,0,asked,1,0,0
t0254,babble,3,asked,1,0,0
t0254,issn,-9,dance,0,0,0
t0254,issn,-6,dance,0,0,0
t0254,issn,-3,asked,1,0,0
t0254,issn,0,asked,1,0,0
t0254,issn,3,asked,1,0,0
t0255,no_distractor,inf,about,1,0,0
t0255,one_same,-9,south,0,0,0
t0255,one_same,-6,south,0,0,0
t0255,one_same,-3,throughout,0,0,0
t0255,one_same,0,throughout,0,0,0
t0255,one_same,3,throughout,0,0,0
t0255,one_diff,-9,rather,0,0,0
t0255,one_diff,-6,throughout,0,0,0
t0255,one_diff,-3,throughout,0,0,0
t0255,one_diff,0,throughout,0,0,0
t0255,one_diff,3,throughout,0,0,0
t0255,two_talker,-9,italian,0,0,0
t0255,two_talker,-6,without,0,0,0
t0255,two_talker,-3,without,0,0,0
t0255,two_talker,0,without,0,0,0
t0255,two_talker,3,without,0,0,0
t0255,four_talker,-9,while,0,0,0
t0255,four_talker,-6,without,0,0,0
t0255,four_talker,-3,without,0,0,0
t0255,four_talker,0,without,0,0,0
t0255,four_talker,3,without,0,0,0
t0255,babble,-9,itself,0,0,0
t0255,babble,-6,south,0,0,0
t0255,babble,-3,south,0,0,0
t0255,babble,0,south,0,0,0
t0255,babble,3,south,0,0,0
t0255,issn,-9,variety,0,0,0
t0255,issn,-6,throughout,0,0,0
t0255,issn,-3,throughout,0,0,0
t0255,issn,0,without,0,0,0
t0255,issn,3,without,0,0,0
t0256,no_distractor,inf,great,1,0,0
t0256,one_same,-9,twenty,0,1,1
t0256,one_same,-6,twenty,0,1,1
t0256,one_same,-3,quite,0,0,0
t0256,one_same,0,quite,0,0,0
t0256,one_same,3,quite,0,0,0
t0256,one_diff,-9,great,1,0,0
t0256,one_diff,-6,great,1,0,0
t0256,one_diff,-3,great,1,0,0
t0256,one_diff,0,great,1,0,0
t0256,one_diff,3,great,1,0,0
t0256,two_talker,-9,twenty,0,1,1
t0256,two_talker,-6,tried,0,0,0
t0256,two_talker,-3,quite,0,0,0
t0256,two_talker,0,great,1,0,0
t0256,two_talker,3,great,1,0,0
t0256,four_talker,-9,bright,0,0,0
t0256,four_talker,-6,bright,0,0,0
t0256,four_talker,-3,bright,0,0,0
t0256,four_talker,0,great,1,0,0
t0256,four_talker,3,great,1,0,0
t0256,babble,-9,twenty,0,1,1
t0256,babble,-6,great,1,0,0
t0256,babble,-3,great,1,0,0
t0256,babble,0,great,1,0,0
t0256,babble,3,great,1,0,0
t0256,issn,-9,became,0,0,0
t0256,issn,-6,written,0,0,0
t0256,issn,-3,great,1,0,0
t0256,issn,0,great,1,0,0
t0256,issn,3,great,1,0,0
t0257,no_distractor,inf,schools,0,0,0
t0257,one_same,-9,several,0,1,1
t0257,one_same,-6,several,0,1,1
t0257,one_same,-3,several,0,1,1
t0257,one_same,0,several,0,1,1
t0257,one_same,3,schools,0,0,0
t0257,one_diff,-9,schools,0,0,0
t0257,one_diff,-6,schools,0,0,0
t0257,one_diff,-3,schools,0,0,0
t0257,one_diff,0,schools,0,0,0
t0257,one_diff,3,schools,0,0,0
t0257,two_talker,-9,several,0,1,1
t0257,two_talker,-6,several,0,1,1
t0257,two_talker,-3,several,0,1,1
t0257,two_talker,0,several,0,1,1
t0257,two_talker,3,schools,0,0,0
t0257,four_talker,-9,several,0,1,1
t0257,four_talker,-6,several,0,1,1
t0257,four_talker,-3,several,0,1,1
t0257,four_talker,0,schools,0,0,0
t0257,four_talker,3,schools,0,0,0
t0257,babble,-9,several,0,1,1
t0257,babble,-6,sports,0,0,0
t0257,babble,-3,sports,0,0,0
t0257,babble,0,schools,0,0,0
t0257,babble,3,schools,0,0,0
t0257,issn,-9,itself,0,0,0
t0257,issn,-6,schools,0,0,0
t0257,issn,-3,schools,0,0,0
t0257,issn,0,schools,0,0,0
t0257,issn,3,schools,0,0,0
t0258,no_distractor,inf,school,1,0,0
t0258,one_same,-9,military,0,0,0
t0258,one_same,-6,quite,0,0,0
t0258,one_same,-3,quite,0,0,0
t0258,one_same,0,quite,0,0,0
t0258,one_same,3,school,1,0,0
t0258,one_diff,-9,school,1,0,0
t0258,one_diff,-6,school,1,0,0
t0258,one_diff,-3,school,1,0,0
t0258,one_diff,0,school,1,0,0
t0258,one_diff,3,school,1,0,0
t0258,two_talker,-9,military,0,0,0
t0258,two_talker,-6,personal,0,0,0
t0258,two_talker,-3,whole,0,0,0
t0258,two_talker,0,school,1,0,0
t0258,two_talker,3,school,1,0,0
t0258,four_talker,-9,space,0,0,0
t0258,four_talker,-6,school,1,0,0
t0258,four_talker,-3,school,1,0,0
t0258,four_talker,0,school,1,0,0
t0258,four_talker,3,school,1,0,0
t0258,babble,-9,support,0,0,0
t0258,babble,-6,school,1,0,0
t0258,babble,-3,school,1,0,0
t0258,babble,0,school,1,0,0
t0258,babble,3,school,1,0,0
t0258,issn,-9,award,0,0,0
t0258,issn,-6,border,0,0,0
t0258,issn,-3,board,0,0,0
t0258,issn,0,school,1,0,0
t0258,issn,3,school,1,0,0
t0259,no_distractor,inf,eight,1,0,0
t0259,one_same,-9,specific,0,1,1
t0259,one_same,-6,speak,0,0,0
t0259,one_same,-3,specific,0,1,1
t0259,one_same,0,david,0,0,0
t0259,one_same,3,david,0,0,0
t0259,one_diff,-9,eight,1,0,0
t0259,one_diff,-6,eight,1,0,0
t0259,one_diff,-3,eight,1,0,0
t0259,one_diff,0,eight,1,0,0
t0259,one_diff,3,eight,1,0,0
t0259,two_talker,-9,specific,0,1,1
t0259,two_talker,-6,specific,0,1,1
t0259,two_talker,-3,david,0,0,0
t0259,two_talker,0,david,0,0,0
t0259,two_talker,3,eight,1,0,0
t0259,four_talker,-9,isn't,0,0,0
t0259,four_talker,-6,saint,0,0,0
t0259,four_talker,-3,played,0,0,0
t0259,four_talker,0,eight,1,0,0
t0259,four_talker,3,eight,1,0,0
t0259,babble,-9,james,0,0,0
t0259,babble,-6,saint,0,0,0
t0259,babble,-3,james,0,0,0
t0259,babble,0,played,0,0,0
t0259,babble,3,played,0,0,0
t0259,issn,-9,forms,0,0,0
t0259,issn,-6,means,0,0,0
t0259,issn,-3,league,0,0,0
t0259,issn,0,eight,1,0,0
t0259,issn,3,eight,1,0,0
t0260,no_distractor,inf,which,0,0,0
t0260,one_same,-9,stars,0,0,0
t0260,one_same,-6,sports,0,0,0
t0260,one_same,-3,first,0,0,0
t0260,one_same,0,first,0,0,0
t0260,one_same,3,sports,0,0,0
t0260,one_diff,-9,listed,0,0,0
t0260,one_diff,-6,listed,0,0,0
t0260,one_diff,-3,listed,0,0,0
t0260,one_diff,0,listed,0,0,0
t0260,one_diff,3,listed,0,0,0
t0260,two_talker,-9,software,0,0,0
t0260,two_talker,-6,support,0,0,0
t0260,two_talker,-3,support,0,0,0
t0260,two_talker,0,result,0,0,0
t0260,two_talker,3,significant,1,0,0
t0260,four_talker,-9,space,0,0,0
t0260,four_talker,-6,space,0,0,0
t0260,four_talker,-3,space,0,0,0
t0260,four_talker,0,space,0,0,0
t0260,four_talker,3,specific,0,0,0
t0260,babble,-9,successful,0,0,0
t0260,babble,-6,services,0,0,0
t0260,babble,-3,services,0,0,0
t0260,babble,0,significant,1,0,0
t0260,babble,3,significant,1,0,0
t0260,issn,-9,magazine,0,0,0
t0260,issn,-6,significant,1,0,0
t0260,issn,-3,significant,1,0,0
t0260,issn,0,cities,0,0,0
t0260,issn,3,cities,0,0,0
t0261,no_distractor,inf,location,1,0,0
t0261,one_same,-9,union,0,1,1
t0261,one_same,-6,location,1,0,0
t0261,one_same,-3,location,1,0,0
t0261,one_same,0,location,1,0,0
t0261,one_same,3,location,1,0,0
t0261,one_diff,-9,location,1,0,0
t0261,one_diff,-6,location,1,0,0
t0261,one_diff,-3,location,1,0,0
t0261,one_diff,0,location,1,0,0
t0261,one_diff,3,location,1,0,0
t0261,two_talker,-9,english,0,0,0
t0261,two_talker,-6,english,0,0,0
t0261,two_talker,-3,english,0,0,0
t0261,two_talker,0,location,1,0,0
t0261,two_talker,3,location,1,0,0
t0261,four_talker,-9,english,0,0,0
t0261,four_talker,-6,education,0,0,0
t0261,four_talker,-3,location,1,0,0
t0261,four_talker,0,location,1,0,0
t0261,four_talker,3,location,1,0,0
t0261,babble,-9,education,0,0,0
t0261,babble,-6,location,1,0,0
t0261,babble,-3,location,1,0,0
t0261,babble,0,location,1,0,0
t0261,babble,3,location,1,0,0
t0261,issn,-9,information,0,0,0
t0261,issn,-6,location,1,0,0
t0261,issn,-3,location,1,0,0
t0261,issn,0,location,1,0,0
t0261,issn,3,location,1,0,0
t0262,no_distractor,inf,country,1,0,0
t0262,one_same,-9,charles,0,1,1
t0262,one_same,-6,charles,0,1,1
t0262,one_same,-3,charles,0,1,1
t0262,one_same,0,trust,0,0,0
t0262,one_same,3,trust,0,0,0
t0262,one_diff,-9,eight,0,1,1
t0262,one_diff,-6,eight,0,1,1
t0262,one_diff,-3,country,1,0,0
t0262,one_diff,0,country,1,0,0
t0262,one_diff,3,country,1,0,0
t0262,two_talker,-9,changed,0,0,0
t0262,two_talker,-6,change,0,0,0
t0262,two_talker,-3,culture,0,0,0
t0262,two_talker,0,culture,0,0,0
t0262,two_talker,3,countries,0,0,0
t0262,four_talker,-9,function,0,0,0
t0262,four_talker,-6,function,0,0,0
t0262,four_talker,-3,function,0,0,0
t0262,four_talker,0,function,0,0,0
t0262,four_talker,3,country,1,0,0
t0262,babble,-9,function,0,0,0
t0262,babble,-6,function,0,0,0
t0262,babble,-3,function,0,0,0
t0262,babble,0,construction,0,0,0
t0262,babble,3,countries,0,0,0
t0262,issn,-9,multiple,0,0,0
t0262,issn,-6,hundred,0,0,0
t0262,issn,-3,hundred,0,0,0
t0262,issn,0,hundred,0,0,0
t0262,issn,3,country,1,0,0
t0263,no_distractor,inf,country,1,0,0
t0263,one_same,-9,after,0,0,1
t0263,one_same,-6,country,1,0,0
t0263,one_same,-3,country,1,0,0
t0263,one_same,0,country,1,0,0
t0263,one_same,3,country,1,0,0
t0263,one_diff,-9,country,1,0,0
t0263,one_diff,-6,country,1,0,0
t0263,one_diff,-3,country,1,0,0
t0263,one_diff,0,country,1,0,0
t0263,one_diff,3,country,1,0,0
t0263,two_talker,-9,subsequently,0,0,0
t0263,two_talker,-6,something,0,0,0
t0263,two_talker,-3,something,0,0,0
t0263,two_talker,0,country,1,0,0
t0263,two_talker,3,country,1,0,0
t0263,four_talker,-9,money,0,0,0
t0263,four_talker,-6,might,0,0,0
t0263,four_talker,-3,might,0,0,0
t0263,four_talker,0,country,1,0,0
t0263,four_talker,3,country,1,0,0
t0263,babble,-9,young,0,0,0
t0263,babble,-6,larger,0,0,0
t0263,babble,-3,mountain,0,0,0
t0263,babble,0,mountain,0,0,0
t0263,babble,3,countries,0,0,0
t0263,issn,-9,month,0,0,0
t0263,issn,-6,cannot,0,0,0
t0263,issn,-3,countries,0,0,0
t0263,issn,0,countries,0,0,0
t0263,issn,3,countries,0,0,0
t0264,no_distractor,inf,function,1,0,0
t0264,one_same,-9,township,0,0,0
t0264,one_same,-6,township,0,0,0
t0264,one_same,-3,function,1,0,0
t0264,one_same,0,function,1,0,0
t0264,one_same,3,function,1,0,0
t0264,one_diff,-9,consists,0,0,0
t0264,one_diff,-6,concept,0,0,0
t0264,one_diff,-3,concept,0,0,0
t0264,one_diff,0,township,0,0,0
t0264,one_diff,3,township,0,0,0
t0264,two_talker,-9,concept,0,0,0
t0264,two_talker,-6,concept,0,0,0
t0264,two_talker,-3,concept,0,0,0
t0264,two_talker,0,township,0,0,0
t0264,two_talker,3,township,0,0,0
t0264,four_talker,-9,website,0,0,0
t0264,four_talker,-6,understand,0,0,0
t0264,four_talker,-3,concept,0,0,0
t0264,four_talker,0,township,0,0,0
t0264,four_talker,3,township,0,0,0
t0264,babble,-9,running,0,0,0
t0264,babble,-6,running,0,0,0
t0264,babble,-3,comes,0,0,0
t0264,babble,0,comes,0,0,0
t0264,babble,3,function,1,0,0
t0264,issn,-9,lines,0,0,0
t0264,issn,-6,version,0,0,0
t0264,issn,-3,function,1,0,0
t0264,issn,0,function,1,0,0
t0264,issn,3,function,1,0,0
t0265,no_distractor,inf,david,1,0,0
t0265,one_same,-9,british,0,0,0
t0265,one_same,-6,british,0,0,0
t0265,one_same,-3,british,0,0,0
t0265,one_same,0,british,0,0,0
t0265,one_same,3,british,0,0,0
t0265,one_diff,-9,cause,0,0,0
t0265,one_diff,-6,houses,0,0,0
t0265,one_diff,-3,houses,0,0,0
t0265,one_diff,0,houses,0,0,0
t0265,one_diff,3,david,1,0,0
t0265,two_talker,-9,british,0,0,0
t0265,two_talker,-6,british,0,0,0
t0265,two_talker,-3,british,0,0,0
t0265,two_talker,0,david,1,0,0
t0265,two_talker,3,david,1,0,0
t0265,four_talker,-9,society,0,0,0
t0265,four_talker,-6,society,0,0,0
t0265,four_talker,-3,society,0,0,0
t0265,four_talker,0,society,0,0,0
t0265,four_talker,3,exist,0,0,0
t0265,babble,-9,further,0,0,0
t0265,babble,-6,joined,0,0,0
t0265,babble,-3,joined,0,0,0
t0265,babble,0,joined,0,0,0
t0265,babble,3,david,1,0,0
t0265,issn,-9,david,1,0,0
t0265,issn,-6,david,1,0,0
t0265,issn,-3,david,1,0,0
t0265,issn,0,david,1,0,0
t0265,issn,3,david,1,0,0
t0266,no_distractor,inf,rights,1,0,0
t0266,one_same,-9,forest,0,1,1
t0266,one_same,-6,stars,0,0,0
t0266,one_same,-3,stars,0,0,0
t0266,one_same,0,newspaper,0,0,0
t0266,one_same,3,newspaper,0,0,0
t0266,one_diff,-9,dance,0,0,0
t0266,one_diff,-6,dance,0,0,0
t0266,one_diff,-3,rights,1,0,0
t0266,one_diff,0,rights,1,0,0
t0266,one_diff,3,rights,1,0,0
t0266,two_talker,-9,forest,0,1,1
t0266,two_talker,-6,forest,0,1,1
t0266,two_talker,-3,passed,0,0,0
t0266,two_talker,0,passed,0,0,0
t0266,two_talker,3,that's,0,0,0
t0266,four_talker,-9,that's,0,0,0
t0266,four_talker,-6,style,0,0,0
t0266,four_talker,-3,style,0,0,0
t0266,four_talker,0,that's,0,0,0
t0266,four_talker,3,that's,0,0,0
t0266,babble,-9,rights,1,0,0
t0266,babble,-6,rights,1,0,0
t0266,babble,-3,rights,1,0,0
t0266,babble,0,rights,1,0,0
t0266,babble,3,rights,1,0,0
t0266,issn,-9,rights,1,0,0
t0266,issn,-6,rights,1,0,0
t0266,issn,-3,rights,1,0,0
t0266,issn,0,rights,1,0,0
t0266,issn,3,rights,1,0,0
t0267,no_distractor,inf,unknown,0,0,0
t0267,one_same,-9,america,0,0,0
t0267,one_same,-6,unknown,0,0,0
t0267,one_same,-3,unknown,0,0,0
t0267,one_same,0,london,1,0,0
t0267,one_same,3,london,1,0,0
t0267,one_diff,-9,london,1,0,0
t0267,one_diff,-6,london,1,0,0
t0267,one_diff,-3,unknown,0,0,0
t0267,one_diff,0,unknown,0,0,0
t0267,one_diff,3,unknown,0,0,0
t0267,two_talker,-9,southern,0,0,0
t0267,two_talker,-6,southern,0,0,0
t0267,two_talker,-3,unknown,0,0,0
t0267,two_talker,0,unknown,0,0,0
t0267,two_talker,3,unknown,0,0,0
t0267,four_talker,-9,several,0,0,0
t0267,four_talker,-6,southern,0,0,0
t0267,four_talker,-3,unknown,0,0,0
t0267,four_talker,0,unknown,0,0,0
t0267,four_talker,3,unknown,0,0,0
t0267,babble,-9,changed,0,0,0
t0267,babble,-6,central,0,0,0
t0267,babble,-3,southern,0,0,0
t0267,babble,0,southern,0,0,0
t0267,babble,3,unknown,0,0,0
t0267,issn,-9,unknown,0,0,0
t0267,issn,-6,unknown,0,0,0
t0267,issn,-3,unknown,0,0,0
t0267,issn,0,unknown,0,0,0
t0267,issn,3,unknown,0,0,0
t0268,no_distractor,inf,eventually,1,0,0
t0268,one_same,-9,actually,0,1,1
t0268,one_same,-6,actually,0,1,1
t0268,one_same,-3,actually,0,1,1
t0268,one_same,0,eventually,1,0,0
t0268,one_same,3,eventually,1,0,0
t0268,one_diff,-9,eventually,1,0,0
t0268,one_diff,-6,eventually,1,0,0
t0268,one_diff,-3,eventually,1,0,0
t0268,one_diff,0,eventually,1,0,0
t0268,one_diff,3,eventually,1,0,0
t0268,two_talker,-9,initially,0,0,0
t0268,two_talker,-6,initially,0,0,0
t0268,two_talker,-3,initially,0,0,0
t0268,two_talker,0,eventually,1,0,0
t0268,two_talker,3,eventually,1,0,0
t0268,four_talker,-9,initially,0,0,0
t0268,four_talker,-6,initially,0,0,0
t0268,four_talker,-3,eventually,1,0,0
t0268,four_talker,0,eventually,1,0,0
t0268,four_talker,3,eventually,1,0,0
t0268,babble,-9,along,0,0,0
t0268,babble,-6,along,0,0,0
t0268,babble,-3,election,0,0,0
t0268,babble,0,eventually,1,0,0
t0268,babble,3,eventually,1,0,0
t0268,issn,-9,method,0,0,0
t0268,issn,-6,metal,0,0,0
t0268,issn,-3,until,0,0,0
t0268,issn,0,until,0,0,0
t0268,issn,3,eventually,1,0,0
t0269,no_distractor,inf,cannot,1,0,0
t0269,one_same,-9,can't,0,0,0
t0269,one_same,-6,cannot,1,0,0
t0269,one_same,-3,cannot,1,0,0
t0269,one_same,0,cannot,1,0,0
t0269,one_same,3,cannot,1,0,0
t0269,one_diff,-9,cannot,1,0,0
t0269,one_diff,-6,cannot,1,0,0
t0269,one_diff,-3,cannot,1,0,0
t0269,one_diff,0,cannot,1,0,0
t0269,one_diff,3,cannot,1,0,0
t0269,two_talker,-9,problem,0,0,0
t0269,two_talker,-6,cannot,1,0,0
t0269,two_talker,-3,cannot,1,0,0
t0269,two_talker,0,cannot,1,0,0
t0269,two_talker,3,cannot,1,0,0
t0269,four_talker,-9,played,0,0,0
t0269,four_talker,-6,played,0,0,0
t0269,four_talker,-3,played,0,0,0
t0269,four_talker,0,cannot,1,0,0
t0269,four_talker,3,cannot,1,0,0
t0269,babble,-9,although,0,0,0
t0269,babble,-6,became,0,0,0
t0269,babble,-3,became,0,0,0
t0269,babble,0,cannot,1,0,0
t0269,babble,3,cannot,1,0,0
t0269,issn,-9,canadian,0,0,0
t0269,issn,-6,cannot,1,0,0
t0269,issn,-3,cannot,1,0,0
t0269,issn,0,cannot,1,0,0
t0269,issn,3,cannot,1,0,0
t0270,no_distractor,inf,there,0,0,0
t0270,one_same,-9,border,0,0,0
t0270,one_same,-6,their,1,0,0
t0270,one_same,-3,their,1,0,0
t0270,one_same,0,their,1,0,0
t0270,one_same,3,their,1,0,0
t0270,one_diff,-9,parents,0,0,0
t0270,one_diff,-6,parents,0,0,0
t0270,one_diff,-3,parents,0,0,0
t0270,one_diff,0,there,0,0,0
t0270,one_diff,3,there,0,0,0
t0270,two_talker,-9,power,0,0,0
t0270,two_talker,-6,career,0,0,0
t0270,two_talker,-3,career,0,0,0
t0270,two_talker,0,characters,0,0,0
t0270,two_talker,3,there,0,0,0
t0270,four_talker,-9,programs,0,0,0
t0270,four_talker,-6,programs,0,0,0
t0270,four_talker,-3,characters,0,0,0
t0270,four_talker,0,characters,0,0,0
t0270,four_talker,3,various,0,0,0
t0270,babble,-9,required,0,0,0
t0270,babble,-6,players,0,0,0
t0270,babble,-3,parents,0,0,0
t0270,babble,0,there,0,0,0
t0270,babble,3,there,0,0,0
t0270,issn,-9,village,0,0,0
t0270,issn,-6,village,0,0,0
t0270,issn,-3,parish,0,0,0
t0270,issn,0,parish,0,0,0
t0270,issn,3,various,0,0,0
t0271,no_distractor,inf,strong,1,0,0
t0271,one_same,-9,historical,0,0,0
t0271,one_same,-6,historical,0,0,0
t0271,one_same,-3,historical,0,0,0
t0271,one_same,0,historical,0,0,0
t0271,one_same,3,historical,0,0,0
t0271,one_diff,-9,historical,0,0,0
t0271,one_diff,-6,historical,0,0,0
t0271,one_diff,-3,strong,1,0,0
t0271,one_diff,0,strong,1,0,0
t0271,one_diff,3,strong,1,0,0
t0271,two_talker,-9,historic,0,0,0
t0271,two_talker,-6,historic,0,0,0
t0271,two_talker,-3,historic,0,0,0
t0271,two_talker,0,historical,0,0,0
t0271,two_talker,3,historical,0,0,0
t0271,four_talker,-9,state,0,0,0
t0271,four_talker,-6,stone,0,0,0
t0271,four_talker,-3,stone,0,0,0
t0271,four_talker,0,stone,0,0,0
t0271,four_talker,3,strong,1,0,0
t0271,babble,-9,designed,0,0,0
t0271,babble,-6,start,0,0,0
t0271,babble,-3,strong,1,0,0
t0271,babble,0,strong,1,0,0
t0271,babble,3,strong,1,0,0
t0271,issn,-9,small,0,0,0
t0271,issn,-6,small,0,0,0
t0271,issn,-3,small,0,0,0
t0271,issn,0,strong,1,0,0
t0271,issn,3,strong,1,0,0
t0272,no_distractor,inf,especially,1,0,0
t0272,one_same,-9,especially,1,0,0
t0272,one_same,-6,especially,1,0,0
t0272,one_same,-3,especially,1,0,0
t0272,one_same,0,especially,1,0,0
t0272,one_same,3,especially,1,0,0
t0272,one_diff,-9,especially,1,0,0
t0272,one_diff,-6,especially,1,0,0
t0272,one_diff,-3,special,0,0,0
t0272,one_diff,0,special,0,0,0
t0272,one_diff,3,special,0,0,0
t0272,two_talker,-9,which,0,0,0
t0272,two_talker,-6,special,0,0,0
t0272,two_talker,-3,special,0,0,0
t0272,two_talker,0,special,0,0,0
t0272,two_talker,3,special,0,0,0
t0272,four_talker,-9,special,0,0,0
t0272,four_talker,-6,especially,1,0,0
t0272,four_talker,-3,especially,1,0,0
t0272,four_talker,0,especially,1,0,0
t0272,four_talker,3,especially,1,0,0
t0272,babble,-9,special,0,0,0
t0272,babble,-6,special,0,0,0
t0272,babble,-3,special,0,0,0
t0272,babble,0,especially,1,0,0
t0272,babble,3,especially,1,0,0
t0272,issn,-9,especially,1,0,0
t0272,issn,-6,especially,1,0,0
t0272,issn,-3,especially,1,0,0
t0272,issn,0,especially,1,0,0
t0272,issn,3,especially,1,0,0
t0273,no_distractor,inf,american,1,0,0
t0273,one_same,-9,program,0,0,0
t0273,one_same,-6,american,1,0,0
t0273,one_same,-3,american,1,0,0
t0273,one_same,0,american,1,0,0
t0273,one_same,3,american,1,0,0
t0273,one_diff,-9,american,1,0,0
t0273,one_diff,-6,american,1,0,0
t0273,one_diff,-3,american,1,0,0
t0273,one_diff,0,american,1,0,0
t0273,one_diff,3,american,1,0,0
t0273,two_talker,-9,around,0,0,0
t0273,two_talker,-6,american,1,0,0
t0273,two_talker,-3,american,1,0,0
t0273,two_talker,0,american,1,0,0
t0273,two_talker,3,american,1,0,0
t0273,four_talker,-9,around,0,0,0
t0273,four_talker,-6,american,1,0,0
t0273,four_talker,-3,american,1,0,0
t0273,four_talker,0,american,1,0,0
t0273,four_talker,3,american,1,0,0
t0273,babble,-9,notable,0,0,0
t0273,babble,-6,american,1,0,0
t0273,babble,-3,american,1,0,0
t0273,babble,0,american,1,0,0
t0273,babble,3,american,1,0,0
t0273,issn,-9,middle,0,0,0
t0273,issn,-6,american,1,0,0
t0273,issn,-3,american,1,0,0
t0273,issn,0,american,1,0,0
t0273,issn,3,american,1,0,0
t0274,no_distractor,inf,european,1,0,0
t0274,one_same,-9,european,1,0,0
t0274,one_same,-6,european,1,0,0
t0274,one_same,-3,american,0,0,0
t0274,one_same,0,american,0,0,0
t0274,one_same,3,american,0,0,0
t0274,one_diff,-9,european,1,0,0
t0274,one_diff,-6,european,1,0,0
t0274,one_diff,-3,european,1,0,0
t0274,one_diff,0,european,1,0,0
t0274,one_diff,3,european,1,0,0
t0274,two_talker,-9,provide,0,1,1
t0274,two_talker,-6,provide,0,1,1
t0274,two_talker,-3,variety,0,0,0
t0274,two_talker,0,european,1,0,0
t0274,two_talker,3,european,1,0,0
t0274,four_talker,-9,provided,0,0,0
t0274,four_talker,-6,variety,0,0,0
t0274,four_talker,-3,european,1,0,0
t0274,four_talker,0,european,1,0,0
t0274,four_talker,3,european,1,0,0
t0274,babble,-9,northern,0,0,0
t0274,babble,-6,northern,0,0,0
t0274,babble,-3,european,1,0,0
t0274,babble,0,european,1,0,0
t0274,babble,3,european,1,0,0
t0274,issn,-9,independent,0,0,0
t0274,issn,-6,independent,0,0,0
t0274,issn,-3,europe,0,0,0
t0274,issn,0,european,1,0,0
t0274,issn,3,european,1,0,0
t0275,no_distractor,inf,schools,1,0,0
t0275,one_same,-9,source,0,0,0
t0275,one_same,-6,school,0,0,0
t0275,one_same,-3,school,0,0,0
t0275,one_same,0,school,0,0,0
t0275,one_same,3,school,0,0,0
t0275,one_diff,-9,fourth,0,0,0
t0275,one_diff,-6,fourth,0,0,0
t0275,one_diff,-3,forced,0,0,0
t0275,one_diff,0,forced,0,0,0
t0275,one_diff,3,source,0,0,0
t0275,two_talker,-9,system,0,0,0
t0275,two_talker,-6,source,0,0,0
t0275,two_talker,-3,source,0,0,0
t0275,two_talker,0,school,0,0,0
t0275,two_talker,3,school,0,0,0
t0275,four_talker,-9,served,0,1,1
t0275,four_talker,-6,served,0,1,1
t0275,four_talker,-3,sports,0,0,0
t0275,four_talker,0,sports,0,0,0
t0275,four_talker,3,school,0,0,0
t0275,babble,-9,served,0,1,1
t0275,babble,-6,served,0,1,1
t0275,babble,-3,sports,0,0,0
t0275,babble,0,sports,0,0,0
t0275,babble,3,schools,1,0,0
t0275,issn,-9,system,0,0,0
t0275,issn,-6,school,0,0,0
t0275,issn,-3,schools,1,0,0
t0275,issn,0,schools,1,0,0
t0275,issn,3,school,0,0,0
t0276,no_distractor,inf,changed,1,0,0
t0276,one_same,-9,featured,0,0,0
t0276,one_same,-6,produced,0,0,0
t0276,one_same,-3,produced,0,0,0
t0276,one_same,0,produced,0,0,0
t0276,one_same,3,produced,0,0,0
t0276,one_diff,-9,french,0,1,1
t0276,one_diff,-6,french,0,1,1
t0276,one_diff,-3,changed,1,0,0
t0276,one_diff,0,changed,1,0,0
t0276,one_diff,3,changed,1,0,0
t0276,two_talker,-9,coach,0,0,0
t0276,two_talker,-6,coach,0,0,0
t0276,two_talker,-3,church,0,0,0
t0276,two_talker,0,changed,1,0,0
t0276,two_talker,3,changed,1,0,0
t0276,four_talker,-9,coach,0,0,0
t0276,four_talker,-6,coach,0,0,0
t0276,four_talker,-3,coast,0,0,0
t0276,four_talker,0,coast,0,0,0
t0276,four_talker,3,changed,1,0,0
t0276,babble,-9,collection,0,0,0
t0276,babble,-6,players,0,0,0
t0276,babble,-3,church,0,0,0
t0276,babble,0,changed,1,0,0
t0276,babble,3,changed,1,0,0
t0276,issn,-9,forms,0,0,0
t0276,issn,-6,produced,0,0,0
t0276,issn,-3,changed,1,0,0
t0276,issn,0,changed,1,0,0
t0276,issn,3,changed,1,0,0
t0277,no_distractor,inf,first,1,0,0
t0277,one_same,-9,sister,0,0,0
t0277,one_same,-6,person,0,0,0
t0277,one_same,-3,first,1,0,0
t0277,one_same,0,first,1,0,0
t0277,one_same,3,first,1,0,0
t0277,one_diff,-9,first,1,0,0
t0277,one_diff,-6,first,1,0,0
t0277,one_diff,-3,first,1,0,0
t0277,one_diff,0,first,1,0,0
t0277,one_diff,3,first,1,0,0
t0277,two_talker,-9,sister,0,0,0
t0277,two_talker,-6,sister,0,0,0
t0277,two_talker,-3,sister,0,0,0
t0277,two_talker,0,first,1,0,0
t0277,two_talker,3,first,1,0,0
t0277,four_talker,-9,since,0,0,0
t0277,four_talker,-6,since,0,0,0
t0277,four_talker,-3,since,0,0,0
t0277,four_talker,0,first,1,0,0
t0277,four_talker,3,first,1,0,0
t0277,babble,-9,science,0,0,0
t0277,babble,-6,source,0,0,0
t0277,babble,-3,stars,0,0,0
t0277,babble,0,stars,0,0,0
t0277,babble,3,first,1,0,0
t0277,issn,-9,order,0,0,0
t0277,issn,-6,almost,0,0,0
t0277,issn,-3,almost,0,0,0
t0277,issn,0,first,1,0,0
t0277,issn,3,first,1,0,0
t0278,no_distractor,inf,training,1,0,0
t0278,one_same,-9,eastern,0,0,0
t0278,one_same,-6,training,1,0,0
t0278,one_same,-3,training,1,0,0
t0278,one_same,0,training,1,0,0
t0278,one_same,3,training,1,0,0
t0278,one_diff,-9,china,0,0,0
t0278,one_diff,-6,china,0,0,0
t0278,one_diff,-3,china,0,0,0
t0278,one_diff,0,training,1,0,0
t0278,one_diff,3,training,1,0,0
t0278,two_talker,-9,designed,0,0,0
t0278,two_talker,-6,designed,0,0,0
t0278,two_talker,-3,designed,0,0,0
t0278,two_talker,0,training,1,0,0
t0278,two_talker,3,training,1,0,0
t0278,four_talker,-9,divided,0,0,0
t0278,four_talker,-6,divided,0,0,0
t0278,four_talker,-3,design,0,0,0
t0278,four_talker,0,training,1,0,0
t0278,four_talker,3,training,1,0,0
t0278,babble,-9,carried,0,0,0
t0278,babble,-6,carried,0,0,0
t0278,babble,-3,training,1,0,0
t0278,babble,0,training,1,0,0
t0278,babble,3,training,1,0,0
t0278,issn,-9,carried,0,0,0
t0278,issn,-6,trade,0,0,0
t0278,issn,-3,trade,0,0,0
t0278,issn,0,training,1,0,0
t0278,issn,3,training,1,0,0
t0279,no_distractor,inf,eventually,1,0,0
t0279,one_same,-9,leader,0,0,0
t0279,one_same,-6,leaving,0,0,0
t0279,one_same,-3,eventually,1,0,0
t0279,one_same,0,eventually,1,0,0
t0279,one_same,3,eventually,1,0,0
t0279,one_diff,-9,associated,0,0,0
t0279,one_diff,-6,eventually,1,0,0
t0279,one_diff,-3,eventually,1,0,0
t0279,one_diff,0,eventually,1,0,0
t0279,one_diff,3,eventually,1,0,0
t0279,two_talker,-9,former,0,0,0
t0279,two_talker,-6,performance,0,0,0
t0279,two_talker,-3,eventually,1,0,0
t0279,two_talker,0,eventually,1,0,0
t0279,two_talker,3,eventually,1,0,0
t0279,four_talker,-9,system,0,0,0
t0279,four_talker,-6,systems,0,0,0
t0279,four_talker,-3,central,0,0,0
t0279,four_talker,0,eventually,1,0,0
t0279,four_talker,3,eventually,1,0,0
t0279,babble,-9,largest,0,0,0
t0279,babble,-6,largest,0,0,0
t0279,babble,-3,songs,0,0,0
t0279,babble,0,eventually,1,0,0
t0279,babble,3,eventually,1,0,0
t0279,issn,-9,lives,0,0,0
t0279,issn,-6,eventually,1,0,0
t0279,issn,-3,eventually,1,0,0
t0279,issn,0,eventually,1,0,0
t0279,issn,3,eventually,1,0,0
t0280,no_distractor,inf,became,1,0,0
t0280,one_same,-9,particularly,0,0,0
t0280,one_same,-6,looked,0,0,0
t0280,one_same,-3,looked,0,0,0
t0280,one_same,0,looked,0,0,0
t0280,one_same,3,looked,0,0,0
t0280,one_diff,-9,between,0,0,0
t0280,one_diff,-6,between,0,0,0
t0280,one_diff,-3,became,1,0,0
t0280,one_diff,0,became,1,0,0
t0280,one_diff,3,became,1,0,0
t0280,two_talker,-9,joined,0,0,0
t0280,two_talker,-6,joined,0,0,0
t0280,two_talker,-3,opened,0,0,0
t0280,two_talker,0,lived,0,0,0
t0280,two_talker,3,became,1,0,0
t0280,four_talker,-9,served,0,0,0
t0280,four_talker,-6,children,0,0,0
t0280,four_talker,-3,children,0,0,0
t0280,four_talker,0,built,0,0,0
t0280,four_talker,3,became,1,0,0
t0280,babble,-9,business,0,0,0
t0280,babble,-6,contains,0,0,0
t0280,babble,-3,contains,0,0,0
t0280,babble,0,educated,0,0,0
t0280,babble,3,became,1,0,0
t0280,issn,-9,returned,0,0,0
t0280,issn,-6,became,1,0,0
t0280,issn,-3,became,1,0,0
t0280,issn,0,became,1,0,0
t0280,issn,3,became,1,0,0
t0281,no_distractor,inf,center,0,0,0
t0281,one_same,-9,based,0,0,0
t0281,one_same,-6,based,0,0,0
t0281,one_same,-3,based,0,0,0
t0281,one_same,0,based,0,0,0
t0281,one_same,3,those,0,0,0
t0281,one_diff,-9,surface,0,0,0
t0281,one_diff,-6,surface,0,0,0
t0281,one_diff,-3,surface,0,0,0
t0281,one_diff,0,surface,0,0,0
t0281,one_diff,3,surface,0,0,0
t0281,two_talker,-9,changed,0,0,0
t0281,two_talker,-6,cemetery,0,0,0
t0281,two_talker,-3,simply,0,0,0
t0281,two_talker,0,simply,0,0,0
t0281,two_talker,3,those,0,0,0
t0281,four_talker,-9,system,0,1,1
t0281,four_talker,-6,sister,0,0,0
t0281,four_talker,-3,sister,0,0,0
t0281,four_talker,0,sister,0,0,0
t0281,four_talker,3,sister,0,0,0
t0281,babble,-9,second,0,0,0
t0281,babble,-6,sister,0,0,0
t0281,babble,-3,sister,0,0,0
t0281,babble,0,sister,0,0,0
t0281,babble,3,sister,0,0,0
t0281,issn,-9,service,0,0,0
t0281,issn,-6,service,0,0,0
t0281,issn,-3,service,0,0,0
t0281,issn,0,surface,0,0,0
t0281,issn,3,surface,0,0,0
t0282,no_distractor,inf,nothing,1,0,0
t0282,one_same,-9,specific,0,1,1
t0282,one_same,-6,nothing,1,0,0
t0282,one_same,-3,nothing,1,0,0
t0282,one_same,0,nothing,1,0,0
t0282,one_same,3,nothing,1,0,0
t0282,one_diff,-9,nothing,1,0,0
t0282,one_diff,-6,nothing,1,0,0
t0282,one_diff,-3,nothing,1,0,0
t0282,one_diff,0,nothing,1,0,0
t0282,one_diff,3,nothing,1,0,0
t0282,two_talker,-9,specific,0,1,1
t0282,two_talker,-6,nothing,1,0,0
t0282,two_talker,-3,nothing,1,0,0
t0282,two_talker,0,nothing,1,0,0
t0282,two_talker,3,nothing,1,0,0
t0282,four_talker,-9,specific,0,1,1
t0282,four_talker,-6,designed,0,0,0
t0282,four_talker,-3,nothing,1,0,0
t0282,four_talker,0,nothing,1,0,0
t0282,four_talker,3,nothing,1,0,0
t0282,babble,-9,sound,0,0,0
t0282,babble,-6,second,0,0,0
t0282,babble,-3,nothing,1,0,0
t0282,babble,0,nothing,1,0,0
t0282,babble,3,nothing,1,0,0
t0282,issn,-9,german,0,0,0
t0282,issn,-6,government,0,0,0
t0282,issn,-3,nothing,1,0,0
t0282,issn,0,nothing,1,0,0
t0282,issn,3,nothing,1,0,0
t0283,no_distractor,inf,british,1,0,0
t0283,one_same,-9,british,1,0,0
t0283,one_same,-6,british,1,0,0
t0283,one_same,-3,british,1,0,0
t0283,one_same,0,british,1,0,0
t0283,one_same,3,british,1,0,0
t0283,one_diff,-9,bridge,0,0,0
t0283,one_diff,-6,british,1,0,0
t0283,one_diff,-3,british,1,0,0
t0283,one_diff,0,british,1,0,0
t0283,one_diff,3,british,1,0,0
t0283,two_talker,-9,point,0,0,0
t0283,two_talker,-6,greek,0,0,0
t0283,two_talker,-3,british,1,0,0
t0283,two_talker,0,british,1,0,0
t0283,two_talker,3,british,1,0,0
t0283,four_talker,-9,william,0,0,0
t0283,four_talker,-6,bring,0,0,0
t0283,four_talker,-3,british,1,0,0
t0283,four_talker,0,british,1,0,0
t0283,four_talker,3,british,1,0,0
t0283,babble,-9,order,0,0,0
t0283,babble,-6,order,0,0,0
t0283,babble,-3,british,1,0,0
t0283,babble,0,british,1,0,0
t0283,babble,3,british,1,0,0
t0283,issn,-9,believe,0,0,0
t0283,issn,-6,british,1,0,0
t0283,issn,-3,british,1,0,0
t0283,issn,0,british,1,0,0
t0283,issn,3,british,1,0,0
t0284,no_distractor,inf,after,1,0,0
t0284,one_same,-9,stories,0,0,0
t0284,one_same,-6,stories,0,0,0
t0284,one_same,-3,after,1,0,0
t0284,one_same,0,after,1,0,0
t0284,one_same,3,after,1,0,0
t0284,one_diff,-9,after,1,0,0
t0284,one_diff,-6,after,1,0,0
t0284,one_diff,-3,after,1,0,0
t0284,one_diff,0,after,1,0,0
t0284,one_diff,3,after,1,0,0
t0284,two_talker,-9,story,0,1,1
t0284,two_talker,-6,actually,0,0,0
t0284,two_talker,-3,actually,0,0,0
t0284,two_talker,0,action,0,0,0
t0284,two_talker,3,action,0,0,0
t0284,four_talker,-9,higher,0,0,0
t0284,four_talker,-6,highly,0,0,0
t0284,four_talker,-3,party,0,0,0
t0284,four_talker,0,activity,0,0,0
t0284,four_talker,3,activity,0,0,0
t0284,babble,-9,parts,0,0,0
t0284,babble,-6,islands,0,0,0
t0284,babble,-3,islands,0,0,0
t0284,babble,0,artist,0,0,0
t0284,babble,3,after,1,0,0
t0284,issn,-9,involved,0,0,0
t0284,issn,-6,after,1,0,0
t0284,issn,-3,after,1,0,0
t0284,issn,0,after,1,0,0
t0284,issn,3,after,1,0,0
t0285,no_distractor,inf,featured,1,0,0
t0285,one_same,-9,region,0,0,0
t0285,one_same,-6,association,0,0,0
t0285,one_same,-3,future,0,0,0
t0285,one_same,0,future,0,0,0
t0285,one_same,3,featured,1,0,0
t0285,one_diff,-9,featured,1,0,0
t0285,one_diff,-6,featured,1,0,0
t0285,one_diff,-3,featured,1,0,0
t0285,one_diff,0,featured,1,0,0
t0285,one_diff,3,featured,1,0,0
t0285,two_talker,-9,didn't,0,1,1
t0285,two_talker,-6,different,0,0,0
t0285,two_talker,-3,gives,0,0,0
t0285,two_talker,0,featured,1,0,0
t0285,two_talker,3,featured,1,0,0
t0285,four_talker,-9,students,0,0,0
t0285,four_talker,-6,teams,0,0,0
t0285,four_talker,-3,species,0,0,0
t0285,four_talker,0,featured,1,0,0
t0285,four_talker,3,featured,1,0,0
t0285,babble,-9,provide,0,0,0
t0285,babble,-6,regional,0,0,0
t0285,babble,-3,feature,0,0,0
t0285,babble,0,featured,1,0,0
t0285,babble,3,featured,1,0,0
t0285,issn,-9,created,0,0,0
t0285,issn,-6,major,0,0,0
t0285,issn,-3,featured,1,0,0
t0285,issn,0,featured,1,0,0
t0285,issn,3,featured,1,0,0
t0286,no_distractor,inf,festival,1,0,0
t0286,one_same,-9,festival,1,0,0
t0286,one_same,-6,festival,1,0,0
t0286,one_same,-3,festival,1,0,0
t0286,one_same,0,festival,1,0,0
t0286,one_same,3,festival,1,0,0
t0286,one_diff,-9,festival,1,0,0
t0286,one_diff,-6,festival,1,0,0
t0286,one_diff,-3,festival,1,0,0
t0286,one_diff,0,festival,1,0,0
t0286,one_diff,3,festival,1,0,0
t0286,two_talker,-9,festival,1,0,0
t0286,two_talker,-6,festival,1,0,0
t0286,two_talker,-3,festival,1,0,0
t0286,two_talker,0,festival,1,0,0
t0286,two_talker,3,festival,1,0,0
t0286,four_talker,-9,festival,1,0,0
t0286,four_talker,-6,festival,1,0,0
t0286,four_talker,-3,festival,1,0,0
t0286,four_talker,0,festival,1,0,0
t0286,four_talker,3,festival,1,0,0
t0286,babble,-9,travel,0,0,0
t0286,babble,-6,festival,1,0,0
t0286,babble,-3,festival,1,0,0
t0286,babble,0,festival,1,0,0
t0286,babble,3,festival,1,0,0
t0286,issn,-9,festival,1,0,0
t0286,issn,-6,festival,1,0,0
t0286,issn,-3,festival,1,0,0
t0286,issn,0,festival,1,0,0
t0286,issn,3,festival,1,0,0
t0287,no_distractor,inf,award,1,0,0
t0287,one_same,-9,round,0,0,0
t0287,one_same,-6,round,0,0,0
t0287,one_same,-3,round,0,0,0
t0287,one_same,0,around,0,0,0
t0287,one_same,3,around,0,0,0
t0287,one_diff,-9,under,0,0,0
t0287,one_diff,-6,award,1,0,0
t0287,one_diff,-3,award,1,0,0
t0287,one_diff,0,award,1,0,0
t0287,one_diff,3,award,1,0,0
t0287,two_talker,-9,around,0,0,0
t0287,two_talker,-6,around,0,0,0
t0287,two_talker,-3,around,0,0,0
t0287,two_talker,0,around,0,0,0
t0287,two_talker,3,around,0,0,0
t0287,four_talker,-9,around,0,0,0
t0287,four_talker,-6,around,0,0,0
t0287,four_talker,-3,around,0,0,0
t0287,four_talker,0,around,0,0,0
t0287,four_talker,3,around,0,0,0
t0287,babble,-9,allowed,0,1,1
t0287,babble,-6,allowed,0,1,1
t0287,babble,-3,award,1,0,0
t0287,babble,0,award,1,0,0
t0287,babble,3,award,1,0,0
t0287,issn,-9,board,0,0,0
t0287,issn,-6,board,0,0,0
t0287,issn,-3,blood,0,0,0
t0287,issn,0,blood,0,0,0
t0287,issn,3,award,1,0,0
t0288,no_distractor,inf,another,1,0,0
t0288,one_same,-9,known,0,0,0
t0288,one_same,-6,known,0,0,0
t0288,one_same,-3,known,0,0,0
t0288,one_same,0,known,0,0,0
t0288,one_same,3,known,0,0,0
t0288,one_diff,-9,another,1,0,0
t0288,one_diff,-6,another,1,0,0
t0288,one_diff,-3,another,1,0,0
t0288,one_diff,0,another,1,0,0
t0288,one_diff,3,another,1,0,0
t0288,two_talker,-9,england,0,1,1
t0288,two_talker,-6,movement,0,0,0
t0288,two_talker,-3,movement,0,0,0
t0288,two_talker,0,movement,0,0,0
t0288,two_talker,3,another,1,0,0
t0288,four_talker,-9,including,0,0,0
t0288,four_talker,-6,including,0,0,0
t0288,four_talker,-3,didn't,0,0,0
t0288,four_talker,0,money,0,0,0
t0288,four_talker,3,another,1,0,0
t0288,babble,-9,enough,0,1,1
t0288,babble,-6,enough,0,1,1
t0288,babble,-3,national,0,0,0
t0288,babble,0,national,0,0,0
t0288,babble,3,nothing,0,0,0
t0288,issn,-9,heard,0,0,0
t0288,issn,-6,remember,0,0,0
t0288,issn,-3,remember,0,0,0
t0288,issn,0,another,1,0,0
t0288,issn,3,another,1,0,0
t0289,no_distractor,inf,shall,1,0,0
t0289,one_same,-9,french,0,1,1
t0289,one_same,-6,professional,0,0,0
t0289,one_same,-3,professional,0,0,0
t0289,one_same,0,social,0,0,0
t0289,one_same,3,social,0,0,0
t0289,one_diff,-9,still,0,0,0
t0289,one_diff,-6,shall,1,0,0
t0289,one_diff,-3,shall,1,0,0
t0289,one_diff,0,shall,1,0,0
t0289,one_diff,3,shall,1,0,0
t0289,two_talker,-9,french,0,1,1
t0289,two_talker,-6,french,0,1,1
t0289,two_talker,-3,french,0,1,1
t0289,two_talker,0,described,0,0,0
t0289,two_talker,3,thomas,0,0,0
t0289,four_talker,-9,professional,0,0,0
t0289,four_talker,-6,traditional,0,0,0
t0289,four_talker,-3,traditional,0,0,0
t0289,four_talker,0,short,0,0,0
t0289,four_talker,3,short,0,0,0
t0289,babble,-9,changes,0,0,0
t0289,babble,-6,famous,0,0,0
t0289,babble,-3,became,0,0,0
t0289,babble,0,should,0,0,0
t0289,babble,3,should,0,0,0
t0289,issn,-9,summer,0,0,0
t0289,issn,-6,summer,0,0,0
t0289,issn,-3,issue,0,0,0
t0289,issn,0,official,0,0,0
t0289,issn,3,shall,1,0,0
t0290,no_distractor,inf,built,1,0,0
t0290,one_same,-9,language,0,1,1
t0290,one_same,-6,level,0,0,0
t0290,one_same,-3,level,0,0,0
t0290,one_same,0,built,1,0,0
t0290,one_same,3,built,1,0,0
t0290,one_diff,-9,works,0,0,0
t0290,one_diff,-6,helped,0,0,0
t0290,one_diff,-3,helped,0,0,0
t0290,one_diff,0,helped,0,0,0
t0290,one_diff,3,helped,0,0,0
t0290,two_talker,-9,central,0,0,0
t0290,two_talker,-6,unknown,0,0,0
t0290,two_talker,-3,unknown,0,0,0
t0290,two_talker,0,built,1,0,0
t0290,two_talker,3,built,1,0,0
t0290,four_talker,-9,professional,0,0,0
t0290,four_talker,-6,professional,0,0,0
t0290,four_talker,-3,special,0,0,0
t0290,four_talker,0,natural,0,0,0
t0290,four_talker,3,children,0,0,0
t0290,babble,-9,noted,0,0,0
t0290,babble,-6,another,0,0,0
t0290,babble,-3,evidence,0,0,0
t0290,babble,0,films,0,0,0
t0290,babble,3,films,0,0,0
t0290,issn,-9,video,0,0,0
t0290,issn,-6,studio,0,0,0
t0290,issn,-3,studio,0,0,0
t0290,issn,0,built,1,0,0
t0290,issn,3,built,1,0,0
t0291,no_distractor,inf,found,1,0,0
t0291,one_same,-9,action,0,0,0
t0291,one_same,-6,mountain,0,0,0
t0291,one_same,-3,mountain,0,0,0
t0291,one_same,0,valley,0,0,0
t0291,one_same,3,valley,0,0,0
t0291,one_diff,-9,cause,0,0,0
t0291,one_diff,-6,football,0,0,0
t0291,one_diff,-3,france,0,0,0
t0291,one_diff,0,japan,0,0,0
t0291,one_diff,3,found,1,0,0
t0291,two_talker,-9,north,0,0,0
t0291,two_talker,-6,about,0,0,0
t0291,two_talker,-3,about,0,0,0
t0291,two_talker,0,about,0,0,0
t0291,two_talker,3,about,0,0,0
t0291,four_talker,-9,called,0,0,0
t0291,four_talker,-6,france,0,0,0
t0291,four_talker,-3,france,0,0,0
t0291,four_talker,0,passed,0,0,0
t0291,four_talker,3,passed,0,0,0
t0291,babble,-9,coach,0,0,0
t0291,babble,-6,large,0,0,0
t0291,babble,-3,large,0,0,0
t0291,babble,0,large,0,0,0
t0291,babble,3,large,0,0,0
t0291,issn,-9,there,0,0,0
t0291,issn,-6,failed,0,0,0
t0291,issn,-3,japan,0,0,0
t0291,issn,0,found,1,0,0
t0291,issn,3,found,1,0,0
t0292,no_distractor,inf,company,1,0,0
t0292,one_same,-9,program,0,1,1
t0292,one_same,-6,program,0,1,1
t0292,one_same,-3,program,0,1,1
t0292,one_same,0,program,0,1,1
t0292,one_same,3,program,0,1,1
t0292,one_diff,-9,others,0,0,0
t0292,one_diff,-6,published,0,0,0
t0292,one_diff,-3,published,0,0,0
t0292,one_diff,0,office,0,0,0
t0292,one_diff,3,company,1,0,0
t0292,two_talker,-9,program,0,1,1
t0292,two_talker,-6,program,0,1,1
t0292,two_talker,-3,program,0,1,1
t0292,two_talker,0,program,0,1,1
t0292,two_talker,3,program,0,1,1
t0292,four_talker,-9,europe,0,0,0
t0292,four_talker,-6,problems,0,0,0
t0292,four_talker,-3,metal,0,0,0
t0292,four_talker,0,metal,0,0,0
t0292,four_talker,3,metal,0,0,0
t0292,babble,-9,models,0,0,0
t0292,babble,-6,models,0,0,0
t0292,babble,-3,model,0,0,0
t0292,babble,0,mother,0,0,0
t0292,babble,3,model,0,0,0
t0292,issn,-9,hospital,0,0,0
t0292,issn,-6,hospital,0,0,0
t0292,issn,-3,husband,0,0,0
t0292,issn,0,author,0,0,0
t0292,issn,3,office,0,0,0
t0293,no_distractor,inf,played,1,0,0
t0293,one_same,-9,plays,0,0,0
t0293,one_same,-6,played,1,0,0
t0293,one_same,-3,great,0,0,0
t0293,one_same,0,great,0,0,0
t0293,one_same,3,white,0,0,0
t0293,one_diff,-9,formed,0,0,0
t0293,one_diff,-6,turned,0,0,0
t0293,one_diff,-3,turned,0,0,0
t0293,one_diff,0,director,0,0,0
t0293,one_diff,3,fight,0,0,0
t0293,two_talker,-9,plays,0,0,0
t0293,two_talker,-6,plays,0,0,0
t0293,two_talker,-3,great,0,0,0
t0293,two_talker,0,quite,0,0,0
t0293,two_talker,3,quite,0,0,0
t0293,four_talker,-9,however,0,1,1
t0293,four_talker,-6,provides,0,0,0
t0293,four_talker,-3,provides,0,0,0
t0293,four_talker,0,provides,0,0,0
t0293,four_talker,3,bright,0,0,0
t0293,babble,-9,however,0,1,1
t0293,babble,-6,provides,0,0,0
t0293,babble,-3,white,0,0,0
t0293,babble,0,white,0,0,0
t0293,babble,3,white,0,0,0
t0293,issn,-9,plant,0,0,0
t0293,issn,-6,tried,0,0,0
t0293,issn,-3,fight,0,0,0
t0293,issn,0,fight,0,0,0
t0293,issn,3,quite,0,0,0
t0294,no_distractor,inf,college,1,0,0
t0294,one_same,-9,names,0,0,0
t0294,one_same,-6,james,0,0,0
t0294,one_same,-3,college,1,0,0
t0294,one_same,0,college,1,0,0
t0294,one_same,3,college,1,0,0
t0294,one_diff,-9,politics,0,0,0
t0294,one_diff,-6,thomas,0,0,0
t0294,one_diff,-3,college,1,0,0
t0294,one_diff,0,college,1,0,0
t0294,one_diff,3,college,1,0,0
t0294,two_talker,-9,chief,0,1,1
t0294,two_talker,-6,james,0,0,0
t0294,two_talker,-3,james,0,0,0
t0294,two_talker,0,thomas,0,0,0
t0294,two_talker,3,thomas,0,0,0
t0294,four_talker,-9,james,0,0,0
t0294,four_talker,-6,james,0,0,0
t0294,four_talker,-3,james,0,0,0
t0294,four_talker,0,james,0,0,0
t0294,four_talker,3,james,0,0,0
t0294,babble,-9,teams,0,0,0
t0294,babble,-6,james,0,0,0
t0294,babble,-3,trains,0,0,0
t0294,babble,0,changed,0,0,0
t0294,babble,3,trains,0,0,0
t0294,issn,-9,players,0,0,0
t0294,issn,-6,players,0,0,0
t0294,issn,-3,college,1,0,0
t0294,issn,0,college,1,0,0
t0294,issn,3,college,1,0,0
t0295,no_distractor,inf,country,1,0,0
t0295,one_same,-9,beginning,0,0,0
t0295,one_same,-6,beginning,0,0,0
t0295,one_same,-3,garden,0,0,0
t0295,one_same,0,going,0,0,0
t0295,one_same,3,going,0,0,0
t0295,one_diff,-9,become,0,0,0
t0295,one_diff,-6,can't,0,0,0
t0295,one_diff,-3,can't,0,0,0
t0295,one_diff,0,can't,0,0,0
t0295,one_diff,3,country,1,0,0
t0295,two_talker,-9,which,0,1,1
t0295,two_talker,-6,returned,0,0,0
t0295,two_talker,-3,including,0,0,0
t0295,two_talker,0,garden,0,0,0
t0295,two_talker,3,can't,0,0,0
t0295,four_talker,-9,might,0,0,0
t0295,four_talker,-6,might,0,0,0
t0295,four_talker,-3,current,0,0,0
t0295,four_talker,0,current,0,0,0
t0295,four_talker,3,currently,0,0,0
t0295,babble,-9,provides,0,0,0
t0295,babble,-6,aircraft,0,0,0
t0295,babble,-3,aircraft,0,0,0
t0295,babble,0,cannot,0,0,0
t0295,babble,3,cannot,0,0,0
t0295,issn,-9,large,0,0,0
t0295,issn,-6,large,0,0,0
t0295,issn,-3,large,0,0,0
t0295,issn,0,large,0,0,0
t0295,issn,3,country,1,0,0
t0296,no_distractor,inf,method,1,0,0
t0296,one_same,-9,europe,0,0,0
t0296,one_same,-6,wrote,0,0,0
t0296,one_same,-3,wrote,0,0,0
t0296,one_same,0,lived,0,0,0
t0296,one_same,3,lived,0,0,0
t0296,one_diff,-9,include,0,0,0
t0296,one_diff,-6,include,0,0,0
t0296,one_diff,-3,include,0,0,0
t0296,one_diff,0,lived,0,0,0
t0296,one_diff,3,lived,0,0,0
t0296,two_talker,-9,episode,0,0,0
t0296,two_talker,-6,europe,0,0,0
t0296,two_talker,-3,lived,0,0,0
t0296,two_talker,0,lived,0,0,0
t0296,two_talker,3,lived,0,0,0
t0296,four_talker,-9,developed,0,0,0
t0296,four_talker,-6,developed,0,0,0
t0296,four_talker,-3,difficult,0,0,0
t0296,four_talker,0,effect,0,0,0
t0296,four_talker,3,method,1,0,0
t0296,babble,-9,decided,0,0,0
t0296,babble,-6,instead,0,0,0
t0296,babble,-3,instead,0,0,0
t0296,babble,0,method,1,0,0
t0296,babble,3,paper,0,0,0
t0296,issn,-9,model,0,0,0
t0296,issn,-6,majority,0,0,0
t0296,issn,-3,winter,0,0,0
t0296,issn,0,winter,0,0,0
t0296,issn,3,winter,0,0,0
t0297,no_distractor,inf,successful,1,0,0
t0297,one_same,-9,sister,0,0,0
t0297,one_same,-6,sister,0,0,0
t0297,one_same,-3,sister,0,0,0
t0297,one_same,0,sister,0,0,0
t0297,one_same,3,sister,0,0,0
t0297,one_diff,-9,systems,0,0,0
t0297,one_diff,-6,systems,0,0,0
t0297,one_diff,-3,systems,0,0,0
t0297,one_diff,0,systems,0,0,0
t0297,one_diff,3,system,0,0,0
t0297,two_talker,-9,sister,0,0,0
t0297,two_talker,-6,sister,0,0,0
t0297,two_talker,-3,system,0,0,0
t0297,two_talker,0,system,0,0,0
t0297,two_talker,3,system,0,0,0
t0297,four_talker,-9,systems,0,0,0
t0297,four_talker,-6,systems,0,0,0
t0297,four_talker,-3,systems,0,0,0
t0297,four_talker,0,systems,0,0,0
t0297,four_talker,3,systems,0,0,0
t0297,babble,-9,systems,0,0,0
t0297,babble,-6,systems,0,0,0
t0297,babble,-3,systems,0,0,0
t0297,babble,0,systems,0,0,0
t0297,babble,3,systems,0,0,0
t0297,issn,-9,wrote,0,0,0
t0297,issn,-6,several,0,0,0
t0297,issn,-3,associated,0,0,0
t0297,issn,0,associated,0,0,0
t0297,issn,3,associated,0,0,0
t0298,no_distractor,inf,rights,1,0,0
t0298,one_same,-9,ground,0,0,0
t0298,one_same,-6,ground,0,0,0
t0298,one_same,-3,round,0,0,0
t0298,one_same,0,round,0,0,0
t0298,one_same,3,rights,1,0,0
t0298,one_diff,-9,remains,0,0,0
t0298,one_diff,-6,rights,1,0,0
t0298,one_diff,-3,rights,1,0,0
t0298,one_diff,0,rights,1,0,0
t0298,one_diff,3,rights,1,0,0
t0298,two_talker,-9,sound,0,0,0
t0298,two_talker,-6,sound,0,0,0
t0298,two_talker,-3,designed,0,0,0
t0298,two_talker,0,writing,0,0,0
t0298,two_talker,3,rights,1,0,0
t0298,four_talker,-9,special,0,0,0
t0298,four_talker,-6,national,0,0,1
t0298,four_talker,-3,national,0,0,1
t0298,four_talker,0,shows,0,0,0
t0298,four_talker,3,rights,1,0,0
t0298,babble,-9,subsequently,0,0,0
t0298,babble,-6,subsequently,0,0,0
t0298,babble,-3,rights,1,0,0
t0298,babble,0,rights,1,0,0
t0298,babble,3,rights,1,0,0
t0298,issn,-9,provides,0,0,0
t0298,issn,-6,provides,0,0,0
t0298,issn,-3,provides,0,0,0
t0298,issn,0,rights,1,0,0
t0298,issn,3,rights,1,0,0
t0299,no_distractor,inf,considered,1,0,0
t0299,one_same,-9,association,0,0,0
t0299,one_same,-6,association,0,0,0
t0299,one_same,-3,considered,1,0,0
t0299,one_same,0,considered,1,0,0
t0299,one_same,3,considered,1,0,0
t0299,one_diff,-9,consists,0,0,0
t0299,one_diff,-6,considered,1,0,0
t0299,one_diff,-3,considered,1,0,0
t0299,one_diff,0,considered,1,0,0
t0299,one_diff,3,considered,1,0,0
t0299,two_talker,-9,ancient,0,1,1
t0299,two_talker,-6,cemetery,0,0,0
t0299,two_talker,-3,cemetery,0,0,0
t0299,two_talker,0,considered,1,0,0
t0299,two_talker,3,considered,1,0,0
t0299,four_talker,-9,country,0,0,0
t0299,four_talker,-6,country,0,0,0
t0299,four_talker,-3,considered,1,0,0
t0299,four_talker,0,considered,1,0,0
t0299,four_talker,3,considered,1,0,0
t0299,babble,-9,sometimes,0,0,0
t0299,babble,-6,sometimes,0,0,0
t0299,babble,-3,central,0,0,0
t0299,babble,0,considered,1,0,0
t0299,babble,3,considered,1,0,0
t0299,issn,-9,considered,1,0,0
t0299,issn,-6,considered,1,0,0
t0299,issn,-3,considered,1,0,0
t0299,issn,0,considered,1,0,0
t0299,issn,3,considered,1,0,0
t0300,no_distractor,inf,without,0,0,0
t0300,one_same,-9,guitar,0,0,0
t0300,one_same,-6,guitar,0,0,0
t0300,one_same,-3,guitar,0,0,0
t0300,one_same,0,guitar,0,0,0
t0300,one_same,3,began,0,0,0
t0300,one_diff,-9,southern,0,0,0
t0300,one_diff,-6,southern,0,0,0
t0300,one_diff,-3,southern,0,0,0
t0300,one_diff,0,southern,0,0,0
t0300,one_diff,3,southern,0,0,0
t0300,two_talker,-9,death,0,0,0
t0300,two_talker,-6,there,0,1,1
t0300,two_talker,-3,plant,0,0,0
t0300,two_talker,0,plant,0,0,0
t0300,two_talker,3,products,0,0,0
t0300,four_talker,-9,parents,0,0,0
t0300,four_talker,-6,plans,0,0,0
t0300,four_talker,-3,events,0,0,0
t0300,four_talker,0,events,0,0,0
t0300,four_talker,3,products,0,0,0
t0300,babble,-9,society,0,0,0
t0300,babble,-6,society,0,0,0
t0300,babble,-3,society,0,0,0
t0300,babble,0,society,0,0,0
t0300,babble,3,battle,0,0,0
t0300,issn,-9,attended,0,0,0
t0300,issn,-6,standard,0,0,0
t0300,issn,-3,family,0,0,0
t0300,issn,0,italian,1,0,0
t0300,issn,3,italian,1,0,0
t0301,no_distractor,inf,world,1,0,0
t0301,one_same,-9,world,1,0,0
t0301,one_same,-6,world,1,0,0
t0301,one_same,-3,world,1,0,0
t0301,one_same,0,world,1,0,0
t0301,one_same,3,world,1,0,0
t0301,one_diff,-9,world,1,0,0
t0301,one_diff,-6,world,1,0,0
t0301,one_diff,-3,world,1,0,0
t0301,one_diff,0,world,1,0,0
t0301,one_diff,3,world,1,0,0
t0301,two_talker,-9,world,1,0,0
t0301,two_talker,-6,world,1,0,0
t0301,two_talker,-3,world,1,0,0
t0301,two_talker,0,world,1,0,0
t0301,two_talker,3,world,1,0,0
t0301,four_talker,-9,general,0,0,0
t0301,four_talker,-6,royal,0,0,0
t0301,four_talker,-3,world,1,0,0
t0301,four_talker,0,world,1,0,0
t0301,four_talker,3,world,1,0,0
t0301,babble,-9,small,0,1,1
t0301,babble,-6,tower,0,0,0
t0301,babble,-3,tower,0,0,0
t0301,babble,0,those,0,0,0
t0301,babble,3,those,0,0,0
t0301,issn,-9,following,0,0,0
t0301,issn,-6,world,1,0,0
t0301,issn,-3,world,1,0,0
t0301,issn,0,world,1,0,0
t0301,issn,3,world,1,0,0
t0302,no_distractor,inf,since,1,0,0
t0302,one_same,-9,saint,0,0,1
t0302,one_same,-6,saint,0,0,1
t0302,one_same,-3,since,1,0,0
t0302,one_same,0,since,1,0,0
t0302,one_same,3,since,1,0,0
t0302,one_diff,-9,since,1,0,0
t0302,one_diff,-6,since,1,0,0
t0302,one_diff,-3,since,1,0,0
t0302,one_diff,0,since,1,0,0
t0302,one_diff,3,since,1,0,0
t0302,two_talker,-9,within,0,0,0
t0302,two_talker,-6,saint,0,0,1
t0302,two_talker,-3,saint,0,0,1
t0302,two_talker,0,since,1,0,0
t0302,two_talker,3,since,1,0,0
t0302,four_talker,-9,civil,0,0,0
t0302,four_talker,-6,civil,0,0,0
t0302,four_talker,-3,since,1,0,0
t0302,four_talker,0,since,1,0,0
t0302,four_talker,3,since,1,0,0
t0302,babble,-9,certain,0,0,0
t0302,babble,-6,certain,0,0,0
t0302,babble,-3,include,0,0,0
t0302,babble,0,since,1,0,0
t0302,babble,3,since,1,0,0
t0302,issn,-9,since,1,0,0
t0302,issn,-6,since,1,0,0
t0302,issn,-3,since,1,0,0
t0302,issn,0,since,1,0,0
t0302,issn,3,since,1,0,0
t0303,no_distractor,inf,between,1,0,0
t0303,one_same,-9,richard,0,0,0
t0303,one_same,-6,written,0,0,0
t0303,one_same,-3,written,0,0,0
t0303,one_same,0,written,0,0,0
t0303,one_same,3,between,1,0,0
t0303,one_diff,-9,including,0,0,0
t0303,one_diff,-6,between,1,0,0
t0303,one_diff,-3,between,1,0,0
t0303,one_diff,0,between,1,0,0
t0303,one_diff,3,between,1,0,0
t0303,two_talker,-9,studied,0,0,0
t0303,two_talker,-6,student,0,0,0
t0303,two_talker,-3,train,0,0,0
t0303,two_talker,0,train,0,0,0
t0303,two_talker,3,train,0,0,0
t0303,four_talker,-9,studied,0,0,0
t0303,four_talker,-6,attended,0,0,0
t0303,four_talker,-3,included,0,0,0
t0303,four_talker,0,train,0,0,0
t0303,four_talker,3,train,0,0,0
t0303,babble,-9,contains,0,0,0
t0303,babble,-6,contains,0,0,0
t0303,babble,-3,contains,0,0,0
t0303,babble,0,contains,0,0,0
t0303,babble,3,contains,0,0,0
t0303,issn,-9,local,0,0,0
t0303,issn,-6,local,0,0,0
t0303,issn,-3,completely,0,0,0
t0303,issn,0,between,1,0,0
t0303,issn,3,between,1,0,0
t0304,no_distractor,inf,enough,1,0,0
t0304,one_same,-9,other,0,1,1
t0304,one_same,-6,japan,0,0,0
t0304,one_same,-3,japan,0,0,0
t0304,one_same,0,japan,0,0,0
t0304,one_same,3,japan,0,0,0
t0304,one_diff,-9,numerous,0,0,0
t0304,one_diff,-6,numerous,0,0,0
t0304,one_diff,-3,europe,0,0,0
t0304,one_diff,0,moved,0,0,0
t0304,one_diff,3,minister,0,0,0
t0304,two_talker,-9,another,0,0,0
t0304,two_talker,-6,another,0,0,0
t0304,two_talker,-3,western,0,0,0
t0304,two_talker,0,western,0,0,0
t0304,two_talker,3,western,0,0,0
t0304,four_talker,-9,available,0,0,0
t0304,four_talker,-6,available,0,0,0
t0304,four_talker,-3,available,0,0,0
t0304,four_talker,0,village,0,0,0
t0304,four_talker,3,minutes,0,0,0
t0304,babble,-9,provides,0,0,0
t0304,babble,-6,lines,0,0,0
t0304,babble,-3,miles,0,0,0
t0304,babble,0,miles,0,0,0
t0304,babble,3,lines,0,0,0
t0304,issn,-9,include,0,0,0
t0304,issn,-6,movement,0,0,0
t0304,issn,-3,method,0,0,0
t0304,issn,0,method,0,0,0
t0304,issn,3,mouth,0,0,0
t0305,no_distractor,inf,would,1,0,0
t0305,one_same,-9,water,0,1,1
t0305,one_same,-6,water,0,1,1
t0305,one_same,-3,water,0,1,1
t0305,one_same,0,won't,0,0,0
t0305,one_same,3,won't,0,0,0
t0305,one_diff,-9,other,0,0,0
t0305,one_diff,-6,other,0,0,0
t0305,one_diff,-3,within,0,0,0
t0305,one_diff,0,would,1,0,0
t0305,one_diff,3,would,1,0,0
t0305,two_talker,-9,water,0,1,1
t0305,two_talker,-6,water,0,1,1
t0305,two_talker,-3,water,0,1,1
t0305,two_talker,0,lower,0,0,0
t0305,two_talker,3,smaller,0,0,0
t0305,four_talker,-9,morning,0,0,0
t0305,four_talker,-6,smaller,0,0,0
t0305,four_talker,-3,smaller,0,0,0
t0305,four_talker,0,smaller,0,0,0
t0305,four_talker,3,smaller,0,0,0
t0305,babble,-9,water,0,1,1
t0305,babble,-6,longer,0,0,0
t0305,babble,-3,longer,0,0,0
t0305,babble,0,london,0,0,0
t0305,babble,3,would,1,0,0
t0305,issn,-9,meaning,0,0,0
t0305,issn,-6,morning,0,0,0
t0305,issn,-3,morning,0,0,0
t0305,issn,0,within,0,0,0
t0305,issn,3,within,0,0,0
t0306,no_distractor,inf,decided,1,0,0
t0306,one_same,-9,specific,0,0,0
t0306,one_same,-6,decided,1,0,0
t0306,one_same,-3,decided,1,0,0
t0306,one_same,0,decided,1,0,0
t0306,one_same,3,decided,1,0,0
t0306,one_diff,-9,decided,1,0,0
t0306,one_diff,-6,decided,1,0,0
t0306,one_diff,-3,decided,1,0,0
t0306,one_diff,0,decided,1,0,0
t0306,one_diff,3,decided,1,0,0
t0306,two_talker,-9,specific,0,0,0
t0306,two_talker,-6,decided,1,0,0
t0306,two_talker,-3,decided,1,0,0
t0306,two_talker,0,decided,1,0,0
t0306,two_talker,3,decided,1,0,0
t0306,four_talker,-9,sister,0,0,0
t0306,four_talker,-6,sister,0,0,0
t0306,four_talker,-3,decided,1,0,0
t0306,four_talker,0,decided,1,0,0
t0306,four_talker,3,decided,1,0,0
t0306,babble,-9,sister,0,0,0
t0306,babble,-6,started,0,0,0
t0306,babble,-3,decided,1,0,0
t0306,babble,0,decided,1,0,0
t0306,babble,3,decided,1,0,0
t0306,issn,-9,decided,1,0,0
t0306,issn,-6,decided,1,0,0
t0306,issn,-3,decided,1,0,0
t0306,issn,0,decided,1,0,0
t0306,issn,3,decided,1,0,0
t0307,no_distractor,inf,games,1,0,0
t0307,one_same,-9,eight,0,0,0
t0307,one_same,-6,eight,0,0,0
t0307,one_same,-3,eight,0,0,0
t0307,one_same,0,being,0,0,0
t0307,one_same,3,being,0,0,0
t0307,one_diff,-9,names,0,0,0
t0307,one_diff,-6,means,0,0,0
t0307,one_diff,-3,means,0,0,0
t0307,one_diff,0,games,1,0,0
t0307,one_diff,3,games,1,0,0
t0307,two_talker,-9,what's,0,0,0
t0307,two_talker,-6,what's,0,0,0
t0307,two_talker,-3,needs,0,0,0
t0307,two_talker,0,needs,0,0,0
t0307,two_talker,3,games,1,0,0
t0307,four_talker,-9,needs,0,0,0
t0307,four_talker,-6,needs,0,0,0
t0307,four_talker,-3,needs,0,0,0
t0307,four_talker,0,games,1,0,0
t0307,four_talker,3,games,1,0,0
t0307,babble,-9,cannot,0,0,0
t0307,babble,-6,cannot,0,0,0
t0307,babble,-3,plans,0,0,0
t0307,babble,0,games,1,0,0
t0307,babble,3,games,1,0,0
t0307,issn,-9,limited,0,0,0
t0307,issn,-6,minutes,0,0,0
t0307,issn,-3,minutes,0,0,0
t0307,issn,0,means,0,0,0
t0307,issn,3,means,0,0,0
t0308,no_distractor,inf,major,1,0,0
t0308,one_same,-9,typically,0,1,1
t0308,one_same,-6,typically,0,1,1
t0308,one_same,-3,typically,0,1,1
t0308,one_same,0,taken,0,0,0
t0308,one_same,3,teams,0,0,0
t0308,one_diff,-9,union,0,0,0
t0308,one_diff,-6,media,0,0,0
t0308,one_diff,-3,museum,0,0,0
t0308,one_diff,0,media,0,0,0
t0308,one_diff,3,media,0,0,0
t0308,two_talker,-9,typically,0,1,1
t0308,two_talker,-6,student,0,0,0
t0308,two_talker,-3,student,0,0,0
t0308,two_talker,0,teams,0,0,0
t0308,two_talker,3,teams,0,0,0
t0308,four_talker,-9,indian,0,0,0
t0308,four_talker,-6,teams,0,0,0
t0308,four_talker,-3,names,0,0,0
t0308,four_talker,0,names,0,0,0
t0308,four_talker,3,names,0,0,0
t0308,babble,-9,usually,0,0,0
t0308,babble,-6,museum,0,0,0
t0308,babble,-3,major,1,0,0
t0308,babble,0,major,1,0,0
t0308,babble,3,major,1,0,0
t0308,issn,-9,major,1,0,0
t0308,issn,-6,major,1,0,0
t0308,issn,-3,major,1,0,0
t0308,issn,0,major,1,0,0
t0308,issn,3,major,1,0,0
t0309,no_distractor,inf,followed,1,0,0
t0309,one_same,-9,served,0,0,0
t0309,one_same,-6,owned,0,0,0
t0309,one_same,-3,owned,0,0,0
t0309,one_same,0,owned,0,0,0
t0309,one_same,3,formed,0,0,0
t0309,one_diff,-9,whole,0,0,0
t0309,one_diff,-6,school,0,0,0
t0309,one_diff,-3,school,0,0,0
t0309,one_diff,0,followed,1,0,0
t0309,one_diff,3,followed,1,0,0
t0309,two_talker,-9,union,0,0,0
t0309,two_talker,-6,union,0,0,0
t0309,two_talker,-3,union,0,0,0
t0309,two_talker,0,formed,0,0,0
t0309,two_talker,3,formed,0,0,0
t0309,four_talker,-9,largest,0,0,0
t0309,four_talker,-6,roman,0,0,0
t0309,four_talker,-3,roman,0,0,0
t0309,four_talker,0,formed,0,0,0
t0309,four_talker,3,formed,0,0,0
t0309,babble,-9,awards,0,1,1
t0309,babble,-6,appointed,0,0,0
t0309,babble,-3,major,0,0,0
t0309,babble,0,involved,0,0,0
t0309,babble,3,followed,1,0,0
t0309,issn,-9,primarily,0,0,0
t0309,issn,-6,known,0,0,0
t0309,issn,-3,owned,0,0,0
t0309,issn,0,formed,0,0,0
t0309,issn,3,formed,0,0,0
t0310,no_distractor,inf,several,1,0,0
t0310,one_same,-9,several,1,0,0
t0310,one_same,-6,several,1,0,0
t0310,one_same,-3,several,1,0,0
t0310,one_same,0,several,1,0,0
t0310,one_same,3,several,1,0,0
t0310,one_diff,-9,several,1,0,0
t0310,one_diff,-6,several,1,0,0
t0310,one_diff,-3,several,1,0,0
t0310,one_diff,0,several,1,0,0
t0310,one_diff,3,several,1,0,0
t0310,two_talker,-9,several,1,0,0
t0310,two_talker,-6,several,1,0,0
t0310,two_talker,-3,several,1,0,0
t0310,two_talker,0,several,1,0,0
t0310,two_talker,3,several,1,0,0
t0310,four_talker,-9,multiple,0,1,1
t0310,four_talker,-6,forward,0,0,0
t0310,four_talker,-3,forward,0,0,0
t0310,four_talker,0,forward,0,0,0
t0310,four_talker,3,several,1,0,0
t0310,babble,-9,awards,0,0,0
t0310,babble,-6,therefore,0,0,0
t0310,babble,-3,general,0,0,0
t0310,babble,0,several,1,0,0
t0310,babble,3,several,1,0,0
t0310,issn,-9,studio,0,0,0
t0310,issn,-6,several,1,0,0
t0310,issn,-3,several,1,0,0
t0310,issn,0,several,1,0,0
t0310,issn,3,several,1,0,0
t0311,no_distractor,inf,changes,1,0,0
t0311,one_same,-9,teams,0,0,0
t0311,one_same,-6,teams,0,0,0
t0311,one_same,-3,changes,1,0,0
t0311,one_same,0,changes,1,0,0
t0311,one_same,3,changes,1,0,0
t0311,one_diff,-9,names,0,0,0
t0311,one_diff,-6,teams,0,0,0
t0311,one_diff,-3,teams,0,0,0
t0311,one_diff,0,teams,0,0,0
t0311,one_diff,3,teams,0,0,0
t0311,two_talker,-9,names,0,0,0
t0311,two_talker,-6,things,0,0,0
t0311,two_talker,-3,changes,1,0,0
t0311,two_talker,0,changes,1,0,0
t0311,two_talker,3,changes,1,0,0
t0311,four_talker,-9,named,0,0,0
t0311,four_talker,-6,mainly,0,0,0
t0311,four_talker,-3,changes,1,0,0
t0311,four_talker,0,changes,1,0,0
t0311,four_talker,3,changes,1,0,0
t0311,babble,-9,musical,0,0,0
t0311,babble,-6,musical,0,0,0
t0311,babble,-3,places,0,0,0
t0311,babble,0,changes,1,0,0
t0311,babble,3,changes,1,0,0
t0311,issn,-9,numbers,0,0,0
t0311,issn,-6,numbers,0,0,0
t0311,issn,-3,members,0,0,0
t0311,issn,0,members,0,0,0
t0311,issn,3,teams,0,0,0
t0312,no_distractor,inf,station,1,0,0
t0312,one_same,-9,station,1,0,0
t0312,one_same,-6,central,0,0,0
t0312,one_same,-3,central,0,0,0
t0312,one_same,0,central,0,0,0
t0312,one_same,3,station,1,0,0
t0312,one_diff,-9,initially,0,0,0
t0312,one_diff,-6,initially,0,0,0
t0312,one_diff,-3,station,1,0,0
t0312,one_diff,0,station,1,0,0
t0312,one_diff,3,station,1,0,0
t0312,two_talker,-9,social,0,0,0
t0312,two_talker,-6,social,0,0,0
t0312,two_talker,-3,social,0,0,0
t0312,two_talker,0,social,0,0,0
t0312,two_talker,3,central,0,0,0
t0312,four_talker,-9,social,0,0,0
t0312,four_talker,-6,social,0,0,0
t0312,four_talker,-3,social,0,0,0
t0312,four_talker,0,central,0,0,0
t0312,four_talker,3,station,1,0,0
t0312,babble,-9,social,0,0,0
t0312,babble,-6,social,0,0,0
t0312,babble,-3,station,1,0,0
t0312,babble,0,station,1,0,0
t0312,babble,3,station,1,0,0
t0312,issn,-9,saint,0,0,0
t0312,issn,-6,saint,0,0,0
t0312,issn,-3,station,1,0,0
t0312,issn,0,station,1,0,0
t0312,issn,3,station,1,0,0
t0313,no_distractor,inf,became,1,0,0
t0313,one_same,-9,designed,0,1,1
t0313,one_same,-6,designed,0,1,1
t0313,one_same,-3,designed,0,1,1
t0313,one_same,0,designed,0,1,1
t0313,one_same,3,design,0,0,0
t0313,one_diff,-9,human,0,0,0
t0313,one_diff,-6,cannot,0,0,0
t0313,one_diff,-3,cannot,0,0,0
t0313,one_diff,0,became,1,0,0
t0313,one_diff,3,became,1,0,0
t0313,two_talker,-9,designed,0,1,1
t0313,two_talker,-6,designed,0,1,1
t0313,two_talker,-3,designed,0,1,1
t0313,two_talker,0,designed,0,1,1
t0313,two_talker,3,design,0,0,0
t0313,four_talker,-9,designed,0,1,1
t0313,four_talker,-6,designed,0,1,1
t0313,four_talker,-3,designed,0,1,1
t0313,four_talker,0,designed,0,1,1
t0313,four_talker,3,became,1,0,0
t0313,babble,-9,received,0,0,0
t0313,babble,-6,received,0,0,0
t0313,babble,-3,single,0,0,0
t0313,babble,0,single,0,0,0
t0313,babble,3,became,1,0,0
t0313,issn,-9,board,0,0,0
t0313,issn,-6,board,0,0,0
t0313,issn,-3,board,0,0,0
t0313,issn,0,board,0,0,0
t0313,issn,3,became,1,0,0
t0314,no_distractor,inf,better,1,0,0
t0314,one_same,-9,japan,0,0,0
t0314,one_same,-6,design,0,0,0
t0314,one_same,-3,development,0,0,0
t0314,one_same,0,valley,0,0,0
t0314,one_same,3,better,1,0,0
t0314,one_diff,-9,better,1,0,0
t0314,one_diff,-6,better,1,0,0
t0314,one_diff,-3,better,1,0,0
t0314,one_diff,0,better,1,0,0
t0314,one_diff,3,better,1,0,0
t0314,two_talker,-9,design,0,0,0
t0314,two_talker,-6,design,0,0,0
t0314,two_talker,-3,divided,0,0,0
t0314,two_talker,0,divided,0,0,0
t0314,two_talker,3,better,1,0,0
t0314,four_talker,-9,japan,0,0,0
t0314,four_talker,-6,design,0,0,0
t0314,four_talker,-3,divided,0,0,0
t0314,four_talker,0,divided,0,0,0
t0314,four_talker,3,better,1,0,0
t0314,babble,-9,title,0,0,0
t0314,babble,-6,available,0,0,0
t0314,babble,-3,design,0,0,0
t0314,babble,0,design,0,0,0
t0314,babble,3,battle,0,0,0
t0314,issn,-9,medical,0,0,0
t0314,issn,-6,matter,0,0,0
t0314,issn,-3,better,1,0,0
t0314,issn,0,better,1,0,0
t0314,issn,3,better,1,0,0
t0315,no_distractor,inf,understood,1,0,0
t0315,one_same,-9,after,0,1,1
t0315,one_same,-6,after,0,1,1
t0315,one_same,-3,after,0,1,1
t0315,one_same,0,after,0,1,1
t0315,one_same,3,understood,1,0,0
t0315,one_diff,-9,street,0,0,0
t0315,one_diff,-6,understood,1,0,0
t0315,one_diff,-3,understood,1,0,0
t0315,one_diff,0,understood,1,0,0
t0315,one_diff,3,understood,1,0,0
t0315,two_talker,-9,center,0,0,0
t0315,two_talker,-6,center,0,0,0
t0315,two_talker,-3,center,0,0,0
t0315,two_talker,0,understood,1,0,0
t0315,two_talker,3,understood,1,0,0
t0315,four_talker,-9,involved,0,0,0
t0315,four_talker,-6,involved,0,0,0
t0315,four_talker,-3,university,0,0,0
t0315,four_talker,0,university,0,0,0
t0315,four_talker,3,understood,1,0,0
t0315,babble,-9,world,0,0,0
t0315,babble,-6,world,0,0,0
t0315,babble,-3,minister,0,0,0
t0315,babble,0,understood,1,0,0
t0315,babble,3,understood,1,0,0
t0315,issn,-9,university,0,0,0
t0315,issn,-6,university,0,0,0
t0315,issn,-3,understood,1,0,0
t0315,issn,0,understood,1,0,0
t0315,issn,3,understood,1,0,0
t0316,no_distractor,inf,would,1,0,0
t0316,one_same,-9,would,1,0,0
t0316,one_same,-6,would,1,0,0
t0316,one_same,-3,would,1,0,0
t0316,one_same,0,would,1,0,0
t0316,one_same,3,would,1,0,0
t0316,one_diff,-9,daughter,0,0,0
t0316,one_diff,-6,doing,0,0,0
t0316,one_diff,-3,doing,0,0,0
t0316,one_diff,0,doing,0,0,0
t0316,one_diff,3,doing,0,0,0
t0316,two_talker,-9,longer,0,0,0
t0316,two_talker,-6,looked,0,0,0
t0316,two_talker,-3,looked,0,0,0
t0316,two_talker,0,would,1,0,0
t0316,two_talker,3,would,1,0,0
t0316,four_talker,-9,looking,0,0,0
t0316,four_talker,-6,european,0,0,0
t0316,four_talker,-3,european,0,0,0
t0316,four_talker,0,little,0,0,0
t0316,four_talker,3,little,0,0,0
t0316,babble,-9,buried,0,0,0
t0316,babble,-6,buried,0,0,0
t0316,babble,-3,nearby,0,0,0
t0316,babble,0,nearby,0,0,0
t0316,babble,3,nearby,0,0,0
t0316,issn,-9,program,0,0,0
t0316,issn,-6,program,0,0,0
t0316,issn,-3,daughter,0,0,0
t0316,issn,0,daughter,0,0,0
t0316,issn,3,little,0,0,0
t0317,no_distractor,inf,board,1,0,0
t0317,one_same,-9,house,0,1,1
t0317,one_same,-6,house,0,1,1
t0317,one_same,-3,house,0,1,1
t0317,one_same,0,house,0,1,1
t0317,one_same,3,horse,0,0,0
t0317,one_diff,-9,board,1,0,0
t0317,one_diff,-6,board,1,0,0
t0317,one_diff,-3,board,1,0,0
t0317,one_diff,0,board,1,0,0
t0317,one_diff,3,board,1,0,0
t0317,two_talker,-9,house,0,1,1
t0317,two_talker,-6,house,0,1,1
t0317,two_talker,-3,house,0,1,1
t0317,two_talker,0,whole,0,0,0
t0317,two_talker,3,whole,0,0,0
t0317,four_talker,-9,animals,0,0,0
t0317,four_talker,-6,animals,0,0,0
t0317,four_talker,-3,animals,0,0,0
t0317,four_talker,0,horse,0,0,0
t0317,four_talker,3,board,1,0,0
t0317,babble,-9,mother,0,0,0
t0317,babble,-6,mother,0,0,0
t0317,babble,-3,board,1,0,0
t0317,babble,0,board,1,0,0
t0317,babble,3,board,1,0,0
t0317,issn,-9,yellow,0,0,0
t0317,issn,-6,europe,0,0,0
t0317,issn,-3,board,1,0,0
t0317,issn,0,board,1,0,0
t0317,issn,3,board,1,0,0
t0318,no_distractor,inf,under,1,0,0
t0318,one_same,-9,suddenly,0,0,0
t0318,one_same,-6,several,0,0,0
t0318,one_same,-3,several,0,0,0
t0318,one_same,0,several,0,0,0
t0318,one_same,3,under,1,0,0
t0318,one_diff,-9,southern,0,0,0
t0318,one_diff,-6,southern,0,0,0
t0318,one_diff,-3,southern,0,0,0
t0318,one_diff,0,southern,0,0,0
t0318,one_diff,3,under,1,0,0
t0318,two_talker,-9,supported,0,0,0
t0318,two_talker,-6,supported,0,0,0
t0318,two_talker,-3,something,0,0,0
t0318,two_talker,0,southern,0,0,0
t0318,two_talker,3,under,1,0,0
t0318,four_talker,-9,followed,0,0,0
t0318,four_talker,-6,forward,0,0,0
t0318,four_talker,-3,forward,0,0,0
t0318,four_talker,0,woman,0,0,0
t0318,four_talker,3,under,1,0,0
t0318,babble,-9,similar,0,0,0
t0318,babble,-6,similar,0,0,0
t0318,babble,-3,summer,0,0,0
t0318,babble,0,lower,0,0,0
t0318,babble,3,alone,0,1,1
t0318,issn,-9,found,0,0,0
t0318,issn,-6,summer,0,0,0
t0318,issn,-3,summer,0,0,0
t0318,issn,0,under,1,0,0
t0318,issn,3,under,1,0,0
t0319,no_distractor,inf,province,1,0,0
t0319,one_same,-9,minutes,0,0,0
t0319,one_same,-6,minutes,0,0,0
t0319,one_same,-3,minutes,0,0,0
t0319,one_same,0,province,1,0,0
t0319,one_same,3,province,1,0,0
t0319,one_diff,-9,roman,0,0,0
t0319,one_diff,-6,province,1,0,0
t0319,one_diff,-3,province,1,0,0
t0319,one_diff,0,province,1,0,0
t0319,one_diff,3,province,1,0,0
t0319,two_talker,-9,months,0,0,0
t0319,two_talker,-6,minutes,0,0,0
t0319,two_talker,-3,minutes,0,0,0
t0319,two_talker,0,province,1,0,0
t0319,two_talker,3,province,1,0,0
t0319,four_talker,-9,numbers,0,0,0
t0319,four_talker,-6,province,1,0,0
t0319,four_talker,-3,province,1,0,0
t0319,four_talker,0,province,1,0,0
t0319,four_talker,3,province,1,0,0
t0319,babble,-9,offers,0,0,0
t0319,babble,-6,offers,0,0,0
t0319,babble,-3,thomas,0,0,0
t0319,babble,0,province,1,0,0
t0319,babble,3,province,1,0,0
t0319,issn,-9,products,0,0,0
t0319,issn,-6,province,1,0,0
t0319,issn,-3,province,1,0,0
t0319,issn,0,province,1,0,0
t0319,issn,3,province,1,0,0
t0320,no_distractor,inf,after,1,0,0
t0320,one_same,-9,issues,0,0,0
t0320,one_same,-6,after,1,0,0
t0320,one_same,-3,after,1,0,0
t0320,one_same,0,after,1,0,0
t0320,one_same,3,after,1,0,0
t0320,one_diff,-9,lived,0,0,0
t0320,one_diff,-6,lived,0,0,0
t0320,one_diff,-3,lived,0,0,0
t0320,one_diff,0,lived,0,0,0
t0320,one_diff,3,lived,0,0,0
t0320,two_talker,-9,death,0,0,0
t0320,two_talker,-6,death,0,0,0
t0320,two_talker,-3,lived,0,0,0
t0320,two_talker,0,lived,0,0,0
t0320,two_talker,3,moved,0,0,0
t0320,four_talker,-9,death,0,0,0
t0320,four_talker,-6,lived,0,0,0
t0320,four_talker,-3,lived,0,0,0
t0320,four_talker,0,lived,0,0,0
t0320,four_talker,3,lived,0,0,0
t0320,babble,-9,therefore,0,0,0
t0320,babble,-6,lived,0,0,0
t0320,babble,-3,lived,0,0,0
t0320,babble,0,lived,0,0,0
t0320,babble,3,lived,0,0,0
t0320,issn,-9,natural,0,0,0
t0320,issn,-6,natural,0,0,0
t0320,issn,-3,after,1,0,0
t0320,issn,0,after,1,0,0
t0320,issn,3,after,1,0,0
t0321,no_distractor,inf,attended,1,0,0
t0321,one_same,-9,within,0,1,1
t0321,one_same,-6,attended,1,0,0
t0321,one_same,-3,attended,1,0,0
t0321,one_same,0,attended,1,0,0
t0321,one_same,3,attended,1,0,0
t0321,one_diff,-9,attended,1,0,0
t0321,one_diff,-6,attended,1,0,0
t0321,one_diff,-3,attended,1,0,0
t0321,one_diff,0,attended,1,0,0
t0321,one_diff,3,attended,1,0,0
t0321,two_talker,-9,attended,1,0,0
t0321,two_talker,-6,attended,1,0,0
t0321,two_talker,-3,attended,1,0,0
t0321,two_talker,0,attended,1,0,0
t0321,two_talker,3,attended,1,0,0
t0321,four_talker,-9,title,0,0,0
t0321,four_talker,-6,attended,1,0,0
t0321,four_talker,-3,attended,1,0,0
t0321,four_talker,0,attended,1,0,0
t0321,four_talker,3,attended,1,0,0
t0321,babble,-9,china,0,0,0
t0321,babble,-6,changed,0,0,0
t0321,babble,-3,attended,1,0,0
t0321,babble,0,attended,1,0,0
t0321,babble,3,attended,1,0,0
t0321,issn,-9,immediately,0,0,0
t0321,issn,-6,attended,1,0,0
t0321,issn,-3,attended,1,0,0
t0321,issn,0,attended,1,0,0
t0321,issn,3,attended,1,0,0
t0322,no_distractor,inf,college,1,0,0
t0322,one_same,-9,language,0,0,0
t0322,one_same,-6,language,0,0,0
t0322,one_same,-3,college,1,0,0
t0322,one_same,0,college,1,0,0
t0322,one_same,3,college,1,0,0
t0322,one_diff,-9,college,1,0,0
t0322,one_diff,-6,college,1,0,0
t0322,one_diff,-3,college,1,0,0
t0322,one_diff,0,college,1,0,0
t0322,one_diff,3,college,1,0,0
t0322,two_talker,-9,anything,0,1,1
t0322,two_talker,-6,woman,0,0,0
t0322,two_talker,-3,woman,0,0,0
t0322,two_talker,0,moment,0,0,0
t0322,two_talker,3,college,1,0,0
t0322,four_talker,-9,alone,0,0,0
t0322,four_talker,-6,moment,0,0,0
t0322,four_talker,-3,moment,0,0,0
t0322,four_talker,0,college,1,0,0
t0322,four_talker,3,college,1,0,0
t0322,babble,-9,related,0,0,0
t0322,babble,-6,local,0,0,0
t0322,babble,-3,college,1,0,0
t0322,babble,0,college,1,0,0
t0322,babble,3,college,1,0,0
t0322,issn,-9,numerous,0,0,0
t0322,issn,-6,numerous,0,0,0
t0322,issn,-3,college,1,0,0
t0322,issn,0,college,1,0,0
t0322,issn,3,college,1,0,0
t0323,no_distractor,inf,college,1,0,0
t0323,one_same,-9,above,0,1,1
t0323,one_same,-6,involved,0,0,0
t0323,one_same,-3,involved,0,0,0
t0323,one_same,0,large,0,0,0
t0323,one_same,3,college,1,0,0
t0323,one_diff,-9,college,1,0,0
t0323,one_diff,-6,college,1,0,0
t0323,one_diff,-3,college,1,0,0
t0323,one_diff,0,college,1,0,0
t0323,one_diff,3,college,1,0,0
t0323,two_talker,-9,involved,0,0,0
t0323,two_talker,-6,parts,0,0,0
t0323,two_talker,-3,parts,0,0,0
t0323,two_talker,0,college,1,0,0
t0323,two_talker,3,college,1,0,0
t0323,four_talker,-9,large,0,0,0
t0323,four_talker,-6,large,0,0,0
t0323,four_talker,-3,college,1,0,0
t0323,four_talker,0,college,1,0,0
t0323,four_talker,3,college,1,0,0
t0323,babble,-9,involved,0,0,0
t0323,babble,-6,involved,0,0,0
t0323,babble,-3,college,1,0,0
t0323,babble,0,college,1,0,0
t0323,babble,3,college,1,0,0
t0323,issn,-9,college,1,0,0
t0323,issn,-6,college,1,0,0
t0323,issn,-3,college,1,0,0
t0323,issn,0,college,1,0,0
t0323,issn,3,college,1,0,0
t0324,no_distractor,inf,current,1,0,0
t0324,one_same,-9,finished,0,0,0
t0324,one_same,-6,finished,0,0,0
t0324,one_same,-3,current,1,0,0
t0324,one_same,0,current,1,0,0
t0324,one_same,3,common,0,0,0
t0324,one_diff,-9,cover,0,0,0
t0324,one_diff,-6,cover,0,0,0
t0324,one_diff,-3,cover,0,0,0
t0324,one_diff,0,cover,0,0,0
t0324,one_diff,3,color,0,0,0
t0324,two_talker,-9,position,0,0,0
t0324,two_talker,-6,location,0,0,0
t0324,two_talker,-3,cover,0,0,0
t0324,two_talker,0,cover,0,0,0
t0324,two_talker,3,cover,0,0,0
t0324,four_talker,-9,highly,0,0,0
t0324,four_talker,-6,having,0,0,0
t0324,four_talker,-3,having,0,0,0
t0324,four_talker,0,cover,0,0,0
t0324,four_talker,3,cover,0,0,0
t0324,babble,-9,highly,0,0,0
t0324,babble,-6,highly,0,0,0
t0324,babble,-3,highly,0,0,0
t0324,babble,0,construction,0,0,0
t0324,babble,3,cover,0,0,0
t0324,issn,-9,campaign,0,0,0
t0324,issn,-6,phone,0,0,0
t0324,issn,-3,southern,0,0,0
t0324,issn,0,southern,0,0,0
t0324,issn,3,color,0,0,0
t0325,no_distractor,inf,action,1,0,0
t0325,one_same,-9,became,0,1,1
t0325,one_same,-6,action,1,0,0
t0325,one_same,-3,action,1,0,0
t0325,one_same,0,action,1,0,0
t0325,one_same,3,action,1,0,0
t0325,one_diff,-9,action,1,0,0
t0325,one_diff,-6,action,1,0,0
t0325,one_diff,-3,action,1,0,0
t0325,one_diff,0,action,1,0,0
t0325,one_diff,3,action,1,0,0
t0325,two_talker,-9,location,0,0,0
t0325,two_talker,-6,action,1,0,0
t0325,two_talker,-3,action,1,0,0
t0325,two_talker,0,action,1,0,0
t0325,two_talker,3,action,1,0,0
t0325,four_talker,-9,saint,0,0,0
t0325,four_talker,-6,famous,0,0,0
t0325,four_talker,-3,series,0,0,0
t0325,four_talker,0,action,1,0,0
t0325,four_talker,3,action,1,0,0
t0325,babble,-9,students,0,0,0
t0325,babble,-6,action,1,0,0
t0325,babble,-3,action,1,0,0
t0325,babble,0,action,1,0,0
t0325,babble,3,action,1,0,0
t0325,issn,-9,problems,0,0,0
t0325,issn,-6,published,0,0,0
t0325,issn,-3,action,1,0,0
t0325,issn,0,action,1,0,0
t0325,issn,3,action,1,0,0
t0326,no_distractor,inf,continue,1,0,0
t0326,one_same,-9,continued,0,0,0
t0326,one_same,-6,continued,0,0,0
t0326,one_same,-3,continued,0,0,0
t0326,one_same,0,continued,0,0,0
t0326,one_same,3,continued,0,0,0
t0326,one_diff,-9,continued,0,0,0
t0326,one_diff,-6,continued,0,0,0
t0326,one_diff,-3,continued,0,0,0
t0326,one_diff,0,continued,0,0,0
t0326,one_diff,3,continue,1,0,0
t0326,two_talker,-9,continued,0,0,0
t0326,two_talker,-6,continued,0,0,0
t0326,two_talker,-3,continued,0,0,0
t0326,two_talker,0,continued,0,0,0
t0326,two_talker,3,continued,0,0,0
t0326,four_talker,-9,taken,0,0,0
t0326,four_talker,-6,continued,0,0,0
t0326,four_talker,-3,continued,0,0,0
t0326,four_talker,0,continued,0,0,0
t0326,four_talker,3,continue,1,0,0
t0326,babble,-9,continued,0,0,0
t0326,babble,-6,continued,0,0,0
t0326,babble,-3,continued,0,0,0
t0326,babble,0,continued,0,0,0
t0326,babble,3,continued,0,0,0
t0326,issn,-9,military,0,0,0
t0326,issn,-6,entered,0,0,0
t0326,issn,-3,continued,0,0,0
t0326,issn,0,continue,1,0,0
t0326,issn,3,continue,1,0,0
t0327,no_distractor,inf,separate,1,0,0
t0327,one_same,-9,served,0,0,0
t0327,one_same,-6,served,0,0,0
t0327,one_same,-3,known,0,0,0
t0327,one_same,0,learn,0,0,0
t0327,one_same,3,marriage,0,0,0
t0327,one_diff,-9,bring,0,0,0
t0327,one_diff,-6,great,0,0,0
t0327,one_diff,-3,birds,0,0,0
t0327,one_diff,0,birds,0,0,0
t0327,one_diff,3,birds,0,0,0
t0327,two_talker,-9,third,0,0,0
t0327,two_talker,-6,third,0,0,0
t0327,two_talker,-3,third,0,0,0
t0327,two_talker,0,third,0,0,0
t0327,two_talker,3,third,0,0,0
t0327,four_talker,-9,district,0,0,0
t0327,four_talker,-6,state,0,0,0
t0327,four_talker,-3,state,0,0,0
t0327,four_talker,0,state,0,0,0
t0327,four_talker,3,third,0,0,0
t0327,babble,-9,study,0,0,0
t0327,babble,-6,studies,0,0,0
t0327,babble,-3,studies,0,0,0
t0327,babble,0,studied,0,0,0
t0327,babble,3,early,0,0,0
t0327,issn,-9,buried,0,0,0
t0327,issn,-6,buried,0,0,0
t0327,issn,-3,buried,0,0,0
t0327,issn,0,third,0,0,0
t0327,issn,3,third,0,0,0
t0328,no_distractor,inf,companies,1,0,0
t0328,one_same,-9,caused,0,0,0
t0328,one_same,-6,caused,0,0,0
t0328,one_same,-3,caused,0,0,0
t0328,one_same,0,cause,0,1,1
t0328,one_same,3,companies,1,0,0
t0328,one_diff,-9,while,0,0,0
t0328,one_diff,-6,appears,0,0,0
t0328,one_diff,-3,being,0,0,0
t0328,one_diff,0,being,0,0,0
t0328,one_diff,3,companies,1,0,0
t0328,two_talker,-9,cause,0,1,1
t0328,two_talker,-6,cause,0,1,1
t0328,two_talker,-3,cause,0,1,1
t0328,two_talker,0,cause,0,1,1
t0328,two_talker,3,companies,1,0,0
t0328,four_talker,-9,cause,0,1,1
t0328,four_talker,-6,forms,0,0,0
t0328,four_talker,-3,forms,0,0,0
t0328,four_talker,0,complex,0,0,0
t0328,four_talker,3,companies,1,0,0
t0328,babble,-9,large,0,0,0
t0328,babble,-6,large,0,0,0
t0328,babble,-3,large,0,0,0
t0328,babble,0,large,0,0,0
t0328,babble,3,large,0,0,0
t0328,issn,-9,governor,0,0,0
t0328,issn,-6,president,0,0,0
t0328,issn,-3,president,0,0,0
t0328,issn,0,players,0,0,0
t0328,issn,3,players,0,0,0
t0329,no_distractor,inf,economy,1,0,0
t0329,one_same,-9,following,0,1,1
t0329,one_same,-6,degree,0,0,0
t0329,one_same,-3,typically,0,0,0
t0329,one_same,0,typically,0,0,0
t0329,one_same,3,typically,0,0,0
t0329,one_diff,-9,included,0,0,0
t0329,one_diff,-6,included,0,0,0
t0329,one_diff,-3,community,0,0,0
t0329,one_diff,0,economy,1,0,0
t0329,one_diff,3,economy,1,0,0
t0329,two_talker,-9,following,0,1,1
t0329,two_talker,-6,following,0,1,1
t0329,two_talker,-3,following,0,1,1
t0329,two_talker,0,economy,1,0,0
t0329,two_talker,3,economy,1,0,0
t0329,four_talker,-9,common,0,0,0
t0329,four_talker,-6,economy,1,0,0
t0329,four_talker,-3,economy,1,0,0
t0329,four_talker,0,economy,1,0,0
t0329,four_talker,3,economy,1,0,0
t0329,babble,-9,closed,0,0,0
t0329,babble,-6,closed,0,0,0
t0329,babble,-3,designed,0,0,0
t0329,babble,0,design,0,0,0
t0329,babble,3,economy,1,0,0
t0329,issn,-9,under,0,0,0
t0329,issn,-6,under,0,0,0
t0329,issn,-3,among,0,0,0
t0329,issn,0,economy,1,0,0
t0329,issn,3,economy,1,0,0
t0330,no_distractor,inf,first,1,0,0
t0330,one_same,-9,surrounding,0,1,1
t0330,one_same,-6,version,0,0,0
t0330,one_same,-3,version,0,0,0
t0330,one_same,0,version,0,0,0
t0330,one_same,3,french,0,0,0
t0330,one_diff,-9,first,1,0,0
t0330,one_diff,-6,first,1,0,0
t0330,one_diff,-3,first,1,0,0
t0330,one_diff,0,first,1,0,0
t0330,one_diff,3,first,1,0,0
t0330,two_talker,-9,surrounding,0,1,1
t0330,two_talker,-6,surrounding,0,1,1
t0330,two_talker,-3,running,0,0,0
t0330,two_talker,0,running,0,0,0
t0330,two_talker,3,french,0,0,0
t0330,four_talker,-9,variety,0,1,1
t0330,four_talker,-6,variety,0,1,1
t0330,four_talker,-3,version,0,0,0
t0330,four_talker,0,version,0,0,0
t0330,four_talker,3,first,1,0,0
t0330,babble,-9,valley,0,0,0
t0330,babble,-6,inside,0,0,0
t0330,babble,-3,buried,0,0,0
t0330,babble,0,buried,0,0,0
t0330,babble,3,first,1,0,0
t0330,issn,-9,version,0,0,0
t0330,issn,-6,version,0,0,0
t0330,issn,-3,version,0,0,0
t0330,issn,0,version,0,0,0
t0330,issn,3,first,1,0,0
t0331,no_distractor,inf,replaced,1,0,0
t0331,one_same,-9,contains,0,0,0
t0331,one_same,-6,replaced,1,0,0
t0331,one_same,-3,replaced,1,0,0
t0331,one_same,0,replaced,1,0,0
t0331,one_same,3,replaced,1,0,0
t0331,one_diff,-9,replaced,1,0,0
t0331,one_diff,-6,replaced,1,0,0
t0331,one_diff,-3,replaced,1,0,0
t0331,one_diff,0,replaced,1,0,0
t0331,one_diff,3,replaced,1,0,0
t0331,two_talker,-9,complex,0,0,0
t0331,two_talker,-6,mixed,0,0,0
t0331,two_talker,-3,mixed,0,0,0
t0331,two_talker,0,replaced,1,0,0
t0331,two_talker,3,replaced,1,0,0
t0331,four_talker,-9,artist,0,0,0
t0331,four_talker,-6,published,0,0,0
t0331,four_talker,-3,produced,0,0,0
t0331,four_talker,0,produced,0,0,0
t0331,four_talker,3,produced,0,0,0
t0331,babble,-9,published,0,0,0
t0331,babble,-6,various,0,0,0
t0331,babble,-3,produced,0,0,0
t0331,babble,0,produced,0,0,0
t0331,babble,3,produced,0,0,0
t0331,issn,-9,magazine,0,0,0
t0331,issn,-6,various,0,0,0
t0331,issn,-3,plays,0,0,0
t0331,issn,0,replaced,1,0,0
t0331,issn,3,replaced,1,0,0
t0332,no_distractor,inf,character,1,0,0
t0332,one_same,-9,problems,0,1,1
t0332,one_same,-6,problems,0,1,1
t0332,one_same,-3,character,1,0,0
t0332,one_same,0,character,1,0,0
t0332,one_same,3,character,1,0,0
t0332,one_diff,-9,plant,0,0,0
t0332,one_diff,-6,plant,0,0,0
t0332,one_diff,-3,character,1,0,0
t0332,one_diff,0,character,1,0,0
t0332,one_diff,3,character,1,0,0
t0332,two_talker,-9,problem,0,0,0
t0332,two_talker,-6,power,0,0,0
t0332,two_talker,-3,power,0,0,0
t0332,two_talker,0,characters,0,0,0
t0332,two_talker,3,characters,0,0,0
t0332,four_talker,-9,shape,0,0,0
t0332,four_talker,-6,shape,0,0,0
t0332,four_talker,-3,shape,0,0,0
t0332,four_talker,0,party,0,0,0
t0332,four_talker,3,character,1,0,0
t0332,babble,-9,marriage,0,0,0
t0332,babble,-6,marriage,0,0,0
t0332,babble,-3,marriage,0,0,0
t0332,babble,0,times,0,0,0
t0332,babble,3,plant,0,0,0
t0332,issn,-9,running,0,0,0
t0332,issn,-6,running,0,0,0
t0332,issn,-3,friends,0,0,0
t0332,issn,0,current,0,0,0
t0332,issn,3,character,1,0,0
t0333,no_distractor,inf,played,1,0,0
t0333,one_same,-9,played,1,0,0
t0333,one_same,-6,played,1,0,0
t0333,one_same,-3,played,1,0,0
t0333,one_same,0,played,1,0,0
t0333,one_same,3,played,1,0,0
t0333,one_diff,-9,played,1,0,0
t0333,one_diff,-6,played,1,0,0
t0333,one_diff,-3,played,1,0,0
t0333,one_diff,0,played,1,0,0
t0333,one_diff,3,played,1,0,0
t0333,two_talker,-9,greek,0,0,0
t0333,two_talker,-6,played,1,0,0
t0333,two_talker,-3,played,1,0,0
t0333,two_talker,0,played,1,0,0
t0333,two_talker,3,played,1,0,0
t0333,four_talker,-9,greek,0,0,0
t0333,four_talker,-6,greek,0,0,0
t0333,four_talker,-3,greek,0,0,0
t0333,four_talker,0,played,1,0,0
t0333,four_talker,3,played,1,0,0
t0333,babble,-9,unique,0,0,0
t0333,babble,-6,played,1,0,0
t0333,babble,-3,played,1,0,0
t0333,babble,0,played,1,0,0
t0333,babble,3,played,1,0,0
t0333,issn,-9,great,0,0,0
t0333,issn,-6,great,0,0,0
t0333,issn,-3,great,0,0,0
t0333,issn,0,great,0,0,0
t0333,issn,3,played,1,0,0
t0334,no_distractor,inf,various,0,0,0
t0334,one_same,-9,series,0,0,0
t0334,one_same,-6,series,0,0,0
t0334,one_same,-3,various,0,0,0
t0334,one_same,0,various,0,0,0
t0334,one_same,3,various,0,0,0
t0334,one_diff,-9,various,0,0,0
t0334,one_diff,-6,various,0,0,0
t0334,one_diff,-3,various,0,0,0
t0334,one_diff,0,various,0,0,0
t0334,one_diff,3,various,0,0,0
t0334,two_talker,-9,studies,0,0,0
t0334,two_talker,-6,studies,0,0,0
t0334,two_talker,-3,studies,0,0,0
t0334,two_talker,0,there,1,0,0
t0334,two_talker,3,various,0,0,0
t0334,four_talker,-9,parents,0,0,0
t0334,four_talker,-6,names,0,0,0
t0334,four_talker,-3,names,0,0,0
t0334,four_talker,0,studies,0,0,0
t0334,four_talker,3,various,0,0,0
t0334,babble,-9,dance,0,0,0
t0334,babble,-6,games,0,0,0
t0334,babble,-3,studies,0,0,0
t0334,babble,0,various,0,0,0
t0334,babble,3,various,0,0,0
t0334,issn,-9,ended,0,0,0
t0334,issn,-6,studies,0,0,0
t0334,issn,-3,studies,0,0,0
t0334,issn,0,various,0,0,0
t0334,issn,3,various,0,0,0
t0335,no_distractor,inf,family,1,0,0
t0335,one_same,-9,program,0,1,1
t0335,one_same,-6,unknown,0,0,0
t0335,one_same,-3,family,1,0,0
t0335,one_same,0,family,1,0,0
t0335,one_same,3,family,1,0,0
t0335,one_diff,-9,family,1,0,0
t0335,one_diff,-6,family,1,0,0
t0335,one_diff,-3,family,1,0,0
t0335,one_diff,0,family,1,0,0
t0335,one_diff,3,family,1,0,0
t0335,two_talker,-9,program,0,1,1
t0335,two_talker,-6,program,0,1,1
t0335,two_talker,-3,family,1,0,0
t0335,two_talker,0,family,1,0,0
t0335,two_talker,3,family,1,0,0
t0335,four_talker,-9,america,0,0,0
t0335,four_talker,-6,america,0,0,0
t0335,four_talker,-3,member,0,0,0
t0335,four_talker,0,family,1,0,0
t0335,four_talker,3,family,1,0,0
t0335,babble,-9,railway,0,1,1
t0335,babble,-6,established,0,0,0
t0335,babble,-3,established,0,0,0
t0335,babble,0,suddenly,0,0,0
t0335,babble,3,family,1,0,0
t0335,issn,-9,primarily,0,0,0
t0335,issn,-6,primarily,0,0,0
t0335,issn,-3,primarily,0,0,0
t0335,issn,0,family,1,0,0
t0335,issn,3,family,1,0,0
t0336,no_distractor,inf,peter,0,0,0
t0336,one_same,-9,bring,0,0,0
t0336,one_same,-6,bring,0,0,0
t0336,one_same,-3,waiting,0,0,0
t0336,one_same,0,waiting,0,0,0
t0336,one_same,3,waiting,0,0,0
t0336,one_diff,-9,appointed,0,0,0
t0336,one_diff,-6,appointed,0,0,0
t0336,one_diff,-3,could,1,0,0
t0336,one_diff,0,could,1,0,0
t0336,one_diff,3,could,1,0,0
t0336,two_talker,-9,railway,0,0,0
t0336,two_talker,-6,railway,0,0,0
t0336,two_talker,-3,green,0,0,0
t0336,two_talker,0,leaving,0,0,0
t0336,two_talker,3,later,0,0,0
t0336,four_talker,-9,railway,0,0,0
t0336,four_talker,-6,railway,0,0,0
t0336,four_talker,-3,waiting,0,0,0
t0336,four_talker,0,waiting,0,0,0
t0336,four_talker,3,waiting,0,0,0
t0336,babble,-9,paper,0,0,0
t0336,babble,-6,paper,0,0,0
t0336,babble,-3,winter,0,0,0
t0336,babble,0,winter,0,0,0
t0336,babble,3,peter,0,0,0
t0336,issn,-9,winter,0,0,0
t0336,issn,-6,winter,0,0,0
t0336,issn,-3,winter,0,0,0
t0336,issn,0,winter,0,0,0
t0336,issn,3,waiting,0,0,0
t0337,no_distractor,inf,bring,1,0,0
t0337,one_same,-9,buried,0,0,0
t0337,one_same,-6,brother,0,0,0
t0337,one_same,-3,bright,0,0,0
t0337,one_same,0,bright,0,0,0
t0337,one_same,3,bring,1,0,0
t0337,one_diff,-9,bring,1,0,0
t0337,one_diff,-6,bring,1,0,0
t0337,one_diff,-3,bring,1,0,0
t0337,one_diff,0,bring,1,0,0
t0337,one_diff,3,bring,1,0,0
t0337,two_talker,-9,version,0,0,0
t0337,two_talker,-6,brother,0,0,0
t0337,two_talker,-3,great,0,0,0
t0337,two_talker,0,bring,1,0,0
t0337,two_talker,3,bring,1,0,0
t0337,four_talker,-9,india,0,0,0
t0337,four_talker,-6,right,0,0,0
t0337,four_talker,-3,right,0,0,0
t0337,four_talker,0,bring,1,0,0
t0337,four_talker,3,bring,1,0,0
t0337,babble,-9,running,0,0,0
t0337,babble,-6,bring,1,0,0
t0337,babble,-3,bring,1,0,0
t0337,babble,0,bring,1,0,0
t0337,babble,3,bring,1,0,0
t0337,issn,-9,brother,0,0,0
t0337,issn,-6,brother,0,0,0
t0337,issn,-3,brown,0,0,0
t0337,issn,0,bring,1,0,0
t0337,issn,3,bring,1,0,0
t0338,no_distractor,inf,that's,1,0,0
t0338,one_same,-9,passed,0,0,0
t0338,one_same,-6,passed,0,0,0
t0338,one_same,-3,passed,0,0,0
t0338,one_same,0,passed,0,0,0
t0338,one_same,3,passed,0,0,0
t0338,one_diff,-9,that's,1,0,0
t0338,one_diff,-6,that's,1,0,0
t0338,one_diff,-3,that's,1,0,0
t0338,one_diff,0,that's,1,0,0
t0338,one_diff,3,that's,1,0,0
t0338,two_talker,-9,passed,0,0,0
t0338,two_talker,-6,passed,0,0,0
t0338,two_talker,-3,passed,0,0,0
t0338,two_talker,0,that's,1,0,0
t0338,two_talker,3,that's,1,0,0
t0338,four_talker,-9,passed,0,0,0
t0338,four_talker,-6,passed,0,0,0
t0338,four_talker,-3,passed,0,0,0
t0338,four_talker,0,passed,0,0,0
t0338,four_talker,3,that's,1,0,0
t0338,babble,-9,dance,0,0,0
t0338,babble,-6,that's,1,0,0
t0338,babble,-3,that's,1,0,0
t0338,babble,0,that's,1,0,0
t0338,babble,3,that's,1,0,0
t0338,issn,-9,that's,1,0,0
t0338,issn,-6,that's,1,0,0
t0338,issn,-3,that's,1,0,0
t0338,issn,0,that's,1,0,0
t0338,issn,3,that's,1,0,0
t0339,no_distractor,inf,christian,1,0,0
t0339,one_same,-9,christian,1,0,0
t0339,one_same,-6,christian,1,0,0
t0339,one_same,-3,christian,1,0,0
t0339,one_same,0,christian,1,0,0
t0339,one_same,3,christian,1,0,0
t0339,one_diff,-9,christian,1,0,0
t0339,one_diff,-6,christian,1,0,0
t0339,one_diff,-3,christian,1,0,0
t0339,one_diff,0,christian,1,0,0
t0339,one_diff,3,christian,1,0,0
t0339,two_talker,-9,christian,1,0,0
t0339,two_talker,-6,christian,1,0,0
t0339,two_talker,-3,christian,1,0,0
t0339,two_talker,0,christian,1,0,0
t0339,two_talker,3,christian,1,0,0
t0339,four_talker,-9,christian,1,0,0
t0339,four_talker,-6,christian,1,0,0
t0339,four_talker,-3,christian,1,0,0
t0339,four_talker,0,christian,1,0,0
t0339,four_talker,3,christian,1,0,0
t0339,babble,-9,christian,1,0,0
t0339,babble,-6,christian,1,0,0
t0339,babble,-3,christian,1,0,0
t0339,babble,0,christian,1,0,0
t0339,babble,3,christian,1,0,0
t0339,issn,-9,christian,1,0,0
t0339,issn,-6,christian,1,0,0
t0339,issn,-3,christian,1,0,0
t0339,issn,0,christian,1,0,0
t0339,issn,3,christian,1,0,0
t0340,no_distractor,inf,looked,1,0,0
t0340,one_same,-9,alone,0,0,0
t0340,one_same,-6,looked,1,0,0
t0340,one_same,-3,looked,1,0,0
t0340,one_same,0,looked,1,0,0
t0340,one_same,3,looked,1,0,0
t0340,one_diff,-9,route,0,0,0
t0340,one_diff,-6,looked,1,0,0
t0340,one_diff,-3,looked,1,0,0
t0340,one_diff,0,looked,1,0,0
t0340,one_diff,3,looked,1,0,0
t0340,two_talker,-9,model,0,0,0
t0340,two_talker,-6,route,0,0,0
t0340,two_talker,-3,looked,1,0,0
t0340,two_talker,0,looked,1,0,0
t0340,two_talker,3,looked,1,0,0
t0340,four_talker,-9,ended,0,0,0
t0340,four_talker,-6,ended,0,0,0
t0340,four_talker,-3,ended,0,0,0
t0340,four_talker,0,ended,0,0,0
t0340,four_talker,3,looked,1,0,0
t0340,babble,-9,england,0,0,0
t0340,babble,-6,england,0,0,0
t0340,babble,-3,movement,0,0,0
t0340,babble,0,movement,0,0,0
t0340,babble,3,looked,1,0,0
t0340,issn,-9,germany,0,0,0
t0340,issn,-6,material,0,0,0
t0340,issn,-3,looked,1,0,0
t0340,issn,0,looked,1,0,0
t0340,issn,3,looked,1,0,0
t0341,no_distractor,inf,while,1,0,0
t0341,one_same,-9,director,0,1,1
t0341,one_same,-6,director,0,1,1
t0341,one_same,-3,director,0,1,1
t0341,one_same,0,record,0,0,0
t0341,one_same,3,route,0,0,0
t0341,one_diff,-9,increased,0,0,0
t0341,one_diff,-6,increased,0,0,0
t0341,one_diff,-3,local,0,0,0
t0341,one_diff,0,local,0,0,0
t0341,one_diff,3,while,1,0,0
t0341,two_talker,-9,replaced,0,0,0
t0341,two_talker,-6,replaced,0,0,0
t0341,two_talker,-3,replaced,0,0,0
t0341,two_talker,0,increased,0,0,0
t0341,two_talker,3,river,0,0,0
t0341,four_talker,-9,referred,0,0,0
t0341,four_talker,-6,third,0,0,0
t0341,four_talker,-3,third,0,0,0
t0341,four_talker,0,increased,0,0,0
t0341,four_talker,3,increased,0,0,0
t0341,babble,-9,forward,0,0,0
t0341,babble,-6,forward,0,0,0
t0341,babble,-3,whole,0,0,0
t0341,babble,0,increased,0,0,0
t0341,babble,3,increased,0,0,0
t0341,issn,-9,network,0,0,0
t0341,issn,-6,increased,0,0,0
t0341,issn,-3,increased,0,0,0
t0341,issn,0,increased,0,0,0
t0341,issn,3,little,0,0,0
t0342,no_distractor,inf,number,1,0,0
t0342,one_same,-9,anything,0,0,0
t0342,one_same,-6,anything,0,0,0
t0342,one_same,-3,known,0,0,0
t0342,one_same,0,member,0,0,0
t0342,one_same,3,member,0,0,0
t0342,one_diff,-9,member,0,0,0
t0342,one_diff,-6,number,1,0,0
t0342,one_diff,-3,number,1,0,0
t0342,one_diff,0,number,1,0,0
t0342,one_diff,3,number,1,0,0
t0342,two_talker,-9,received,0,1,1
t0342,two_talker,-6,received,0,1,1
t0342,two_talker,-3,remains,0,0,0
t0342,two_talker,0,remains,0,0,0
t0342,two_talker,3,numerous,0,0,0
t0342,four_talker,-9,surrounding,0,1,1
t0342,four_talker,-6,surrounding,0,1,1
t0342,four_talker,-3,meaning,0,0,0
t0342,four_talker,0,matter,0,0,0
t0342,four_talker,3,matter,0,0,0
t0342,babble,-9,rather,0,0,0
t0342,babble,-6,another,0,0,0
t0342,babble,-3,another,0,0,0
t0342,babble,0,another,0,0,0
t0342,babble,3,matter,0,0,0
t0342,issn,-9,remember,0,0,0
t0342,issn,-6,remember,0,0,0
t0342,issn,-3,remember,0,0,0
t0342,issn,0,remember,0,0,0
t0342,issn,3,remember,0,0,0
t0343,no_distractor,inf,people,1,0,0
t0343,one_same,-9,floor,0,0,0
t0343,one_same,-6,floor,0,0,0
t0343,one_same,-3,floor,0,0,0
t0343,one_same,0,field,0,0,0
t0343,one_same,3,people,1,0,0
t0343,one_diff,-9,world,0,1,1
t0343,one_diff,-6,world,0,1,1
t0343,one_diff,-3,world,0,1,1
t0343,one_diff,0,world,0,1,1
t0343,one_diff,3,killed,0,0,0
t0343,two_talker,-9,world,0,1,1
t0343,two_talker,-6,world,0,1,1
t0343,two_talker,-3,world,0,1,1
t0343,two_talker,0,world,0,1,1
t0343,two_talker,3,world,0,1,1
t0343,four_talker,-9,royal,0,0,0
t0343,four_talker,-6,royal,0,0,0
t0343,four_talker,-3,railroad,0,0,0
t0343,four_talker,0,railroad,0,0,0
t0343,four_talker,3,railroad,0,0,0
t0343,babble,-9,blood,0,0,0
t0343,babble,-6,blood,0,0,0
t0343,babble,-3,blood,0,0,0
t0343,babble,0,popular,0,0,0
t0343,babble,3,appeared,0,0,0
t0343,issn,-9,yellow,0,0,0
t0343,issn,-6,method,0,0,0
t0343,issn,-3,method,0,0,0
t0343,issn,0,people,1,0,0
t0343,issn,3,people,1,0,0
t0344,no_distractor,inf,systems,1,0,0
t0344,one_same,-9,systems,1,0,0
t0344,one_same,-6,systems,1,0,0
t0344,one_same,-3,systems,1,0,0
t0344,one_same,0,systems,1,0,0
t0344,one_same,3,systems,1,0,0
t0344,one_diff,-9,musical,0,1,1
t0344,one_diff,-6,musical,0,1,1
t0344,one_diff,-3,systems,1,0,0
t0344,one_diff,0,systems,1,0,0
t0344,one_diff,3,systems,1,0,0
t0344,two_talker,-9,results,0,0,0
t0344,two_talker,-6,themselves,0,0,0
t0344,two_talker,-3,themselves,0,0,0
t0344,two_talker,0,systems,1,0,0
t0344,two_talker,3,systems,1,0,0
t0344,four_talker,-9,results,0,0,0
t0344,four_talker,-6,results,0,0,0
t0344,four_talker,-3,sister,0,0,0
t0344,four_talker,0,sister,0,0,0
t0344,four_talker,3,systems,1,0,0
t0344,babble,-9,music,0,0,0
t0344,babble,-6,desert,0,0,0
t0344,babble,-3,music,0,0,0
t0344,babble,0,systems,1,0,0
t0344,babble,3,systems,1,0,0
t0344,issn,-9,systems,1,0,0
t0344,issn,-6,systems,1,0,0
t0344,issn,-3,systems,1,0,0
t0344,issn,0,systems,1,0,0
t0344,issn,3,systems,1,0,0
t0345,no_distractor,inf,products,1,0,0
t0345,one_same,-9,let's,0,0,0
t0345,one_same,-6,products,1,0,0
t0345,one_same,-3,products,1,0,0
t0345,one_same,0,products,1,0,0
t0345,one_same,3,public,0,0,0
t0345,one_diff,-9,comes,0,0,0
t0345,one_diff,-6,products,1,0,0
t0345,one_diff,-3,products,1,0,0
t0345,one_diff,0,products,1,0,0
t0345,one_diff,3,products,1,0,0
t0345,two_talker,-9,books,0,0,0
t0345,two_talker,-6,comes,0,0,0
t0345,two_talker,-3,comes,0,0,0
t0345,two_talker,0,products,1,0,0
t0345,two_talker,3,products,1,0,0
t0345,four_talker,-9,clear,0,0,0
t0345,four_talker,-6,court,0,0,0
t0345,four_talker,-3,current,0,0,0
t0345,four_talker,0,current,0,0,0
t0345,four_talker,3,current,0,0,0
t0345,babble,-9,parents,0,0,0
t0345,babble,-6,parts,0,0,0
t0345,babble,-3,parts,0,0,0
t0345,babble,0,parts,0,0,0
t0345,babble,3,products,1,0,0
t0345,issn,-9,because,0,0,0
t0345,issn,-6,products,1,0,0
t0345,issn,-3,products,1,0,0
t0345,issn,0,products,1,0,0
t0345,issn,3,products,1,0,0
t0346,no_distractor,inf,married,1,0,0
t0346,one_same,-9,india,0,0,0
t0346,one_same,-6,career,0,0,0
t0346,one_same,-3,career,0,0,0
t0346,one_same,0,areas,0,0,0
t0346,one_same,3,period,0,0,0
t0346,one_diff,-9,specific,0,1,1
t0346,one_diff,-6,specific,0,1,1
t0346,one_diff,-3,specific,0,1,1
t0346,one_diff,0,league,0,0,0
t0346,one_diff,3,league,0,0,0
t0346,two_talker,-9,system,0,0,0
t0346,two_talker,-6,desert,0,0,0
t0346,two_talker,-3,desert,0,0,0
t0346,two_talker,0,death,0,0,0
t0346,two_talker,3,buried,0,0,0
t0346,four_talker,-9,exist,0,0,0
t0346,four_talker,-6,exist,0,0,0
t0346,four_talker,-3,exist,0,0,0
t0346,four_talker,0,mixed,0,0,0
t0346,four_talker,3,mixed,0,0,0
t0346,babble,-9,issues,0,0,0
t0346,babble,-6,issues,0,0,0
t0346,babble,-3,shape,0,0,0
t0346,babble,0,shape,0,0,0
t0346,babble,3,service,0,0,0
t0346,issn,-9,educated,0,0,0
t0346,issn,-6,carried,0,0,0
t0346,issn,-3,paris,0,0,0
t0346,issn,0,areas,0,0,0
t0346,issn,3,married,1,0,0
t0347,no_distractor,inf,began,1,0,0
t0347,one_same,-9,little,0,1,1
t0347,one_same,-6,little,0,1,1
t0347,one_same,-3,program,0,0,0
t0347,one_same,0,began,1,0,0
t0347,one_same,3,began,1,0,0
t0347,one_diff,-9,began,1,0,0
t0347,one_diff,-6,began,1,0,0
t0347,one_diff,-3,began,1,0,0
t0347,one_diff,0,began,1,0,0
t0347,one_diff,3,began,1,0,0
t0347,two_talker,-9,little,0,1,1
t0347,two_talker,-6,general,0,0,0
t0347,two_talker,-3,general,0,0,0
t0347,two_talker,0,began,1,0,0
t0347,two_talker,3,began,1,0,0
t0347,four_talker,-9,among,0,0,0
t0347,four_talker,-6,among,0,0,0
t0347,four_talker,-3,among,0,0,0
t0347,four_talker,0,among,0,0,0
t0347,four_talker,3,among,0,0,0
t0347,babble,-9,complex,0,0,0
t0347,babble,-6,previous,0,0,0
t0347,babble,-3,previous,0,0,0
t0347,babble,0,began,1,0,0
t0347,babble,3,began,1,0,0
t0347,issn,-9,american,0,0,0
t0347,issn,-6,american,0,0,0
t0347,issn,-3,began,1,0,0
t0347,issn,0,began,1,0,0
t0347,issn,3,began,1,0,0
t0348,no_distractor,inf,sister,1,0,0
t0348,one_same,-9,source,0,0,0
t0348,one_same,-6,source,0,0,0
t0348,one_same,-3,source,0,0,0
t0348,one_same,0,social,0,0,0
t0348,one_same,3,sister,1,0,0
t0348,one_diff,-9,understood,0,0,0
t0348,one_diff,-6,understood,0,0,0
t0348,one_diff,-3,sister,1,0,0
t0348,one_diff,0,sister,1,0,0
t0348,one_diff,3,sister,1,0,0
t0348,two_talker,-9,source,0,0,0
t0348,two_talker,-6,source,0,0,0
t0348,two_talker,-3,source,0,0,0
t0348,two_talker,0,source,0,0,0
t0348,two_talker,3,sister,1,0,0
t0348,four_talker,-9,social,0,0,0
t0348,four_talker,-6,close,0,0,0
t0348,four_talker,-3,coach,0,0,0
t0348,four_talker,0,performed,0,0,0
t0348,four_talker,3,understood,0,0,0
t0348,babble,-9,michael,0,0,0
t0348,babble,-6,michael,0,0,0
t0348,babble,-3,front,0,0,0
t0348,babble,0,front,0,0,0
t0348,babble,3,front,0,0,0
t0348,issn,-9,running,0,0,0
t0348,issn,-6,running,0,0,0
t0348,issn,-3,running,0,0,0
t0348,issn,0,between,0,0,0
t0348,issn,3,performed,0,0,0
t0349,no_distractor,inf,worked,1,0,0
t0349,one_same,-9,their,0,0,0
t0349,one_same,-6,either,0,0,0
t0349,one_same,-3,central,0,0,0
t0349,one_same,0,included,0,0,0
t0349,one_same,3,include,0,0,0
t0349,one_diff,-9,blood,0,0,0
t0349,one_diff,-6,blood,0,0,0
t0349,one_diff,-3,close,0,0,0
t0349,one_diff,0,working,0,0,0
t0349,one_diff,3,working,0,0,0
t0349,two_talker,-9,mother,0,0,0
t0349,two_talker,-6,similar,0,0,0
t0349,two_talker,-3,included,0,0,0
t0349,two_talker,0,include,0,0,0
t0349,two_talker,3,includes,0,0,0
t0349,four_talker,-9,available,0,0,0
t0349,four_talker,-6,point,0,0,0
t0349,four_talker,-3,point,0,0,0
t0349,four_talker,0,point,0,0,0
t0349,four_talker,3,point,0,0,0
t0349,babble,-9,therefore,0,0,0
t0349,babble,-6,therefore,0,0,0
t0349,babble,-3,therefore,0,0,0
t0349,babble,0,works,0,0,0
t0349,babble,3,works,0,0,0
t0349,issn,-9,phone,0,0,0
t0349,issn,-6,phone,0,0,0
t0349,issn,-3,fourth,0,0,0
t0349,issn,0,referred,0,0,0
t0349,issn,3,words,0,0,0
t0350,no_distractor,inf,society,0,0,0
t0350,one_same,-9,similar,0,1,1
t0350,one_same,-6,similar,0,1,1
t0350,one_same,-3,similar,0,1,1
t0350,one_same,0,similar,0,1,1
t0350,one_same,3,similar,0,1,1
t0350,one_diff,-9,within,0,0,0
t0350,one_diff,-6,regular,0,0,0
t0350,one_diff,-3,variety,1,0,0
t0350,one_diff,0,variety,1,0,0
t0350,one_diff,3,variety,1,0,0
t0350,two_talker,-9,single,0,0,0
t0350,two_talker,-6,single,0,0,0
t0350,two_talker,-3,civil,0,0,0
t0350,two_talker,0,today,0,0,0
t0350,two_talker,3,provided,0,0,0
t0350,four_talker,-9,especially,0,1,1
t0350,four_talker,-6,especially,0,1,1
t0350,four_talker,-3,especially,0,1,1
t0350,four_talker,0,provided,0,0,0
t0350,four_talker,3,society,0,0,0
t0350,babble,-9,associated,0,0,0
t0350,babble,-6,especially,0,1,1
t0350,babble,-3,widely,0,0,0
t0350,babble,0,widely,0,0,0
t0350,babble,3,widely,0,0,0
t0350,issn,-9,remember,0,0,0
t0350,issn,-6,remember,0,0,0
t0350,issn,-3,whether,0,0,0
t0350,issn,0,whether,0,0,0
t0350,issn,3,whether,0,0,0
t0351,no_distractor,inf,plays,1,0,0
t0351,one_same,-9,plays,1,0,0
t0351,one_same,-6,please,0,0,0
t0351,one_same,-3,please,0,0,0
t0351,one_same,0,please,0,0,0
t0351,one_same,3,please,0,0,0
t0351,one_diff,-9,themselves,0,0,0
t0351,one_diff,-6,themselves,0,0,0
t0351,one_diff,-3,place,0,0,0
t0351,one_diff,0,place,0,0,0
t0351,one_diff,3,place,0,0,0
t0351,two_talker,-9,itself,0,0,0
t0351,two_talker,-6,itself,0,0,0
t0351,two_talker,-3,plays,1,0,0
t0351,two_talker,0,plays,1,0,0
t0351,two_talker,3,plays,1,0,0
t0351,four_talker,-9,twice,0,0,0
t0351,four_talker,-6,twice,0,0,0
t0351,four_talker,-3,plays,1,0,0
t0351,four_talker,0,plays,1,0,0
t0351,four_talker,3,plays,1,0,0
t0351,babble,-9,always,0,0,0
t0351,babble,-6,others,0,0,1
t0351,babble,-3,always,0,0,0
t0351,babble,0,please,0,0,0
t0351,babble,3,please,0,0,0
t0351,issn,-9,plays,1,0,0
t0351,issn,-6,plays,1,0,0
t0351,issn,-3,plays,1,0,0
t0351,issn,0,plays,1,0,0
t0351,issn,3,plays,1,0,0
t0352,no_distractor,inf,plays,1,0,0
t0352,one_same,-9,months,0,0,0
t0352,one_same,-6,months,0,0,0
t0352,one_same,-3,coast,0,0,0
t0352,one_same,0,coast,0,0,0
t0352,one_same,3,models,0,0,0
t0352,one_diff,-9,coast,0,0,0
t0352,one_diff,-6,closed,0,0,0
t0352,one_diff,-3,closed,0,0,0
t0352,one_diff,0,place,0,0,0
t0352,one_diff,3,place,0,0,0
t0352,two_talker,-9,summer,0,0,0
t0352,two_talker,-6,several,0,0,0
t0352,two_talker,-3,surface,0,0,0
t0352,two_talker,0,surface,0,0,0
t0352,two_talker,3,generally,0,0,0
t0352,four_talker,-9,similar,0,0,0
t0352,four_talker,-6,similar,0,0,0
t0352,four_talker,-3,below,0,0,0
t0352,four_talker,0,level,0,0,0
t0352,four_talker,3,level,0,0,0
t0352,babble,-9,election,0,0,0
t0352,babble,-6,collection,0,0,0
t0352,babble,-3,horse,0,0,0
t0352,babble,0,horse,0,0,0
t0352,babble,3,horse,0,0,0
t0352,issn,-9,industry,0,0,0
t0352,issn,-6,least,0,0,0
t0352,issn,-3,least,0,0,0
t0352,issn,0,least,0,0,0
t0352,issn,3,please,0,0,0
t0353,no_distractor,inf,consists,1,0,0
t0353,one_same,-9,south,0,0,0
t0353,one_same,-6,south,0,0,0
t0353,one_same,-3,south,0,0,0
t0353,one_same,0,found,0,1,1
t0353,one_same,3,that's,0,0,0
t0353,one_diff,-9,music,0,1,1
t0353,one_diff,-6,music,0,1,1
t0353,one_diff,-3,music,0,1,1
t0353,one_diff,0,music,0,1,1
t0353,one_diff,3,consists,1,0,0
t0353,two_talker,-9,mountain,0,0,0
t0353,two_talker,-6,mountain,0,0,0
t0353,two_talker,-3,nothing,0,0,0
t0353,two_talker,0,founded,0,0,0
t0353,two_talker,3,method,0,0,0
t0353,four_talker,-9,position,0,1,1
t0353,four_talker,-6,position,0,1,1
t0353,four_talker,-3,position,0,1,1
t0353,four_talker,0,position,0,1,1
t0353,four_talker,3,consists,1,0,0
t0353,babble,-9,section,0,0,0
t0353,babble,-6,section,0,0,0
t0353,babble,-3,section,0,0,0
t0353,babble,0,certain,0,1,1
t0353,babble,3,consists,1,0,0
t0353,issn,-9,voice,0,0,0
t0353,issn,-6,exist,0,0,0
t0353,issn,-3,forces,0,0,0
t0353,issn,0,consists,1,0,0
t0353,issn,3,consists,1,0,0
t0354,no_distractor,inf,carried,1,0,0
t0354,one_same,-9,school,0,1,1
t0354,one_same,-6,between,0,0,0
t0354,one_same,-3,between,0,0,0
t0354,one_same,0,buried,0,0,0
t0354,one_same,3,buried,0,0,0
t0354,one_diff,-9,creek,0,1,1
t0354,one_diff,-6,influence,0,0,0
t0354,one_diff,-3,influence,0,0,0
t0354,one_diff,0,influence,0,0,0
t0354,one_diff,3,influence,0,0,0
t0354,two_talker,-9,schools,0,0,0
t0354,two_talker,-6,systems,0,0,0
t0354,two_talker,-3,influence,0,0,0
t0354,two_talker,0,history,0,0,0
t0354,two_talker,3,native,0,0,0
t0354,four_talker,-9,career,0,0,0
t0354,four_talker,-6,career,0,0,0
t0354,four_talker,-3,career,0,0,0
t0354,four_talker,0,career,0,0,0
t0354,four_talker,3,buried,0,0,0
t0354,babble,-9,society,0,0,0
t0354,babble,-6,society,0,0,0
t0354,babble,-3,society,0,0,0
t0354,babble,0,buried,0,0,0
t0354,babble,3,buried,0,0,0
t0354,issn,-9,rather,0,0,0
t0354,issn,-6,various,0,0,0
t0354,issn,-3,various,0,0,0
t0354,issn,0,study,0,0,0
t0354,issn,3,studied,0,0,0
t0355,no_distractor,inf,itself,0,0,0
t0355,one_same,-9,seven,1,0,0
t0355,one_same,-6,seven,1,0,0
t0355,one_same,-3,seven,1,0,0
t0355,one_same,0,itself,0,0,0
t0355,one_same,3,itself,0,0,0
t0355,one_diff,-9,concept,0,0,0
t0355,one_diff,-6,seven,1,0,0
t0355,one_diff,-3,seven,1,0,0
t0355,one_diff,0,seven,1,0,0
t0355,one_diff,3,itself,0,0,0
t0355,two_talker,-9,seven,1,0,0
t0355,two_talker,-6,seven,1,0,0
t0355,two_talker,-3,seven,1,0,0
t0355,two_talker,0,itself,0,0,0
t0355,two_talker,3,itself,0,0,0
t0355,four_talker,-9,themselves,0,0,0
t0355,four_talker,-6,themselves,0,0,0
t0355,four_talker,-3,themselves,0,0,0
t0355,four_talker,0,themselves,0,0,0
t0355,four_talker,3,themselves,0,0,0
t0355,babble,-9,science,0,0,0
t0355,babble,-6,results,0,0,0
t0355,babble,-3,results,0,0,0
t0355,babble,0,episode,0,0,0
t0355,babble,3,episode,0,0,0
t0355,issn,-9,studies,0,0,0
t0355,issn,-6,themselves,0,0,0
t0355,issn,-3,service,0,0,0
t0355,issn,0,serves,0,0,0
t0355,issn,3,serves,0,0,0
t0356,no_distractor,inf,formed,0,0,0
t0356,one_same,-9,board,0,0,0
t0356,one_same,-6,board,0,0,0
t0356,one_same,-3,board,0,0,0
t0356,one_same,0,board,0,0,0
t0356,one_same,3,formed,0,0,0
t0356,one_diff,-9,school,0,0,0
t0356,one_diff,-6,point,0,0,0
t0356,one_diff,-3,point,0,0,0
t0356,one_diff,0,formed,0,0,0
t0356,one_diff,3,forms,0,0,0
t0356,two_talker,-9,political,0,0,0
t0356,two_talker,-6,political,0,0,0
t0356,two_talker,-3,called,0,0,0
t0356,two_talker,0,called,0,0,0
t0356,two_talker,3,formed,0,0,0
t0356,four_talker,-9,lines,0,0,0
t0356,four_talker,-6,lines,0,0,0
t0356,four_talker,-3,lines,0,0,0
t0356,four_talker,0,lines,0,0,0
t0356,four_talker,3,schools,0,0,0
t0356,babble,-9,author,0,0,0
t0356,babble,-6,author,0,0,0
t0356,babble,-3,owned,0,0,0
t0356,babble,0,owned,0,0,0
t0356,babble,3,owned,0,0,0
t0356,issn,-9,modern,0,0,0
t0356,issn,-6,remained,0,0,0
t0356,issn,-3,miles,0,0,0
t0356,issn,0,might,0,0,0
t0356,issn,3,might,0,0,0
t0357,no_distractor,inf,novel,0,0,0
t0357,one_same,-9,parents,0,0,0
t0357,one_same,-6,further,0,0,0
t0357,one_same,-3,private,0,0,0
t0357,one_same,0,private,0,0,0
t0357,one_same,3,minor,0,0,0
t0357,one_diff,-9,three,0,0,0
t0357,one_diff,-6,three,0,0,0
t0357,one_diff,-3,three,0,0,0
t0357,one_diff,0,three,0,0,0
t0357,one_diff,3,created,0,0,0
t0357,two_talker,-9,island,0,0,0
t0357,two_talker,-6,island,0,0,0
t0357,two_talker,-3,island,0,0,0
t0357,two_talker,0,private,0,0,0
t0357,two_talker,3,highly,0,0,0
t0357,four_talker,-9,royal,0,0,0
t0357,four_talker,-6,royal,0,0,0
t0357,four_talker,-3,royal,0,0,0
t0357,four_talker,0,island,0,0,0
t0357,four_talker,3,yellow,0,0,0
t0357,babble,-9,title,0,0,0
t0357,babble,-6,entirely,0,0,0
t0357,babble,-3,entirely,0,0,0
t0357,babble,0,early,0,0,0
t0357,babble,3,currently,0,0,0
t0357,issn,-9,police,0,0,0
t0357,issn,-6,among,0,0,0
t0357,issn,-3,among,0,0,0
t0357,issn,0,number,0,0,0
t0357,issn,3,number,0,0,0
t0358,no_distractor,inf,themselves,1,0,0
t0358,one_same,-9,serves,0,0,0
t0358,one_same,-6,themselves,1,0,0
t0358,one_same,-3,themselves,1,0,0
t0358,one_same,0,themselves,1,0,0
t0358,one_same,3,themselves,1,0,0
t0358,one_diff,-9,several,0,0,0
t0358,one_diff,-6,themselves,1,0,0
t0358,one_diff,-3,themselves,1,0,0
t0358,one_diff,0,themselves,1,0,0
t0358,one_diff,3,themselves,1,0,0
t0358,two_talker,-9,associated,0,0,0
t0358,two_talker,-6,success,0,0,0
t0358,two_talker,-3,themselves,1,0,0
t0358,two_talker,0,themselves,1,0,0
t0358,two_talker,3,themselves,1,0,0
t0358,four_talker,-9,associated,0,0,0
t0358,four_talker,-6,sound,0,0,0
t0358,four_talker,-3,themselves,1,0,0
t0358,four_talker,0,themselves,1,0,0
t0358,four_talker,3,themselves,1,0,0
t0358,babble,-9,associated,0,0,0
t0358,babble,-6,success,0,0,0
t0358,babble,-3,himself,0,0,0
t0358,babble,0,himself,0,0,0
t0358,babble,3,themselves,1,0,0
t0358,issn,-9,south,0,0,0
t0358,issn,-6,south,0,0,0
t0358,issn,-3,south,0,0,0
t0358,issn,0,south,0,0,0
t0358,issn,3,south,0,0,0
t0359,no_distractor,inf,almost,1,0,0
t0359,one_same,-9,almost,1,0,0
t0359,one_same,-6,almost,1,0,0
t0359,one_same,-3,almost,1,0,0
t0359,one_same,0,almost,1,0,0
t0359,one_same,3,almost,1,0,0
t0359,one_diff,-9,lines,0,0,0
t0359,one_diff,-6,artist,0,0,0
t0359,one_diff,-3,artist,0,0,0
t0359,one_diff,0,almost,1,0,0
t0359,one_diff,3,almost,1,0,0
t0359,two_talker,-9,plans,0,0,0
t0359,two_talker,-6,plans,0,0,0
t0359,two_talker,-3,plans,0,0,0
t0359,two_talker,0,minister,0,0,0
t0359,two_talker,3,almost,1,0,0
t0359,four_talker,-9,times,0,1,1
t0359,four_talker,-6,times,0,1,1
t0359,four_talker,-3,times,0,1,1
t0359,four_talker,0,forest,0,0,0
t0359,four_talker,3,forest,0,0,0
t0359,babble,-9,stories,0,0,0
t0359,babble,-6,stories,0,0,0
t0359,babble,-3,forest,0,0,0
t0359,babble,0,listed,0,0,0
t0359,babble,3,listed,0,0,0
t0359,issn,-9,forces,0,0,0
t0359,issn,-6,forces,0,0,0
t0359,issn,-3,almost,1,0,0
t0359,issn,0,almost,1,0,0
t0359,issn,3,almost,1,0,0
t0360,no_distractor,inf,systems,0,0,0
t0360,one_same,-9,systems,0,0,0
t0360,one_same,-6,systems,0,0,0
t0360,one_same,-3,systems,0,0,0
t0360,one_same,0,systems,0,0,0
t0360,one_same,3,systems,0,0,0
t0360,one_diff,-9,systems,0,0,0
t0360,one_diff,-6,systems,0,0,0
t0360,one_diff,-3,systems,0,0,0
t0360,one_diff,0,systems,0,0,0
t0360,one_diff,3,systems,0,0,0
t0360,two_talker,-9,systems,0,0,0
t0360,two_talker,-6,systems,0,0,0
t0360,two_talker,-3,systems,0,0,0
t0360,two_talker,0,systems,0,0,0
t0360,two_talker,3,systems,0,0,0
t0360,four_talker,-9,general,0,0,0
t0360,four_talker,-6,general,0,0,0
t0360,four_talker,-3,programs,0,0,0
t0360,four_talker,0,systems,0,0,0
t0360,four_talker,3,systems,0,0,0
t0360,babble,-9,parents,0,0,0
t0360,babble,-6,parents,0,0,0
t0360,babble,-3,programs,0,0,0
t0360,babble,0,center,0,0,0
t0360,babble,3,systems,0,0,0
t0360,issn,-9,services,0,0,0
t0360,issn,-6,systems,0,0,0
t0360,issn,-3,systems,0,0,0
t0360,issn,0,systems,0,0,0
t0360,issn,3,systems,0,0,0
t0361,no_distractor,inf,change,1,0,0
t0361,one_same,-9,changed,0,0,0
t0361,one_same,-6,changed,0,0,0
t0361,one_same,-3,changed,0,0,0
t0361,one_same,0,changed,0,0,0
t0361,one_same,3,changed,0,0,0
t0361,one_diff,-9,china,0,0,0
t0361,one_diff,-6,china,0,0,0
t0361,one_diff,-3,china,0,0,0
t0361,one_diff,0,china,0,0,0
t0361,one_diff,3,changed,0,0,0
t0361,two_talker,-9,china,0,0,0
t0361,two_talker,-6,china,0,0,0
t0361,two_talker,-3,china,0,0,0
t0361,two_talker,0,china,0,0,0
t0361,two_talker,3,changed,0,0,0
t0361,four_talker,-9,primarily,0,0,0
t0361,four_talker,-6,primarily,0,0,0
t0361,four_talker,-3,parents,0,0,0
t0361,four_talker,0,hands,0,0,0
t0361,four_talker,3,hands,0,0,0
t0361,babble,-9,based,0,0,0
t0361,babble,-6,changed,0,0,0
t0361,babble,-3,changed,0,0,0
t0361,babble,0,changed,0,0,0
t0361,babble,3,changed,0,0,0
t0361,issn,-9,change,1,0,0
t0361,issn,-6,changes,0,0,0
t0361,issn,-3,changes,0,0,0
t0361,issn,0,changed,0,0,0
t0361,issn,3,changed,0,0,0
t0362,no_distractor,inf,issue,1,0,0
t0362,one_same,-9,musical,0,1,1
t0362,one_same,-6,musical,0,1,1
t0362,one_same,-3,information,0,0,0
t0362,one_same,0,information,0,0,0
t0362,one_same,3,issue,1,0,0
t0362,one_diff,-9,issue,1,0,0
t0362,one_diff,-6,issue,1,0,0
t0362,one_diff,-3,issue,1,0,0
t0362,one_diff,0,issue,1,0,0
t0362,one_diff,3,issue,1,0,0
t0362,two_talker,-9,musical,0,1,1
t0362,two_talker,-6,least,0,0,0
t0362,two_talker,-3,finished,0,0,0
t0362,two_talker,0,issue,1,0,0
t0362,two_talker,3,issue,1,0,0
t0362,four_talker,-9,release,0,0,0
t0362,four_talker,-6,issue,1,0,0
t0362,four_talker,-3,issue,1,0,0
t0362,four_talker,0,issue,1,0,0
t0362,four_talker,3,issue,1,0,0
t0362,babble,-9,reviews,0,0,0
t0362,babble,-6,issue,1,0,0
t0362,babble,-3,issue,1,0,0
t0362,babble,0,issue,1,0,0
t0362,babble,3,issue,1,0,0
t0362,issn,-9,getting,0,0,0
t0362,issn,-6,metal,0,0,0
t0362,issn,-3,initially,0,0,0
t0362,issn,0,issue,1,0,0
t0362,issn,3,issue,1,0,0
t0363,no_distractor,inf,school,1,0,0
t0363,one_same,-9,george,0,0,0
t0363,one_same,-6,george,0,0,0
t0363,one_same,-3,george,0,0,0
t0363,one_same,0,royal,0,0,0
t0363,one_same,3,royal,0,0,0
t0363,one_diff,-9,school,1,0,0
t0363,one_diff,-6,school,1,0,0
t0363,one_diff,-3,school,1,0,0
t0363,one_diff,0,school,1,0,0
t0363,one_diff,3,school,1,0,0
t0363,two_talker,-9,george,0,0,0
t0363,two_talker,-6,towards,0,0,0
t0363,two_talker,-3,voice,0,0,0
t0363,two_talker,0,awards,0,0,0
t0363,two_talker,3,little,0,0,0
t0363,four_talker,-9,includes,0,0,0
t0363,four_talker,-6,schools,0,0,0
t0363,four_talker,-3,schools,0,0,0
t0363,four_talker,0,schools,0,0,0
t0363,four_talker,3,schools,0,0,0
t0363,babble,-9,forced,0,0,0
t0363,babble,-6,schools,0,0,0
t0363,babble,-3,schools,0,0,0
t0363,babble,0,schools,0,0,0
t0363,babble,3,schools,0,0,0
t0363,issn,-9,similar,0,0,0
t0363,issn,-6,similar,0,0,0
t0363,issn,-3,similar,0,0,0
t0363,issn,0,school,1,0,0
t0363,issn,3,school,1,0,0
t0364,no_distractor,inf,remains,1,0,0
t0364,one_same,-9,remains,1,0,0
t0364,one_same,-6,remains,1,0,0
t0364,one_same,-3,remains,1,0,0
t0364,one_same,0,remains,1,0,0
t0364,one_same,3,remains,1,0,0
t0364,one_diff,-9,lived,0,0,0
t0364,one_diff,-6,moved,0,0,0
t0364,one_diff,-3,moved,0,0,0
t0364,one_diff,0,moved,0,0,0
t0364,one_diff,3,moved,0,0,0
t0364,two_talker,-9,you'll,0,0,0
t0364,two_talker,-6,those,0,0,0
t0364,two_talker,-3,those,0,0,0
t0364,two_talker,0,those,0,0,0
t0364,two_talker,3,moved,0,0,0
t0364,four_talker,-9,board,0,0,0
t0364,four_talker,-6,board,0,0,0
t0364,four_talker,-3,board,0,0,0
t0364,four_talker,0,related,0,0,0
t0364,four_talker,3,related,0,0,0
t0364,babble,-9,board,0,0,0
t0364,babble,-6,board,0,0,0
t0364,babble,-3,board,0,0,0
t0364,babble,0,includes,0,0,0
t0364,babble,3,moved,0,0,0
t0364,issn,-9,better,0,0,0
t0364,issn,-6,better,0,0,0
t0364,issn,-3,women,0,0,0
t0364,issn,0,within,0,0,0
t0364,issn,3,remains,1,0,0
t0365,no_distractor,inf,matter,0,0,0
t0365,one_same,-9,method,0,0,0
t0365,one_same,-6,method,0,0,0
t0365,one_same,-3,method,0,0,0
t0365,one_same,0,limited,0,0,0
t0365,one_same,3,limited,0,0,0
t0365,one_diff,-9,another,0,0,0
t0365,one_diff,-6,another,0,0,0
t0365,one_diff,-3,another,0,0,0
t0365,one_diff,0,matter,0,0,0
t0365,one_diff,3,matter,0,0,0
t0365,two_talker,-9,required,0,1,1
t0365,two_talker,-6,required,0,1,1
t0365,two_talker,-3,record,0,0,0
t0365,two_talker,0,method,0,0,0
t0365,two_talker,3,matter,0,0,0
t0365,four_talker,-9,nearby,0,0,0
t0365,four_talker,-6,nearby,0,0,0
t0365,four_talker,-3,nearby,0,0,0
t0365,four_talker,0,never,0,0,0
t0365,four_talker,3,matter,0,0,0
t0365,babble,-9,never,0,0,0
t0365,babble,-6,remains,0,0,0
t0365,babble,-3,remains,0,0,0
t0365,babble,0,medical,0,0,0
t0365,babble,3,minutes,0,0,0
t0365,issn,-9,really,0,0,0
t0365,issn,-6,better,0,0,0
t0365,issn,-3,method,0,0,0
t0365,issn,0,matter,0,0,0
t0365,issn,3,matter,0,0,0
t0366,no_distractor,inf,writer,0,0,0
t0366,one_same,-9,widely,1,0,0
t0366,one_same,-6,widely,1,0,0
t0366,one_same,-3,widely,1,0,0
t0366,one_same,0,widely,1,0,0
t0366,one_same,3,widely,1,0,0
t0366,one_diff,-9,widely,1,0,0
t0366,one_diff,-6,widely,1,0,0
t0366,one_diff,-3,widely,1,0,0
t0366,one_diff,0,widely,1,0,0
t0366,one_diff,3,widely,1,0,0
t0366,two_talker,-9,widely,1,0,0
t0366,two_talker,-6,widely,1,0,0
t0366,two_talker,-3,widely,1,0,0
t0366,two_talker,0,widely,1,0,0
t0366,two_talker,3,widely,1,0,0
t0366,four_talker,-9,italian,0,0,0
t0366,four_talker,-6,highly,0,0,0
t0366,four_talker,-3,highly,0,0,0
t0366,four_talker,0,widely,1,0,0
t0366,four_talker,3,widely,1,0,0
t0366,babble,-9,rather,0,0,0
t0366,babble,-6,rather,0,0,0
t0366,babble,-3,rather,0,0,0
t0366,babble,0,widely,1,0,0
t0366,babble,3,widely,1,0,0
t0366,issn,-9,white,0,0,0
t0366,issn,-6,white,0,0,0
t0366,issn,-3,quite,0,0,0
t0366,issn,0,quite,0,0,0
t0366,issn,3,quite,0,0,0
t0367,no_distractor,inf,travel,0,0,0
t0367,one_same,-9,official,0,0,0
t0367,one_same,-6,shall,0,0,0
t0367,one_same,-3,covered,0,0,0
t0367,one_same,0,covered,0,0,0
t0367,one_same,3,covered,0,0,0
t0367,one_diff,-9,southern,0,0,0
t0367,one_diff,-6,travel,0,0,0
t0367,one_diff,-3,travel,0,0,0
t0367,one_diff,0,travel,0,0,0
t0367,one_diff,3,travel,0,0,0
t0367,two_talker,-9,charge,0,0,0
t0367,two_talker,-6,travel,0,0,0
t0367,two_talker,-3,travel,0,0,0
t0367,two_talker,0,travel,0,0,0
t0367,two_talker,3,travel,0,0,0
t0367,four_talker,-9,canada,0,1,1
t0367,four_talker,-6,together,0,0,0
t0367,four_talker,-3,together,0,0,0
t0367,four_talker,0,other,1,0,0
t0367,four_talker,3,travel,0,0,0
t0367,babble,-9,themselves,0,0,0
t0367,babble,-6,close,0,0,0
t0367,babble,-3,particularly,0,0,0
t0367,babble,0,brothers,0,0,0
t0367,babble,3,travel,0,0,1
t0367,issn,-9,control,0,0,0
t0367,issn,-6,children,0,0,0
t0367,issn,-3,children,0,0,0
t0367,issn,0,originally,0,0,0
t0367,issn,3,other,1,0,0
t0368,no_distractor,inf,until,0,0,0
t0368,one_same,-9,other,0,1,1
t0368,one_same,-6,other,0,1,1
t0368,one_same,-3,elected,0,0,0
t0368,one_same,0,killed,0,0,0
t0368,one_same,3,entered,0,0,0
t0368,one_diff,-9,turned,1,0,0
t0368,one_diff,-6,entered,0,0,0
t0368,one_diff,-3,entered,0,0,0
t0368,one_diff,0,entered,0,0,0
t0368,one_diff,3,entered,0,0,0
t0368,two_talker,-9,include,0,0,0
t0368,two_talker,-6,include,0,0,0
t0368,two_talker,-3,include,0,0,0
t0368,two_talker,0,entered,0,0,0
t0368,two_talker,3,entered,0,0,0
t0368,four_talker,-9,young,0,1,1
t0368,four_talker,-6,young,0,1,1
t0368,four_talker,-3,turned,1,0,0
t0368,four_talker,0,turned,1,0,0
t0368,four_talker,3,turned,1,0,0
t0368,babble,-9,county,0,0,0
t0368,babble,-6,taught,0,0,0
t0368,babble,-3,taught,0,0,0
t0368,babble,0,taught,0,0,0
t0368,babble,3,taught,0,0,0
t0368,issn,-9,military,0,0,0
t0368,issn,-6,returned,0,0,0
t0368,issn,-3,returned,0,0,0
t0368,issn,0,helped,0,0,0
t0368,issn,3,helped,0,0,0
t0369,no_distractor,inf,quickly,1,0,0
t0369,one_same,-9,player,0,1,1
t0369,one_same,-6,player,0,1,1
t0369,one_same,-3,quickly,1,0,0
t0369,one_same,0,quickly,1,0,0
t0369,one_same,3,quickly,1,0,0
t0369,one_diff,-9,political,0,0,0
t0369,one_diff,-6,quickly,1,0,0
t0369,one_diff,-3,quickly,1,0,0
t0369,one_diff,0,quickly,1,0,0
t0369,one_diff,3,quickly,1,0,0
t0369,two_talker,-9,appointed,0,0,0
t0369,two_talker,-6,appointed,0,0,0
t0369,two_talker,-3,appointed,0,0,0
t0369,two_talker,0,quickly,1,0,0
t0369,two_talker,3,quickly,1,0,0
t0369,four_talker,-9,appointed,0,0,0
t0369,four_talker,-6,appointed,0,0,0
t0369,four_talker,-3,appointed,0,0,0
t0369,four_talker,0,quickly,1,0,0
t0369,four_talker,3,quickly,1,0,0
t0369,babble,-9,valley,0,0,0
t0369,babble,-6,valley,0,0,0
t0369,babble,-3,believed,0,0,0
t0369,babble,0,typically,0,0,0
t0369,babble,3,typically,0,0,0
t0369,issn,-9,known,0,0,0
t0369,issn,-6,continued,0,0,0
t0369,issn,-3,continued,0,0,0
t0369,issn,0,quickly,1,0,0
t0369,issn,3,quickly,1,0,0
t0370,no_distractor,inf,would,1,0,0
t0370,one_same,-9,ended,0,0,0
t0370,one_same,-6,ended,0,0,0
t0370,one_same,-3,ended,0,0,0
t0370,one_same,0,ended,0,0,0
t0370,one_same,3,ended,0,0,0
t0370,one_diff,-9,north,0,0,0
t0370,one_diff,-6,north,0,0,0
t0370,one_diff,-3,though,0,0,0
t0370,one_diff,0,though,0,0,0
t0370,one_diff,3,though,0,0,0
t0370,two_talker,-9,built,0,1,1
t0370,two_talker,-6,built,0,1,1
t0370,two_talker,-3,noted,0,0,0
t0370,two_talker,0,known,0,0,0
t0370,two_talker,3,known,0,0,0
t0370,four_talker,-9,north,0,0,0
t0370,four_talker,-6,north,0,0,0
t0370,four_talker,-3,north,0,0,0
t0370,four_talker,0,north,0,0,0
t0370,four_talker,3,north,0,0,0
t0370,babble,-9,owned,0,0,0
t0370,babble,-6,owned,0,0,0
t0370,babble,-3,owned,0,0,0
t0370,babble,0,owned,0,0,0
t0370,babble,3,owned,0,0,0
t0370,issn,-9,beginning,0,0,0
t0370,issn,-6,beginning,0,0,0
t0370,issn,-3,beginning,0,0,0
t0370,issn,0,degree,0,0,0
t0370,issn,3,ended,0,0,0
t0371,no_distractor,inf,might,1,0,0
t0371,one_same,-9,language,0,0,0
t0371,one_same,-6,might,1,0,0
t0371,one_same,-3,might,1,0,0
t0371,one_same,0,library,0,0,0
t0371,one_same,3,library,0,0,0
t0371,one_diff,-9,michael,0,0,0
t0371,one_diff,-6,michael,0,0,0
t0371,one_diff,-3,michael,0,0,0
t0371,one_diff,0,michael,0,0,0
t0371,one_diff,3,michael,0,0,0
t0371,two_talker,-9,despite,0,0,0
t0371,two_talker,-6,slightly,0,0,0
t0371,two_talker,-3,slightly,0,0,0
t0371,two_talker,0,michael,0,0,0
t0371,two_talker,3,michael,0,0,0
t0371,four_talker,-9,township,0,0,0
t0371,four_talker,-6,township,0,0,0
t0371,four_talker,-3,title,0,0,0
t0371,four_talker,0,title,0,0,0
t0371,four_talker,3,title,0,0,0
t0371,babble,-9,doctor,0,1,1
t0371,babble,-6,doctor,0,1,1
t0371,babble,-3,doctor,0,1,1
t0371,babble,0,title,0,0,0
t0371,babble,3,title,0,0,0
t0371,issn,-9,added,0,0,0
t0371,issn,-6,island,0,0,0
t0371,issn,-3,island,0,0,0
t0371,issn,0,michael,0,0,0
t0371,issn,3,michael,0,0,0
t0372,no_distractor,inf,china,0,0,0
t0372,one_same,-9,between,0,0,0
t0372,one_same,-6,train,0,0,0
t0372,one_same,-3,trade,0,0,0
t0372,one_same,0,trade,0,0,0
t0372,one_same,3,trade,0,0,0
t0372,one_diff,-9,canada,0,1,1
t0372,one_diff,-6,canada,0,1,1
t0372,one_diff,-3,canada,0,1,1
t0372,one_diff,0,china,0,0,0
t0372,one_diff,3,china,0,0,0
t0372,two_talker,-9,killed,0,0,0
t0372,two_talker,-6,china,0,0,0
t0372,two_talker,-3,china,0,0,0
t0372,two_talker,0,china,0,0,0
t0372,two_talker,3,china,0,0,0
t0372,four_talker,-9,plant,0,0,0
t0372,four_talker,-6,plant,0,0,0
t0372,four_talker,-3,plant,0,0,0
t0372,four_talker,0,return,1,0,0
t0372,four_talker,3,return,1,0,0
t0372,babble,-9,joined,0,0,0
t0372,babble,-6,joined,0,0,0
t0372,babble,-3,change,0,0,0
t0372,babble,0,japan,0,0,0
t0372,babble,3,china,0,0,0
t0372,issn,-9,until,0,0,0
t0372,issn,-6,material,0,0,0
t0372,issn,-3,material,0,0,0
t0372,issn,0,material,0,0,0
t0372,issn,3,return,1,0,0
t0373,no_distractor,inf,become,1,0,0
t0373,one_same,-9,named,0,1,1
t0373,one_same,-6,named,0,1,1
t0373,one_same,-3,formed,0,0,0
t0373,one_same,0,performed,0,0,0
t0373,one_same,3,performed,0,0,0
t0373,one_diff,-9,plant,0,0,0
t0373,one_diff,-6,plant,0,0,0
t0373,one_diff,-3,plant,0,0,0
t0373,one_diff,0,plant,0,0,0
t0373,one_diff,3,plant,0,0,0
t0373,two_talker,-9,named,0,1,1
t0373,two_talker,-6,named,0,1,1
t0373,two_talker,-3,named,0,1,1
t0373,two_talker,0,named,0,1,1
t0373,two_talker,3,performed,0,0,0
t0373,four_talker,-9,remains,0,0,0
t0373,four_talker,-6,remains,0,0,0
t0373,four_talker,-3,provides,0,0,0
t0373,four_talker,0,complex,0,0,0
t0373,four_talker,3,front,0,0,0
t0373,babble,-9,means,0,0,0
t0373,babble,-6,plays,0,0,0
t0373,babble,-3,played,0,0,0
t0373,babble,0,formed,0,0,0
t0373,babble,3,front,0,0,0
t0373,issn,-9,strong,0,0,0
t0373,issn,-6,small,0,0,0
t0373,issn,-3,longer,0,0,0
t0373,issn,0,complex,0,0,0
t0373,issn,3,become,1,0,0
t0374,no_distractor,inf,forms,1,0,0
t0374,one_same,-9,first,0,1,1
t0374,one_same,-6,first,0,1,1
t0374,one_same,-3,fourth,0,0,0
t0374,one_same,0,fourth,0,0,0
t0374,one_same,3,fourth,0,0,0
t0374,one_diff,-9,books,0,0,0
t0374,one_diff,-6,books,0,0,0
t0374,one_diff,-3,works,0,0,0
t0374,one_diff,0,works,0,0,0
t0374,one_diff,3,works,0,0,0
t0374,two_talker,-9,support,0,0,0
t0374,two_talker,-6,support,0,0,0
t0374,two_talker,-3,support,0,0,0
t0374,two_talker,0,support,0,0,0
t0374,two_talker,3,support,0,0,0
t0374,four_talker,-9,upper,0,0,0
t0374,four_talker,-6,above,0,0,0
t0374,four_talker,-3,award,0,0,0
t0374,four_talker,0,award,0,0,0
t0374,four_talker,3,award,0,0,0
t0374,babble,-9,first,0,1,1
t0374,babble,-6,numerous,0,0,0
t0374,babble,-3,awards,0,0,0
t0374,babble,0,awards,0,0,0
t0374,babble,3,awards,0,0,0
t0374,issn,-9,school,0,0,0
t0374,issn,-6,sports,0,0,0
t0374,issn,-3,course,0,0,0
t0374,issn,0,course,0,0,0
t0374,issn,3,horse,0,0,0
t0375,no_distractor,inf,support,0,0,0
t0375,one_same,-9,significant,0,0,0
t0375,one_same,-6,support,0,0,0
t0375,one_same,-3,support,0,0,0
t0375,one_same,0,support,0,0,0
t0375,one_same,3,support,0,0,0
t0375,one_diff,-9,notable,0,0,0
t0375,one_diff,-6,notable,0,0,0
t0375,one_diff,-3,multiple,0,0,0
t0375,one_diff,0,multiple,0,0,0
t0375,one_diff,3,brought,0,0,0
t0375,two_talker,-9,known,0,0,0
t0375,two_talker,-6,known,0,0,0
t0375,two_talker,-3,known,0,0,0
t0375,two_talker,0,notable,0,0,0
t0375,two_talker,3,support,0,0,0
t0375,four_talker,-9,raised,0,0,0
t0375,four_talker,-6,raised,0,0,0
t0375,four_talker,-3,great,0,1,1
t0375,four_talker,0,great,0,1,1
t0375,four_talker,3,great,0,1,1
t0375,babble,-9,great,0,1,1
t0375,babble,-6,great,0,1,1
t0375,babble,-3,great,0,1,1
t0375,babble,0,great,0,1,1
t0375,babble,3,great,0,1,1
t0375,issn,-9,similar,0,0,0
t0375,issn,-6,multiple,0,0,0
t0375,issn,-3,possible,0,0,0
t0375,issn,0,possible,0,0,0
t0375,issn,3,support,0,0,0
t0376,no_distractor,inf,allowed,0,0,0
t0376,one_same,-9,success,0,0,0
t0376,one_same,-6,success,0,0,0
t0376,one_same,-3,success,0,0,0
t0376,one_same,0,success,0,0,0
t0376,one_same,3,success,0,0,0
t0376,one_diff,-9,includes,0,0,0
t0376,one_diff,-6,known,0,0,0
t0376,one_diff,-3,known,0,0,0
t0376,one_diff,0,known,0,0,0
t0376,one_diff,3,known,0,0,0
t0376,two_talker,-9,capital,0,0,0
t0376,two_talker,-6,capital,0,0,0
t0376,two_talker,-3,track,0,0,0
t0376,two_talker,0,practice,0,0,0
t0376,two_talker,3,rather,0,0,0
t0376,four_talker,-9,tracks,0,0,0
t0376,four_talker,-6,tracks,0,0,0
t0376,four_talker,-3,class,0,0,0
t0376,four_talker,0,rather,0,0,0
t0376,four_talker,3,known,0,0,0
t0376,babble,-9,language,0,0,0
t0376,babble,-6,language,0,0,0
t0376,babble,-3,large,0,0,0
t0376,babble,0,large,0,0,0
t0376,babble,3,large,0,0,0
t0376,issn,-9,noted,0,0,0
t0376,issn,-6,smaller,0,0,0
t0376,issn,-3,mother,0,0,0
t0376,issn,0,mother,0,0,0
t0376,issn,3,allowed,0,0,0
t0377,no_distractor,inf,historic,1,0,0
t0377,one_same,-9,historic,1,0,0
t0377,one_same,-6,historic,1,0,0
t0377,one_same,-3,historic,1,0,0
t0377,one_same,0,historic,1,0,0
t0377,one_same,3,historic,1,0,0
t0377,one_diff,-9,historic,1,0,0
t0377,one_diff,-6,historic,1,0,0
t0377,one_diff,-3,historic,1,0,0
t0377,one_diff,0,historic,1,0,0
t0377,one_diff,3,historic,1,0,0
t0377,two_talker,-9,stone,0,0,0
t0377,two_talker,-6,historic,1,0,0
t0377,two_talker,-3,historic,1,0,0
t0377,two_talker,0,historic,1,0,0
t0377,two_talker,3,historic,1,0,0
t0377,four_talker,-9,school,0,0,0
t0377,four_talker,-6,story,0,0,0
t0377,four_talker,-3,story,0,0,0
t0377,four_talker,0,historic,1,0,0
t0377,four_talker,3,historic,1,0,0
t0377,babble,-9,state,0,0,0
t0377,babble,-6,state,0,0,0
t0377,babble,-3,state,0,0,0
t0377,babble,0,historic,1,0,0
t0377,babble,3,historic,1,0,0
t0377,issn,-9,songs,0,0,0
t0377,issn,-6,society,0,0,0
t0377,issn,-3,historical,0,0,0
t0377,issn,0,story,0,0,0
t0377,issn,3,historic,1,0,0
t0378,no_distractor,inf,human,0,0,0
t0378,one_same,-9,played,0,1,1
t0378,one_same,-6,played,0,1,1
t0378,one_same,-3,actually,0,0,0
t0378,one_same,0,actually,0,0,0
t0378,one_same,3,actually,0,0,0
t0378,one_diff,-9,chief,0,0,0
t0378,one_diff,-6,chief,0,0,0
t0378,one_diff,-3,chief,0,0,0
t0378,one_diff,0,chief,0,0,0
t0378,one_diff,3,chief,0,0,0
t0378,two_talker,-9,eventually,0,0,0
t0378,two_talker,-6,eventually,0,0,0
t0378,two_talker,-3,eventually,0,0,0
t0378,two_talker,0,eventually,0,0,0
t0378,two_talker,3,eventually,0,0,0
t0378,four_talker,-9,stage,0,0,0
t0378,four_talker,-6,changed,0,0,0
t0378,four_talker,-3,eventually,0,0,0
t0378,four_talker,0,eventually,0,0,0
t0378,four_talker,3,chief,0,0,0
t0378,babble,-9,subsequently,0,0,0
t0378,babble,-6,subsequently,0,0,0
t0378,babble,-3,subsequently,0,0,0
t0378,babble,0,subsequently,0,0,0
t0378,babble,3,featured,0,0,0
t0378,issn,-9,commercial,0,0,0
t0378,issn,-6,commercial,0,0,0
t0378,issn,-3,function,0,0,0
t0378,issn,0,children,0,0,0
t0378,issn,3,children,0,0,0
t0379,no_distractor,inf,published,1,0,0
t0379,one_same,-9,published,1,0,0
t0379,one_same,-6,published,1,0,0
t0379,one_same,-3,published,1,0,0
t0379,one_same,0,published,1,0,0
t0379,one_same,3,published,1,0,0
t0379,one_diff,-9,published,1,0,0
t0379,one_diff,-6,published,1,0,0
t0379,one_diff,-3,published,1,0,0
t0379,one_diff,0,published,1,0,0
t0379,one_diff,3,published,1,0,0
t0379,two_talker,-9,first,0,1,1
t0379,two_talker,-6,published,1,0,0
t0379,two_talker,-3,published,1,0,0
t0379,two_talker,0,published,1,0,0
t0379,two_talker,3,published,1,0,0
t0379,four_talker,-9,large,0,0,0
t0379,four_talker,-6,large,0,0,0
t0379,four_talker,-3,published,1,0,0
t0379,four_talker,0,published,1,0,0
t0379,four_talker,3,published,1,0,0
t0379,babble,-9,caused,0,0,0
t0379,babble,-6,caused,0,0,0
t0379,babble,-3,published,1,0,0
t0379,babble,0,published,1,0,0
t0379,babble,3,published,1,0,0
t0379,issn,-9,others,0,0,0
t0379,issn,-6,others,0,0,0
t0379,issn,-3,published,1,0,0
t0379,issn,0,published,1,0,0
t0379,issn,3,published,1,0,0
t0380,no_distractor,inf,strong,1,0,0
t0380,one_same,-9,strong,1,0,0
t0380,one_same,-6,strong,1,0,0
t0380,one_same,-3,strong,1,0,0
t0380,one_same,0,strong,1,0,0
t0380,one_same,3,strong,1,0,0
t0380,one_diff,-9,strong,1,0,0
t0380,one_diff,-6,strong,1,0,0
t0380,one_diff,-3,strong,1,0,0
t0380,one_diff,0,strong,1,0,0
t0380,one_diff,3,strong,1,0,0
t0380,two_talker,-9,strong,1,0,0
t0380,two_talker,-6,strong,1,0,0
t0380,two_talker,-3,strong,1,0,0
t0380,two_talker,0,strong,1,0,0
t0380,two_talker,3,strong,1,0,0
t0380,four_talker,-9,strong,1,0,0
t0380,four_talker,-6,strong,1,0,0
t0380,four_talker,-3,strong,1,0,0
t0380,four_talker,0,strong,1,0,0
t0380,four_talker,3,strong,1,0,0
t0380,babble,-9,marked,0,0,0
t0380,babble,-6,strong,1,0,0
t0380,babble,-3,strong,1,0,0
t0380,babble,0,strong,1,0,0
t0380,babble,3,strong,1,0,0
t0380,issn,-9,small,0,0,0
t0380,issn,-6,small,0,0,0
t0380,issn,-3,strong,1,0,0
t0380,issn,0,strong,1,0,0
t0380,issn,3,strong,1,0,0
t0381,no_distractor,inf,saint,1,0,0
t0381,one_same,-9,saint,1,0,0
t0381,one_same,-6,saint,1,0,0
t0381,one_same,-3,saint,1,0,0
t0381,one_same,0,saint,1,0,0
t0381,one_same,3,saint,1,0,0
t0381,one_diff,-9,search,0,0,0
t0381,one_diff,-6,saint,1,0,0
t0381,one_diff,-3,saint,1,0,0
t0381,one_diff,0,saint,1,0,0
t0381,one_diff,3,saint,1,0,0
t0381,two_talker,-9,association,0,0,0
t0381,two_talker,-6,associated,0,0,0
t0381,two_talker,-3,society,0,0,0
t0381,two_talker,0,society,0,0,0
t0381,two_talker,3,saint,1,0,0
t0381,four_talker,-9,society,0,0,0
t0381,four_talker,-6,saint,1,0,0
t0381,four_talker,-3,saint,1,0,0
t0381,four_talker,0,saint,1,0,0
t0381,four_talker,3,saint,1,0,0
t0381,babble,-9,various,0,0,0
t0381,babble,-6,saint,1,0,0
t0381,babble,-3,saint,1,0,0
t0381,babble,0,saint,1,0,0
t0381,babble,3,saint,1,0,0
t0381,issn,-9,saint,1,0,0
t0381,issn,-6,saint,1,0,0
t0381,issn,-3,saint,1,0,0
t0381,issn,0,saint,1,0,0
t0381,issn,3,saint,1,0,0
t0382,no_distractor,inf,research,1,0,0
t0382,one_same,-9,research,1,0,0
t0382,one_same,-6,research,1,0,0
t0382,one_same,-3,research,1,0,0
t0382,one_same,0,research,1,0,0
t0382,one_same,3,research,1,0,0
t0382,one_diff,-9,research,1,0,0
t0382,one_diff,-6,research,1,0,0
t0382,one_diff,-3,research,1,0,0
t0382,one_diff,0,research,1,0,0
t0382,one_diff,3,research,1,0,0
t0382,two_talker,-9,research,1,0,0
t0382,two_talker,-6,research,1,0,0
t0382,two_talker,-3,research,1,0,0
t0382,two_talker,0,research,1,0,0
t0382,two_talker,3,research,1,0,0
t0382,four_talker,-9,research,1,0,0
t0382,four_talker,-6,research,1,0,0
t0382,four_talker,-3,research,1,0,0
t0382,four_talker,0,research,1,0,0
t0382,four_talker,3,research,1,0,0
t0382,babble,-9,research,1,0,0
t0382,babble,-6,research,1,0,0
t0382,babble,-3,research,1,0,0
t0382,babble,0,research,1,0,0
t0382,babble,3,research,1,0,0
t0382,issn,-9,research,1,0,0
t0382,issn,-6,research,1,0,0
t0382,issn,-3,research,1,0,0
t0382,issn,0,research,1,0,0
t0382,issn,3,research,1,0,0
t0383,no_distractor,inf,field,1,0,0
t0383,one_same,-9,field,1,0,0
t0383,one_same,-6,field,1,0,0
t0383,one_same,-3,field,1,0,0
t0383,one_same,0,field,1,0,0
t0383,one_same,3,field,1,0,0
t0383,one_diff,-9,field,1,0,0
t0383,one_diff,-6,field,1,0,0
t0383,one_diff,-3,field,1,0,0
t0383,one_diff,0,field,1,0,0
t0383,one_diff,3,field,1,0,0
t0383,two_talker,-9,school,0,0,0
t0383,two_talker,-6,school,0,0,0
t0383,two_talker,-3,field,1,0,0
t0383,two_talker,0,field,1,0,0
t0383,two_talker,3,field,1,0,0
t0383,four_talker,-9,allowed,0,0,0
t0383,four_talker,-6,throughout,0,0,0
t0383,four_talker,-3,field,1,0,0
t0383,four_talker,0,field,1,0,0
t0383,four_talker,3,field,1,0,0
t0383,babble,-9,school,0,0,0
t0383,babble,-6,school,0,0,0
t0383,babble,-3,field,1,0,0
t0383,babble,0,field,1,0,0
t0383,babble,3,field,1,0,0
t0383,issn,-9,associated,0,0,0
t0383,issn,-6,media,0,0,0
t0383,issn,-3,india,0,0,0
t0383,issn,0,india,0,0,0
t0383,issn,3,field,1,0,0
t0384,no_distractor,inf,increased,1,0,0
t0384,one_same,-9,similar,0,0,0
t0384,one_same,-6,single,0,0,0
t0384,one_same,-3,increased,1,0,0
t0384,one_same,0,increased,1,0,0
t0384,one_same,3,increased,1,0,0
t0384,one_diff,-9,includes,0,0,0
t0384,one_diff,-6,increased,1,0,0
t0384,one_diff,-3,increased,1,0,0
t0384,one_diff,0,increased,1,0,0
t0384,one_diff,3,increased,1,0,0
t0384,two_talker,-9,houses,0,0,0
t0384,two_talker,-6,these,0,0,0
t0384,two_talker,-3,increased,1,0,0
t0384,two_talker,0,increased,1,0,0
t0384,two_talker,3,increased,1,0,0
t0384,four_talker,-9,thomas,0,0,0
t0384,four_talker,-6,based,0,0,0
t0384,four_talker,-3,lives,0,0,0
t0384,four_talker,0,distance,0,0,0
t0384,four_talker,3,increased,1,0,0
t0384,babble,-9,gives,0,0,0
t0384,babble,-6,gives,0,0,0
t0384,babble,-3,increased,1,0,0
t0384,babble,0,increased,1,0,0
t0384,babble,3,increased,1,0,0
t0384,issn,-9,james,0,0,0
t0384,issn,-6,james,0,0,0
t0384,issn,-3,trees,0,0,0
t0384,issn,0,increased,1,0,0
t0384,issn,3,increased,1,0,0
t0385,no_distractor,inf,finished,1,0,0
t0385,one_same,-9,finished,1,0,0
t0385,one_same,-6,finished,1,0,0
t0385,one_same,-3,finished,1,0,0
t0385,one_same,0,finished,1,0,0
t0385,one_same,3,finished,1,0,0
t0385,one_diff,-9,finished,1,0,0
t0385,one_diff,-6,finished,1,0,0
t0385,one_diff,-3,finished,1,0,0
t0385,one_diff,0,finished,1,0,0
t0385,one_diff,3,finished,1,0,0
t0385,two_talker,-9,finished,1,0,0
t0385,two_talker,-6,finished,1,0,0
t0385,two_talker,-3,finished,1,0,0
t0385,two_talker,0,finished,1,0,0
t0385,two_talker,3,finished,1,0,0
t0385,four_talker,-9,appears,0,0,0
t0385,four_talker,-6,finished,1,0,0
t0385,four_talker,-3,finished,1,0,0
t0385,four_talker,0,finished,1,0,0
t0385,four_talker,3,finished,1,0,0
t0385,babble,-9,available,0,0,0
t0385,babble,-6,either,0,0,0
t0385,babble,-3,either,0,0,0
t0385,babble,0,finished,1,0,0
t0385,babble,3,finished,1,0,0
t0385,issn,-9,bridge,0,0,0
t0385,issn,-6,finished,1,0,0
t0385,issn,-3,finished,1,0,0
t0385,issn,0,finished,1,0,0
t0385,issn,3,finished,1,0,0
t0386,no_distractor,inf,civil,1,0,0
t0386,one_same,-9,complex,0,1,1
t0386,one_same,-6,complex,0,1,1
t0386,one_same,-3,concept,0,0,0
t0386,one_same,0,civil,1,0,0
t0386,one_same,3,civil,1,0,0
t0386,one_diff,-9,civil,1,0,0
t0386,one_diff,-6,civil,1,0,0
t0386,one_diff,-3,civil,1,0,0
t0386,one_diff,0,civil,1,0,0
t0386,one_diff,3,civil,1,0,0
t0386,two_talker,-9,complex,0,1,1
t0386,two_talker,-6,complex,0,1,1
t0386,two_talker,-3,complex,0,1,1
t0386,two_talker,0,couple,0,0,0
t0386,two_talker,3,civil,1,0,0
t0386,four_talker,-9,concept,0,0,0
t0386,four_talker,-6,concept,0,0,0
t0386,four_talker,-3,concept,0,0,0
t0386,four_talker,0,consists,0,0,0
t0386,four_talker,3,civil,1,0,0
t0386,babble,-9,system,0,0,0
t0386,babble,-6,system,0,0,0
t0386,babble,-3,system,0,0,0
t0386,babble,0,system,0,0,0
t0386,babble,3,system,0,0,0
t0386,issn,-9,inside,0,0,0
t0386,issn,-6,inside,0,0,0
t0386,issn,-3,civil,1,0,0
t0386,issn,0,civil,1,0,0
t0386,issn,3,civil,1,0,0
t0387,no_distractor,inf,helped,1,0,0
t0387,one_same,-9,water,0,1,1
t0387,one_same,-6,water,0,1,1
t0387,one_same,-3,water,0,1,1
t0387,one_same,0,upper,0,0,0
t0387,one_same,3,upper,0,0,0
t0387,one_diff,-9,helped,1,0,0
t0387,one_diff,-6,helped,1,0,0
t0387,one_diff,-3,helped,1,0,0
t0387,one_diff,0,helped,1,0,0
t0387,one_diff,3,helped,1,0,0
t0387,two_talker,-9,water,0,1,1
t0387,two_talker,-6,water,0,1,1
t0387,two_talker,-3,water,0,1,1
t0387,two_talker,0,upper,0,0,0
t0387,two_talker,3,helped,1,0,0
t0387,four_talker,-9,modern,0,0,0
t0387,four_talker,-6,younger,0,0,0
t0387,four_talker,-3,younger,0,0,0
t0387,four_talker,0,younger,0,0,0
t0387,four_talker,3,helped,1,0,0
t0387,babble,-9,failed,0,0,0
t0387,babble,-6,failed,0,0,0
t0387,babble,-3,album,0,0,0
t0387,babble,0,alchemist,0,0,0
t0387,babble,3,helped,1,0,0
t0387,issn,-9,mountain,0,0,0
t0387,issn,-6,after,0,0,0
t0387,issn,-3,helped,1,0,0
t0387,issn,0,helped,1,0,0
t0387,issn,3,helped,1,0,0
t0388,no_distractor,inf,continued,0,0,0
t0388,one_same,-9,eastern,0,1,1
t0388,one_same,-6,eastern,0,1,1
t0388,one_same,-3,eastern,0,1,1
t0388,one_same,0,eastern,0,1,1
t0388,one_same,3,considered,0,0,0
t0388,one_diff,-9,chief,0,0,0
t0388,one_diff,-6,station,0,0,0
t0388,one_diff,-3,station,0,0,0
t0388,one_diff,0,station,0,0,0
t0388,one_diff,3,station,0,0,0
t0388,two_talker,-9,addition,0,0,0
t0388,two_talker,-6,ancient,0,0,0
t0388,two_talker,-3,division,0,0,0
t0388,two_talker,0,station,0,0,0
t0388,two_talker,3,station,0,0,0
t0388,four_talker,-9,given,0,0,0
t0388,four_talker,-6,given,0,0,0
t0388,four_talker,-3,student,0,0,0
t0388,four_talker,0,student,0,0,0
t0388,four_talker,3,student,0,0,0
t0388,babble,-9,division,0,0,0
t0388,babble,-6,division,0,0,0
t0388,babble,-3,usually,0,0,0
t0388,babble,0,featured,0,0,0
t0388,babble,3,continued,0,0,0
t0388,issn,-9,continued,0,0,0
t0388,issn,-6,continued,0,0,0
t0388,issn,-3,continued,0,0,0
t0388,issn,0,continued,0,0,0
t0388,issn,3,continued,0,0,0
t0389,no_distractor,inf,itself,1,0,0
t0389,one_same,-9,after,0,1,1
t0389,one_same,-6,after,0,1,1
t0389,one_same,-3,after,0,1,1
t0389,one_same,0,after,0,1,1
t0389,one_same,3,south,0,0,0
t0389,one_diff,-9,itself,1,0,0
t0389,one_diff,-6,itself,1,0,0
t0389,one_diff,-3,itself,1,0,0
t0389,one_diff,0,itself,1,0,0
t0389,one_diff,3,itself,1,0,0
t0389,two_talker,-9,after,0,1,1
t0389,two_talker,-6,doctor,0,0,0
t0389,two_talker,-3,south,0,0,0
t0389,two_talker,0,south,0,0,0
t0389,two_talker,3,itself,1,0,0
t0389,four_talker,-9,center,0,0,0
t0389,four_talker,-6,itself,1,0,0
t0389,four_talker,-3,itself,1,0,0
t0389,four_talker,0,itself,1,0,0
t0389,four_talker,3,itself,1,0,0
t0389,babble,-9,systems,0,0,0
t0389,babble,-6,systems,0,0,0
t0389,babble,-3,consists,0,0,0
t0389,babble,0,itself,1,0,0
t0389,babble,3,itself,1,0,0
t0389,issn,-9,example,0,0,0
t0389,issn,-6,example,0,0,0
t0389,issn,-3,example,0,0,0
t0389,issn,0,itself,1,0,0
t0389,issn,3,itself,1,0,0
t0390,no_distractor,inf,rather,1,0,0
t0390,one_same,-9,while,0,0,0
t0390,one_same,-6,while,0,0,0
t0390,one_same,-3,while,0,0,0
t0390,one_same,0,while,0,0,0
t0390,one_same,3,while,0,0,0
t0390,one_diff,-9,rather,1,0,0
t0390,one_diff,-6,rather,1,0,0
t0390,one_diff,-3,rather,1,0,0
t0390,one_diff,0,rather,1,0,0
t0390,one_diff,3,rather,1,0,0
t0390,two_talker,-9,while,0,0,0
t0390,two_talker,-6,while,0,0,0
t0390,two_talker,-3,while,0,0,0
t0390,two_talker,0,while,0,0,0
t0390,two_talker,3,rather,1,0,0
t0390,four_talker,-9,while,0,0,0
t0390,four_talker,-6,while,0,0,0
t0390,four_talker,-3,while,0,0,0
t0390,four_talker,0,rather,1,0,0
t0390,four_talker,3,rather,1,0,0
t0390,babble,-9,along,0,0,0
t0390,babble,-6,around,0,0,0
t0390,babble,-3,around,0,0,0
t0390,babble,0,rather,1,0,0
t0390,babble,3,rather,1,0,0
t0390,issn,-9,rather,1,0,0
t0390,issn,-6,rather,1,0,0
t0390,issn,-3,rather,1,0,0
t0390,issn,0,rather,1,0,0
t0390,issn,3,rather,1,0,0
t0391,no_distractor,inf,source,1,0,0
t0391,one_same,-9,subsequently,0,0,0
t0391,one_same,-6,subsequently,0,0,0
t0391,one_same,-3,subsequently,0,0,0
t0391,one_same,0,subsequently,0,0,0
t0391,one_same,3,process,0,0,0
t0391,one_diff,-9,recently,0,0,0
t0391,one_diff,-6,source,1,0,0
t0391,one_diff,-3,source,1,0,0
t0391,one_diff,0,source,1,0,0
t0391,one_diff,3,source,1,0,0
t0391,two_talker,-9,national,0,0,0
t0391,two_talker,-6,matter,0,0,0
t0391,two_talker,-3,matter,0,0,0
t0391,two_talker,0,possible,0,0,0
t0391,two_talker,3,possible,0,0,0
t0391,four_talker,-9,national,0,0,0
t0391,four_talker,-6,national,0,0,0
t0391,four_talker,-3,widely,0,0,0
t0391,four_talker,0,possible,0,0,0
t0391,four_talker,3,possible,0,0,0
t0391,babble,-9,special,0,0,0
t0391,babble,-6,special,0,0,0
t0391,babble,-3,especially,0,0,0
t0391,babble,0,especially,0,0,0
t0391,babble,3,subsequently,0,0,0
t0391,issn,-9,museum,0,0,0
t0391,issn,-6,associated,0,0,0
t0391,issn,-3,associated,0,0,0
t0391,issn,0,source,1,0,0
t0391,issn,3,source,1,0,0
t0392,no_distractor,inf,series,1,0,0
t0392,one_same,-9,series,1,0,0
t0392,one_same,-6,series,1,0,0
t0392,one_same,-3,series,1,0,0
t0392,one_same,0,series,1,0,0
t0392,one_same,3,series,1,0,0
t0392,one_diff,-9,consists,0,0,0
t0392,one_diff,-6,cities,0,0,0
t0392,one_diff,-3,cities,0,0,0
t0392,one_diff,0,cities,0,0,0
t0392,one_diff,3,cities,0,0,0
t0392,two_talker,-9,simple,0,0,0
t0392,two_talker,-6,cities,0,0,0
t0392,two_talker,-3,series,1,0,0
t0392,two_talker,0,series,1,0,0
t0392,two_talker,3,series,1,0,0
t0392,four_talker,-9,songs,0,0,0
t0392,four_talker,-6,civil,0,0,0
t0392,four_talker,-3,civil,0,0,0
t0392,four_talker,0,cities,0,0,0
t0392,four_talker,3,cities,0,0,0
t0392,babble,-9,states,0,0,0
t0392,babble,-6,cities,0,0,0
t0392,babble,-3,cities,0,0,0
t0392,babble,0,cities,0,0,0
t0392,babble,3,cities,0,0,0
t0392,issn,-9,names,0,0,0
t0392,issn,-6,names,0,0,0
t0392,issn,-3,names,0,0,0
t0392,issn,0,names,0,0,0
t0392,issn,3,series,1,0,0
t0393,no_distractor,inf,primary,1,0,0
t0393,one_same,-9,trade,0,0,0
t0393,one_same,-6,currently,0,0,0
t0393,one_same,-3,primary,1,0,0
t0393,one_same,0,primary,1,0,0
t0393,one_same,3,primary,1,0,0
t0393,one_diff,-9,design,0,0,0
t0393,one_diff,-6,design,0,0,0
t0393,one_diff,-3,design,0,0,0
t0393,one_diff,0,primary,1,0,0
t0393,one_diff,3,primary,1,0,0
t0393,two_talker,-9,saint,0,0,0
t0393,two_talker,-6,china,0,0,0
t0393,two_talker,-3,china,0,0,0
t0393,two_talker,0,china,0,0,0
t0393,two_talker,3,china,0,0,0
t0393,four_talker,-9,saint,0,0,0
t0393,four_talker,-6,saint,0,0,0
t0393,four_talker,-3,saint,0,0,0
t0393,four_talker,0,saint,0,0,0
t0393,four_talker,3,front,0,0,0
t0393,babble,-9,saint,0,0,0
t0393,babble,-6,single,0,0,0
t0393,babble,-3,single,0,0,0
t0393,babble,0,program,0,0,0
t0393,babble,3,primary,1,0,0
t0393,issn,-9,commonly,0,0,0
t0393,issn,-6,commonly,0,0,0
t0393,issn,-3,commonly,0,0,0
t0393,issn,0,among,0,0,0
t0393,issn,3,among,0,0,0
t0394,no_distractor,inf,roman,1,0,0
t0394,one_same,-9,thought,0,1,1
t0394,one_same,-6,worked,0,0,0
t0394,one_same,-3,worked,0,0,0
t0394,one_same,0,roman,1,0,0
t0394,one_same,3,roman,1,0,0
t0394,one_diff,-9,roman,1,0,0
t0394,one_diff,-6,roman,1,0,0
t0394,one_diff,-3,roman,1,0,0
t0394,one_diff,0,roman,1,0,0
t0394,one_diff,3,roman,1,0,0
t0394,two_talker,-9,property,0,0,0
t0394,two_talker,-6,founded,0,0,0
t0394,two_talker,-3,wrote,0,0,0
t0394,two_talker,0,roman,1,0,0
t0394,two_talker,3,roman,1,0,0
t0394,four_talker,-9,above,0,0,0
t0394,four_talker,-6,about,0,0,0
t0394,four_talker,-3,london,0,0,0
t0394,four_talker,0,london,0,0,0
t0394,four_talker,3,roman,1,0,0
t0394,babble,-9,cover,0,0,0
t0394,babble,-6,common,0,0,0
t0394,babble,-3,roman,1,0,0
t0394,babble,0,roman,1,0,0
t0394,babble,3,roman,1,0,0
t0394,issn,-9,songs,0,0,0
t0394,issn,-6,morning,0,0,0
t0394,issn,-3,roman,1,0,0
t0394,issn,0,roman,1,0,0
t0394,issn,3,roman,1,0,0
t0395,no_distractor,inf,catholic,1,0,0
t0395,one_same,-9,catholic,1,0,0
t0395,one_same,-6,catholic,1,0,0
t0395,one_same,-3,catholic,1,0,0
t0395,one_same,0,catholic,1,0,0
t0395,one_same,3,catholic,1,0,0
t0395,one_diff,-9,catholic,1,0,0
t0395,one_diff,-6,catholic,1,0,0
t0395,one_diff,-3,catholic,1,0,0
t0395,one_diff,0,catholic,1,0,0
t0395,one_diff,3,catholic,1,0,0
t0395,two_talker,-9,valley,0,0,0
t0395,two_talker,-6,government,0,0,0
t0395,two_talker,-3,catholic,1,0,0
t0395,two_talker,0,catholic,1,0,0
t0395,two_talker,3,catholic,1,0,0
t0395,four_talker,-9,larger,0,0,0
t0395,four_talker,-6,london,0,0,0
t0395,four_talker,-3,london,0,0,0
t0395,four_talker,0,catholic,1,0,0
t0395,four_talker,3,catholic,1,0,0
t0395,babble,-9,larger,0,0,0
t0395,babble,-6,country,0,0,0
t0395,babble,-3,catholic,1,0,0
t0395,babble,0,catholic,1,0,0
t0395,babble,3,catholic,1,0,0
t0395,issn,-9,smith,0,0,0
t0395,issn,-6,catholic,1,0,0
t0395,issn,-3,catholic,1,0,0
t0395,issn,0,catholic,1,0,0
t0395,issn,3,catholic,1,0,0
t0396,no_distractor,inf,considered,1,0,0
t0396,one_same,-9,school,0,0,0
t0396,one_same,-6,children,0,0,0
t0396,one_same,-3,children,0,0,0
t0396,one_same,0,children,0,0,0
t0396,one_same,3,children,0,0,0
t0396,one_diff,-9,social,0,0,0
t0396,one_diff,-6,social,0,0,0
t0396,one_diff,-3,social,0,0,0
t0396,one_diff,0,considered,1,0,0
t0396,one_diff,3,considered,1,0,0
t0396,two_talker,-9,short,0,0,0
t0396,two_talker,-6,social,0,0,0
t0396,two_talker,-3,children,0,0,0
t0396,two_talker,0,central,0,0,0
t0396,two_talker,3,central,0,0,0
t0396,four_talker,-9,supported,0,0,0
t0396,four_talker,-6,single,0,0,0
t0396,four_talker,-3,single,0,0,0
t0396,four_talker,0,single,0,0,0
t0396,four_talker,3,civil,0,0,0
t0396,babble,-9,associated,0,0,0
t0396,babble,-6,associated,0,0,0
t0396,babble,-3,single,0,0,0
t0396,babble,0,civil,0,0,0
t0396,babble,3,civil,0,0,0
t0396,issn,-9,smith,0,0,0
t0396,issn,-6,received,0,0,0
t0396,issn,-3,civil,0,0,0
t0396,issn,0,civil,0,0,0
t0396,issn,3,considered,1,0,0
t0397,no_distractor,inf,leading,1,0,0
t0397,one_same,-9,other,0,1,1
t0397,one_same,-6,eight,0,0,0
t0397,one_same,-3,eight,0,0,0
t0397,one_same,0,leading,1,0,0
t0397,one_same,3,leading,1,0,0
t0397,one_diff,-9,black,0,1,1
t0397,one_diff,-6,completely,0,0,0
t0397,one_diff,-3,leading,1,0,0
t0397,one_diff,0,leading,1,0,0
t0397,one_diff,3,leading,1,0,0
t0397,two_talker,-9,eight,0,0,0
t0397,two_talker,-6,completely,0,0,0
t0397,two_talker,-3,completely,0,0,0
t0397,two_talker,0,leading,1,0,0
t0397,two_talker,3,leading,1,0,0
t0397,four_talker,-9,leading,1,0,0
t0397,four_talker,-6,leading,1,0,0
t0397,four_talker,-3,leading,1,0,0
t0397,four_talker,0,leading,1,0,0
t0397,four_talker,3,leading,1,0,0
t0397,babble,-9,another,0,0,0
t0397,babble,-6,leading,1,0,0
t0397,babble,-3,leading,1,0,0
t0397,babble,0,leading,1,0,0
t0397,babble,3,leading,1,0,0
t0397,issn,-9,spent,0,0,0
t0397,issn,-6,speak,0,0,0
t0397,issn,-3,leading,1,0,0
t0397,issn,0,leading,1,0,0
t0397,issn,3,leading,1,0,0
t0398,no_distractor,inf,several,1,0,0
t0398,one_same,-9,service,0,1,1
t0398,one_same,-6,service,0,1,1
t0398,one_same,-3,service,0,1,1
t0398,one_same,0,service,0,1,1
t0398,one_same,3,service,0,1,1
t0398,one_diff,-9,seven,0,0,0
t0398,one_diff,-6,seven,0,0,0
t0398,one_diff,-3,seven,0,0,0
t0398,one_diff,0,seven,0,0,0
t0398,one_diff,3,seven,0,0,0
t0398,two_talker,-9,cities,0,0,0
t0398,two_talker,-6,cities,0,0,0
t0398,two_talker,-3,seven,0,0,0
t0398,two_talker,0,seven,0,0,0
t0398,two_talker,3,seven,0,0,0
t0398,four_talker,-9,service,0,1,1
t0398,four_talker,-6,service,0,1,1
t0398,four_talker,-3,service,0,1,1
t0398,four_talker,0,seven,0,0,0
t0398,four_talker,3,seven,0,0,0
t0398,babble,-9,cities,0,0,0
t0398,babble,-6,cities,0,0,0
t0398,babble,-3,seven,0,0,0
t0398,babble,0,seven,0,0,0
t0398,babble,3,seven,0,0,0
t0398,issn,-9,serves,0,0,0
t0398,issn,-6,service,0,0,0
t0398,issn,-3,service,0,0,0
t0398,issn,0,several,1,0,0
t0398,issn,3,several,1,0,0
t0399,no_distractor,inf,products,1,0,0
t0399,one_same,-9,models,0,0,0
t0399,one_same,-6,models,0,0,0
t0399,one_same,-3,province,0,0,0
t0399,one_same,0,products,1,0,0
t0399,one_same,3,products,1,0,0
t0399,one_diff,-9,products,1,0,0
t0399,one_diff,-6,products,1,0,0
t0399,one_diff,-3,products,1,0,0
t0399,one_diff,0,products,1,0,0
t0399,one_diff,3,products,1,0,0
t0399,two_talker,-9,models,0,0,0
t0399,two_talker,-6,models,0,0,0
t0399,two_talker,-3,products,1,0,0
t0399,two_talker,0,products,1,0,0
t0399,two_talker,3,products,1,0,0
t0399,four_talker,-9,products,1,0,0
t0399,four_talker,-6,products,1,0,0
t0399,four_talker,-3,products,1,0,0
t0399,four_talker,0,products,1,0,0
t0399,four_talker,3,products,1,0,0
t0399,babble,-9,awards,0,0,0
t0399,babble,-6,parts,0,0,0
t0399,babble,-3,models,0,0,0
t0399,babble,0,products,1,0,0
t0399,babble,3,products,1,0,0
t0399,issn,-9,sports,0,0,0
t0399,issn,-6,models,0,0,0
t0399,issn,-3,products,1,0,0
t0399,issn,0,products,1,0,0
t0399,issn,3,products,1,0,0
t0400,no_distractor,inf,germany,1,0,0
t0400,one_same,-9,german,0,0,0
t0400,one_same,-6,german,0,0,0
t0400,one_same,-3,german,0,0,0
t0400,one_same,0,germany,1,0,0
t0400,one_same,3,germany,1,0,0
t0400,one_diff,-9,germany,1,0,0
t0400,one_diff,-6,germany,1,0,0
t0400,one_diff,-3,germany,1,0,0
t0400,one_diff,0,germany,1,0,0
t0400,one_diff,3,germany,1,0,0
t0400,two_talker,-9,strong,0,0,0
t0400,two_talker,-6,germany,1,0,0
t0400,two_talker,-3,germany,1,0,0
t0400,two_talker,0,germany,1,0,0
t0400,two_talker,3,germany,1,0,0
t0400,four_talker,-9,standard,0,0,0
t0400,four_talker,-6,german,0,0,0
t0400,four_talker,-3,german,0,0,0
t0400,four_talker,0,germany,1,0,0
t0400,four_talker,3,germany,1,0,0
t0400,babble,-9,standard,0,0,0
t0400,babble,-6,death,0,0,0
t0400,babble,-3,german,0,0,0
t0400,babble,0,germany,1,0,0
t0400,babble,3,germany,1,0,0
t0400,issn,-9,germany,1,0,0
t0400,issn,-6,germany,1,0,0
t0400,issn,-3,germany,1,0,0
t0400,issn,0,germany,1,0,0
t0400,issn,3,germany,1,0,0
t0401,no_distractor,inf,notable,1,0,0
t0401,one_same,-9,notable,1,0,0
t0401,one_same,-6,notable,1,0,0
t0401,one_same,-3,notable,1,0,0
t0401,one_same,0,notable,1,0,0
t0401,one_same,3,notable,1,0,0
t0401,one_diff,-9,canadian,0,0,0
t0401,one_diff,-6,notable,1,0,0
t0401,one_diff,-3,notable,1,0,0
t0401,one_diff,0,notable,1,0,0
t0401,one_diff,3,notable,1,0,0
t0401,two_talker,-9,level,0,0,0
t0401,two_talker,-6,level,0,0,0
t0401,two_talker,-3,level,0,0,0
t0401,two_talker,0,notable,1,0,0
t0401,two_talker,3,notable,1,0,0
t0401,four_talker,-9,union,0,0,0
t0401,four_talker,-6,level,0,0,0
t0401,four_talker,-3,level,0,0,0
t0401,four_talker,0,level,0,0,0
t0401,four_talker,3,school,0,0,0
t0401,babble,-9,number,0,1,1
t0401,babble,-6,member,0,0,0
t0401,babble,-3,europe,0,0,0
t0401,babble,0,short,0,0,0
t0401,babble,3,sports,0,0,0
t0401,issn,-9,multiple,0,0,0
t0401,issn,-6,multiple,0,0,0
t0401,issn,-3,multiple,0,0,0
t0401,issn,0,notable,1,0,0
t0401,issn,3,notable,1,0,0
t0402,no_distractor,inf,minor,1,0,0
t0402,one_same,-9,around,0,0,0
t0402,one_same,-6,around,0,0,0
t0402,one_same,-3,roman,0,0,0
t0402,one_same,0,roman,0,0,0
t0402,one_same,3,minor,1,0,0
t0402,one_diff,-9,modern,0,0,0
t0402,one_diff,-6,modern,0,0,0
t0402,one_diff,-3,modern,0,0,0
t0402,one_diff,0,modern,0,0,0
t0402,one_diff,3,modern,0,0,0
t0402,two_talker,-9,couldn't,0,1,1
t0402,two_talker,-6,couldn't,0,1,1
t0402,two_talker,-3,order,0,0,0
t0402,two_talker,0,order,0,0,0
t0402,two_talker,3,modern,0,0,0
t0402,four_talker,-9,given,0,0,0
t0402,four_talker,-6,given,0,0,0
t0402,four_talker,-3,europe,0,0,0
t0402,four_talker,0,europe,0,0,0
t0402,four_talker,3,northern,0,0,0
t0402,babble,-9,includes,0,0,0
t0402,babble,-6,george,0,0,0
t0402,babble,-3,historic,0,0,0
t0402,babble,0,historic,0,0,0
t0402,babble,3,mainly,0,0,0
t0402,issn,-9,royal,0,0,0
t0402,issn,-6,royal,0,0,0
t0402,issn,-3,minor,1,0,0
t0402,issn,0,minor,1,0,0
t0402,issn,3,minor,1,0,0
t0403,no_distractor,inf,began,1,0,0
t0403,one_same,-9,league,0,0,0
t0403,one_same,-6,league,0,0,0
t0403,one_same,-3,league,0,0,0
t0403,one_same,0,media,0,0,0
t0403,one_same,3,began,1,0,0
t0403,one_diff,-9,mouth,0,0,0
t0403,one_diff,-6,mouth,0,0,0
t0403,one_diff,-3,mouth,0,0,0
t0403,one_diff,0,mountain,0,0,0
t0403,one_diff,3,mountain,0,0,0
t0403,two_talker,-9,small,0,1,1
t0403,two_talker,-6,small,0,1,1
t0403,two_talker,-3,mountain,0,0,0
t0403,two_talker,0,mountain,0,0,0
t0403,two_talker,3,founded,0,0,0
t0403,four_talker,-9,township,0,0,0
t0403,four_talker,-6,township,0,0,0
t0403,four_talker,-3,township,0,0,0
t0403,four_talker,0,italian,0,0,0
t0403,four_talker,3,become,0,0,0
t0403,babble,-9,involved,0,0,0
t0403,babble,-6,north,0,0,0
t0403,babble,-3,novel,0,0,0
t0403,babble,0,novel,0,0,0
t0403,babble,3,notable,0,0,0
t0403,issn,-9,league,0,0,0
t0403,issn,-6,league,0,0,0
t0403,issn,-3,league,0,0,0
t0403,issn,0,making,0,0,0
t0403,issn,3,making,0,0,0
t0404,no_distractor,inf,working,1,0,0
t0404,one_same,-9,working,1,0,0
t0404,one_same,-6,working,1,0,0
t0404,one_same,-3,written,0,0,0
t0404,one_same,0,working,1,0,0
t0404,one_same,3,working,1,0,0
t0404,one_diff,-9,events,0,1,1
t0404,one_diff,-6,events,0,1,1
t0404,one_diff,-3,events,0,1,1
t0404,one_diff,0,western,0,0,0
t0404,one_diff,3,western,0,0,0
t0404,two_talker,-9,university,0,0,0
t0404,two_talker,-6,eventually,0,0,0
t0404,two_talker,-3,eventually,0,0,0
t0404,two_talker,0,using,0,0,0
t0404,two_talker,3,recently,0,0,0
t0404,four_talker,-9,changes,0,0,0
t0404,four_talker,-6,languages,0,0,0
t0404,four_talker,-3,languages,0,0,0
t0404,four_talker,0,languages,0,0,0
t0404,four_talker,3,reviews,0,0,0
t0404,babble,-9,japanese,0,0,0
t0404,babble,-6,japanese,0,0,0
t0404,babble,-3,release,0,0,0
t0404,babble,0,release,0,0,0
t0404,babble,3,release,0,0,0
t0404,issn,-9,written,0,0,0
t0404,issn,-6,written,0,0,0
t0404,issn,-3,christian,0,0,0
t0404,issn,0,christian,0,0,0
t0404,issn,3,christian,0,0,0
t0405,no_distractor,inf,university,1,0,0
t0405,one_same,-9,areas,0,0,0
t0405,one_same,-6,english,0,0,0
t0405,one_same,-3,english,0,0,0
t0405,one_same,0,english,0,0,0
t0405,one_same,3,english,0,0,0
t0405,one_diff,-9,university,1,0,0
t0405,one_diff,-6,university,1,0,0
t0405,one_diff,-3,university,1,0,0
t0405,one_diff,0,university,1,0,0
t0405,one_diff,3,university,1,0,0
t0405,two_talker,-9,player,0,0,0
t0405,two_talker,-6,library,0,0,0
t0405,two_talker,-3,library,0,0,0
t0405,two_talker,0,library,0,0,0
t0405,two_talker,3,university,1,0,0
t0405,four_talker,-9,south,0,0,0
t0405,four_talker,-6,south,0,0,0
t0405,four_talker,-3,south,0,0,0
t0405,four_talker,0,designed,0,0,0
t0405,four_talker,3,designed,0,0,0
t0405,babble,-9,south,0,0,0
t0405,babble,-6,south,0,0,0
t0405,babble,-3,south,0,0,0
t0405,babble,0,south,0,0,0
t0405,babble,3,south,0,0,0
t0405,issn,-9,military,0,0,0
t0405,issn,-6,western,0,0,0
t0405,issn,-3,university,1,0,0
t0405,issn,0,university,1,0,0
t0405,issn,3,university,1,0,0
t0406,no_distractor,inf,first,1,0,0
t0406,one_same,-9,first,1,0,0
t0406,one_same,-6,first,1,0,0
t0406,one_same,-3,first,1,0,0
t0406,one_same,0,first,1,0,0
t0406,one_same,3,first,1,0,0
t0406,one_diff,-9,fourth,0,0,0
t0406,one_diff,-6,fourth,0,0,0
t0406,one_diff,-3,fourth,0,0,0
t0406,one_diff,0,first,1,0,0
t0406,one_diff,3,first,1,0,0
t0406,two_talker,-9,forest,0,0,0
t0406,two_talker,-6,first,1,0,0
t0406,two_talker,-3,first,1,0,0
t0406,two_talker,0,first,1,0,0
t0406,two_talker,3,first,1,0,0
t0406,four_talker,-9,often,0,0,0
t0406,four_talker,-6,often,0,0,0
t0406,four_talker,-3,further,0,0,0
t0406,four_talker,0,third,0,0,0
t0406,four_talker,3,third,0,0,0
t0406,babble,-9,given,0,0,0
t0406,babble,-6,director,0,0,0
t0406,babble,-3,director,0,0,0
t0406,babble,0,director,0,0,0
t0406,babble,3,considered,0,0,0
t0406,issn,-9,further,0,0,0
t0406,issn,-6,first,1,0,0
t0406,issn,-3,first,1,0,0
t0406,issn,0,first,1,0,0
t0406,issn,3,first,1,0,0
t0407,no_distractor,inf,played,1,0,0
t0407,one_same,-9,played,1,0,0
t0407,one_same,-6,played,1,0,0
t0407,one_same,-3,played,1,0,0
t0407,one_same,0,played,1,0,0
t0407,one_same,3,played,1,0,0
t0407,one_diff,-9,played,1,0,0
t0407,one_diff,-6,played,1,0,0
t0407,one_diff,-3,played,1,0,0
t0407,one_diff,0,played,1,0,0
t0407,one_diff,3,played,1,0,0
t0407,two_talker,-9,played,1,0,0
t0407,two_talker,-6,played,1,0,0
t0407,two_talker,-3,played,1,0,0
t0407,two_talker,0,played,1,0,0
t0407,two_talker,3,played,1,0,0
t0407,four_talker,-9,played,1,0,0
t0407,four_talker,-6,played,1,0,0
t0407,four_talker,-3,played,1,0,0
t0407,four_talker,0,played,1,0,0
t0407,four_talker,3,played,1,0,0
t0407,babble,-9,serves,0,0,0
t0407,babble,-6,stage,0,0,0
t0407,babble,-3,state,0,0,0
t0407,babble,0,played,1,0,0
t0407,babble,3,played,1,0,0
t0407,issn,-9,designed,0,0,0
t0407,issn,-6,light,0,0,0
t0407,issn,-3,played,1,0,0
t0407,issn,0,played,1,0,0
t0407,issn,3,played,1,0,0
t0408,no_distractor,inf,round,1,0,0
t0408,one_same,-9,water,0,1,1
t0408,one_same,-6,water,0,1,1
t0408,one_same,-3,water,0,1,1
t0408,one_same,0,round,1,0,0
t0408,one_same,3,round,1,0,0
t0408,one_diff,-9,round,1,0,0
t0408,one_diff,-6,round,1,0,0
t0408,one_diff,-3,round,1,0,0
t0408,one_diff,0,round,1,0,0
t0408,one_diff,3,round,1,0,0
t0408,two_talker,-9,water,0,1,1
t0408,two_talker,-6,water,0,1,1
t0408,two_talker,-3,round,1,0,0
t0408,two_talker,0,round,1,0,0
t0408,two_talker,3,round,1,0,0
t0408,four_talker,-9,involved,0,0,0
t0408,four_talker,-6,brown,0,0,0
t0408,four_talker,-3,round,1,0,0
t0408,four_talker,0,round,1,0,0
t0408,four_talker,3,round,1,0,0
t0408,babble,-9,primarily,0,0,0
t0408,babble,-6,primarily,0,0,0
t0408,babble,-3,brown,0,0,0
t0408,babble,0,round,1,0,0
t0408,babble,3,round,1,0,0
t0408,issn,-9,power,0,0,0
t0408,issn,-6,mouth,0,0,0
t0408,issn,-3,round,1,0,0
t0408,issn,0,round,1,0,0
t0408,issn,3,round,1,0,0
t0409,no_distractor,inf,north,1,0,0
t0409,one_same,-9,movie,0,0,0
t0409,one_same,-6,northern,0,0,0
t0409,one_same,-3,northern,0,0,0
t0409,one_same,0,northern,0,0,0
t0409,one_same,3,northern,0,0,0
t0409,one_diff,-9,roman,0,0,0
t0409,one_diff,-6,north,1,0,0
t0409,one_diff,-3,north,1,0,0
t0409,one_diff,0,north,1,0,0
t0409,one_diff,3,north,1,0,0
t0409,two_talker,-9,between,0,1,1
t0409,two_talker,-6,until,0,0,0
t0409,two_talker,-3,northern,0,0,0
t0409,two_talker,0,north,1,0,0
t0409,two_talker,3,north,1,0,0
t0409,four_talker,-9,northern,0,0,0
t0409,four_talker,-6,northern,0,0,0
t0409,four_talker,-3,northern,0,0,0
t0409,four_talker,0,northern,0,0,0
t0409,four_talker,3,north,1,0,0
t0409,babble,-9,surface,0,0,0
t0409,babble,-6,southern,0,0,0
t0409,babble,-3,smaller,0,0,0
t0409,babble,0,north,1,0,0
t0409,babble,3,north,1,0,0
t0409,issn,-9,northern,0,0,0
t0409,issn,-6,north,1,0,0
t0409,issn,-3,north,1,0,0
t0409,issn,0,north,1,0,0
t0409,issn,3,north,1,0,0
t0410,no_distractor,inf,american,1,0,0
t0410,one_same,-9,church,0,0,0
t0410,one_same,-6,church,0,0,0
t0410,one_same,-3,track,0,0,0
t0410,one_same,0,american,1,0,0
t0410,one_same,3,american,1,0,0
t0410,one_diff,-9,america,0,0,0
t0410,one_diff,-6,american,1,0,0
t0410,one_diff,-3,american,1,0,0
t0410,one_diff,0,american,1,0,0
t0410,one_diff,3,american,1,0,0
t0410,two_talker,-9,death,0,0,0
t0410,two_talker,-6,america,0,0,0
t0410,two_talker,-3,american,1,0,0
t0410,two_talker,0,american,1,0,0
t0410,two_talker,3,american,1,0,0
t0410,four_talker,-9,american,1,0,0
t0410,four_talker,-6,american,1,0,0
t0410,four_talker,-3,american,1,0,0
t0410,four_talker,0,american,1,0,0
t0410,four_talker,3,american,1,0,0
t0410,babble,-9,maybe,0,0,0
t0410,babble,-6,american,1,0,0
t0410,babble,-3,american,1,0,0
t0410,babble,0,american,1,0,0
t0410,babble,3,american,1,0,0
t0410,issn,-9,american,1,0,0
t0410,issn,-6,american,1,0,0
t0410,issn,-3,american,1,0,0
t0410,issn,0,american,1,0,0
t0410,issn,3,american,1,0,0
t0411,no_distractor,inf,association,1,0,0
t0411,one_same,-9,station,0,0,0
t0411,one_same,-6,station,0,0,0
t0411,one_same,-3,station,0,0,0
t0411,one_same,0,association,1,0,0
t0411,one_same,3,association,1,0,0
t0411,one_diff,-9,association,1,0,0
t0411,one_diff,-6,association,1,0,0
t0411,one_diff,-3,association,1,0,0
t0411,one_diff,0,association,1,0,0
t0411,one_diff,3,association,1,0,0
t0411,two_talker,-9,association,1,0,0
t0411,two_talker,-6,association,1,0,0
t0411,two_talker,-3,association,1,0,0
t0411,two_talker,0,association,1,0,0
t0411,two_talker,3,association,1,0,0
t0411,four_talker,-9,section,0,0,0
t0411,four_talker,-6,station,0,0,0
t0411,four_talker,-3,association,1,0,0
t0411,four_talker,0,association,1,0,0
t0411,four_talker,3,association,1,0,0
t0411,babble,-9,spanish,0,0,0
t0411,babble,-6,social,0,0,0
t0411,babble,-3,association,1,0,0
t0411,babble,0,association,1,0,0
t0411,babble,3,association,1,0,0
t0411,issn,-9,associated,0,0,0
t0411,issn,-6,episode,0,0,0
t0411,issn,-3,station,0,0,0
t0411,issn,0,station,0,0,0
t0411,issn,3,station,0,0,0
t0412,no_distractor,inf,american,1,0,0
t0412,one_same,-9,american,1,0,0
t0412,one_same,-6,american,1,0,0
t0412,one_same,-3,american,1,0,0
t0412,one_same,0,american,1,0,0
t0412,one_same,3,american,1,0,0
t0412,one_diff,-9,american,1,0,0
t0412,one_diff,-6,american,1,0,0
t0412,one_diff,-3,american,1,0,0
t0412,one_diff,0,american,1,0,0
t0412,one_diff,3,american,1,0,0
t0412,two_talker,-9,american,1,0,0
t0412,two_talker,-6,american,1,0,0
t0412,two_talker,-3,american,1,0,0
t0412,two_talker,0,american,1,0,0
t0412,two_talker,3,american,1,0,0
t0412,four_talker,-9,written,0,0,0
t0412,four_talker,-6,written,0,0,0
t0412,four_talker,-3,written,0,0,0
t0412,four_talker,0,written,0,0,0
t0412,four_talker,3,american,1,0,0
t0412,babble,-9,tracks,0,0,0
t0412,babble,-6,tracks,0,0,0
t0412,babble,-3,american,1,0,0
t0412,babble,0,american,1,0,0
t0412,babble,3,american,1,0,0
t0412,issn,-9,appear,0,0,0
t0412,issn,-6,appear,0,0,0
t0412,issn,-3,appeared,0,0,0
t0412,issn,0,american,1,0,0
t0412,issn,3,american,1,0,0
t0413,no_distractor,inf,number,1,0,0
t0413,one_same,-9,played,0,1,1
t0413,one_same,-6,played,0,1,1
t0413,one_same,-3,played,0,1,1
t0413,one_same,0,number,1,0,0
t0413,one_same,3,number,1,0,0
t0413,one_diff,-9,number,1,0,0
t0413,one_diff,-6,number,1,0,0
t0413,one_diff,-3,number,1,0,0
t0413,one_diff,0,number,1,0,0
t0413,one_diff,3,number,1,0,0
t0413,two_talker,-9,played,0,1,1
t0413,two_talker,-6,played,0,1,1
t0413,two_talker,-3,number,1,0,0
t0413,two_talker,0,number,1,0,0
t0413,two_talker,3,number,1,0,0
t0413,four_talker,-9,related,0,0,0
t0413,four_talker,-6,later,0,0,0
t0413,four_talker,-3,later,0,0,0
t0413,four_talker,0,number,1,0,0
t0413,four_talker,3,number,1,0,0
t0413,babble,-9,playing,0,0,0
t0413,babble,-6,player,0,0,0
t0413,babble,-3,order,0,1,1
t0413,babble,0,number,1,0,0
t0413,babble,3,number,1,0,0
t0413,issn,-9,another,0,0,0
t0413,issn,-6,under,0,0,0
t0413,issn,-3,number,1,0,0
t0413,issn,0,number,1,0,0
t0413,issn,3,number,1,0,0
t0414,no_distractor,inf,international,1,0,0
t0414,one_same,-9,international,1,0,0
t0414,one_same,-6,international,1,0,0
t0414,one_same,-3,international,1,0,0
t0414,one_same,0,international,1,0,0
t0414,one_same,3,international,1,0,0
t0414,one_diff,-9,international,1,0,0
t0414,one_diff,-6,international,1,0,0
t0414,one_diff,-3,international,1,0,0
t0414,one_diff,0,international,1,0,0
t0414,one_diff,3,international,1,0,0
t0414,two_talker,-9,continues,0,0,0
t0414,two_talker,-6,continues,0,0,0
t0414,two_talker,-3,international,1,0,0
t0414,two_talker,0,international,1,0,0
t0414,two_talker,3,international,1,0,0
t0414,four_talker,-9,times,0,0,0
t0414,four_talker,-6,international,1,0,0
t0414,four_talker,-3,international,1,0,0
t0414,four_talker,0,international,1,0,0
t0414,four_talker,3,international,1,0,0
t0414,babble,-9,contains,0,0,0
t0414,babble,-6,contains,0,0,0
t0414,babble,-3,continues,0,0,0
t0414,babble,0,internet,0,0,0
t0414,babble,3,international,1,0,0
t0414,issn,-9,guitar,0,0,0
t0414,issn,-6,guitar,0,0,0
t0414,issn,-3,international,1,0,0
t0414,issn,0,international,1,0,0
t0414,issn,3,international,1,0,0
t0415,no_distractor,inf,particularly,1,0,0
t0415,one_same,-9,particularly,1,0,0
t0415,one_same,-6,particularly,1,0,0
t0415,one_same,-3,particularly,1,0,0
t0415,one_same,0,particularly,1,0,0
t0415,one_same,3,particularly,1,0,0
t0415,one_diff,-9,particular,0,0,0
t0415,one_diff,-6,particular,0,0,0
t0415,one_diff,-3,particularly,1,0,0
t0415,one_diff,0,particularly,1,0,0
t0415,one_diff,3,particularly,1,0,0
t0415,two_talker,-9,following,0,0,0
t0415,two_talker,-6,father,0,0,0
t0415,two_talker,-3,particularly,1,0,0
t0415,two_talker,0,particularly,1,0,0
t0415,two_talker,3,particularly,1,0,0
t0415,four_talker,-9,modern,0,0,0
t0415,four_talker,-6,entire,0,0,0
t0415,four_talker,-3,entire,0,0,0
t0415,four_talker,0,taking,0,0,0
t0415,four_talker,3,particularly,1,0,0
t0415,babble,-9,taking,0,0,0
t0415,babble,-6,taking,0,0,0
t0415,babble,-3,taking,0,0,0
t0415,babble,0,particular,0,0,0
t0415,babble,3,particularly,1,0,0
t0415,issn,-9,typically,0,0,0
t0415,issn,-6,typically,0,0,0
t0415,issn,-3,particularly,1,0,0
t0415,issn,0,particularly,1,0,0
t0415,issn,3,particularly,1,0,0
t0416,no_distractor,inf,nature,1,0,0
t0416,one_same,-9,development,0,1,1
t0416,one_same,-6,development,0,1,1
t0416,one_same,-3,development,0,1,1
t0416,one_same,0,nature,1,0,0
t0416,one_same,3,nature,1,0,0
t0416,one_diff,-9,nature,1,0,0
t0416,one_diff,-6,nature,1,0,0
t0416,one_diff,-3,nature,1,0,0
t0416,one_diff,0,nature,1,0,0
t0416,one_diff,3,nature,1,0,0
t0416,two_talker,-9,brown,0,0,0
t0416,two_talker,-6,brown,0,0,0
t0416,two_talker,-3,involved,0,0,0
t0416,two_talker,0,involved,0,0,0
t0416,two_talker,3,though,0,0,0
t0416,four_talker,-9,valley,0,0,0
t0416,four_talker,-6,above,0,0,1
t0416,four_talker,-3,above,0,0,1
t0416,four_talker,0,office,0,0,0
t0416,four_talker,3,offers,0,0,0
t0416,babble,-9,order,0,0,0
t0416,babble,-6,various,0,0,0
t0416,babble,-3,water,0,0,0
t0416,babble,0,author,0,0,0
t0416,babble,3,author,0,0,0
t0416,issn,-9,member,0,0,0
t0416,issn,-6,popular,0,0,0
t0416,issn,-3,nature,1,0,0
t0416,issn,0,nature,1,0,0
t0416,issn,3,nature,1,0,0
t0417,no_distractor,inf,another,1,0,0
t0417,one_same,-9,forms,0,0,0
t0417,one_same,-6,forms,0,0,0
t0417,one_same,-3,while,0,0,0
t0417,one_same,0,while,0,0,0
t0417,one_same,3,another,1,0,0
t0417,one_diff,-9,another,1,0,0
t0417,one_diff,-6,another,1,0,0
t0417,one_diff,-3,another,1,0,0
t0417,one_diff,0,another,1,0,0
t0417,one_diff,3,another,1,0,0
t0417,two_talker,-9,featured,0,0,0
t0417,two_talker,-6,featured,0,0,0
t0417,two_talker,-3,featured,0,0,0
t0417,two_talker,0,another,1,0,0
t0417,two_talker,3,another,1,0,0
t0417,four_talker,-9,charge,0,0,0
t0417,four_talker,-6,charge,0,0,0
t0417,four_talker,-3,another,1,0,0
t0417,four_talker,0,another,1,0,0
t0417,four_talker,3,another,1,0,0
t0417,babble,-9,joined,0,0,0
t0417,babble,-6,involved,0,0,0
t0417,babble,-3,another,1,0,0
t0417,babble,0,another,1,0,0
t0417,babble,3,another,1,0,0
t0417,issn,-9,entire,0,0,0
t0417,issn,-6,entire,0,0,0
t0417,issn,-3,another,1,0,0
t0417,issn,0,another,1,0,0
t0417,issn,3,another,1,0,0
t0418,no_distractor,inf,reviews,1,0,0
t0418,one_same,-9,village,0,0,0
t0418,one_same,-6,village,0,0,0
t0418,one_same,-3,village,0,0,0
t0418,one_same,0,village,0,0,0
t0418,one_same,3,release,0,0,0
t0418,one_diff,-9,mainly,0,1,1
t0418,one_diff,-6,mainly,0,1,1
t0418,one_diff,-3,mainly,0,1,1
t0418,one_diff,0,really,0,0,0
t0418,one_diff,3,reviews,1,0,0
t0418,two_talker,-9,slowly,0,0,0
t0418,two_talker,-6,slowly,0,0,0
t0418,two_talker,-3,slowly,0,0,0
t0418,two_talker,0,william,0,0,0
t0418,two_talker,3,william,0,0,0
t0418,four_talker,-9,closed,0,0,0
t0418,four_talker,-6,closed,0,0,0
t0418,four_talker,-3,closed,0,0,0
t0418,four_talker,0,closed,0,0,0
t0418,four_talker,3,closed,0,0,0
t0418,babble,-9,working,0,0,0
t0418,babble,-6,working,0,0,0
t0418,babble,-3,origin,0,0,0
t0418,babble,0,origin,0,0,0
t0418,babble,3,reviews,1,0,0
t0418,issn,-9,minutes,0,0,0
t0418,issn,-6,minutes,0,0,0
t0418,issn,-3,things,0,0,0
t0418,issn,0,reviews,1,0,0
t0418,issn,3,reviews,1,0,0
t0419,no_distractor,inf,whole,1,0,0
t0419,one_same,-9,place,0,1,1
t0419,one_same,-6,place,0,1,1
t0419,one_same,-3,place,0,1,1
t0419,one_same,0,place,0,1,1
t0419,one_same,3,place,0,1,1
t0419,one_diff,-9,forces,0,0,0
t0419,one_diff,-6,forces,0,0,0
t0419,one_diff,-3,whole,1,0,0
t0419,one_diff,0,whole,1,0,0
t0419,one_diff,3,little,0,0,0
t0419,two_talker,-9,place,0,1,1
t0419,two_talker,-6,place,0,1,1
t0419,two_talker,-3,place,0,1,1
t0419,two_talker,0,place,0,1,1
t0419,two_talker,3,place,0,1,1
t0419,four_talker,-9,twice,0,0,0
t0419,four_talker,-6,place,0,1,1
t0419,four_talker,-3,place,0,1,1
t0419,four_talker,0,voice,0,0,0
t0419,four_talker,3,voice,0,0,0
t0419,babble,-9,university,0,0,0
t0419,babble,-6,university,0,0,0
t0419,babble,-3,university,0,0,0
t0419,babble,0,university,0,0,0
t0419,babble,3,coast,0,0,0
t0419,issn,-9,award,0,0,0
t0419,issn,-6,award,0,0,0
t0419,issn,-3,floor,0,0,0
t0419,issn,0,course,0,0,0
t0419,issn,3,whole,1,0,0
t0420,no_distractor,inf,playing,1,0,0
t0420,one_same,-9,about,0,1,1
t0420,one_same,-6,about,0,1,1
t0420,one_same,-3,playing,1,0,0
t0420,one_same,0,playing,1,0,0
t0420,one_same,3,playing,1,0,0
t0420,one_diff,-9,names,0,0,0
t0420,one_diff,-6,names,0,0,0
t0420,one_diff,-3,names,0,0,0
t0420,one_diff,0,names,0,0,0
t0420,one_diff,3,names,0,0,0
t0420,two_talker,-9,doctor,0,0,0
t0420,two_talker,-6,property,0,0,0
t0420,two_talker,-3,making,0,0,0
t0420,two_talker,0,beach,0,0,0
t0420,two_talker,3,being,0,0,0
t0420,four_talker,-9,greek,0,0,0
t0420,four_talker,-6,creek,0,0,0
t0420,four_talker,-3,trade,0,0,0
t0420,four_talker,0,train,0,0,0
t0420,four_talker,3,playing,1,0,0
t0420,babble,-9,played,0,0,0
t0420,babble,-6,played,0,0,0
t0420,babble,-3,playing,1,0,0
t0420,babble,0,names,0,0,0
t0420,babble,3,playing,1,0,0
t0420,issn,-9,unknown,0,0,0
t0420,issn,-6,mountain,0,0,0
t0420,issn,-3,being,0,0,0
t0420,issn,0,being,0,0,0
t0420,issn,3,being,0,0,0
t0421,no_distractor,inf,business,1,0,0
t0421,one_same,-9,president,0,0,0
t0421,one_same,-6,president,0,0,0
t0421,one_same,-3,business,1,0,0
t0421,one_same,0,business,1,0,0
t0421,one_same,3,business,1,0,0
t0421,one_diff,-9,business,1,0,0
t0421,one_diff,-6,business,1,0,0
t0421,one_diff,-3,business,1,0,0
t0421,one_diff,0,business,1,0,0
t0421,one_diff,3,business,1,0,0
t0421,two_talker,-9,process,0,0,0
t0421,two_talker,-6,business,1,0,0
t0421,two_talker,-3,business,1,0,0
t0421,two_talker,0,business,1,0,0
t0421,two_talker,3,business,1,0,0
t0421,four_talker,-9,without,0,1,1
t0421,four_talker,-6,without,0,1,1
t0421,four_talker,-3,without,0,1,1
t0421,four_talker,0,without,0,1,1
t0421,four_talker,3,business,1,0,0
t0421,babble,-9,enough,0,0,0
t0421,babble,-6,enough,0,0,0
t0421,babble,-3,business,1,0,0
t0421,babble,0,business,1,0,0
t0421,babble,3,business,1,0,0
t0421,issn,-9,areas,0,0,0
t0421,issn,-6,indian,0,0,0
t0421,issn,-3,business,1,0,0
t0421,issn,0,business,1,0,0
t0421,issn,3,business,1,0,0
t0422,no_distractor,inf,allowed,1,0,0
t0422,one_same,-9,related,0,1,1
t0422,one_same,-6,related,0,1,1
t0422,one_same,-3,related,0,1,1
t0422,one_same,0,light,0,0,0
t0422,one_same,3,while,0,0,0
t0422,one_diff,-9,along,0,0,0
t0422,one_diff,-6,along,0,0,0
t0422,one_diff,-3,along,0,0,0
t0422,one_diff,0,along,0,0,0
t0422,one_diff,3,along,0,0,0
t0422,two_talker,-9,william,0,0,0
t0422,two_talker,-6,lower,0,0,0
t0422,two_talker,-3,royal,0,0,0
t0422,two_talker,0,royal,0,0,0
t0422,two_talker,3,while,0,0,0
t0422,four_talker,-9,involved,0,0,0
t0422,four_talker,-6,involved,0,0,0
t0422,four_talker,-3,involved,0,0,0
t0422,four_talker,0,involved,0,0,0
t0422,four_talker,3,involved,0,0,0
t0422,babble,-9,often,0,0,0
t0422,babble,-6,often,0,0,0
t0422,babble,-3,along,0,0,0
t0422,babble,0,along,0,0,0
t0422,babble,3,along,0,0,0
t0422,issn,-9,control,0,0,0
t0422,issn,-6,while,0,0,0
t0422,issn,-3,while,0,0,0
t0422,issn,0,while,0,0,0
t0422,issn,3,while,0,0,0
t0423,no_distractor,inf,sound,0,0,0
t0423,one_same,-9,different,0,0,0
t0423,one_same,-6,different,0,0,0
t0423,one_same,-3,effect,0,0,0
t0423,one_same,0,effect,0,0,0
t0423,one_same,3,found,1,0,0
t0423,one_diff,-9,saint,0,1,1
t0423,one_diff,-6,saint,0,1,1
t0423,one_diff,-3,saint,0,1,1
t0423,one_diff,0,saint,0,1,1
t0423,one_diff,3,saint,0,1,1
t0423,two_talker,-9,simple,0,0,0
t0423,two_talker,-6,significant,0,0,0
t0423,two_talker,-3,centre,0,0,0
t0423,two_talker,0,designed,0,0,0
t0423,two_talker,3,center,0,0,0
t0423,four_talker,-9,central,0,0,0
t0423,four_talker,-6,central,0,0,0
t0423,four_talker,-3,central,0,0,0
t0423,four_talker,0,centre,0,0,0
t0423,four_talker,3,center,0,0,0
t0423,babble,-9,third,0,0,0
t0423,babble,-6,parish,0,0,0
t0423,babble,-3,third,0,0,0
t0423,babble,0,established,0,0,0
t0423,babble,3,established,0,0,0
t0423,issn,-9,small,0,0,0
t0423,issn,-6,sound,0,0,0
t0423,issn,-3,found,1,0,0
t0423,issn,0,sound,0,0,0
t0423,issn,3,sound,0,0,0
t0424,no_distractor,inf,training,1,0,0
t0424,one_same,-9,trains,0,0,0
t0424,one_same,-6,training,1,0,0
t0424,one_same,-3,training,1,0,0
t0424,one_same,0,training,1,0,0
t0424,one_same,3,training,1,0,0
t0424,one_diff,-9,training,1,0,0
t0424,one_diff,-6,training,1,0,0
t0424,one_diff,-3,training,1,0,0
t0424,one_diff,0,training,1,0,0
t0424,one_diff,3,training,1,0,0
t0424,two_talker,-9,training,1,0,0
t0424,two_talker,-6,training,1,0,0
t0424,two_talker,-3,training,1,0,0
t0424,two_talker,0,training,1,0,0
t0424,two_talker,3,training,1,0,0
t0424,four_talker,-9,training,1,0,0
t0424,four_talker,-6,training,1,0,0
t0424,four_talker,-3,training,1,0,0
t0424,four_talker,0,training,1,0,0
t0424,four_talker,3,training,1,0,0
t0424,babble,-9,numerous,0,0,0
t0424,babble,-6,numerous,0,0,0
t0424,babble,-3,training,1,0,0
t0424,babble,0,training,1,0,0
t0424,babble,3,training,1,0,0
t0424,issn,-9,chinese,0,0,0
t0424,issn,-6,training,1,0,0
t0424,issn,-3,training,1,0,0
t0424,issn,0,training,1,0,0
t0424,issn,3,training,1,0,0
t0425,no_distractor,inf,school,1,0,0
t0425,one_same,-9,described,0,1,1
t0425,one_same,-6,described,0,1,1
t0425,one_same,-3,minister,0,0,0
t0425,one_same,0,minister,0,0,0
t0425,one_same,3,minister,0,0,0
t0425,one_diff,-9,school,1,0,0
t0425,one_diff,-6,school,1,0,0
t0425,one_diff,-3,school,1,0,0
t0425,one_diff,0,school,1,0,0
t0425,one_diff,3,school,1,0,0
t0425,two_talker,-9,described,0,1,1
t0425,two_talker,-6,described,0,1,1
t0425,two_talker,-3,described,0,1,1
t0425,two_talker,0,described,0,1,1
t0425,two_talker,3,described,0,1,1
t0425,four_talker,-9,sister,0,0,0
t0425,four_talker,-6,sister,0,0,0
t0425,four_talker,-3,sister,0,0,0
t0425,four_talker,0,sister,0,0,0
t0425,four_talker,3,minister,0,0,0
t0425,babble,-9,southern,0,0,0
t0425,babble,-6,southern,0,0,0
t0425,babble,-3,southern,0,0,0
t0425,babble,0,southern,0,0,0
t0425,babble,3,southern,0,0,0
t0425,issn,-9,cemetery,0,0,0
t0425,issn,-6,center,0,0,0
t0425,issn,-3,school,1,0,0
t0425,issn,0,school,1,0,0
t0425,issn,3,school,1,0,0
t0426,no_distractor,inf,performance,1,0,0
t0426,one_same,-9,performance,1,0,0
t0426,one_same,-6,performance,1,0,0
t0426,one_same,-3,performance,1,0,0
t0426,one_same,0,performance,1,0,0
t0426,one_same,3,performance,1,0,0
t0426,one_diff,-9,performance,1,0,0
t0426,one_diff,-6,performance,1,0,0
t0426,one_diff,-3,performance,1,0,0
t0426,one_diff,0,performance,1,0,0
t0426,one_diff,3,performance,1,0,0
t0426,two_talker,-9,their,0,0,0
t0426,two_talker,-6,performance,1,0,0
t0426,two_talker,-3,performance,1,0,0
t0426,two_talker,0,performance,1,0,0
t0426,two_talker,3,performance,1,0,0
t0426,four_talker,-9,books,0,0,0
t0426,four_talker,-6,forms,0,0,0
t0426,four_talker,-3,forms,0,0,0
t0426,four_talker,0,performed,0,0,0
t0426,four_talker,3,performed,0,0,0
t0426,babble,-9,province,0,0,0
t0426,babble,-6,province,0,0,0
t0426,babble,-3,awards,0,0,0
t0426,babble,0,awards,0,0,0
t0426,babble,3,performance,1,0,0
t0426,issn,-9,throughout,0,0,0
t0426,issn,-6,throughout,0,0,0
t0426,issn,-3,formed,0,0,0
t0426,issn,0,performance,1,0,0
t0426,issn,3,performance,1,0,0
t0427,no_distractor,inf,white,1,0,0
t0427,one_same,-9,white,1,0,0
t0427,one_same,-6,white,1,0,0
t0427,one_same,-3,white,1,0,0
t0427,one_same,0,white,1,0,0
t0427,one_same,3,white,1,0,0
t0427,one_diff,-9,white,1,0,0
t0427,one_diff,-6,white,1,0,0
t0427,one_diff,-3,white,1,0,0
t0427,one_diff,0,white,1,0,0
t0427,one_diff,3,white,1,0,0
t0427,two_talker,-9,white,1,0,0
t0427,two_talker,-6,white,1,0,0
t0427,two_talker,-3,white,1,0,0
t0427,two_talker,0,white,1,0,0
t0427,two_talker,3,white,1,0,0
t0427,four_talker,-9,italian,0,1,1
t0427,four_talker,-6,required,0,0,0
t0427,four_talker,-3,built,0,0,0
t0427,four_talker,0,built,0,0,0
t0427,four_talker,3,white,1,0,0
t0427,babble,-9,river,0,0,0
t0427,babble,-6,required,0,0,0
t0427,babble,-3,required,0,0,0
t0427,babble,0,white,1,0,0
t0427,babble,3,white,1,0,0
t0427,issn,-9,light,0,0,0
t0427,issn,-6,white,1,0,0
t0427,issn,-3,white,1,0,0
t0427,issn,0,white,1,0,0
t0427,issn,3,white,1,0,0
t0428,no_distractor,inf,going,1,0,0
t0428,one_same,-9,college,0,0,0
t0428,one_same,-6,college,0,0,0
t0428,one_same,-3,police,0,0,0
t0428,one_same,0,going,1,0,0
t0428,one_same,3,going,1,0,0
t0428,one_diff,-9,white,0,0,0
t0428,one_diff,-6,white,0,0,0
t0428,one_diff,-3,white,0,0,0
t0428,one_diff,0,white,0,0,0
t0428,one_diff,3,going,1,0,0
t0428,two_talker,-9,great,0,0,0
t0428,two_talker,-6,great,0,0,0
t0428,two_talker,-3,great,0,0,0
t0428,two_talker,0,great,0,0,0
t0428,two_talker,3,point,0,0,0
t0428,four_talker,-9,wanted,0,0,0
t0428,four_talker,-6,elected,0,0,0
t0428,four_talker,-3,going,1,0,0
t0428,four_talker,0,going,1,0,0
t0428,four_talker,3,going,1,0,0
t0428,babble,-9,leader,0,0,0
t0428,babble,-6,later,0,0,0
t0428,babble,-3,later,0,0,0
t0428,babble,0,later,0,0,0
t0428,babble,3,later,0,0,0
t0428,issn,-9,didn't,0,0,0
t0428,issn,-6,waiting,0,0,0
t0428,issn,-3,waiting,0,0,0
t0428,issn,0,going,1,0,0
t0428,issn,3,going,1,0,0
t0429,no_distractor,inf,themselves,0,0,0
t0429,one_same,-9,ancient,0,1,1
t0429,one_same,-6,several,0,0,0
t0429,one_same,-3,several,0,0,0
t0429,one_same,0,several,0,0,0
t0429,one_same,3,themselves,0,0,0
t0429,one_diff,-9,involved,0,0,0
t0429,one_diff,-6,involved,0,0,0
t0429,one_diff,-3,involved,0,0,0
t0429,one_diff,0,themselves,0,0,0
t0429,one_diff,3,themselves,0,0,0
t0429,two_talker,-9,generally,0,0,0
t0429,two_talker,-6,former,0,0,0
t0429,two_talker,-3,forward,0,0,0
t0429,two_talker,0,forward,0,0,0
t0429,two_talker,3,themselves,0,0,0
t0429,four_talker,-9,small,0,0,0
t0429,four_talker,-6,involved,0,0,0
t0429,four_talker,-3,involved,0,0,0
t0429,four_talker,0,involved,0,0,0
t0429,four_talker,3,south,0,0,0
t0429,babble,-9,miles,0,0,0
t0429,babble,-6,miles,0,0,0
t0429,babble,-3,miles,0,0,0
t0429,babble,0,south,0,0,0
t0429,babble,3,south,0,0,0
t0429,issn,-9,wanted,0,0,0
t0429,issn,-6,sound,0,0,0
t0429,issn,-3,sound,0,0,0
t0429,issn,0,south,0,0,0
t0429,issn,3,south,0,0,0
t0430,no_distractor,inf,other,1,0,0
t0430,one_same,-9,front,0,0,0
t0430,one_same,-6,better,0,0,0
t0430,one_same,-3,better,0,0,0
t0430,one_same,0,better,0,0,0
t0430,one_same,3,better,0,0,0
t0430,one_diff,-9,however,0,0,0
t0430,one_diff,-6,another,0,0,0
t0430,one_diff,-3,another,0,0,0
t0430,one_diff,0,another,0,0,0
t0430,one_diff,3,another,0,0,0
t0430,two_talker,-9,french,0,1,1
t0430,two_talker,-6,better,0,0,0
t0430,two_talker,-3,better,0,0,0
t0430,two_talker,0,better,0,0,0
t0430,two_talker,3,better,0,0,0
t0430,four_talker,-9,thought,0,0,0
t0430,four_talker,-6,thought,0,0,0
t0430,four_talker,-3,thought,0,0,0
t0430,four_talker,0,thought,0,0,0
t0430,four_talker,3,another,0,0,0
t0430,babble,-9,don't,0,0,0
t0430,babble,-6,don't,0,0,0
t0430,babble,-3,don't,0,0,0
t0430,babble,0,seven,0,0,0
t0430,babble,3,never,0,0,0
t0430,issn,-9,another,0,0,0
t0430,issn,-6,another,0,0,0
t0430,issn,-3,another,0,0,0
t0430,issn,0,another,0,0,0
t0430,issn,3,another,0,0,0
t0431,no_distractor,inf,times,1,0,0
t0431,one_same,-9,lines,0,0,0
t0431,one_same,-6,lines,0,0,0
t0431,one_same,-3,lines,0,0,0
t0431,one_same,0,lines,0,0,0
t0431,one_same,3,lines,0,0,0
t0431,one_diff,-9,hands,0,0,0
t0431,one_diff,-6,times,1,0,0
t0431,one_diff,-3,times,1,0,0
t0431,one_diff,0,times,1,0,0
t0431,one_diff,3,times,1,0,0
t0431,two_talker,-9,lines,0,0,0
t0431,two_talker,-6,lines,0,0,0
t0431,two_talker,-3,lines,0,0,0
t0431,two_talker,0,release,0,0,0
t0431,two_talker,3,lines,0,0,0
t0431,four_talker,-9,lines,0,0,0
t0431,four_talker,-6,lines,0,0,0
t0431,four_talker,-3,lines,0,0,0
t0431,four_talker,0,lines,0,0,0
t0431,four_talker,3,lines,0,0,0
t0431,babble,-9,words,0,0,0
t0431,babble,-6,trains,0,0,0
t0431,babble,-3,return,0,0,0
t0431,babble,0,times,1,0,0
t0431,babble,3,times,1,0,0
t0431,issn,-9,phone,0,0,0
t0431,issn,-6,coming,0,0,0
t0431,issn,-3,talking,0,0,0
t0431,issn,0,times,1,0,0
t0431,issn,3,times,1,0,0
t0432,no_distractor,inf,moment,1,0,0
t0432,one_same,-9,sound,0,0,0
t0432,one_same,-6,sound,0,0,0
t0432,one_same,-3,marked,0,0,0
t0432,one_same,0,miles,0,0,0
t0432,one_same,3,moment,1,0,0
t0432,one_diff,-9,summer,0,0,0
t0432,one_diff,-6,models,0,0,0
t0432,one_diff,-3,models,0,0,0
t0432,one_diff,0,months,0,0,0
t0432,one_diff,3,months,0,0,0
t0432,two_talker,-9,mouth,0,0,0
t0432,two_talker,-6,mouth,0,0,0
t0432,two_talker,-3,miles,0,0,0
t0432,two_talker,0,miles,0,0,0
t0432,two_talker,3,miles,0,0,0
t0432,four_talker,-9,round,0,0,0
t0432,four_talker,-6,round,0,0,0
t0432,four_talker,-3,marked,0,0,0
t0432,four_talker,0,marked,0,0,0
t0432,four_talker,3,months,0,0,0
t0432,babble,-9,round,0,0,0
t0432,babble,-6,england,0,0,0
t0432,babble,-3,months,0,0,0
t0432,babble,0,months,0,0,0
t0432,babble,3,months,0,0,0
t0432,issn,-9,woman,0,0,0
t0432,issn,-6,moment,1,0,0
t0432,issn,-3,moment,1,0,0
t0432,issn,0,moment,1,0,0
t0432,issn,3,moment,1,0,0
t0433,no_distractor,inf,their,1,0,0
t0433,one_same,-9,spanish,0,1,1
t0433,one_same,-6,better,0,0,0
t0433,one_same,-3,better,0,0,0
t0433,one_same,0,better,0,0,0
t0433,one_same,3,their,1,0,0
t0433,one_diff,-9,their,1,0,0
t0433,one_diff,-6,their,1,0,0
t0433,one_diff,-3,their,1,0,0
t0433,one_diff,0,their,1,0,0
t0433,one_diff,3,their,1,0,0
t0433,two_talker,-9,studied,0,0,0
t0433,two_talker,-6,better,0,0,0
t0433,two_talker,-3,better,0,0,0
t0433,two_talker,0,better,0,0,0
t0433,two_talker,3,their,1,0,0
t0433,four_talker,-9,better,0,0,0
t0433,four_talker,-6,better,0,0,0
t0433,four_talker,-3,never,0,0,0
t0433,four_talker,0,their,1,0,0
t0433,four_talker,3,their,1,0,0
t0433,babble,-9,never,0,0,0
t0433,babble,-6,they're,0,0,0
t0433,babble,-3,their,1,0,0
t0433,babble,0,their,1,0,0
t0433,babble,3,their,1,0,0
t0433,issn,-9,never,0,0,0
t0433,issn,-6,never,0,0,0
t0433,issn,-3,yellow,0,0,0
t0433,issn,0,their,1,0,0
t0433,issn,3,their,1,0,0
t0434,no_distractor,inf,outside,1,0,0
t0434,one_same,-9,outside,1,0,0
t0434,one_same,-6,outside,1,0,0
t0434,one_same,-3,outside,1,0,0
t0434,one_same,0,inside,0,0,0
t0434,one_same,3,inside,0,0,0
t0434,one_diff,-9,outside,1,0,0
t0434,one_diff,-6,outside,1,0,0
t0434,one_diff,-3,outside,1,0,0
t0434,one_diff,0,outside,1,0,0
t0434,one_diff,3,outside,1,0,0
t0434,two_talker,-9,outside,1,0,0
t0434,two_talker,-6,outside,1,0,0
t0434,two_talker,-3,outside,1,0,0
t0434,two_talker,0,outside,1,0,0
t0434,two_talker,3,outside,1,0,0
t0434,four_talker,-9,separate,0,0,0
t0434,four_talker,-6,outside,1,0,0
t0434,four_talker,-3,outside,1,0,0
t0434,four_talker,0,outside,1,0,0
t0434,four_talker,3,outside,1,0,0
t0434,babble,-9,science,0,0,0
t0434,babble,-6,outside,1,0,0
t0434,babble,-3,outside,1,0,0
t0434,babble,0,outside,1,0,0
t0434,babble,3,outside,1,0,0
t0434,issn,-9,itself,0,0,0
t0434,issn,-6,itself,0,0,0
t0434,issn,-3,outside,1,0,0
t0434,issn,0,outside,1,0,0
t0434,issn,3,outside,1,0,0
t0435,no_distractor,inf,seemed,1,0,0
t0435,one_same,-9,since,0,0,0
t0435,one_same,-6,since,0,0,0
t0435,one_same,-3,since,0,0,0
t0435,one_same,0,since,0,0,0
t0435,one_same,3,since,0,0,0
t0435,one_diff,-9,seemed,1,0,0
t0435,one_diff,-6,seemed,1,0,0
t0435,one_diff,-3,seemed,1,0,0
t0435,one_diff,0,seemed,1,0,0
t0435,one_diff,3,seemed,1,0,0
t0435,two_talker,-9,since,0,0,0
t0435,two_talker,-6,since,0,0,0
t0435,two_talker,-3,since,0,0,0
t0435,two_talker,0,since,0,0,0
t0435,two_talker,3,since,0,0,0
t0435,four_talker,-9,engine,0,0,0
t0435,four_talker,-6,seemed,1,0,0
t0435,four_talker,-3,seemed,1,0,0
t0435,four_talker,0,seemed,1,0,0
t0435,four_talker,3,since,0,0,0
t0435,babble,-9,seemed,1,0,0
t0435,babble,-6,seemed,1,0,0
t0435,babble,-3,seemed,1,0,0
t0435,babble,0,seemed,1,0,0
t0435,babble,3,seemed,1,0,0
t0435,issn,-9,speak,0,0,0
t0435,issn,-6,speak,0,0,0
t0435,issn,-3,central,0,0,0
t0435,issn,0,single,0,0,0
t0435,issn,3,seemed,1,0,0
t0436,no_distractor,inf,famous,1,0,0
t0436,one_same,-9,professional,0,1,1
t0436,one_same,-6,professional,0,1,1
t0436,one_same,-3,professional,0,1,1
t0436,one_same,0,professional,0,1,1
t0436,one_same,3,famous,1,0,0
t0436,one_diff,-9,books,0,0,0
t0436,one_diff,-6,police,0,0,0
t0436,one_diff,-3,famous,1,0,0
t0436,one_diff,0,famous,1,0,0
t0436,one_diff,3,famous,1,0,0
t0436,two_talker,-9,professional,0,1,1
t0436,two_talker,-6,person,0,0,0
t0436,two_talker,-3,person,0,0,0
t0436,two_talker,0,first,0,0,0
t0436,two_talker,3,famous,1,0,0
t0436,four_talker,-9,ancient,0,0,0
t0436,four_talker,-6,ancient,0,0,0
t0436,four_talker,-3,ancient,0,0,0
t0436,four_talker,0,famous,1,0,0
t0436,four_talker,3,famous,1,0,0
t0436,babble,-9,horse,0,0,0
t0436,babble,-6,voice,0,0,0
t0436,babble,-3,plays,0,0,0
t0436,babble,0,famous,1,0,0
t0436,babble,3,famous,1,0,0
t0436,issn,-9,models,0,0,0
t0436,issn,-6,events,0,0,0
t0436,issn,-3,remains,0,0,0
t0436,issn,0,famous,1,0,0
t0436,issn,3,famous,1,0,0
t0437,no_distractor,inf,artist,1,0,0
t0437,one_same,-9,stood,0,1,1
t0437,one_same,-6,added,0,0,0
t0437,one_same,-3,added,0,0,0
t0437,one_same,0,added,0,0,0
t0437,one_same,3,added,0,0,0
t0437,one_diff,-9,parts,0,0,0
t0437,one_diff,-6,parts,0,0,0
t0437,one_diff,-3,artist,1,0,0
t0437,one_diff,0,artist,1,0,0
t0437,one_diff,3,artist,1,0,0
t0437,two_talker,-9,stood,0,1,1
t0437,two_talker,-6,largest,0,0,0
t0437,two_talker,-3,artist,1,0,0
t0437,two_talker,0,artist,1,0,0
t0437,two_talker,3,artist,1,0,0
t0437,four_talker,-9,decided,0,0,0
t0437,four_talker,-6,designed,0,0,0
t0437,four_talker,-3,artist,1,0,0
t0437,four_talker,0,artist,1,0,0
t0437,four_talker,3,artist,1,0,0
t0437,babble,-9,already,0,0,0
t0437,babble,-6,designed,0,0,0
t0437,babble,-3,designed,0,0,0
t0437,babble,0,added,0,0,0
t0437,babble,3,artist,1,0,0
t0437,issn,-9,money,0,0,0
t0437,issn,-6,islands,0,0,0
t0437,issn,-3,artist,1,0,0
t0437,issn,0,artist,1,0,0
t0437,issn,3,artist,1,0,0
t0438,no_distractor,inf,strong,1,0,0
t0438,one_same,-9,strong,1,0,0
t0438,one_same,-6,strong,1,0,0
t0438,one_same,-3,strong,1,0,0
t0438,one_same,0,strong,1,0,0
t0438,one_same,3,strong,1,0,0
t0438,one_diff,-9,strong,1,0,0
t0438,one_diff,-6,strong,1,0,0
t0438,one_diff,-3,strong,1,0,0
t0438,one_diff,0,strong,1,0,0
t0438,one_diff,3,strong,1,0,0
t0438,two_talker,-9,strong,1,0,0
t0438,two_talker,-6,strong,1,0,0
t0438,two_talker,-3,strong,1,0,0
t0438,two_talker,0,strong,1,0,0
t0438,two_talker,3,strong,1,0,0
t0438,four_talker,-9,strong,1,0,0
t0438,four_talker,-6,strong,1,0,0
t0438,four_talker,-3,strong,1,0,0
t0438,four_talker,0,strong,1,0,0
t0438,four_talker,3,strong,1,0,0
t0438,babble,-9,small,0,0,0
t0438,babble,-6,strong,1,0,0
t0438,babble,-3,strong,1,0,0
t0438,babble,0,strong,1,0,0
t0438,babble,3,strong,1,0,0
t0438,issn,-9,small,0,0,0
t0438,issn,-6,strong,1,0,0
t0438,issn,-3,strong,1,0,0
t0438,issn,0,strong,1,0,0
t0438,issn,3,strong,1,0,0
t0439,no_distractor,inf,highly,1,0,0
t0439,one_same,-9,highly,1,0,0
t0439,one_same,-6,highly,1,0,0
t0439,one_same,-3,highly,1,0,0
t0439,one_same,0,highly,1,0,0
t0439,one_same,3,highly,1,0,0
t0439,one_diff,-9,highly,1,0,0
t0439,one_diff,-6,highly,1,0,0
t0439,one_diff,-3,highly,1,0,0
t0439,one_diff,0,highly,1,0,0
t0439,one_diff,3,highly,1,0,0
t0439,two_talker,-9,highly,1,0,0
t0439,two_talker,-6,highly,1,0,0
t0439,two_talker,-3,highly,1,0,0
t0439,two_talker,0,highly,1,0,0
t0439,two_talker,3,highly,1,0,0
t0439,four_talker,-9,society,0,0,0
t0439,four_talker,-6,society,0,0,0
t0439,four_talker,-3,highly,1,0,0
t0439,four_talker,0,highly,1,0,0
t0439,four_talker,3,highly,1,0,0
t0439,babble,-9,society,0,0,0
t0439,babble,-6,society,0,0,0
t0439,babble,-3,highly,1,0,0
t0439,babble,0,highly,1,0,0
t0439,babble,3,highly,1,0,0
t0439,issn,-9,highly,1,0,0
t0439,issn,-6,highly,1,0,0
t0439,issn,-3,highly,1,0,0
t0439,issn,0,highly,1,0,0
t0439,issn,3,highly,1,0,0
t0440,no_distractor,inf,passed,1,0,0
t0440,one_same,-9,death,0,0,0
t0440,one_same,-6,death,0,0,0
t0440,one_same,-3,death,0,0,0
t0440,one_same,0,death,0,0,0
t0440,one_same,3,passed,1,0,0
t0440,one_diff,-9,characters,0,0,0
t0440,one_diff,-6,characters,0,0,0
t0440,one_diff,-3,characters,0,0,0
t0440,one_diff,0,characters,0,0,0
t0440,one_diff,3,characters,0,0,0
t0440,two_talker,-9,there's,0,0,0
t0440,two_talker,-6,death,0,0,0
t0440,two_talker,-3,there,0,0,0
t0440,two_talker,0,there,0,0,0
t0440,two_talker,3,death,0,0,0
t0440,four_talker,-9,there's,0,0,0
t0440,four_talker,-6,death,0,0,0
t0440,four_talker,-3,death,0,0,0
t0440,four_talker,0,death,0,0,0
t0440,four_talker,3,passed,1,0,0
t0440,babble,-9,death,0,0,0
t0440,babble,-6,death,0,0,0
t0440,babble,-3,death,0,0,0
t0440,babble,0,passed,1,0,0
t0440,babble,3,passed,1,0,0
t0440,issn,-9,therefore,0,0,0
t0440,issn,-6,therefore,0,0,0
t0440,issn,-3,passed,1,0,0
t0440,issn,0,passed,1,0,0
t0440,issn,3,passed,1,0,0
t0441,no_distractor,inf,several,1,0,0
t0441,one_same,-9,number,0,1,1
t0441,one_same,-6,number,0,1,1
t0441,one_same,-3,number,0,1,1
t0441,one_same,0,several,1,0,0
t0441,one_same,3,several,1,0,0
t0441,one_diff,-9,service,0,0,0
t0441,one_diff,-6,service,0,0,0
t0441,one_diff,-3,service,0,0,0
t0441,one_diff,0,several,1,0,0
t0441,one_diff,3,several,1,0,0
t0441,two_talker,-9,summer,0,0,0
t0441,two_talker,-6,several,1,0,0
t0441,two_talker,-3,several,1,0,0
t0441,two_talker,0,several,1,0,0
t0441,two_talker,3,several,1,0,0
t0441,four_talker,-9,there,0,0,0
t0441,four_talker,-6,still,0,0,0
t0441,four_talker,-3,still,0,0,0
t0441,four_talker,0,several,1,0,0
t0441,four_talker,3,several,1,0,0
t0441,babble,-9,robert,0,0,0
t0441,babble,-6,robert,0,0,0
t0441,babble,-3,several,1,0,0
t0441,babble,0,several,1,0,0
t0441,babble,3,several,1,0,0
t0441,issn,-9,studies,0,0,0
t0441,issn,-6,several,1,0,0
t0441,issn,-3,several,1,0,0
t0441,issn,0,several,1,0,0
t0441,issn,3,several,1,0,0
t0442,no_distractor,inf,running,1,0,0
t0442,one_same,-9,money,0,0,0
t0442,one_same,-6,money,0,0,0
t0442,one_same,-3,running,1,0,0
t0442,one_same,0,running,1,0,0
t0442,one_same,3,running,1,0,0
t0442,one_diff,-9,morning,0,0,0
t0442,one_diff,-6,running,1,0,0
t0442,one_diff,-3,running,1,0,0
t0442,one_diff,0,running,1,0,0
t0442,one_diff,3,running,1,0,0
t0442,two_talker,-9,morning,0,0,0
t0442,two_talker,-6,running,1,0,0
t0442,two_talker,-3,running,1,0,0
t0442,two_talker,0,running,1,0,0
t0442,two_talker,3,running,1,0,0
t0442,four_talker,-9,party,0,0,0
t0442,four_talker,-6,party,0,0,0
t0442,four_talker,-3,money,0,0,0
t0442,four_talker,0,running,1,0,0
t0442,four_talker,3,running,1,0,0
t0442,babble,-9,nothing,0,0,0
t0442,babble,-6,money,0,0,0
t0442,babble,-3,money,0,0,0
t0442,babble,0,money,0,0,0
t0442,babble,3,running,1,0,0
t0442,issn,-9,provided,0,0,0
t0442,issn,-6,morning,0,0,0
t0442,issn,-3,morning,0,0,0
t0442,issn,0,running,1,0,0
t0442,issn,3,running,1,0,0
t0443,no_distractor,inf,national,1,0,0
t0443,one_same,-9,hours,0,0,0
t0443,one_same,-6,national,1,0,0
t0443,one_same,-3,national,1,0,0
t0443,one_same,0,national,1,0,0
t0443,one_same,3,national,1,0,0
t0443,one_diff,-9,personal,0,0,0
t0443,one_diff,-6,national,1,0,0
t0443,one_diff,-3,national,1,0,0
t0443,one_diff,0,national,1,0,0
t0443,one_diff,3,national,1,0,0
t0443,two_talker,-9,small,0,0,0
t0443,two_talker,-6,national,1,0,0
t0443,two_talker,-3,national,1,0,0
t0443,two_talker,0,national,1,0,0
t0443,two_talker,3,national,1,0,0
t0443,four_talker,-9,songs,0,0,0
t0443,four_talker,-6,therefore,0,0,0
t0443,four_talker,-3,national,1,0,0
t0443,four_talker,0,national,1,0,0
t0443,four_talker,3,national,1,0,0
t0443,babble,-9,software,0,0,0
t0443,babble,-6,personal,0,0,0
t0443,babble,-3,therefore,0,0,0
t0443,babble,0,national,1,0,0
t0443,babble,3,national,1,0,0
t0443,issn,-9,minor,0,0,0
t0443,issn,-6,national,1,0,0
t0443,issn,-3,national,1,0,0
t0443,issn,0,national,1,0,0
t0443,issn,3,national,1,0,0
t0444,no_distractor,inf,source,1,0,0
t0444,one_same,-9,cause,0,0,0
t0444,one_same,-6,source,1,0,0
t0444,one_same,-3,source,1,0,0
t0444,one_same,0,source,1,0,0
t0444,one_same,3,source,1,0,0
t0444,one_diff,-9,small,0,0,0
t0444,one_diff,-6,source,1,0,0
t0444,one_diff,-3,source,1,0,0
t0444,one_diff,0,source,1,0,0
t0444,one_diff,3,source,1,0,0
t0444,two_talker,-9,caused,0,1,1
t0444,two_talker,-6,source,1,0,0
t0444,two_talker,-3,source,1,0,0
t0444,two_talker,0,source,1,0,0
t0444,two_talker,3,source,1,0,0
t0444,four_talker,-9,songs,0,0,0
t0444,four_talker,-6,source,1,0,0
t0444,four_talker,-3,source,1,0,0
t0444,four_talker,0,source,1,0,0
t0444,four_talker,3,source,1,0,0
t0444,babble,-9,source,1,0,0
t0444,babble,-6,source,1,0,0
t0444,babble,-3,source,1,0,0
t0444,babble,0,source,1,0,0
t0444,babble,3,source,1,0,0
t0444,issn,-9,considered,0,0,0
t0444,issn,-6,serves,0,0,0
t0444,issn,-3,songs,0,0,0
t0444,issn,0,source,1,0,0
t0444,issn,3,source,1,0,0
t0445,no_distractor,inf,project,1,0,0
t0445,one_same,-9,project,1,0,0
t0445,one_same,-6,project,1,0,0
t0445,one_same,-3,project,1,0,0
t0445,one_same,0,project,1,0,0
t0445,one_same,3,project,1,0,0
t0445,one_diff,-9,project,1,0,0
t0445,one_diff,-6,project,1,0,0
t0445,one_diff,-3,project,1,0,0
t0445,one_diff,0,project,1,0,0
t0445,one_diff,3,project,1,0,0
t0445,two_talker,-9,don't,0,0,0
t0445,two_talker,-6,don't,0,0,0
t0445,two_talker,-3,project,1,0,0
t0445,two_talker,0,project,1,0,0
t0445,two_talker,3,project,1,0,0
t0445,four_talker,-9,joined,0,0,0
t0445,four_talker,-6,joined,0,0,0
t0445,four_talker,-3,project,1,0,0
t0445,four_talker,0,project,1,0,0
t0445,four_talker,3,project,1,0,0
t0445,babble,-9,traditional,0,0,0
t0445,babble,-6,largest,0,0,0
t0445,babble,-3,larger,0,0,0
t0445,babble,0,project,1,0,0
t0445,babble,3,project,1,0,0
t0445,issn,-9,richard,0,0,0
t0445,issn,-6,project,1,0,0
t0445,issn,-3,project,1,0,0
t0445,issn,0,project,1,0,0
t0445,issn,3,project,1,0,0
t0446,no_distractor,inf,failed,1,0,0
t0446,one_same,-9,earth,0,0,0
t0446,one_same,-6,earth,0,0,0
t0446,one_same,-3,failed,1,0,0
t0446,one_same,0,failed,1,0,0
t0446,one_same,3,failed,1,0,0
t0446,one_diff,-9,failed,1,0,0
t0446,one_diff,-6,failed,1,0,0
t0446,one_diff,-3,failed,1,0,0
t0446,one_diff,0,failed,1,0,0
t0446,one_diff,3,failed,1,0,0
t0446,two_talker,-9,earth,0,0,0
t0446,two_talker,-6,third,0,0,0
t0446,two_talker,-3,failed,1,0,0
t0446,two_talker,0,failed,1,0,0
t0446,two_talker,3,failed,1,0,0
t0446,four_talker,-9,forest,0,0,0
t0446,four_talker,-6,failed,1,0,0
t0446,four_talker,-3,failed,1,0,0
t0446,four_talker,0,failed,1,0,0
t0446,four_talker,3,failed,1,0,0
t0446,babble,-9,supported,0,0,0
t0446,babble,-6,formed,0,0,0
t0446,babble,-3,formed,0,0,0
t0446,babble,0,failed,1,0,0
t0446,babble,3,failed,1,0,0
t0446,issn,-9,particularly,0,0,0
t0446,issn,-6,failed,1,0,0
t0446,issn,-3,failed,1,0,0
t0446,issn,0,failed,1,0,0
t0446,issn,3,failed,1,0,0
t0447,no_distractor,inf,because,1,0,0
t0447,one_same,-9,health,0,0,0
t0447,one_same,-6,catholic,0,0,0
t0447,one_same,-3,catholic,0,0,0
t0447,one_same,0,company,0,0,0
t0447,one_same,3,company,0,0,0
t0447,one_diff,-9,president,0,0,0
t0447,one_diff,-6,president,0,0,0
t0447,one_diff,-3,festival,0,0,0
t0447,one_diff,0,festival,0,0,0
t0447,one_diff,3,festival,0,0,0
t0447,two_talker,-9,women,0,0,0
t0447,two_talker,-6,women,0,0,0
t0447,two_talker,-3,women,0,0,0
t0447,two_talker,0,festival,0,0,0
t0447,two_talker,3,festival,0,0,0
t0447,four_talker,-9,television,0,0,0
t0447,four_talker,-6,using,0,0,0
t0447,four_talker,-3,using,0,0,0
t0447,four_talker,0,business,0,0,0
t0447,four_talker,3,festival,0,0,0
t0447,babble,-9,river,0,0,0
t0447,babble,-6,throughout,0,0,0
t0447,babble,-3,county,0,0,0
t0447,babble,0,county,0,0,0
t0447,babble,3,festival,0,0,0
t0447,issn,-9,complex,0,0,0
t0447,issn,-6,festival,0,0,0
t0447,issn,-3,festival,0,0,0
t0447,issn,0,festival,0,0,0
t0447,issn,3,festival,0,0,0
t0448,no_distractor,inf,north,1,0,0
t0448,one_same,-9,others,0,0,0
t0448,one_same,-6,others,0,0,0
t0448,one_same,-3,those,0,0,0
t0448,one_same,0,those,0,0,0
t0448,one_same,3,those,0,0,0
t0448,one_diff,-9,north,1,0,0
t0448,one_diff,-6,north,1,0,0
t0448,one_diff,-3,north,1,0,0
t0448,one_diff,0,north,1,0,0
t0448,one_diff,3,north,1,0,0
t0448,two_talker,-9,models,0,0,0
t0448,two_talker,-6,models,0,0,0
t0448,two_talker,-3,those,0,0,0
t0448,two_talker,0,those,0,0,0
t0448,two_talker,3,north,1,0,0
t0448,four_talker,-9,others,0,0,0
t0448,four_talker,-6,others,0,0,0
t0448,four_talker,-3,enough,0,0,0
t0448,four_talker,0,enough,0,0,0
t0448,four_talker,3,enough,0,0,0
t0448,babble,-9,brothers,0,0,0
t0448,babble,-6,brothers,0,0,0
t0448,babble,-3,governor,0,0,0
t0448,babble,0,above,0,0,0
t0448,babble,3,along,0,0,0
t0448,issn,-9,firefox,0,0,0
t0448,issn,-6,those,0,0,0
t0448,issn,-3,horse,0,0,0
t0448,issn,0,horse,0,0,0
t0448,issn,3,world,0,0,0
t0449,no_distractor,inf,coast,1,0,0
t0449,one_same,-9,national,0,1,1
t0449,one_same,-6,national,0,1,1
t0449,one_same,-3,national,0,1,1
t0449,one_same,0,health,0,0,0
t0449,one_same,3,health,0,0,0
t0449,one_diff,-9,coast,1,0,0
t0449,one_diff,-6,coast,1,0,0
t0449,one_diff,-3,coast,1,0,0
t0449,one_diff,0,coast,1,0,0
t0449,one_diff,3,coast,1,0,0
t0449,two_talker,-9,action,0,0,0
t0449,two_talker,-6,action,0,0,0
t0449,two_talker,-3,helped,0,0,0
t0449,two_talker,0,helped,0,0,0
t0449,two_talker,3,helped,0,0,0
t0449,four_talker,-9,active,0,0,0
t0449,four_talker,-6,active,0,0,0
t0449,four_talker,-3,active,0,0,0
t0449,four_talker,0,helped,0,0,0
t0449,four_talker,3,helped,0,0,0
t0449,babble,-9,technology,0,0,0
t0449,babble,-6,larger,0,0,0
t0449,babble,-3,centre,0,0,0
t0449,babble,0,centre,0,0,0
t0449,babble,3,centre,0,0,0
t0449,issn,-9,stories,0,0,0
t0449,issn,-6,slowly,0,0,0
t0449,issn,-3,coast,1,0,0
t0449,issn,0,coast,1,0,0
t0449,issn,3,coast,1,0,0
t0450,no_distractor,inf,especially,1,0,0
t0450,one_same,-9,especially,1,0,0
t0450,one_same,-6,especially,1,0,0
t0450,one_same,-3,especially,1,0,0
t0450,one_same,0,especially,1,0,0
t0450,one_same,3,especially,1,0,0
t0450,one_diff,-9,especially,1,0,0
t0450,one_diff,-6,especially,1,0,0
t0450,one_diff,-3,especially,1,0,0
t0450,one_diff,0,especially,1,0,0
t0450,one_diff,3,especially,1,0,0
t0450,two_talker,-9,especially,1,0,0
t0450,two_talker,-6,especially,1,0,0
t0450,two_talker,-3,especially,1,0,0
t0450,two_talker,0,especially,1,0,0
t0450,two_talker,3,especially,1,0,0
t0450,four_talker,-9,machine,0,0,0
t0450,four_talker,-6,machine,0,0,0
t0450,four_talker,-3,machine,0,0,0
t0450,four_talker,0,especially,1,0,0
t0450,four_talker,3,especially,1,0,0
t0450,babble,-9,machine,0,0,0
t0450,babble,-6,machine,0,0,0
t0450,babble,-3,machine,0,0,0
t0450,babble,0,especially,1,0,0
t0450,babble,3,especially,1,0,0
t0450,issn,-9,especially,1,0,0
t0450,issn,-6,especially,1,0,0
t0450,issn,-3,especially,1,0,0
t0450,issn,0,especially,1,0,0
t0450,issn,3,especially,1,0,0
t0451,no_distractor,inf,isn't,1,0,0
t0451,one_same,-9,possible,0,0,0
t0451,one_same,-6,possible,0,0,0
t0451,one_same,-3,isn't,1,0,0
t0451,one_same,0,isn't,1,0,0
t0451,one_same,3,isn't,1,0,0
t0451,one_diff,-9,isn't,1,0,0
t0451,one_diff,-6,isn't,1,0,0
t0451,one_diff,-3,isn't,1,0,0
t0451,one_diff,0,isn't,1,0,0
t0451,one_diff,3,isn't,1,0,0
t0451,two_talker,-9,husband,0,0,0
t0451,two_talker,-6,husband,0,0,0
t0451,two_talker,-3,isn't,1,0,0
t0451,two_talker,0,isn't,1,0,0
t0451,two_talker,3,isn't,1,0,0
t0451,four_talker,-9,husband,0,0,0
t0451,four_talker,-6,husband,0,0,0
t0451,four_talker,-3,president,0,0,0
t0451,four_talker,0,isn't,1,0,0
t0451,four_talker,3,isn't,1,0,0
t0451,babble,-9,husband,0,0,0
t0451,babble,-6,husband,0,0,0
t0451,babble,-3,specific,0,0,0
t0451,babble,0,specific,0,0,0
t0451,babble,3,isn't,1,0,0
t0451,issn,-9,example,0,0,0
t0451,issn,-6,inside,0,0,0
t0451,issn,-3,isn't,1,0,0
t0451,issn,0,isn't,1,0,0
t0451,issn,3,isn't,1,0,0
t0452,no_distractor,inf,making,1,0,0
t0452,one_same,-9,completely,0,0,0
t0452,one_same,-6,mainly,0,0,0
t0452,one_same,-3,making,1,0,0
t0452,one_same,0,making,1,0,0
t0452,one_same,3,making,1,0,0
t0452,one_diff,-9,names,0,0,0
t0452,one_diff,-6,named,0,0,0
t0452,one_diff,-3,making,1,0,0
t0452,one_diff,0,making,1,0,0
t0452,one_diff,3,making,1,0,0
t0452,two_talker,-9,sometimes,0,0,0
t0452,two_talker,-6,sometimes,0,0,0
t0452,two_talker,-3,mainly,0,0,0
t0452,two_talker,0,mainly,0,0,0
t0452,two_talker,3,making,1,0,0
t0452,four_talker,-9,remained,0,0,0
t0452,four_talker,-6,mainly,0,0,0
t0452,four_talker,-3,mainly,0,0,0
t0452,four_talker,0,mainly,0,0,0
t0452,four_talker,3,mainly,0,0,0
t0452,babble,-9,released,0,0,0
t0452,babble,-6,based,0,0,0
t0452,babble,-3,major,0,0,0
t0452,babble,0,major,0,0,0
t0452,babble,3,making,1,0,0
t0452,issn,-9,suddenly,0,0,0
t0452,issn,-6,added,0,0,0
t0452,issn,-3,making,1,0,0
t0452,issn,0,making,1,0,0
t0452,issn,3,making,1,0,0
t0453,no_distractor,inf,himself,1,0,0
t0453,one_same,-9,mixed,0,0,0
t0453,one_same,-6,mixed,0,0,0
t0453,one_same,-3,mixed,0,0,0
t0453,one_same,0,mixed,0,0,0
t0453,one_same,3,website,0,0,0
t0453,one_diff,-9,center,0,0,0
t0453,one_diff,-6,include,0,1,1
t0453,one_diff,-3,include,0,1,1
t0453,one_diff,0,include,0,1,1
t0453,one_diff,3,include,0,1,1
t0453,two_talker,-9,exist,0,0,0
t0453,two_talker,-6,exist,0,0,0
t0453,two_talker,-3,himself,1,0,0
t0453,two_talker,0,himself,1,0,0
t0453,two_talker,3,himself,1,0,0
t0453,four_talker,-9,award,0,0,0
t0453,four_talker,-6,award,0,0,0
t0453,four_talker,-3,award,0,0,0
t0453,four_talker,0,award,0,0,0
t0453,four_talker,3,award,0,0,0
t0453,babble,-9,earlier,0,0,0
t0453,babble,-6,evidence,0,0,0
t0453,babble,-3,evidence,0,0,0
t0453,babble,0,evidence,0,0,0
t0453,babble,3,evidence,0,0,0
t0453,issn,-9,minister,0,0,0
t0453,issn,-6,mixed,0,0,0
t0453,issn,-3,eastern,0,0,0
t0453,issn,0,eastern,0,0,0
t0453,issn,3,himself,1,0,0
t0454,no_distractor,inf,independent,1,0,0
t0454,one_same,-9,widely,0,0,0
t0454,one_same,-6,working,0,0,0
t0454,one_same,-3,working,0,0,0
t0454,one_same,0,working,0,0,0
t0454,one_same,3,working,0,0,0
t0454,one_diff,-9,independent,1,0,0
t0454,one_diff,-6,independent,1,0,0
t0454,one_diff,-3,independent,1,0,0
t0454,one_diff,0,independent,1,0,0
t0454,one_diff,3,independent,1,0,0
t0454,two_talker,-9,without,0,0,0
t0454,two_talker,-6,winter,0,0,0
t0454,two_talker,-3,winter,0,0,0
t0454,two_talker,0,independent,1,0,0
t0454,two_talker,3,independent,1,0,0
t0454,four_talker,-9,japanese,0,0,0
t0454,four_talker,-6,japanese,0,0,0
t0454,four_talker,-3,japanese,0,0,0
t0454,four_talker,0,japanese,0,0,0
t0454,four_talker,3,japanese,0,0,0
t0454,babble,-9,george,0,0,0
t0454,babble,-6,george,0,0,0
t0454,babble,-3,dance,0,0,0
t0454,babble,0,dance,0,0,0
t0454,babble,3,getting,0,0,0
t0454,issn,-9,event,0,0,0
t0454,issn,-6,independent,1,0,0
t0454,issn,-3,independent,1,0,0
t0454,issn,0,independent,1,0,0
t0454,issn,3,independent,1,0,0
t0455,no_distractor,inf,research,1,0,0
t0455,one_same,-9,research,1,0,0
t0455,one_same,-6,research,1,0,0
t0455,one_same,-3,research,1,0,0
t0455,one_same,0,research,1,0,0
t0455,one_same,3,research,1,0,0
t0455,one_diff,-9,search,0,0,0
t0455,one_diff,-6,search,0,0,0
t0455,one_diff,-3,search,0,0,0
t0455,one_diff,0,search,0,0,0
t0455,one_diff,3,research,1,0,0
t0455,two_talker,-9,coach,0,0,0
t0455,two_talker,-6,coach,0,0,0
t0455,two_talker,-3,coach,0,0,0
t0455,two_talker,0,research,1,0,0
t0455,two_talker,3,research,1,0,0
t0455,four_talker,-9,using,0,0,0
t0455,four_talker,-6,using,0,0,0
t0455,four_talker,-3,using,0,0,0
t0455,four_talker,0,musical,0,0,0
t0455,four_talker,3,musical,0,0,0
t0455,babble,-9,whole,0,0,0
t0455,babble,-6,always,0,0,0
t0455,babble,-3,always,0,0,0
t0455,babble,0,social,0,0,0
t0455,babble,3,social,0,0,0
t0455,issn,-9,station,0,0,0
t0455,issn,-6,station,0,0,0
t0455,issn,-3,station,0,0,0
t0455,issn,0,research,1,0,0
t0455,issn,3,research,1,0,0
t0456,no_distractor,inf,believed,0,0,0
t0456,one_same,-9,state,0,1,1
t0456,one_same,-6,state,0,1,1
t0456,one_same,-3,state,0,1,1
t0456,one_same,0,state,0,1,1
t0456,one_same,3,state,0,1,1
t0456,one_diff,-9,referred,0,0,0
t0456,one_diff,-6,referred,0,0,0
t0456,one_diff,-3,referred,0,0,0
t0456,one_diff,0,referred,0,0,0
t0456,one_diff,3,built,0,0,0
t0456,two_talker,-9,state,0,1,1
t0456,two_talker,-6,state,0,1,1
t0456,two_talker,-3,state,0,1,1
t0456,two_talker,0,state,0,1,1
t0456,two_talker,3,native,0,0,0
t0456,four_talker,-9,native,0,0,0
t0456,four_talker,-6,created,0,0,0
t0456,four_talker,-3,created,0,0,0
t0456,four_talker,0,native,0,0,0
t0456,four_talker,3,native,0,0,0
t0456,babble,-9,buried,0,0,0
t0456,babble,-6,decided,0,0,0
t0456,babble,-3,decided,0,0,0
t0456,babble,0,created,0,0,0
t0456,babble,3,created,0,0,0
t0456,issn,-9,performed,0,0,0
t0456,issn,-6,performed,0,0,0
t0456,issn,-3,considered,0,0,0
t0456,issn,0,built,0,0,0
t0456,issn,3,lived,0,0,0
t0457,no_distractor,inf,table,1,0,0
t0457,one_same,-9,theory,0,0,0
t0457,one_same,-6,theory,0,0,0
t0457,one_same,-3,theory,0,0,0
t0457,one_same,0,table,1,0,0
t0457,one_same,3,table,1,0,0
t0457,one_diff,-9,capital,0,0,0
t0457,one_diff,-6,tower,0,0,0
t0457,one_diff,-3,tower,0,0,0
t0457,one_diff,0,tower,0,0,0
t0457,one_diff,3,table,1,0,0
t0457,two_talker,-9,capital,0,0,0
t0457,two_talker,-6,capital,0,0,0
t0457,two_talker,-3,tower,0,0,0
t0457,two_talker,0,tower,0,0,0
t0457,two_talker,3,tower,0,0,0
t0457,four_talker,-9,currently,0,0,0
t0457,four_talker,-6,parents,0,0,0
t0457,four_talker,-3,capital,0,0,0
t0457,four_talker,0,capital,0,0,0
t0457,four_talker,3,capital,0,0,0
t0457,babble,-9,established,0,0,0
t0457,babble,-6,sports,0,0,0
t0457,babble,-3,sports,0,0,0
t0457,babble,0,table,1,0,0
t0457,babble,3,table,1,0,0
t0457,issn,-9,available,0,0,0
t0457,issn,-6,table,1,0,0
t0457,issn,-3,table,1,0,0
t0457,issn,0,table,1,0,0
t0457,issn,3,table,1,0,0
t0458,no_distractor,inf,point,1,0,0
t0458,one_same,-9,voice,0,1,1
t0458,one_same,-6,closed,0,0,0
t0458,one_same,-3,closed,0,0,0
t0458,one_same,0,closed,0,0,0
t0458,one_same,3,voice,0,1,1
t0458,one_diff,-9,above,0,0,0
t0458,one_diff,-6,above,0,0,0
t0458,one_diff,-3,called,0,0,0
t0458,one_diff,0,called,0,0,0
t0458,one_diff,3,quite,0,0,0
t0458,two_talker,-9,close,0,0,0
t0458,two_talker,-6,close,0,0,0
t0458,two_talker,-3,closed,0,0,0
t0458,two_talker,0,close,0,0,0
t0458,two_talker,3,close,0,0,0
t0458,four_talker,-9,closed,0,0,0
t0458,four_talker,-6,closed,0,0,0
t0458,four_talker,-3,closed,0,0,0
t0458,four_talker,0,closed,0,0,0
t0458,four_talker,3,closed,0,0,0
t0458,babble,-9,sports,0,0,0
t0458,babble,-6,sports,0,0,0
t0458,babble,-3,first,0,0,0
t0458,babble,0,quite,0,0,0
t0458,babble,3,quite,0,0,0
t0458,issn,-9,board,0,0,0
t0458,issn,-6,board,0,0,0
t0458,issn,-3,football,0,0,0
t0458,issn,0,football,0,0,0
t0458,issn,3,football,0,0,0
t0459,no_distractor,inf,buried,0,0,0
t0459,one_same,-9,variety,0,0,0
t0459,one_same,-6,variety,0,0,0
t0459,one_same,-3,variety,0,0,0
t0459,one_same,0,variety,0,0,0
t0459,one_same,3,title,0,0,0
t0459,one_diff,-9,don't,0,1,1
t0459,one_diff,-6,during,1,0,0
t0459,one_diff,-3,during,1,0,0
t0459,one_diff,0,during,1,0,0
t0459,one_diff,3,during,1,0,0
t0459,two_talker,-9,writer,0,0,0
t0459,two_talker,-6,writer,0,0,0
t0459,two_talker,-3,writer,0,0,0
t0459,two_talker,0,writer,0,0,0
t0459,two_talker,3,director,0,0,0
t0459,four_talker,-9,society,0,0,0
t0459,four_talker,-6,society,0,0,0
t0459,four_talker,-3,society,0,0,0
t0459,four_talker,0,society,0,0,0
t0459,four_talker,3,certain,0,0,0
t0459,babble,-9,served,0,0,0
t0459,babble,-6,served,0,0,0
t0459,babble,-3,served,0,0,0
t0459,babble,0,certain,0,0,0
t0459,babble,3,certain,0,0,0
t0459,issn,-9,available,0,0,0
t0459,issn,-6,available,0,0,0
t0459,issn,-3,career,0,0,0
t0459,issn,0,career,0,0,0
t0459,issn,3,study,0,0,0
t0460,no_distractor,inf,buried,1,0,0
t0460,one_same,-9,currently,0,0,0
t0460,one_same,-6,currently,0,0,0
t0460,one_same,-3,buried,1,0,0
t0460,one_same,0,buried,1,0,0
t0460,one_same,3,buried,1,0,0
t0460,one_diff,-9,buried,1,0,0
t0460,one_diff,-6,buried,1,0,0
t0460,one_diff,-3,buried,1,0,0
t0460,one_diff,0,buried,1,0,0
t0460,one_diff,3,buried,1,0,0
t0460,two_talker,-9,buried,1,0,0
t0460,two_talker,-6,buried,1,0,0
t0460,two_talker,-3,buried,1,0,0
t0460,two_talker,0,buried,1,0,0
t0460,two_talker,3,buried,1,0,0
t0460,four_talker,-9,surrounding,0,0,0
t0460,four_talker,-6,surrounding,0,0,0
t0460,four_talker,-3,currently,0,0,0
t0460,four_talker,0,buried,1,0,0
t0460,four_talker,3,buried,1,0,0
t0460,babble,-9,probably,0,0,0
t0460,babble,-6,currently,0,0,0
t0460,babble,-3,currently,0,0,0
t0460,babble,0,buried,1,0,0
t0460,babble,3,buried,1,0,0
t0460,issn,-9,earlier,0,0,0
t0460,issn,-6,buried,1,0,0
t0460,issn,-3,buried,1,0,0
t0460,issn,0,buried,1,0,0
t0460,issn,3,buried,1,0,0
t0461,no_distractor,inf,different,1,0,0
t0461,one_same,-9,because,0,0,0
t0461,one_same,-6,behind,0,0,0
t0461,one_same,-3,behind,0,0,0
t0461,one_same,0,behind,0,0,0
t0461,one_same,3,different,1,0,0
t0461,one_diff,-9,third,0,0,0
t0461,one_diff,-6,turned,0,0,0
t0461,one_diff,-3,turned,0,0,0
t0461,one_diff,0,current,0,0,0
t0461,one_diff,3,current,0,0,0
t0461,two_talker,-9,charles,0,1,1
t0461,two_talker,-6,trying,0,0,0
t0461,two_talker,-3,turned,0,0,0
t0461,two_talker,0,current,0,0,0
t0461,two_talker,3,current,0,0,0
t0461,four_talker,-9,child,0,0,0
t0461,four_talker,-6,entire,0,1,1
t0461,four_talker,-3,guitar,0,0,0
t0461,four_talker,0,guitar,0,0,0
t0461,four_talker,3,guitar,0,0,0
t0461,babble,-9,guitar,0,0,0
t0461,babble,-6,guitar,0,0,0
t0461,babble,-3,guitar,0,0,0
t0461,babble,0,guitar,0,0,0
t0461,babble,3,guitar,0,0,0
t0461,issn,-9,never,0,0,0
t0461,issn,-6,heard,0,0,0
t0461,issn,-3,heard,0,0,0
t0461,issn,0,current,0,0,0
t0461,issn,3,different,1,0,0
t0462,no_distractor,inf,names,1,0,0
t0462,one_same,-9,names,1,0,0
t0462,one_same,-6,names,1,0,0
t0462,one_same,-3,names,1,0,0
t0462,one_same,0,names,1,0,0
t0462,one_same,3,names,1,0,0
t0462,one_diff,-9,names,1,0,0
t0462,one_diff,-6,names,1,0,0
t0462,one_diff,-3,names,1,0,0
t0462,one_diff,0,names,1,0,0
t0462,one_diff,3,names,1,0,0
t0462,two_talker,-9,names,1,0,0
t0462,two_talker,-6,names,1,0,0
t0462,two_talker,-3,names,1,0,0
t0462,two_talker,0,names,1,0,0
t0462,two_talker,3,names,1,0,0
t0462,four_talker,-9,names,1,0,0
t0462,four_talker,-6,names,1,0,0
t0462,four_talker,-3,names,1,0,0
t0462,four_talker,0,names,1,0,0
t0462,four_talker,3,names,1,0,0
t0462,babble,-9,order,0,0,0
t0462,babble,-6,order,0,0,0
t0462,babble,-3,names,1,0,0
t0462,babble,0,names,1,0,0
t0462,babble,3,names,1,0,0
t0462,issn,-9,years,0,0,0
t0462,issn,-6,operates,0,0,0
t0462,issn,-3,names,1,0,0
t0462,issn,0,names,1,0,0
t0462,issn,3,names,1,0,0
t0463,no_distractor,inf,album,1,0,0
t0463,one_same,-9,operates,0,0,0
t0463,one_same,-6,operates,0,0,0
t0463,one_same,-3,operates,0,0,0
t0463,one_same,0,operates,0,0,0
t0463,one_same,3,operates,0,0,0
t0463,one_diff,-9,album,1,0,0
t0463,one_diff,-6,album,1,0,0
t0463,one_diff,-3,album,1,0,0
t0463,one_diff,0,album,1,0,0
t0463,one_diff,3,album,1,0,0
t0463,two_talker,-9,mountain,0,0,0
t0463,two_talker,-6,mountain,0,0,0
t0463,two_talker,-3,album,1,0,0
t0463,two_talker,0,album,1,0,0
t0463,two_talker,3,album,1,0,0
t0463,four_talker,-9,money,0,0,0
t0463,four_talker,-6,money,0,0,0
t0463,four_talker,-3,month,0,0,0
t0463,four_talker,0,mountain,0,0,0
t0463,four_talker,3,mountain,0,0,0
t0463,babble,-9,mother,0,0,0
t0463,babble,-6,smaller,0,0,0
t0463,babble,-3,mountain,0,0,0
t0463,babble,0,mountain,0,0,0
t0463,babble,3,album,1,0,0
t0463,issn,-9,commonly,0,0,0
t0463,issn,-6,commonly,0,0,0
t0463,issn,-3,commonly,0,0,0
t0463,issn,0,album,1,0,0
t0463,issn,3,album,1,0,0
t0464,no_distractor,inf,created,1,0,0
t0464,one_same,-9,created,1,0,0
t0464,one_same,-6,created,1,0,0
t0464,one_same,-3,created,1,0,0
t0464,one_same,0,created,1,0,0
t0464,one_same,3,operated,0,0,0
t0464,one_diff,-9,created,1,0,0
t0464,one_diff,-6,created,1,0,0
t0464,one_diff,-3,created,1,0,0
t0464,one_diff,0,created,1,0,0
t0464,one_diff,3,created,1,0,0
t0464,two_talker,-9,operated,0,0,0
t0464,two_talker,-6,operated,0,0,0
t0464,two_talker,-3,operated,0,0,0
t0464,two_talker,0,operated,0,0,0
t0464,two_talker,3,operated,0,0,0
t0464,four_talker,-9,women,0,0,0
t0464,four_talker,-6,whether,0,0,0
t0464,four_talker,-3,operated,0,0,0
t0464,four_talker,0,operated,0,0,0
t0464,four_talker,3,operated,0,0,0
t0464,babble,-9,radio,0,0,0
t0464,babble,-6,radio,0,0,0
t0464,babble,-3,operated,0,0,0
t0464,babble,0,operated,0,0,0
t0464,babble,3,operated,0,0,0
t0464,issn,-9,green,0,0,0
t0464,issn,-6,great,0,0,0
t0464,issn,-3,created,1,0,0
t0464,issn,0,created,1,0,0
t0464,issn,3,created,1,0,0
t0465,no_distractor,inf,don't,1,0,0
t0465,one_same,-9,being,0,1,1
t0465,one_same,-6,being,0,1,1
t0465,one_same,-3,games,0,0,0
t0465,one_same,0,dance,0,0,0
t0465,one_same,3,windows,0,0,0
t0465,one_diff,-9,lives,0,0,0
t0465,one_diff,-6,lives,0,0,0
t0465,one_diff,-3,don't,1,0,0
t0465,one_diff,0,don't,1,0,0
t0465,one_diff,3,don't,1,0,0
t0465,two_talker,-9,makes,0,0,0
t0465,two_talker,-6,lives,0,0,0
t0465,two_talker,-3,there's,0,0,0
t0465,two_talker,0,there's,0,0,0
t0465,two_talker,3,there's,0,0,0
t0465,four_talker,-9,later,0,0,0
t0465,four_talker,-6,windows,0,0,0
t0465,four_talker,-3,windows,0,0,0
t0465,four_talker,0,windows,0,0,0
t0465,four_talker,3,don't,1,0,0
t0465,babble,-9,while,0,0,0
t0465,babble,-6,while,0,0,0
t0465,babble,-3,worked,0,0,0
t0465,babble,0,don't,1,0,0
t0465,babble,3,don't,1,0,0
t0465,issn,-9,better,0,0,0
t0465,issn,-6,their,0,0,0
t0465,issn,-3,either,0,0,0
t0465,issn,0,either,0,0,0
t0465,issn,3,either,0,0,0
t0466,no_distractor,inf,popular,1,0,0
t0466,one_same,-9,without,0,0,0
t0466,one_same,-6,without,0,0,0
t0466,one_same,-3,without,0,0,0
t0466,one_same,0,without,0,0,0
t0466,one_same,3,without,0,0,0
t0466,one_diff,-9,female,0,0,0
t0466,one_diff,-6,female,0,0,0
t0466,one_diff,-3,cannot,0,0,0
t0466,one_diff,0,popular,1,0,0
t0466,one_diff,3,popular,1,0,0
t0466,two_talker,-9,personal,0,0,0
t0466,two_talker,-6,cannot,0,0,0
t0466,two_talker,-3,should,0,0,0
t0466,two_talker,0,should,0,0,0
t0466,two_talker,3,should,0,0,0
t0466,four_talker,-9,released,0,0,0
t0466,four_talker,-6,should,0,0,0
t0466,four_talker,-3,should,0,0,0
t0466,four_talker,0,stood,0,0,0
t0466,four_talker,3,stood,0,0,0
t0466,babble,-9,matter,0,1,1
t0466,babble,-6,primarily,0,0,0
t0466,babble,-3,primarily,0,0,0
t0466,babble,0,remember,0,0,0
t0466,babble,3,without,0,0,0
t0466,issn,-9,border,0,0,0
t0466,issn,-6,border,0,0,0
t0466,issn,-3,without,0,0,0
t0466,issn,0,without,0,0,0
t0466,issn,3,without,0,0,0
t0467,no_distractor,inf,seemed,1,0,0
t0467,one_same,-9,seemed,1,0,0
t0467,one_same,-6,seemed,1,0,0
t0467,one_same,-3,seemed,1,0,0
t0467,one_same,0,seemed,1,0,0
t0467,one_same,3,seemed,1,0,0
t0467,one_diff,-9,called,0,1,1
t0467,one_diff,-6,called,0,1,1
t0467,one_diff,-3,called,0,1,1
t0467,one_diff,0,can't,0,0,0
t0467,one_diff,3,can't,0,0,0
t0467,two_talker,-9,considered,0,0,0
t0467,two_talker,-6,considered,0,0,0
t0467,two_talker,-3,can't,0,0,0
t0467,two_talker,0,seemed,1,0,0
t0467,two_talker,3,seemed,1,0,0
t0467,four_talker,-9,house,0,0,0
t0467,four_talker,-6,caused,0,0,0
t0467,four_talker,-3,because,0,0,0
t0467,four_talker,0,seemed,1,0,0
t0467,four_talker,3,seemed,1,0,0
t0467,babble,-9,because,0,0,0
t0467,babble,-6,across,0,0,0
t0467,babble,-3,because,0,0,0
t0467,babble,0,seemed,1,0,0
t0467,babble,3,seemed,1,0,0
t0467,issn,-9,remained,0,0,0
t0467,issn,-6,remained,0,0,0
t0467,issn,-3,remained,0,0,0
t0467,issn,0,within,0,0,0
t0467,issn,3,everything,0,0,0
t0468,no_distractor,inf,earth,1,0,0
t0468,one_same,-9,coast,0,0,0
t0468,one_same,-6,terms,0,0,0
t0468,one_same,-3,terms,0,0,0
t0468,one_same,0,earth,1,0,0
t0468,one_same,3,earth,1,0,0
t0468,one_diff,-9,added,0,0,0
t0468,one_diff,-6,added,0,0,0
t0468,one_diff,-3,artist,0,0,0
t0468,one_diff,0,earth,1,0,0
t0468,one_diff,3,earth,1,0,0
t0468,two_talker,-9,times,0,0,0
t0468,two_talker,-6,earth,1,0,0
t0468,two_talker,-3,earth,1,0,0
t0468,two_talker,0,earth,1,0,0
t0468,two_talker,3,earth,1,0,0
t0468,four_talker,-9,mountain,0,0,0
t0468,four_talker,-6,mountain,0,0,0
t0468,four_talker,-3,mountain,0,0,0
t0468,four_talker,0,mountain,0,0,0
t0468,four_talker,3,artist,0,0,0
t0468,babble,-9,might,0,0,0
t0468,babble,-6,light,0,0,0
t0468,babble,-3,light,0,0,0
t0468,babble,0,house,0,0,0
t0468,babble,3,house,0,0,0
t0468,issn,-9,support,0,0,0
t0468,issn,-6,support,0,0,0
t0468,issn,-3,support,0,0,0
t0468,issn,0,health,0,0,0
t0468,issn,3,health,0,0,0
t0469,no_distractor,inf,about,1,0,0
t0469,one_same,-9,international,0,1,1
t0469,one_same,-6,international,0,1,1
t0469,one_same,-3,international,0,1,1
t0469,one_same,0,south,0,0,0
t0469,one_same,3,south,0,0,0
t0469,one_diff,-9,about,1,0,0
t0469,one_diff,-6,about,1,0,0
t0469,one_diff,-3,about,1,0,0
t0469,one_diff,0,about,1,0,0
t0469,one_diff,3,about,1,0,0
t0469,two_talker,-9,national,0,0,0
t0469,two_talker,-6,national,0,0,0
t0469,two_talker,-3,about,1,0,0
t0469,two_talker,0,about,1,0,0
t0469,two_talker,3,about,1,0,0
t0469,four_talker,-9,class,0,0,0
t0469,four_talker,-6,class,0,0,0
t0469,four_talker,-3,class,0,0,0
t0469,four_talker,0,class,0,0,0
t0469,four_talker,3,cross,0,0,0
t0469,babble,-9,health,0,0,0
t0469,babble,-6,health,0,0,0
t0469,babble,-3,south,0,0,0
t0469,babble,0,south,0,0,0
t0469,babble,3,south,0,0,0
t0469,issn,-9,phone,0,0,0
t0469,issn,-6,phone,0,0,0
t0469,issn,-3,found,0,0,0
t0469,issn,0,that's,0,0,0
t0469,issn,3,that's,0,0,0
t0470,no_distractor,inf,hundred,1,0,0
t0470,one_same,-9,group,0,0,0
t0470,one_same,-6,hundred,1,0,0
t0470,one_same,-3,hundred,1,0,0
t0470,one_same,0,hundred,1,0,0
t0470,one_same,3,hundred,1,0,0
t0470,one_diff,-9,reached,0,0,0
t0470,one_diff,-6,would,0,0,0
t0470,one_diff,-3,would,0,0,0
t0470,one_diff,0,hundred,1,0,0
t0470,one_diff,3,hundred,1,0,0
t0470,two_talker,-9,reached,0,0,0
t0470,two_talker,-6,reached,0,0,0
t0470,two_talker,-3,needs,0,0,0
t0470,two_talker,0,needs,0,0,0
t0470,two_talker,3,hundred,1,0,0
t0470,four_talker,-9,leave,0,0,0
t0470,four_talker,-6,leave,0,0,0
t0470,four_talker,-3,leave,0,0,0
t0470,four_talker,0,leave,0,0,0
t0470,four_talker,3,hundred,1,0,0
t0470,babble,-9,royal,0,0,0
t0470,babble,-6,miles,0,0,0
t0470,babble,-3,hundred,1,0,0
t0470,babble,0,hundred,1,0,0
t0470,babble,3,hundred,1,0,0
t0470,issn,-9,meaning,0,0,0
t0470,issn,-6,meaning,0,0,0
t0470,issn,-3,hundred,1,0,0
t0470,issn,0,hundred,1,0,0
t0470,issn,3,hundred,1,0,0
t0471,no_distractor,inf,means,1,0,0
t0471,one_same,-9,entire,0,1,1
t0471,one_same,-6,entire,0,1,1
t0471,one_same,-3,entire,0,1,1
t0471,one_same,0,entire,0,1,1
t0471,one_same,3,entire,0,1,1
t0471,one_diff,-9,needs,0,0,0
t0471,one_diff,-6,needs,0,0,0
t0471,one_diff,-3,needs,0,0,0
t0471,one_diff,0,needs,0,0,0
t0471,one_diff,3,needs,0,0,0
t0471,two_talker,-9,entire,0,1,1
t0471,two_talker,-6,entire,0,1,1
t0471,two_talker,-3,entire,0,1,1
t0471,two_talker,0,entire,0,1,1
t0471,two_talker,3,indian,0,0,0
t0471,four_talker,-9,parts,0,0,0
t0471,four_talker,-6,offer,0,0,0
t0471,four_talker,-3,author,0,0,0
t0471,four_talker,0,means,1,0,0
t0471,four_talker,3,means,1,0,0
t0471,babble,-9,minor,0,0,0
t0471,babble,-6,former,0,0,0
t0471,babble,-3,provide,0,0,0
t0471,babble,0,forms,0,0,0
t0471,babble,3,means,1,0,0
t0471,issn,-9,means,1,0,0
t0471,issn,-6,means,1,0,0
t0471,issn,-3,means,1,0,0
t0471,issn,0,means,1,0,0
t0471,issn,3,means,1,0,0
t0472,no_distractor,inf,means,1,0,0
t0472,one_same,-9,needs,0,0,0
t0472,one_same,-6,needs,0,0,0
t0472,one_same,-3,means,1,0,0
t0472,one_same,0,means,1,0,0
t0472,one_same,3,means,1,0,0
t0472,one_diff,-9,plays,0,0,0
t0472,one_diff,-6,plays,0,0,0
t0472,one_diff,-3,makes,0,0,0
t0472,one_diff,0,makes,0,0,0
t0472,one_diff,3,means,1,0,0
t0472,two_talker,-9,makes,0,0,0
t0472,two_talker,-6,makes,0,0,0
t0472,two_talker,-3,makes,0,0,0
t0472,two_talker,0,means,1,0,0
t0472,two_talker,3,means,1,0,0
t0472,four_talker,-9,that's,0,0,0
t0472,four_talker,-6,needs,0,0,0
t0472,four_talker,-3,needs,0,0,0
t0472,four_talker,0,needs,0,0,0
t0472,four_talker,3,means,1,0,0
t0472,babble,-9,which,0,0,0
t0472,babble,-6,these,0,0,0
t0472,babble,-3,these,0,0,0
t0472,babble,0,these,0,0,0
t0472,babble,3,needs,0,0,0
t0472,issn,-9,events,0,0,0
t0472,issn,-6,events,0,0,0
t0472,issn,-3,needs,0,0,0
t0472,issn,0,means,1,0,0
t0472,issn,3,means,1,0,0
t0473,no_distractor,inf,every,1,0,0
t0473,one_same,-9,successful,0,0,0
t0473,one_same,-6,subsequently,0,0,0
t0473,one_same,-3,subsequently,0,0,0
t0473,one_same,0,subsequently,0,0,0
t0473,one_same,3,associated,0,0,0
t0473,one_diff,-9,every,1,0,0
t0473,one_diff,-6,every,1,0,0
t0473,one_diff,-3,every,1,0,0
t0473,one_diff,0,every,1,0,0
t0473,one_diff,3,every,1,0,0
t0473,two_talker,-9,associated,0,0,0
t0473,two_talker,-6,associated,0,0,0
t0473,two_talker,-3,associated,0,0,0
t0473,two_talker,0,associated,0,0,0
t0473,two_talker,3,associated,0,0,0
t0473,four_talker,-9,success,0,1,1
t0473,four_talker,-6,success,0,1,1
t0473,four_talker,-3,success,0,1,1
t0473,four_talker,0,eight,0,0,0
t0473,four_talker,3,eight,0,0,0
t0473,babble,-9,success,0,1,1
t0473,babble,-6,failed,0,0,0
t0473,babble,-3,failed,0,0,0
t0473,babble,0,failed,0,0,0
t0473,babble,3,eight,0,0,0
t0473,issn,-9,hands,0,0,0
t0473,issn,-6,hands,0,0,0
t0473,issn,-3,hands,0,0,0
t0473,issn,0,every,1,0,0
t0473,issn,3,every,1,0,0
t0474,no_distractor,inf,native,0,0,0
t0474,one_same,-9,eight,0,0,0
t0474,one_same,-6,native,0,0,0
t0474,one_same,-3,native,0,0,0
t0474,one_same,0,native,0,0,0
t0474,one_same,3,native,0,0,0
t0474,one_diff,-9,contains,0,0,0
t0474,one_diff,-6,entered,0,0,0
t0474,one_diff,-3,native,0,0,0
t0474,one_diff,0,native,0,0,0
t0474,one_diff,3,native,0,0,0
t0474,two_talker,-9,active,0,0,0
t0474,two_talker,-6,native,0,0,0
t0474,two_talker,-3,native,0,0,0
t0474,two_talker,0,native,0,0,0
t0474,two_talker,3,native,0,0,0
t0474,four_talker,-9,bridge,0,0,0
t0474,four_talker,-6,added,0,0,0
t0474,four_talker,-3,related,0,0,0
t0474,four_talker,0,related,0,0,0
t0474,four_talker,3,native,0,0,0
t0474,babble,-9,higher,0,0,0
t0474,babble,-6,higher,0,0,0
t0474,babble,-3,added,0,0,0
t0474,babble,0,added,0,0,0
t0474,babble,3,added,0,0,0
t0474,issn,-9,london,0,0,0
t0474,issn,-6,department,0,0,0
t0474,issn,-3,department,0,0,0
t0474,issn,0,department,0,0,0
t0474,issn,3,native,0,0,0
t0475,no_distractor,inf,after,1,0,0
t0475,one_same,-9,field,0,0,0
t0475,one_same,-6,field,0,0,0
t0475,one_same,-3,field,0,0,0
t0475,one_same,0,after,1,0,0
t0475,one_same,3,after,1,0,0
t0475,one_diff,-9,after,1,0,0
t0475,one_diff,-6,after,1,0,0
t0475,one_diff,-3,after,1,0,0
t0475,one_diff,0,after,1,0,0
t0475,one_diff,3,after,1,0,0
t0475,two_talker,-9,featured,0,0,0
t0475,two_talker,-6,featured,0,0,0
t0475,two_talker,-3,featured,0,0,0
t0475,two_talker,0,after,1,0,0
t0475,two_talker,3,after,1,0,0
t0475,four_talker,-9,completed,0,0,0
t0475,four_talker,-6,offered,0,0,0
t0475,four_talker,-3,often,0,0,0
t0475,four_talker,0,after,1,0,0
t0475,four_talker,3,after,1,0,0
t0475,babble,-9,species,0,0,0
t0475,babble,-6,office,0,0,0
t0475,babble,-3,often,0,0,0
t0475,babble,0,after,1,0,0
t0475,babble,3,after,1,0,0
t0475,issn,-9,hospital,0,0,0
t0475,issn,-6,upper,0,0,0
t0475,issn,-3,africa,0,0,0
t0475,issn,0,africa,0,0,0
t0475,issn,3,africa,0,0,0
t0476,no_distractor,inf,death,0,0,0
t0476,one_same,-9,certain,0,1,1
t0476,one_same,-6,doesn't,0,0,0
t0476,one_same,-3,doesn't,0,0,0
t0476,one_same,0,doesn't,0,0,0
t0476,one_same,3,better,0,0,0
t0476,one_diff,-9,didn't,0,0,0
t0476,one_diff,-6,given,0,0,0
t0476,one_diff,-3,significant,0,0,0
t0476,one_diff,0,their,1,0,0
t0476,one_diff,3,their,1,0,0
t0476,two_talker,-9,let's,0,0,0
t0476,two_talker,-6,considered,0,0,0
t0476,two_talker,-3,considered,0,0,0
t0476,two_talker,0,significant,0,0,0
t0476,two_talker,3,significant,0,0,0
t0476,four_talker,-9,possible,0,0,0
t0476,four_talker,-6,possible,0,0,0
t0476,four_talker,-3,possible,0,0,0
t0476,four_talker,0,hospital,0,0,0
t0476,four_talker,3,hospital,0,0,0
t0476,babble,-9,possible,0,0,0
t0476,babble,-6,possible,0,0,0
t0476,babble,-3,possible,0,0,0
t0476,babble,0,possible,0,0,0
t0476,babble,3,hospital,0,0,0
t0476,issn,-9,hospital,0,0,0
t0476,issn,-6,hospital,0,0,0
t0476,issn,-3,began,0,0,0
t0476,issn,0,began,0,0,0
t0476,issn,3,began,0,0,0
t0477,no_distractor,inf,there,1,0,0
t0477,one_same,-9,offer,0,1,1
t0477,one_same,-6,offer,0,1,1
t0477,one_same,-3,offer,0,1,1
t0477,one_same,0,offer,0,1,1
t0477,one_same,3,author,0,0,0
t0477,one_diff,-9,almost,0,1,1
t0477,one_diff,-6,almost,0,1,1
t0477,one_diff,-3,almost,0,1,1
t0477,one_diff,0,almost,0,1,1
t0477,one_diff,3,almost,0,1,1
t0477,two_talker,-9,offers,0,0,0
t0477,two_talker,-6,offers,0,0,0
t0477,two_talker,-3,others,0,0,0
t0477,two_talker,0,others,0,0,0
t0477,two_talker,3,almost,0,1,1
t0477,four_talker,-9,almost,0,1,1
t0477,four_talker,-6,almost,0,1,1
t0477,four_talker,-3,almost,0,1,1
t0477,four_talker,0,longer,0,0,0
t0477,four_talker,3,smaller,0,0,0
t0477,babble,-9,don't,0,0,0
t0477,babble,-6,offers,0,0,0
t0477,babble,-3,doctor,0,1,1
t0477,babble,0,doctor,0,1,1
t0477,babble,3,daughter,0,0,0
t0477,issn,-9,married,0,0,0
t0477,issn,-6,related,0,0,0
t0477,issn,-3,marriage,0,0,0
t0477,issn,0,marriage,0,0,0
t0477,issn,3,america,0,0,0
t0478,no_distractor,inf,larger,0,0,0
t0478,one_same,-9,cemetery,0,1,1
t0478,one_same,-6,cemetery,0,1,1
t0478,one_same,-3,cemetery,0,1,1
t0478,one_same,0,country,0,0,0
t0478,one_same,3,country,0,0,0
t0478,one_diff,-9,until,1,0,0
t0478,one_diff,-6,continued,0,0,0
t0478,one_diff,-3,continued,0,0,0
t0478,one_diff,0,continued,0,0,0
t0478,one_diff,3,continued,0,0,0
t0478,two_talker,-9,country,0,0,0
t0478,two_talker,-6,country,0,0,0
t0478,two_talker,-3,country,0,0,0
t0478,two_talker,0,country,0,0,0
t0478,two_talker,3,country,0,0,0
t0478,four_talker,-9,buildings,0,0,0
t0478,four_talker,-6,business,0,0,0
t0478,four_talker,-3,consists,0,0,0
t0478,four_talker,0,consists,0,0,0
t0478,four_talker,3,since,0,0,0
t0478,babble,-9,systems,0,0,0
t0478,babble,-6,consists,0,0,0
t0478,babble,-3,consists,0,0,0
t0478,babble,0,consists,0,0,0
t0478,babble,3,since,0,0,0
t0478,issn,-9,lower,0,0,0
t0478,issn,-6,children,0,0,0
t0478,issn,-3,children,0,0,0
t0478,issn,0,junior,0,0,0
t0478,issn,3,junior,0,0,0
t0479,no_distractor,inf,people,1,0,0
t0479,one_same,-9,doctor,0,1,1
t0479,one_same,-6,doctor,0,1,1
t0479,one_same,-3,doctor,0,1,1
t0479,one_same,0,doctor,0,1,1
t0479,one_same,3,doctor,0,1,1
t0479,one_diff,-9,created,0,0,0
t0479,one_diff,-6,created,0,0,0
t0479,one_diff,-3,created,0,0,0
t0479,one_diff,0,created,0,0,0
t0479,one_diff,3,table,0,0,0
t0479,two_talker,-9,doctor,0,1,1
t0479,two_talker,-6,doctor,0,1,1
t0479,two_talker,-3,doctor,0,1,1
t0479,two_talker,0,doctor,0,1,1
t0479,two_talker,3,doctor,0,1,1
t0479,four_talker,-9,notable,0,0,0
t0479,four_talker,-6,other,0,0,0
t0479,four_talker,-3,other,0,0,0
t0479,four_talker,0,doctor,0,1,1
t0479,four_talker,3,doctor,0,1,1
t0479,babble,-9,robert,0,0,0
t0479,babble,-6,robert,0,0,0
t0479,babble,-3,robert,0,0,0
t0479,babble,0,daughter,0,0,0
t0479,babble,3,daughter,0,0,0
t0479,issn,-9,years,0,0,0
t0479,issn,-6,creek,0,0,0
t0479,issn,-3,creek,0,0,0
t0479,issn,0,creek,0,0,0
t0479,issn,3,paper,0,0,0
t0480,no_distractor,inf,since,1,0,0
t0480,one_same,-9,without,0,0,0
t0480,one_same,-6,without,0,0,0
t0480,one_same,-3,since,1,0,0
t0480,one_same,0,since,1,0,0
t0480,one_same,3,since,1,0,0
t0480,one_diff,-9,board,0,1,1
t0480,one_diff,-6,board,0,1,1
t0480,one_diff,-3,board,0,1,1
t0480,one_diff,0,board,0,1,1
t0480,one_diff,3,board,0,1,1
t0480,two_talker,-9,without,0,0,0
t0480,two_talker,-6,without,0,0,0
t0480,two_talker,-3,without,0,0,0
t0480,two_talker,0,without,0,0,0
t0480,two_talker,3,without,0,0,0
t0480,four_talker,-9,distance,0,0,0
t0480,four_talker,-6,distance,0,0,0
t0480,four_talker,-3,distance,0,0,0
t0480,four_talker,0,distance,0,0,0
t0480,four_talker,3,distance,0,0,0
t0480,babble,-9,business,0,0,0
t0480,babble,-6,business,0,0,0
t0480,babble,-3,business,0,0,0
t0480,babble,0,business,0,0,0
t0480,babble,3,business,0,0,0
t0480,issn,-9,exist,0,0,0
t0480,issn,-6,exist,0,0,0
t0480,issn,-3,exist,0,0,0
t0480,issn,0,source,0,0,0
t0480,issn,3,serves,0,0,0
t0481,no_distractor,inf,seven,1,0,0
t0481,one_same,-9,seven,1,0,0
t0481,one_same,-6,seven,1,0,0
t0481,one_same,-3,seven,1,0,0
t0481,one_same,0,seven,1,0,0
t0481,one_same,3,seven,1,0,0
t0481,one_diff,-9,seven,1,0,0
t0481,one_diff,-6,seven,1,0,0
t0481,one_diff,-3,seven,1,0,0
t0481,one_diff,0,seven,1,0,0
t0481,one_diff,3,seven,1,0,0
t0481,two_talker,-9,seven,1,0,0
t0481,two_talker,-6,seven,1,0,0
t0481,two_talker,-3,seven,1,0,0
t0481,two_talker,0,seven,1,0,0
t0481,two_talker,3,seven,1,0,0
t0481,four_talker,-9,seven,1,0,0
t0481,four_talker,-6,seven,1,0,0
t0481,four_talker,-3,seven,1,0,0
t0481,four_talker,0,seven,1,0,0
t0481,four_talker,3,seven,1,0,0
t0481,babble,-9,seven,1,0,0
t0481,babble,-6,seven,1,0,0
t0481,babble,-3,seven,1,0,0
t0481,babble,0,seven,1,0,0
t0481,babble,3,seven,1,0,0
t0481,issn,-9,seven,1,0,0
t0481,issn,-6,seven,1,0,0
t0481,issn,-3,seven,1,0,0
t0481,issn,0,seven,1,0,0
t0481,issn,3,seven,1,0,0
t0482,no_distractor,inf,three,1,0,0
t0482,one_same,-9,three,1,0,0
t0482,one_same,-6,three,1,0,0
t0482,one_same,-3,three,1,0,0
t0482,one_same,0,three,1,0,0
t0482,one_same,3,three,1,0,0
t0482,one_diff,-9,valley,0,0,0
t0482,one_diff,-6,valley,0,0,0
t0482,one_diff,-3,following,0,0,0
t0482,one_diff,0,three,1,0,0
t0482,one_diff,3,three,1,0,0
t0482,two_talker,-9,three,1,0,0
t0482,two_talker,-6,three,1,0,0
t0482,two_talker,-3,three,1,0,0
t0482,two_talker,0,three,1,0,0
t0482,two_talker,3,three,1,0,0
t0482,four_talker,-9,three,1,0,0
t0482,four_talker,-6,three,1,0,0
t0482,four_talker,-3,green,0,0,0
t0482,four_talker,0,three,1,0,0
t0482,four_talker,3,three,1,0,0
t0482,babble,-9,raised,0,0,0
t0482,babble,-6,green,0,0,0
t0482,babble,-3,green,0,0,0
t0482,babble,0,three,1,0,0
t0482,babble,3,three,1,0,0
t0482,issn,-9,three,1,0,0
t0482,issn,-6,three,1,0,0
t0482,issn,-3,three,1,0,0
t0482,issn,0,three,1,0,0
t0482,issn,3,three,1,0,0
t0483,no_distractor,inf,close,1,0,0
t0483,one_same,-9,similar,0,0,0
t0483,one_same,-6,similar,0,0,0
t0483,one_same,-3,since,0,0,0
t0483,one_same,0,since,0,0,0
t0483,one_same,3,close,1,0,0
t0483,one_diff,-9,close,1,0,0
t0483,one_diff,-6,close,1,0,0
t0483,one_diff,-3,close,1,0,0
t0483,one_diff,0,close,1,0,0
t0483,one_diff,3,close,1,0,0
t0483,two_talker,-9,similar,0,0,0
t0483,two_talker,-6,similar,0,0,0
t0483,two_talker,-3,since,0,0,0
t0483,two_talker,0,since,0,0,0
t0483,two_talker,3,since,0,0,0
t0483,four_talker,-9,forest,0,0,0
t0483,four_talker,-6,forest,0,0,0
t0483,four_talker,-3,placed,0,0,0
t0483,four_talker,0,placed,0,0,0
t0483,four_talker,3,close,1,0,0
t0483,babble,-9,board,0,0,0
t0483,babble,-6,floor,0,0,0
t0483,babble,-3,floor,0,0,0
t0483,babble,0,close,1,0,0
t0483,babble,3,close,1,0,0
t0483,issn,-9,trees,0,0,0
t0483,issn,-6,trees,0,0,0
t0483,issn,-3,trees,0,0,0
t0483,issn,0,close,1,0,0
t0483,issn,3,close,1,0,0
t0484,no_distractor,inf,information,1,0,0
t0484,one_same,-9,information,1,0,0
t0484,one_same,-6,information,1,0,0
t0484,one_same,-3,information,1,0,0
t0484,one_same,0,information,1,0,0
t0484,one_same,3,information,1,0,0
t0484,one_diff,-9,function,0,0,0
t0484,one_diff,-6,information,1,0,0
t0484,one_diff,-3,information,1,0,0
t0484,one_diff,0,information,1,0,0
t0484,one_diff,3,information,1,0,0
t0484,two_talker,-9,information,1,0,0
t0484,two_talker,-6,information,1,0,0
t0484,two_talker,-3,information,1,0,0
t0484,two_talker,0,information,1,0,0
t0484,two_talker,3,information,1,0,0
t0484,four_talker,-9,information,1,0,0
t0484,four_talker,-6,information,1,0,0
t0484,four_talker,-3,information,1,0,0
t0484,four_talker,0,information,1,0,0
t0484,four_talker,3,information,1,0,0
t0484,babble,-9,finished,0,0,0
t0484,babble,-6,finished,0,0,0
t0484,babble,-3,information,1,0,0
t0484,babble,0,information,1,0,0
t0484,babble,3,information,1,0,0
t0484,issn,-9,population,0,0,0
t0484,issn,-6,information,1,0,0
t0484,issn,-3,information,1,0,0
t0484,issn,0,information,1,0,0
t0484,issn,3,information,1,0,0
t0485,no_distractor,inf,anything,1,0,0
t0485,one_same,-9,anything,1,0,0
t0485,one_same,-6,anything,1,0,0
t0485,one_same,-3,anything,1,0,0
t0485,one_same,0,anything,1,0,0
t0485,one_same,3,anything,1,0,0
t0485,one_diff,-9,brown,0,0,0
t0485,one_diff,-6,brown,0,0,0
t0485,one_diff,-3,brown,0,0,0
t0485,one_diff,0,brown,0,0,0
t0485,one_diff,3,anything,1,0,0
t0485,two_talker,-9,brown,0,0,0
t0485,two_talker,-6,brown,0,0,0
t0485,two_talker,-3,brown,0,0,0
t0485,two_talker,0,brown,0,0,0
t0485,two_talker,3,anything,1,0,0
t0485,four_talker,-9,world,0,1,1
t0485,four_talker,-6,world,0,1,1
t0485,four_talker,-3,working,0,0,0
t0485,four_talker,0,anything,1,0,0
t0485,four_talker,3,anything,1,0,0
t0485,babble,-9,islands,0,0,0
t0485,babble,-6,islands,0,0,0
t0485,babble,-3,earlier,0,0,0
t0485,babble,0,anything,1,0,0
t0485,babble,3,anything,1,0,0
t0485,issn,-9,india,0,0,0
t0485,issn,-6,hands,0,0,0
t0485,issn,-3,anything,1,0,0
t0485,issn,0,anything,1,0,0
t0485,issn,3,anything,1,0,0
t0486,no_distractor,inf,twice,1,0,0
t0486,one_same,-9,country,0,1,1
t0486,one_same,-6,countries,0,0,0
t0486,one_same,-3,countries,0,0,0
t0486,one_same,0,countries,0,0,0
t0486,one_same,3,countries,0,0,0
t0486,one_diff,-9,forest,0,0,0
t0486,one_diff,-6,forest,0,0,0
t0486,one_diff,-3,forest,0,0,0
t0486,one_diff,0,twice,1,0,0
t0486,one_diff,3,twice,1,0,0
t0486,two_talker,-9,country,0,1,1
t0486,two_talker,-6,country,0,1,1
t0486,two_talker,-3,country,0,1,1
t0486,two_talker,0,cause,0,0,0
t0486,two_talker,3,class,0,0,0
t0486,four_talker,-9,countries,0,0,0
t0486,four_talker,-6,comes,0,0,0
t0486,four_talker,-3,comes,0,0,0
t0486,four_talker,0,course,0,0,0
t0486,four_talker,3,twice,1,0,0
t0486,babble,-9,cross,0,0,0
t0486,babble,-6,cross,0,0,0
t0486,babble,-3,cross,0,0,0
t0486,babble,0,course,0,0,0
t0486,babble,3,twice,1,0,0
t0486,issn,-9,awards,0,0,0
t0486,issn,-6,awards,0,0,0
t0486,issn,-3,large,0,0,0
t0486,issn,0,works,0,0,0
t0486,issn,3,twice,1,0,0
t0487,no_distractor,inf,fourth,1,0,0
t0487,one_same,-9,largest,0,1,1
t0487,one_same,-6,court,0,0,0
t0487,one_same,-3,fourth,1,0,0
t0487,one_same,0,before,0,0,0
t0487,one_same,3,before,0,0,0
t0487,one_diff,-9,fourth,1,0,0
t0487,one_diff,-6,george,0,0,0
t0487,one_diff,-3,george,0,0,0
t0487,one_diff,0,fourth,1,0,0
t0487,one_diff,3,fourth,1,0,0
t0487,two_talker,-9,widely,0,0,0
t0487,two_talker,-6,widely,0,0,0
t0487,two_talker,-3,widely,0,0,0
t0487,two_talker,0,water,0,0,0
t0487,two_talker,3,fourth,1,0,0
t0487,four_talker,-9,royal,0,0,0
t0487,four_talker,-6,royal,0,0,0
t0487,four_talker,-3,royal,0,0,0
t0487,four_talker,0,board,0,0,0
t0487,four_talker,3,fourth,1,0,0
t0487,babble,-9,island,0,0,0
t0487,babble,-6,island,0,0,0
t0487,babble,-3,island,0,0,0
t0487,babble,0,third,0,0,0
t0487,babble,3,fourth,1,0,0
t0487,issn,-9,middle,0,0,0
t0487,issn,-6,football,0,0,0
t0487,issn,-3,george,0,0,0
t0487,issn,0,fourth,1,0,0
t0487,issn,3,fourth,1,0,0
t0488,no_distractor,inf,later,1,0,0
t0488,one_same,-9,above,0,1,1
t0488,one_same,-6,above,0,1,1
t0488,one_same,-3,modern,0,0,0
t0488,one_same,0,modern,0,0,0
t0488,one_same,3,modern,0,0,0
t0488,one_diff,-9,japanese,0,0,0
t0488,one_diff,-6,results,0,0,0
t0488,one_diff,-3,writer,0,0,0
t0488,one_diff,0,writer,0,0,0
t0488,one_diff,3,writer,0,0,0
t0488,two_talker,-9,often,0,0,0
t0488,two_talker,-6,party,0,0,0
t0488,two_talker,-3,party,0,0,0
t0488,two_talker,0,parts,0,0,0
t0488,two_talker,3,parts,0,0,0
t0488,four_talker,-9,parts,0,0,0
t0488,four_talker,-6,large,0,0,0
t0488,four_talker,-3,large,0,0,0
t0488,four_talker,0,large,0,0,0
t0488,four_talker,3,large,0,0,0
t0488,babble,-9,described,0,0,0
t0488,babble,-6,described,0,0,0
t0488,babble,-3,large,0,0,0
t0488,babble,0,charge,0,0,0
t0488,babble,3,search,0,0,0
t0488,issn,-9,mainly,0,0,0
t0488,issn,-6,video,0,0,0
t0488,issn,-3,later,1,0,0
t0488,issn,0,later,1,0,0
t0488,issn,3,later,1,0,0
t0489,no_distractor,inf,second,1,0,0
t0489,one_same,-9,program,0,1,1
t0489,one_same,-6,program,0,1,1
t0489,one_same,-3,would,0,0,0
t0489,one_same,0,supported,0,0,0
t0489,one_same,3,supported,0,0,0
t0489,one_diff,-9,originally,0,1,1
t0489,one_diff,-6,originally,0,1,1
t0489,one_diff,-3,originally,0,1,1
t0489,one_diff,0,originally,0,1,1
t0489,one_diff,3,originally,0,1,1
t0489,two_talker,-9,originally,0,1,1
t0489,two_talker,-6,originally,0,1,1
t0489,two_talker,-3,called,0,0,0
t0489,two_talker,0,simple,0,0,0
t0489,two_talker,3,simple,0,0,0
t0489,four_talker,-9,museum,0,0,0
t0489,four_talker,-6,using,0,0,0
t0489,four_talker,-3,using,0,0,0
t0489,four_talker,0,using,0,0,0
t0489,four_talker,3,single,0,0,0
t0489,babble,-9,position,0,0,0
t0489,babble,-6,position,0,0,0
t0489,babble,-3,position,0,0,0
t0489,babble,0,position,0,0,0
t0489,babble,3,position,0,0,0
t0489,issn,-9,received,0,0,0
t0489,issn,-6,received,0,0,0
t0489,issn,-3,received,0,0,0
t0489,issn,0,received,0,0,0
t0489,issn,3,second,1,0,0
t0490,no_distractor,inf,director,0,0,0
t0490,one_same,-9,direction,0,1,1
t0490,one_same,-6,director,0,0,0
t0490,one_same,-3,director,0,0,0
t0490,one_same,0,director,0,0,0
t0490,one_same,3,director,0,0,0
t0490,one_diff,-9,character,0,0,0
t0490,one_diff,-6,character,0,0,0
t0490,one_diff,-3,character,0,0,0
t0490,one_diff,0,majority,0,0,0
t0490,one_diff,3,killed,0,0,0
t0490,two_talker,-9,election,0,0,0
t0490,two_talker,-6,election,0,0,0
t0490,two_talker,-3,richard,0,0,0
t0490,two_talker,0,killed,0,0,0
t0490,two_talker,3,director,0,0,0
t0490,four_talker,-9,originally,0,0,0
t0490,four_talker,-6,originally,0,0,0
t0490,four_talker,-3,generally,0,1,1
t0490,four_talker,0,generally,0,1,1
t0490,four_talker,3,human,0,0,0
t0490,babble,-9,season,0,0,0
t0490,babble,-6,using,0,0,0
t0490,babble,-3,european,0,0,0
t0490,babble,0,european,0,0,0
t0490,babble,3,human,0,0,0
t0490,issn,-9,number,0,0,0
t0490,issn,-6,number,0,0,0
t0490,issn,-3,television,0,0,0
t0490,issn,0,television,0,0,0
t0490,issn,3,yellow,0,0,0
t0491,no_distractor,inf,season,1,0,0
t0491,one_same,-9,season,1,0,0
t0491,one_same,-6,season,1,0,0
t0491,one_same,-3,season,1,0,0
t0491,one_same,0,season,1,0,0
t0491,one_same,3,season,1,0,0
t0491,one_diff,-9,season,1,0,0
t0491,one_diff,-6,season,1,0,0
t0491,one_diff,-3,season,1,0,0
t0491,one_diff,0,season,1,0,0
t0491,one_diff,3,season,1,0,0
t0491,two_talker,-9,season,1,0,0
t0491,two_talker,-6,season,1,0,0
t0491,two_talker,-3,season,1,0,0
t0491,two_talker,0,season,1,0,0
t0491,two_talker,3,season,1,0,0
t0491,four_talker,-9,season,1,0,0
t0491,four_talker,-6,season,1,0,0
t0491,four_talker,-3,season,1,0,0
t0491,four_talker,0,season,1,0,0
t0491,four_talker,3,season,1,0,0
t0491,babble,-9,exist,0,0,0
t0491,babble,-6,season,1,0,0
t0491,babble,-3,season,1,0,0
t0491,babble,0,season,1,0,0
t0491,babble,3,season,1,0,0
t0491,issn,-9,season,1,0,0
t0491,issn,-6,season,1,0,0
t0491,issn,-3,season,1,0,0
t0491,issn,0,season,1,0,0
t0491,issn,3,season,1,0,0
t0492,no_distractor,inf,again,1,0,0
t0492,one_same,-9,getting,0,0,0
t0492,one_same,-6,getting,0,0,0
t0492,one_same,-3,again,1,0,0
t0492,one_same,0,again,1,0,0
t0492,one_same,3,again,1,0,0
t0492,one_diff,-9,getting,0,0,0
t0492,one_diff,-6,getting,0,0,0
t0492,one_diff,-3,getting,0,0,0
t0492,one_diff,0,again,1,0,0
t0492,one_diff,3,again,1,0,0
t0492,two_talker,-9,getting,0,0,0
t0492,two_talker,-6,getting,0,0,0
t0492,two_talker,-3,getting,0,0,0
t0492,two_talker,0,again,1,0,0
t0492,two_talker,3,again,1,0,0
t0492,four_talker,-9,carried,0,0,0
t0492,four_talker,-6,carried,0,0,0
t0492,four_talker,-3,began,0,0,0
t0492,four_talker,0,began,0,0,0
t0492,four_talker,3,again,1,0,0
t0492,babble,-9,distance,0,0,0
t0492,babble,-6,distance,0,0,0
t0492,babble,-3,death,0,0,0
t0492,babble,0,death,0,0,0
t0492,babble,3,their,0,0,0
t0492,issn,-9,again,1,0,0
t0492,issn,-6,together,0,0,0
t0492,issn,-3,again,1,0,0
t0492,issn,0,again,1,0,0
t0492,issn,3,again,1,0,0
t0493,no_distractor,inf,league,1,0,0
t0493,one_same,-9,greek,0,0,0
t0493,one_same,-6,greek,0,0,0
t0493,one_same,-3,greek,0,0,0
t0493,one_same,0,greek,0,0,0
t0493,one_same,3,greek,0,0,0
t0493,one_diff,-9,website,0,0,0
t0493,one_diff,-6,website,0,0,0
t0493,one_diff,-3,would,0,1,1
t0493,one_diff,0,league,1,0,0
t0493,one_diff,3,league,1,0,0
t0493,two_talker,-9,group,0,0,0
t0493,two_talker,-6,greek,0,0,0
t0493,two_talker,-3,greek,0,0,0
t0493,two_talker,0,greek,0,0,0
t0493,two_talker,3,greek,0,0,0
t0493,four_talker,-9,court,0,0,0
t0493,four_talker,-6,court,0,0,0
t0493,four_talker,-3,whole,0,0,0
t0493,four_talker,0,whole,0,0,0
t0493,four_talker,3,historic,0,0,0
t0493,babble,-9,increased,0,0,0
t0493,babble,-6,increased,0,0,0
t0493,babble,-3,police,0,0,0
t0493,babble,0,police,0,0,0
t0493,babble,3,police,0,0,0
t0493,issn,-9,entire,0,0,0
t0493,issn,-6,entire,0,0,0
t0493,issn,-3,entire,0,0,0
t0493,issn,0,green,0,0,0
t0493,issn,3,greek,0,0,0
t0494,no_distractor,inf,center,0,0,0
t0494,one_same,-9,after,0,0,0
t0494,one_same,-6,center,0,0,0
t0494,one_same,-3,center,0,0,0
t0494,one_same,0,center,0,0,0
t0494,one_same,3,center,0,0,0
t0494,one_diff,-9,centre,1,0,0
t0494,one_diff,-6,centre,1,0,0
t0494,one_diff,-3,centre,1,0,0
t0494,one_diff,0,centre,1,0,0
t0494,one_diff,3,center,0,0,0
t0494,two_talker,-9,center,0,0,0
t0494,two_talker,-6,separate,0,0,0
t0494,two_talker,-3,center,0,0,0
t0494,two_talker,0,center,0,0,0
t0494,two_talker,3,center,0,0,0
t0494,four_talker,-9,after,0,0,1
t0494,four_talker,-6,after,0,0,1
t0494,four_talker,-3,after,0,0,1
t0494,four_talker,0,center,0,0,0
t0494,four_talker,3,center,0,0,0
t0494,babble,-9,office,0,0,0
t0494,babble,-6,after,0,0,1
t0494,babble,-3,after,0,0,1
t0494,babble,0,center,0,0,0
t0494,babble,3,center,0,0,0
t0494,issn,-9,that's,0,0,0
t0494,issn,-6,that's,0,0,0
t0494,issn,-3,center,0,0,0
t0494,issn,0,center,0,0,0
t0494,issn,3,center,0,0,0
t0495,no_distractor,inf,district,1,0,0
t0495,one_same,-9,distance,0,0,0
t0495,one_same,-6,distance,0,0,0
t0495,one_same,-3,distance,0,0,0
t0495,one_same,0,desert,0,0,0
t0495,one_same,3,desert,0,0,0
t0495,one_diff,-9,album,0,0,0
t0495,one_diff,-6,album,0,0,0
t0495,one_diff,-3,album,0,0,0
t0495,one_diff,0,district,1,0,0
t0495,one_diff,3,district,1,0,0
t0495,two_talker,-9,island,0,0,0
t0495,two_talker,-6,island,0,0,0
t0495,two_talker,-3,island,0,0,0
t0495,two_talker,0,district,1,0,0
t0495,two_talker,3,district,1,0,0
t0495,four_talker,-9,models,0,0,0
t0495,four_talker,-6,models,0,0,0
t0495,four_talker,-3,available,0,0,0
t0495,four_talker,0,available,0,0,0
t0495,four_talker,3,built,0,1,1
t0495,babble,-9,large,0,0,0
t0495,babble,-6,forest,0,0,0
t0495,babble,-3,forest,0,0,0
t0495,babble,0,forward,0,0,0
t0495,babble,3,district,1,0,0
t0495,issn,-9,america,0,0,0
t0495,issn,-6,america,0,0,0
t0495,issn,-3,river,0,0,0
t0495,issn,0,district,1,0,0
t0495,issn,3,district,1,0,0
t0496,no_distractor,inf,later,1,0,0
t0496,one_same,-9,beach,0,0,0
t0496,one_same,-6,beach,0,0,0
t0496,one_same,-3,makes,0,0,0
t0496,one_same,0,needs,0,0,0
t0496,one_same,3,includes,0,0,0
t0496,one_diff,-9,needed,0,0,0
t0496,one_diff,-6,needed,0,0,0
t0496,one_diff,-3,native,0,0,0
t0496,one_diff,0,native,0,0,0
t0496,one_diff,3,later,1,0,0
t0496,two_talker,-9,mostly,0,0,0
t0496,two_talker,-6,mostly,0,0,0
t0496,two_talker,-3,appears,0,0,0
t0496,two_talker,0,appears,0,0,0
t0496,two_talker,3,lives,0,0,0
t0496,four_talker,-9,south,0,1,1
t0496,four_talker,-6,found,0,0,0
t0496,four_talker,-3,thought,0,0,0
t0496,four_talker,0,thought,0,0,0
t0496,four_talker,3,noted,0,0,0
t0496,babble,-9,design,0,0,0
t0496,babble,-6,design,0,0,0
t0496,babble,-3,without,0,0,0
t0496,babble,0,nothing,0,0,0
t0496,babble,3,nothing,0,0,0
t0496,issn,-9,appeared,0,0,0
t0496,issn,-6,created,0,0,0
t0496,issn,-3,created,0,0,0
t0496,issn,0,later,1,0,0
t0496,issn,3,later,1,0,0
t0497,no_distractor,inf,member,1,0,0
t0497,one_same,-9,associated,0,1,1
t0497,one_same,-6,associated,0,1,1
t0497,one_same,-3,associated,0,1,1
t0497,one_same,0,machine,0,0,0
t0497,one_same,3,member,1,0,0
t0497,one_diff,-9,battle,0,0,0
t0497,one_diff,-6,capital,0,0,0
t0497,one_diff,-3,capital,0,0,0
t0497,one_diff,0,capital,0,0,0
t0497,one_diff,3,member,1,0,0
t0497,two_talker,-9,appear,0,0,0
t0497,two_talker,-6,languages,0,0,0
t0497,two_talker,-3,languages,0,0,0
t0497,two_talker,0,language,0,0,0
t0497,two_talker,3,language,0,0,0
t0497,four_talker,-9,several,0,0,0
t0497,four_talker,-6,several,0,0,0
t0497,four_talker,-3,several,0,0,0
t0497,four_talker,0,civil,0,0,0
t0497,four_talker,3,several,0,0,0
t0497,babble,-9,successful,0,0,0
t0497,babble,-6,successful,0,0,0
t0497,babble,-3,successful,0,0,0
t0497,babble,0,successful,0,0,0
t0497,babble,3,members,0,0,0
t0497,issn,-9,development,0,0,0
t0497,issn,-6,development,0,0,0
t0497,issn,-3,member,1,0,0
t0497,issn,0,member,1,0,0
t0497,issn,3,member,1,0,0
t0498,no_distractor,inf,awards,1,0,0
t0498,one_same,-9,towards,0,0,0
t0498,one_same,-6,towards,0,0,0
t0498,one_same,-3,awards,1,0,0
t0498,one_same,0,awards,1,0,0
t0498,one_same,3,awards,1,0,0
t0498,one_diff,-9,number,0,0,0
t0498,one_diff,-6,number,0,0,0
t0498,one_diff,-3,awards,1,0,0
t0498,one_diff,0,awards,1,0,0
t0498,one_diff,3,awards,1,0,0
t0498,two_talker,-9,construction,0,0,0
t0498,two_talker,-6,construction,0,0,0
t0498,two_talker,-3,horse,0,0,0
t0498,two_talker,0,horse,0,0,0
t0498,two_talker,3,awards,1,0,0
t0498,four_talker,-9,night,0,0,0
t0498,four_talker,-6,night,0,0,0
t0498,four_talker,-3,number,0,0,0
t0498,four_talker,0,north,0,0,0
t0498,four_talker,3,awards,1,0,0
t0498,babble,-9,developed,0,0,0
t0498,babble,-6,developed,0,0,0
t0498,babble,-3,developed,0,0,0
t0498,babble,0,novel,0,0,0
t0498,babble,3,north,0,0,0
t0498,issn,-9,addition,0,0,0
t0498,issn,-6,official,0,0,0
t0498,issn,-3,model,0,0,0
t0498,issn,0,awards,1,0,0
t0498,issn,3,awards,1,0,0
t0499,no_distractor,inf,never,1,0,0
t0499,one_same,-9,never,1,0,0
t0499,one_same,-6,never,1,0,0
t0499,one_same,-3,never,1,0,0
t0499,one_same,0,never,1,0,0
t0499,one_same,3,never,1,0,0
t0499,one_diff,-9,union,0,0,0
t0499,one_diff,-6,union,0,0,0
t0499,one_diff,-3,remember,0,0,0
t0499,one_diff,0,never,1,0,0
t0499,one_diff,3,never,1,0,0
t0499,two_talker,-9,union,0,0,0
t0499,two_talker,-6,union,0,0,0
t0499,two_talker,-3,union,0,0,0
t0499,two_talker,0,union,0,0,0
t0499,two_talker,3,never,1,0,0
t0499,four_talker,-9,doing,0,0,0
t0499,four_talker,-6,middle,0,0,0
t0499,four_talker,-3,never,1,0,0
t0499,four_talker,0,never,1,0,0
t0499,four_talker,3,never,1,0,0
t0499,babble,-9,personal,0,0,0
t0499,babble,-6,metal,0,0,0
t0499,babble,-3,never,1,0,0
t0499,babble,0,never,1,0,0
t0499,babble,3,never,1,0,0
t0499,issn,-9,never,1,0,0
t0499,issn,-6,never,1,0,0
t0499,issn,-3,never,1,0,0
t0499,issn,0,never,1,0,0
t0499,issn,3,never,1,0,0
t0500,no_distractor,inf,heart,1,0,0
t0500,one_same,-9,moment,0,0,0
t0500,one_same,-6,moment,0,0,0
t0500,one_same,-3,heart,1,0,0
t0500,one_same,0,heart,1,0,0
t0500,one_same,3,heart,1,0,0
t0500,one_diff,-9,county,0,1,1
t0500,one_diff,-6,county,0,1,1
t0500,one_diff,-3,health,0,0,0
t0500,one_diff,0,heart,1,0,0
t0500,one_diff,3,heart,1,0,0
t0500,two_talker,-9,house,0,0,0
t0500,two_talker,-6,heart,1,0,0
t0500,two_talker,-3,heart,1,0,0
t0500,two_talker,0,heart,1,0,0
t0500,two_talker,3,heart,1,0,0
t0500,four_talker,-9,hands,0,0,0
t0500,four_talker,-6,hands,0,0,0
t0500,four_talker,-3,phone,0,0,0
t0500,four_talker,0,phone,0,0,0
t0500,four_talker,3,heart,1,0,0
t0500,babble,-9,population,0,0,0
t0500,babble,-6,population,0,0,0
t0500,babble,-3,public,0,0,0
t0500,babble,0,heart,1,0,0
t0500,babble,3,heart,1,0,0
t0500,issn,-9,along,0,0,0
t0500,issn,-6,month,0,0,0
t0500,issn,-3,phone,0,0,0
t0500,issn,0,heart,1,0,0
t0500,issn,3,heart,1,0,0
t0501,no_distractor,inf,nothing,1,0,0
t0501,one_same,-9,james,0,1,1
t0501,one_same,-6,names,0,0,0
t0501,one_same,-3,names,0,0,0
t0501,one_same,0,lives,0,0,0
t0501,one_same,3,nothing,1,0,0
t0501,one_diff,-9,attack,0,1,1
t0501,one_diff,-6,attack,0,1,1
t0501,one_diff,-3,nothing,1,0,0
t0501,one_diff,0,nothing,1,0,0
t0501,one_diff,3,nothing,1,0,0
t0501,two_talker,-9,surface,0,0,0
t0501,two_talker,-6,surface,0,0,0
t0501,two_talker,-3,surface,0,0,0
t0501,two_talker,0,events,0,0,0
t0501,two_talker,3,others,0,0,0
t0501,four_talker,-9,horse,0,0,0
t0501,four_talker,-6,horse,0,0,0
t0501,four_talker,-3,horse,0,0,0
t0501,four_talker,0,horse,0,0,0
t0501,four_talker,3,others,0,0,0
t0501,babble,-9,force,0,0,0
t0501,babble,-6,floor,0,0,0
t0501,babble,-3,floor,0,0,0
t0501,babble,0,alone,0,0,0
t0501,babble,3,alone,0,0,0
t0501,issn,-9,night,0,0,0
t0501,issn,-6,night,0,0,0
t0501,issn,-3,night,0,0,0
t0501,issn,0,nothing,1,0,0
t0501,issn,3,nothing,1,0,0
t0502,no_distractor,inf,hands,1,0,0
t0502,one_same,-9,hands,1,0,0
t0502,one_same,-6,hands,1,0,0
t0502,one_same,-3,hands,1,0,0
t0502,one_same,0,hands,1,0,0
t0502,one_same,3,hands,1,0,0
t0502,one_diff,-9,hands,1,0,0
t0502,one_diff,-6,hands,1,0,0
t0502,one_diff,-3,hands,1,0,0
t0502,one_diff,0,hands,1,0,0
t0502,one_diff,3,hands,1,0,0
t0502,two_talker,-9,hands,1,0,0
t0502,two_talker,-6,hands,1,0,0
t0502,two_talker,-3,hands,1,0,0
t0502,two_talker,0,hands,1,0,0
t0502,two_talker,3,hands,1,0,0
t0502,four_talker,-9,animals,0,0,0
t0502,four_talker,-6,hands,1,0,0
t0502,four_talker,-3,hands,1,0,0
t0502,four_talker,0,hands,1,0,0
t0502,four_talker,3,hands,1,0,0
t0502,babble,-9,charles,0,0,0
t0502,babble,-6,charles,0,0,0
t0502,babble,-3,child,0,0,0
t0502,babble,0,hands,1,0,0
t0502,babble,3,hands,1,0,0
t0502,issn,-9,municipality,0,0,0
t0502,issn,-6,hands,1,0,0
t0502,issn,-3,hands,1,0,0
t0502,issn,0,hands,1,0,0
t0502,issn,3,hands,1,0,0
t0503,no_distractor,inf,began,1,0,0
t0503,one_same,-9,dance,0,0,0
t0503,one_same,-6,dance,0,0,0
t0503,one_same,-3,dance,0,0,0
t0503,one_same,0,dance,0,0,0
t0503,one_same,3,dance,0,0,0
t0503,one_diff,-9,that's,0,0,0
t0503,one_diff,-6,birds,0,0,0
t0503,one_diff,-3,that's,0,0,0
t0503,one_diff,0,that's,0,0,0
t0503,one_diff,3,that's,0,0,0
t0503,two_talker,-9,that's,0,0,0
t0503,two_talker,-6,that's,0,0,0
t0503,two_talker,-3,that's,0,0,0
t0503,two_talker,0,dance,0,0,0
t0503,two_talker,3,dance,0,0,0
t0503,four_talker,-9,events,0,0,0
t0503,four_talker,-6,events,0,0,0
t0503,four_talker,-3,events,0,0,0
t0503,four_talker,0,dance,0,0,0
t0503,four_talker,3,dance,0,0,0
t0503,babble,-9,experience,0,0,0
t0503,babble,-6,experience,0,0,0
t0503,babble,-3,parents,0,0,0
t0503,babble,0,parents,0,0,0
t0503,babble,3,parents,0,0,0
t0503,issn,-9,awards,0,0,0
t0503,issn,-6,minutes,0,0,0
t0503,issn,-3,hands,0,0,0
t0503,issn,0,hands,0,0,0
t0503,issn,3,hands,0,0,0
t0504,no_distractor,inf,woman,1,0,0
t0504,one_same,-9,lower,0,0,0
t0504,one_same,-6,lower,0,0,0
t0504,one_same,-3,lower,0,0,0
t0504,one_same,0,lower,0,0,0
t0504,one_same,3,lower,0,0,0
t0504,one_diff,-9,woman,1,0,0
t0504,one_diff,-6,woman,1,0,0
t0504,one_diff,-3,woman,1,0,0
t0504,one_diff,0,woman,1,0,0
t0504,one_diff,3,woman,1,0,0
t0504,two_talker,-9,lower,0,0,0
t0504,two_talker,-6,lower,0,0,0
t0504,two_talker,-3,lower,0,0,0
t0504,two_talker,0,roman,0,0,0
t0504,two_talker,3,roman,0,0,0
t0504,four_talker,-9,lives,0,0,0
t0504,four_talker,-6,lives,0,0,0
t0504,four_talker,-3,learn,0,0,0
t0504,four_talker,0,website,0,0,0
t0504,four_talker,3,website,0,0,0
t0504,babble,-9,although,0,0,0
t0504,babble,-6,learn,0,0,0
t0504,babble,-3,website,0,0,0
t0504,babble,0,website,0,0,0
t0504,babble,3,moment,0,0,0
t0504,issn,-9,provides,0,0,0
t0504,issn,-6,provides,0,0,0
t0504,issn,-3,woman,1,0,0
t0504,issn,0,woman,1,0,0
t0504,issn,3,woman,1,0,0
t0505,no_distractor,inf,alchemist,1,0,0
t0505,one_same,-9,possible,0,1,1
t0505,one_same,-6,possible,0,1,1
t0505,one_same,-3,possible,0,1,1
t0505,one_same,0,possible,0,1,1
t0505,one_same,3,office,0,0,0
t0505,one_diff,-9,alchemist,1,0,0
t0505,one_diff,-6,alchemist,1,0,0
t0505,one_diff,-3,alchemist,1,0,0
t0505,one_diff,0,alchemist,1,0,0
t0505,one_diff,3,alchemist,1,0,0
t0505,two_talker,-9,possible,0,1,1
t0505,two_talker,-6,office,0,0,0
t0505,two_talker,-3,office,0,0,0
t0505,two_talker,0,alchemist,1,0,0
t0505,two_talker,3,alchemist,1,0,0
t0505,four_talker,-9,others,0,0,0
t0505,four_talker,-6,alchemist,1,0,0
t0505,four_talker,-3,alchemist,1,0,0
t0505,four_talker,0,alchemist,1,0,0
t0505,four_talker,3,alchemist,1,0,0
t0505,babble,-9,problem,0,0,0
t0505,babble,-6,problems,0,0,0
t0505,babble,-3,album,0,0,0
t0505,babble,0,alchemist,1,0,0
t0505,babble,3,alchemist,1,0,0
t0505,issn,-9,complex,0,0,0
t0505,issn,-6,office,0,0,0
t0505,issn,-3,alchemist,1,0,0
t0505,issn,0,alchemist,1,0,0
t0505,issn,3,alchemist,1,0,0
t0506,no_distractor,inf,could,1,0,0
t0506,one_same,-9,everything,0,1,1
t0506,one_same,-6,everything,0,1,1
t0506,one_same,-3,everything,0,1,1
t0506,one_same,0,everything,0,1,1
t0506,one_same,3,could,1,0,0
t0506,one_diff,-9,wasn't,0,0,0
t0506,one_diff,-6,wasn't,0,0,0
t0506,one_diff,-3,order,0,0,0
t0506,one_diff,0,order,0,0,0
t0506,one_diff,3,could,1,0,0
t0506,two_talker,-9,working,0,0,0
t0506,two_talker,-6,working,0,0,0
t0506,two_talker,-3,mostly,0,0,0
t0506,two_talker,0,mostly,0,0,0
t0506,two_talker,3,mostly,0,0,0
t0506,four_talker,-9,something,0,0,0
t0506,four_talker,-6,something,0,0,0
t0506,four_talker,-3,along,0,0,0
t0506,four_talker,0,wasn't,0,0,0
t0506,four_talker,3,wasn't,0,0,0
t0506,babble,-9,designed,0,0,0
t0506,babble,-6,designed,0,0,0
t0506,babble,-3,followed,0,0,0
t0506,babble,0,wasn't,0,0,0
t0506,babble,3,wasn't,0,0,0
t0506,issn,-9,longer,0,0,0
t0506,issn,-6,northern,0,0,0
t0506,issn,-3,northern,0,0,0
t0506,issn,0,world,0,0,0
t0506,issn,3,working,0,0,0
t0507,no_distractor,inf,appeared,1,0,0
t0507,one_same,-9,because,0,1,1
t0507,one_same,-6,because,0,1,1
t0507,one_same,-3,appears,0,0,0
t0507,one_same,0,appears,0,0,0
t0507,one_same,3,appear,0,0,0
t0507,one_diff,-9,widely,0,0,0
t0507,one_diff,-6,again,0,0,0
t0507,one_diff,-3,appeared,1,0,0
t0507,one_diff,0,appeared,1,0,0
t0507,one_diff,3,appeared,1,0,0
t0507,two_talker,-9,began,0,0,0
t0507,two_talker,-6,began,0,0,0
t0507,two_talker,-3,years,0,0,0
t0507,two_talker,0,years,0,0,0
t0507,two_talker,3,appears,0,0,0
t0507,four_talker,-9,attack,0,1,1
t0507,four_talker,-6,attack,0,1,1
t0507,four_talker,-3,attack,0,1,1
t0507,four_talker,0,attack,0,1,1
t0507,four_talker,3,characters,0,0,0
t0507,babble,-9,these,0,0,0
t0507,babble,-6,these,0,0,0
t0507,babble,-3,years,0,0,0
t0507,babble,0,years,0,0,0
t0507,babble,3,years,0,0,0
t0507,issn,-9,america,0,0,0
t0507,issn,-6,america,0,0,0
t0507,issn,-3,appeared,1,0,0
t0507,issn,0,appeared,1,0,0
t0507,issn,3,appeared,1,0,0
t0508,no_distractor,inf,between,1,0,0
t0508,one_same,-9,meaning,0,0,0
t0508,one_same,-6,being,0,0,0
t0508,one_same,-3,between,1,0,0
t0508,one_same,0,between,1,0,0
t0508,one_same,3,between,1,0,0
t0508,one_diff,-9,between,1,0,0
t0508,one_diff,-6,between,1,0,0
t0508,one_diff,-3,between,1,0,0
t0508,one_diff,0,between,1,0,0
t0508,one_diff,3,between,1,0,0
t0508,two_talker,-9,between,1,0,0
t0508,two_talker,-6,between,1,0,0
t0508,two_talker,-3,between,1,0,0
t0508,two_talker,0,between,1,0,0
t0508,two_talker,3,between,1,0,0
t0508,four_talker,-9,north,0,0,0
t0508,four_talker,-6,known,0,0,0
t0508,four_talker,-3,doing,0,0,0
t0508,four_talker,0,doing,0,0,0
t0508,four_talker,3,between,1,0,0
t0508,babble,-9,names,0,0,0
t0508,babble,-6,names,0,0,0
t0508,babble,-3,names,0,0,0
t0508,babble,0,doing,0,0,0
t0508,babble,3,between,1,0,0
t0508,issn,-9,germany,0,0,0
t0508,issn,-6,doing,0,0,0
t0508,issn,-3,between,1,0,0
t0508,issn,0,between,1,0,0
t0508,issn,3,between,1,0,0
t0509,no_distractor,inf,stone,1,0,0
t0509,one_same,-9,historical,0,0,0
t0509,one_same,-6,historical,0,0,0
t0509,one_same,-3,stone,1,0,0
t0509,one_same,0,stone,1,0,0
t0509,one_same,3,stone,1,0,0
t0509,one_diff,-9,stone,1,0,0
t0509,one_diff,-6,stone,1,0,0
t0509,one_diff,-3,stone,1,0,0
t0509,one_diff,0,stone,1,0,0
t0509,one_diff,3,stone,1,0,0
t0509,two_talker,-9,local,0,1,1
t0509,two_talker,-6,local,0,1,1
t0509,two_talker,-3,stone,1,0,0
t0509,two_talker,0,stone,1,0,0
t0509,two_talker,3,stone,1,0,0
t0509,four_talker,-9,novel,0,0,0
t0509,four_talker,-6,allowed,0,1,1
t0509,four_talker,-3,stone,1,0,0
t0509,four_talker,0,stone,1,0,0
t0509,four_talker,3,stone,1,0,0
t0509,babble,-9,light,0,0,0
t0509,babble,-6,designed,0,0,0
t0509,babble,-3,light,0,0,0
t0509,babble,0,stone,1,0,0
t0509,babble,3,stone,1,0,0
t0509,issn,-9,still,0,0,0
t0509,issn,-6,still,0,0,0
t0509,issn,-3,stone,1,0,0
t0509,issn,0,stone,1,0,0
t0509,issn,3,stone,1,0,0
t0510,no_distractor,inf,created,0,0,0
t0510,one_same,-9,modern,0,0,0
t0510,one_same,-6,played,0,0,0
t0510,one_same,-3,played,0,0,0
t0510,one_same,0,played,0,0,0
t0510,one_same,3,played,0,0,0
t0510,one_diff,-9,played,0,0,0
t0510,one_diff,-6,played,0,0,0
t0510,one_diff,-3,played,0,0,0
t0510,one_diff,0,played,0,0,0
t0510,one_diff,3,played,0,0,0
t0510,two_talker,-9,related,0,0,0
t0510,two_talker,-6,related,0,0,0
t0510,two_talker,-3,great,0,0,0
t0510,two_talker,0,great,0,0,0
t0510,two_talker,3,played,0,0,0
t0510,four_talker,-9,royal,0,0,0
t0510,four_talker,-6,william,0,0,0
t0510,four_talker,-3,william,0,0,0
t0510,four_talker,0,william,0,0,0
t0510,four_talker,3,played,0,0,0
t0510,babble,-9,shortly,0,0,0
t0510,babble,-6,there,0,0,0
t0510,babble,-3,player,0,0,0
t0510,babble,0,player,0,0,0
t0510,babble,3,player,0,0,0
t0510,issn,-9,related,0,0,0
t0510,issn,-6,related,0,0,0
t0510,issn,-3,related,0,0,0
t0510,issn,0,mainly,0,0,0
t0510,issn,3,mainly,0,0,0
t0511,no_distractor,inf,yellow,1,0,0
t0511,one_same,-9,paris,0,0,0
t0511,one_same,-6,various,0,0,0
t0511,one_same,-3,areas,0,0,0
t0511,one_same,0,europe,0,0,0
t0511,one_same,3,yellow,1,0,0
t0511,one_diff,-9,yellow,1,0,0
t0511,one_diff,-6,yellow,1,0,0
t0511,one_diff,-3,yellow,1,0,0
t0511,one_diff,0,yellow,1,0,0
t0511,one_diff,3,yellow,1,0,0
t0511,two_talker,-9,various,0,0,0
t0511,two_talker,-6,middle,0,0,0
t0511,two_talker,-3,middle,0,0,0
t0511,two_talker,0,yellow,1,0,0
t0511,two_talker,3,yellow,1,0,0
t0511,four_talker,-9,areas,0,0,0
t0511,four_talker,-6,areas,0,0,0
t0511,four_talker,-3,areas,0,0,0
t0511,four_talker,0,areas,0,0,0
t0511,four_talker,3,yellow,1,0,0
t0511,babble,-9,almost,0,0,0
t0511,babble,-6,almost,0,0,0
t0511,babble,-3,almost,0,0,0
t0511,babble,0,yellow,1,0,0
t0511,babble,3,yellow,1,0,0
t0511,issn,-9,years,0,0,0
t0511,issn,-6,europe,0,0,0
t0511,issn,-3,yellow,1,0,0
t0511,issn,0,yellow,1,0,0
t0511,issn,3,yellow,1,0,0
t0512,no_distractor,inf,asked,1,0,0
t0512,one_same,-9,asked,1,0,0
t0512,one_same,-6,asked,1,0,0
t0512,one_same,-3,asked,1,0,0
t0512,one_same,0,asked,1,0,0
t0512,one_same,3,asked,1,0,0
t0512,one_diff,-9,department,0,0,0
t0512,one_diff,-6,often,0,0,0
t0512,one_diff,-3,often,0,0,0
t0512,one_diff,0,often,0,0,0
t0512,one_diff,3,asked,1,0,0
t0512,two_talker,-9,after,0,0,0
t0512,two_talker,-6,often,0,0,0
t0512,two_talker,-3,asked,1,0,0
t0512,two_talker,0,asked,1,0,0
t0512,two_talker,3,asked,1,0,0
t0512,four_talker,-9,video,0,0,0
t0512,four_talker,-6,earlier,0,0,0
t0512,four_talker,-3,either,0,0,0
t0512,four_talker,0,isn't,0,0,0
t0512,four_talker,3,asked,1,0,0
t0512,babble,-9,ended,0,0,0
t0512,babble,-6,added,0,0,0
t0512,babble,-3,added,0,0,0
t0512,babble,0,added,0,0,0
t0512,babble,3,asked,1,0,0
t0512,issn,-9,national,0,0,0
t0512,issn,-6,battle,0,0,0
t0512,issn,-3,asked,1,0,0
t0512,issn,0,asked,1,0,0
t0512,issn,3,asked,1,0,0
t0513,no_distractor,inf,seemed,1,0,0
t0513,one_same,-9,civil,0,0,0
t0513,one_same,-6,single,0,0,0
t0513,one_same,-3,single,0,0,0
t0513,one_same,0,similar,0,0,0
t0513,one_same,3,seemed,1,0,0
t0513,one_diff,-9,seemed,1,0,0
t0513,one_diff,-6,seemed,1,0,0
t0513,one_diff,-3,seemed,1,0,0
t0513,one_diff,0,seemed,1,0,0
t0513,one_diff,3,seemed,1,0,0
t0513,two_talker,-9,serves,0,0,0
t0513,two_talker,-6,seemed,1,0,0
t0513,two_talker,-3,seemed,1,0,0
t0513,two_talker,0,seemed,1,0,0
t0513,two_talker,3,seemed,1,0,0
t0513,four_talker,-9,famous,0,0,0
t0513,four_talker,-6,offers,0,0,0
t0513,four_talker,-3,there's,0,0,0
t0513,four_talker,0,seemed,1,0,0
t0513,four_talker,3,seemed,1,0,0
t0513,babble,-9,songs,0,0,0
t0513,babble,-6,songs,0,0,0
t0513,babble,-3,songs,0,0,0
t0513,babble,0,seemed,1,0,0
t0513,babble,3,seemed,1,0,0
t0513,issn,-9,local,0,0,0
t0513,issn,-6,simple,0,0,0
t0513,issn,-3,episode,0,0,0
t0513,issn,0,seemed,1,0,0
t0513,issn,3,seemed,1,0,0
t0514,no_distractor,inf,forced,0,0,0
t0514,one_same,-9,phone,0,0,0
t0514,one_same,-6,force,0,0,0
t0514,one_same,-3,force,0,0,0
t0514,one_same,0,force,0,0,0
t0514,one_same,3,force,0,0,0
t0514,one_diff,-9,forced,0,0,0
t0514,one_diff,-6,forced,0,0,0
t0514,one_diff,-3,forced,0,0,0
t0514,one_diff,0,forced,0,0,0
t0514,one_diff,3,forced,0,0,0
t0514,two_talker,-9,force,0,0,0
t0514,two_talker,-6,forced,0,0,0
t0514,two_talker,-3,forced,0,0,0
t0514,two_talker,0,forced,0,0,0
t0514,two_talker,3,forced,0,0,0
t0514,four_talker,-9,films,0,0,0
t0514,four_talker,-6,forced,0,0,0
t0514,four_talker,-3,forced,0,0,0
t0514,four_talker,0,forced,0,0,0
t0514,four_talker,3,forced,0,0,0
t0514,babble,-9,force,0,0,0
t0514,babble,-6,force,0,0,0
t0514,babble,-3,forced,0,0,0
t0514,babble,0,forced,0,0,0
t0514,babble,3,forced,0,0,0
t0514,issn,-9,along,0,0,0
t0514,issn,-6,along,0,0,0
t0514,issn,-3,north,0,0,0
t0514,issn,0,forced,0,0,0
t0514,issn,3,first,0,0,0
t0515,no_distractor,inf,members,1,0,0
t0515,one_same,-9,married,0,0,0
t0515,one_same,-6,married,0,0,0
t0515,one_same,-3,married,0,0,0
t0515,one_same,0,members,1,0,0
t0515,one_same,3,members,1,0,0
t0515,one_diff,-9,members,1,0,0
t0515,one_diff,-6,members,1,0,0
t0515,one_diff,-3,members,1,0,0
t0515,one_diff,0,members,1,0,0
t0515,one_diff,3,members,1,0,0
t0515,two_talker,-9,operates,0,0,0
t0515,two_talker,-6,member,0,0,0
t0515,two_talker,-3,member,0,0,0
t0515,two_talker,0,member,0,0,0
t0515,two_talker,3,member,0,0,0
t0515,four_talker,-9,rights,0,0,0
t0515,four_talker,-6,various,0,0,0
t0515,four_talker,-3,parents,0,0,0
t0515,four_talker,0,members,1,0,0
t0515,four_talker,3,members,1,0,0
t0515,babble,-9,models,0,0,0
t0515,babble,-6,models,0,0,0
t0515,babble,-3,models,0,0,0
t0515,babble,0,members,1,0,0
t0515,babble,3,members,1,0,0
t0515,issn,-9,numerous,0,0,0
t0515,issn,-6,numerous,0,0,0
t0515,issn,-3,members,1,0,0
t0515,issn,0,members,1,0,0
t0515,issn,3,members,1,0,0
t0516,no_distractor,inf,title,1,0,0
t0516,one_same,-9,sometimes,0,0,0
t0516,one_same,-6,title,1,0,0
t0516,one_same,-3,title,1,0,0
t0516,one_same,0,title,1,0,0
t0516,one_same,3,title,1,0,0
t0516,one_diff,-9,title,1,0,0
t0516,one_diff,-6,title,1,0,0
t0516,one_diff,-3,title,1,0,0
t0516,one_diff,0,title,1,0,0
t0516,one_diff,3,title,1,0,0
t0516,two_talker,-9,personal,0,0,0
t0516,two_talker,-6,title,1,0,0
t0516,two_talker,-3,title,1,0,0
t0516,two_talker,0,title,1,0,0
t0516,two_talker,3,title,1,0,0
t0516,four_talker,-9,title,1,0,0
t0516,four_talker,-6,title,1,0,0
t0516,four_talker,-3,title,1,0,0
t0516,four_talker,0,title,1,0,0
t0516,four_talker,3,title,1,0,0
t0516,babble,-9,cause,0,0,0
t0516,babble,-6,council,0,0,0
t0516,babble,-3,council,0,0,0
t0516,babble,0,council,0,0,0
t0516,babble,3,title,1,0,0
t0516,issn,-9,original,0,0,0
t0516,issn,-6,original,0,0,0
t0516,issn,-3,title,1,0,0
t0516,issn,0,title,1,0,0
t0516,issn,3,title,1,0,0
t0517,no_distractor,inf,based,1,0,0
t0517,one_same,-9,rights,0,0,0
t0517,one_same,-6,raised,0,0,0
t0517,one_same,-3,raised,0,0,0
t0517,one_same,0,raised,0,0,0
t0517,one_same,3,raised,0,0,0
t0517,one_diff,-9,increased,0,0,0
t0517,one_diff,-6,raised,0,0,0
t0517,one_diff,-3,raised,0,0,0
t0517,one_diff,0,raised,0,0,0
t0517,one_diff,3,raised,0,0,0
t0517,two_talker,-9,exist,0,0,0
t0517,two_talker,-6,raised,0,0,0
t0517,two_talker,-3,raised,0,0,0
t0517,two_talker,0,raised,0,0,0
t0517,two_talker,3,raised,0,0,0
t0517,four_talker,-9,changed,0,0,0
t0517,four_talker,-6,raised,0,0,0
t0517,four_talker,-3,raised,0,0,0
t0517,four_talker,0,raised,0,0,0
t0517,four_talker,3,raised,0,0,0
t0517,babble,-9,access,0,0,0
t0517,babble,-6,access,0,0,0
t0517,babble,-3,access,0,0,0
t0517,babble,0,exist,0,0,0
t0517,babble,3,exist,0,0,0
t0517,issn,-9,sports,0,0,0
t0517,issn,-6,raised,0,0,0
t0517,issn,-3,raised,0,0,0
t0517,issn,0,raised,0,0,0
t0517,issn,3,raised,0,0,0
t0518,no_distractor,inf,called,1,0,0
t0518,one_same,-9,being,0,1,1
t0518,one_same,-6,called,1,0,0
t0518,one_same,-3,called,1,0,0
t0518,one_same,0,called,1,0,0
t0518,one_same,3,called,1,0,0
t0518,one_diff,-9,called,1,0,0
t0518,one_diff,-6,called,1,0,0
t0518,one_diff,-3,called,1,0,0
t0518,one_diff,0,called,1,0,0
t0518,one_diff,3,called,1,0,0
t0518,two_talker,-9,killed,0,0,0
t0518,two_talker,-6,killed,0,0,0
t0518,two_talker,-3,called,1,0,0
t0518,two_talker,0,called,1,0,0
t0518,two_talker,3,called,1,0,0
t0518,four_talker,-9,beginning,0,0,0
t0518,four_talker,-6,lower,0,1,1
t0518,four_talker,-3,lower,0,1,1
t0518,four_talker,0,brought,0,0,0
t0518,four_talker,3,brought,0,0,0
t0518,babble,-9,while,0,0,0
t0518,babble,-6,while,0,0,0
t0518,babble,-3,while,0,0,0
t0518,babble,0,while,0,0,0
t0518,babble,3,brought,0,0,0
t0518,issn,-9,alone,0,0,0
t0518,issn,-6,alone,0,0,0
t0518,issn,-3,along,0,0,0
t0518,issn,0,above,0,0,0
t0518,issn,3,called,1,0,0
t0519,no_distractor,inf,although,1,0,0
t0519,one_same,-9,private,0,0,0
t0519,one_same,-6,whether,0,0,0
t0519,one_same,-3,although,1,0,0
t0519,one_same,0,although,1,0,0
t0519,one_same,3,although,1,0,0
t0519,one_diff,-9,although,1,0,0
t0519,one_diff,-6,although,1,0,0
t0519,one_diff,-3,although,1,0,0
t0519,one_diff,0,although,1,0,0
t0519,one_diff,3,although,1,0,0
t0519,two_talker,-9,private,0,0,0
t0519,two_talker,-6,battle,0,0,0
t0519,two_talker,-3,although,1,0,0
t0519,two_talker,0,although,1,0,0
t0519,two_talker,3,although,1,0,0
t0519,four_talker,-9,operated,0,0,0
t0519,four_talker,-6,operated,0,0,0
t0519,four_talker,-3,operated,0,0,0
t0519,four_talker,0,operated,0,0,0
t0519,four_talker,3,operated,0,0,0
t0519,babble,-9,divided,0,0,0
t0519,babble,-6,variety,0,0,0
t0519,babble,-3,related,0,0,0
t0519,babble,0,operated,0,0,0
t0519,babble,3,operated,0,0,0
t0519,issn,-9,models,0,0,0
t0519,issn,-6,models,0,0,0
t0519,issn,-3,model,0,0,0
t0519,issn,0,although,1,0,0
t0519,issn,3,although,1,0,0
t0520,no_distractor,inf,usually,1,0,0
t0520,one_same,-9,important,0,1,1
t0520,one_same,-6,important,0,1,1
t0520,one_same,-3,important,0,1,1
t0520,one_same,0,important,0,1,1
t0520,one_same,3,california,0,0,0
t0520,one_diff,-9,usually,1,0,0
t0520,one_diff,-6,usually,1,0,0
t0520,one_diff,-3,usually,1,0,0
t0520,one_diff,0,usually,1,0,0
t0520,one_diff,3,usually,1,0,0
t0520,two_talker,-9,important,0,1,1
t0520,two_talker,-6,following,0,0,0
t0520,two_talker,-3,following,0,0,0
t0520,two_talker,0,following,0,0,0
t0520,two_talker,3,following,0,0,0
t0520,four_talker,-9,blood,0,0,0
t0520,four_talker,-6,blood,0,0,0
t0520,four_talker,-3,blood,0,0,0
t0520,four_talker,0,valley,0,0,0
t0520,four_talker,3,usually,1,0,0
t0520,babble,-9,birds,0,0,1
t0520,babble,-6,world,0,1,1
t0520,babble,-3,england,0,0,0
t0520,babble,0,england,0,0,0
t0520,babble,3,usually,1,0,0
t0520,issn,-9,indian,0,0,0
t0520,issn,-6,indian,0,0,0
t0520,issn,-3,unique,0,0,0
t0520,issn,0,usually,1,0,0
t0520,issn,3,usually,1,0,0
t0521,no_distractor,inf,written,1,0,0
t0521,one_same,-9,raised,0,1,1
t0521,one_same,-6,raised,0,1,1
t0521,one_same,-3,already,0,0,0
t0521,one_same,0,already,0,0,0
t0521,one_same,3,already,0,0,0
t0521,one_diff,-9,daughter,0,0,0
t0521,one_diff,-6,writer,0,0,0
t0521,one_diff,-3,writer,0,0,0
t0521,one_diff,0,already,0,0,0
t0521,one_diff,3,already,0,0,0
t0521,two_talker,-9,variety,0,0,0
t0521,two_talker,-6,variety,0,0,0
t0521,two_talker,-3,variety,0,0,0
t0521,two_talker,0,variety,0,0,0
t0521,two_talker,3,write,0,0,0
t0521,four_talker,-9,newspaper,0,1,1
t0521,four_talker,-6,museum,0,0,0
t0521,four_talker,-3,museum,0,0,0
t0521,four_talker,0,museum,0,0,0
t0521,four_talker,3,already,0,0,0
t0521,babble,-9,museum,0,0,0
t0521,babble,-6,museum,0,0,0
t0521,babble,-3,museum,0,0,0
t0521,babble,0,written,1,0,0
t0521,babble,3,written,1,0,0
t0521,issn,-9,buried,0,0,0
t0521,issn,-6,related,0,0,0
t0521,issn,-3,around,0,0,0
t0521,issn,0,written,1,0,0
t0521,issn,3,written,1,0,0
t0522,no_distractor,inf,chinese,1,0,0
t0522,one_same,-9,playing,0,1,1
t0522,one_same,-6,playing,0,1,1
t0522,one_same,-3,plans,0,0,0
t0522,one_same,0,trains,0,0,0
t0522,one_same,3,trains,0,0,0
t0522,one_diff,-9,chinese,1,0,0
t0522,one_diff,-6,chinese,1,0,0
t0522,one_diff,-3,chinese,1,0,0
t0522,one_diff,0,chinese,1,0,0
t0522,one_diff,3,chinese,1,0,0
t0522,two_talker,-9,names,0,0,0
t0522,two_talker,-6,lines,0,0,0
t0522,two_talker,-3,lines,0,0,0
t0522,two_talker,0,trains,0,0,0
t0522,two_talker,3,trains,0,0,0
t0522,four_talker,-9,lines,0,0,0
t0522,four_talker,-6,lines,0,0,0
t0522,four_talker,-3,lines,0,0,0
t0522,four_talker,0,trains,0,0,0
t0522,four_talker,3,trains,0,0,0
t0522,babble,-9,lines,0,0,0
t0522,babble,-6,lines,0,0,0
t0522,babble,-3,times,0,0,0
t0522,babble,0,chinese,1,0,0
t0522,babble,3,chinese,1,0,0
t0522,issn,-9,added,0,0,0
t0522,issn,-6,chinese,1,0,0
t0522,issn,-3,chinese,1,0,0
t0522,issn,0,chinese,1,0,0
t0522,issn,3,chinese,1,0,0
t0523,no_distractor,inf,cross,1,0,0
t0523,one_same,-9,across,0,0,0
t0523,one_same,-6,across,0,0,0
t0523,one_same,-3,across,0,0,0
t0523,one_same,0,across,0,0,0
t0523,one_same,3,cause,0,0,0
t0523,one_diff,-9,cause,0,0,0
t0523,one_diff,-6,cause,0,0,0
t0523,one_diff,-3,cross,1,0,0
t0523,one_diff,0,cross,1,0,0
t0523,one_diff,3,cross,1,0,0
t0523,two_talker,-9,cause,0,0,0
t0523,two_talker,-6,cause,0,0,0
t0523,two_talker,-3,cause,0,0,0
t0523,two_talker,0,cross,1,0,0
t0523,two_talker,3,cross,1,0,0
t0523,four_talker,-9,cause,0,0,0
t0523,four_talker,-6,cause,0,0,0
t0523,four_talker,-3,cause,0,0,0
t0523,four_talker,0,cause,0,0,0
t0523,four_talker,3,cause,0,0,0
t0523,babble,-9,themselves,0,0,0
t0523,babble,-6,themselves,0,0,0
t0523,babble,-3,themselves,0,0,0
t0523,babble,0,themselves,0,0,0
t0523,babble,3,themselves,0,0,0
t0523,issn,-9,along,0,0,0
t0523,issn,-6,almost,0,0,0
t0523,issn,-3,cause,0,0,0
t0523,issn,0,cause,0,0,0
t0523,issn,3,cross,1,0,0
t0524,no_distractor,inf,party,1,0,0
t0524,one_same,-9,brought,0,0,0
t0524,one_same,-6,party,1,0,0
t0524,one_same,-3,party,1,0,0
t0524,one_same,0,party,1,0,0
t0524,one_same,3,party,1,0,0
t0524,one_diff,-9,problem,0,0,0
t0524,one_diff,-6,problem,0,0,0
t0524,one_diff,-3,party,1,0,0
t0524,one_diff,0,party,1,0,0
t0524,one_diff,3,party,1,0,0
t0524,two_talker,-9,while,0,0,0
t0524,two_talker,-6,modern,0,0,0
t0524,two_talker,-3,modern,0,0,0
t0524,two_talker,0,party,1,0,0
t0524,two_talker,3,party,1,0,0
t0524,four_talker,-9,appears,0,0,0
t0524,four_talker,-6,party,1,0,0
t0524,four_talker,-3,party,1,0,0
t0524,four_talker,0,party,1,0,0
t0524,four_talker,3,party,1,0,0
t0524,babble,-9,sister,0,0,0
t0524,babble,-6,writer,0,0,0
t0524,babble,-3,writer,0,0,0
t0524,babble,0,outside,0,0,0
t0524,babble,3,outside,0,0,0
t0524,issn,-9,minor,0,0,0
t0524,issn,-6,minor,0,0,0
t0524,issn,-3,money,0,0,0
t0524,issn,0,party,1,0,0
t0524,issn,3,party,1,0,0
t0525,no_distractor,inf,today,1,0,0
t0525,one_same,-9,stone,0,0,0
t0525,one_same,-6,still,0,0,0
t0525,one_same,-3,today,1,0,0
t0525,one_same,0,today,1,0,0
t0525,one_same,3,today,1,0,0
t0525,one_diff,-9,today,1,0,0
t0525,one_diff,-6,today,1,0,0
t0525,one_diff,-3,today,1,0,0
t0525,one_diff,0,today,1,0,0
t0525,one_diff,3,today,1,0,0
t0525,two_talker,-9,state,0,1,1
t0525,two_talker,-6,state,0,1,1
t0525,two_talker,-3,state,0,1,1
t0525,two_talker,0,today,1,0,0
t0525,two_talker,3,today,1,0,0
t0525,four_talker,-9,served,0,0,0
t0525,four_talker,-6,instead,0,0,0
t0525,four_talker,-3,today,1,0,0
t0525,four_talker,0,today,1,0,0
t0525,four_talker,3,today,1,0,0
t0525,babble,-9,stone,0,0,0
t0525,babble,-6,today,1,0,0
t0525,babble,-3,today,1,0,0
t0525,babble,0,today,1,0,0
t0525,babble,3,today,1,0,0
t0525,issn,-9,style,0,0,0
t0525,issn,-6,style,0,0,0
t0525,issn,-3,today,1,0,0
t0525,issn,0,today,1,0,0
t0525,issn,3,today,1,0,0
t0526,no_distractor,inf,considered,1,0,0
t0526,one_same,-9,study,0,0,0
t0526,one_same,-6,study,0,0,0
t0526,one_same,-3,study,0,0,0
t0526,one_same,0,study,0,0,0
t0526,one_same,3,study,0,0,0
t0526,one_diff,-9,considered,1,0,0
t0526,one_diff,-6,considered,1,0,0
t0526,one_diff,-3,considered,1,0,0
t0526,one_diff,0,considered,1,0,0
t0526,one_diff,3,considered,1,0,0
t0526,two_talker,-9,study,0,0,0
t0526,two_talker,-6,study,0,0,0
t0526,two_talker,-3,study,0,0,0
t0526,two_talker,0,study,0,0,0
t0526,two_talker,3,considered,1,0,0
t0526,four_talker,-9,study,0,0,0
t0526,four_talker,-6,study,0,0,0
t0526,four_talker,-3,study,0,0,0
t0526,four_talker,0,considered,1,0,0
t0526,four_talker,3,considered,1,0,0
t0526,babble,-9,single,0,0,0
t0526,babble,-6,single,0,0,0
t0526,babble,-3,itself,0,0,0
t0526,babble,0,considered,1,0,0
t0526,babble,3,considered,1,0,0
t0526,issn,-9,player,0,0,0
t0526,issn,-6,earth,0,0,0
t0526,issn,-3,where,0,0,0
t0526,issn,0,considered,1,0,0
t0526,issn,3,considered,1,0,0
t0527,no_distractor,inf,association,1,0,0
t0527,one_same,-9,especially,0,0,0
t0527,one_same,-6,station,0,0,0
t0527,one_same,-3,station,0,0,0
t0527,one_same,0,association,1,0,0
t0527,one_same,3,association,1,0,0
t0527,one_diff,-9,association,1,0,0
t0527,one_diff,-6,association,1,0,0
t0527,one_diff,-3,association,1,0,0
t0527,one_diff,0,association,1,0,0
t0527,one_diff,3,association,1,0,0
t0527,two_talker,-9,section,0,0,0
t0527,two_talker,-6,section,0,0,0
t0527,two_talker,-3,section,0,0,0
t0527,two_talker,0,association,1,0,0
t0527,two_talker,3,association,1,0,0
t0527,four_talker,-9,changed,0,0,0
t0527,four_talker,-6,changed,0,0,0
t0527,four_talker,-3,changed,0,0,0
t0527,four_talker,0,section,0,0,0
t0527,four_talker,3,association,1,0,0
t0527,babble,-9,became,0,0,0
t0527,babble,-6,educated,0,0,0
t0527,babble,-3,educated,0,0,0
t0527,babble,0,associated,0,0,0
t0527,babble,3,association,1,0,0
t0527,issn,-9,social,0,0,0
t0527,issn,-6,association,1,0,0
t0527,issn,-3,association,1,0,0
t0527,issn,0,association,1,0,0
t0527,issn,3,association,1,0,0
t0528,no_distractor,inf,believe,1,0,0
t0528,one_same,-9,should,0,0,0
t0528,one_same,-6,should,0,0,0
t0528,one_same,-3,include,0,0,0
t0528,one_same,0,include,0,0,0
t0528,one_same,3,include,0,0,0
t0528,one_diff,-9,division,0,0,0
t0528,one_diff,-6,division,0,0,0
t0528,one_diff,-3,division,0,0,0
t0528,one_diff,0,believed,0,0,0
t0528,one_diff,3,believed,0,0,0
t0528,two_talker,-9,listed,0,0,0
t0528,two_talker,-6,using,0,0,0
t0528,two_talker,-3,using,0,0,0
t0528,two_talker,0,using,0,0,0
t0528,two_talker,3,usually,0,0,0
t0528,four_talker,-9,having,0,0,0
t0528,four_talker,-6,having,0,0,0
t0528,four_talker,-3,having,0,0,0
t0528,four_talker,0,having,0,0,0
t0528,four_talker,3,every,0,0,0
t0528,babble,-9,final,0,0,0
t0528,babble,-6,minor,0,0,0
t0528,babble,-3,china,0,0,0
t0528,babble,0,night,0,0,0
t0528,babble,3,night,0,0,0
t0528,issn,-9,known,0,0,0
t0528,issn,-6,within,0,0,0
t0528,issn,-3,within,0,0,0
t0528,issn,0,within,0,0,0
t0528,issn,3,leading,0,0,0
t0529,no_distractor,inf,chinese,1,0,0
t0529,one_same,-9,china,0,0,0
t0529,one_same,-6,china,0,0,0
t0529,one_same,-3,china,0,0,0
t0529,one_same,0,china,0,0,0
t0529,one_same,3,china,0,0,0
t0529,one_diff,-9,chinese,1,0,0
t0529,one_diff,-6,chinese,1,0,0
t0529,one_diff,-3,chinese,1,0,0
t0529,one_diff,0,chinese,1,0,0
t0529,one_diff,3,chinese,1,0,0
t0529,two_talker,-9,german,0,0,0
t0529,two_talker,-6,german,0,0,0
t0529,two_talker,-3,german,0,0,0
t0529,two_talker,0,china,0,0,0
t0529,two_talker,3,chinese,1,0,0
t0529,four_talker,-9,richard,0,0,0
t0529,four_talker,-6,church,0,0,0
t0529,four_talker,-3,chinese,1,0,0
t0529,four_talker,0,chinese,1,0,0
t0529,four_talker,3,chinese,1,0,0
t0529,babble,-9,version,0,0,0
t0529,babble,-6,chinese,1,0,0
t0529,babble,-3,chinese,1,0,0
t0529,babble,0,chinese,1,0,0
t0529,babble,3,chinese,1,0,0
t0529,issn,-9,church,0,0,0
t0529,issn,-6,charge,0,0,0
t0529,issn,-3,china,0,0,0
t0529,issn,0,china,0,0,0
t0529,issn,3,china,0,0,0
t0530,no_distractor,inf,popular,1,0,0
t0530,one_same,-9,could,0,1,1
t0530,one_same,-6,could,0,1,1
t0530,one_same,-3,could,0,1,1
t0530,one_same,0,could,0,1,1
t0530,one_same,3,could,0,1,1
t0530,one_diff,-9,while,0,0,0
t0530,one_diff,-6,while,0,0,0
t0530,one_diff,-3,taught,0,0,0
t0530,one_diff,0,popular,1,0,0
t0530,one_diff,3,popular,1,0,0
t0530,two_talker,-9,speak,0,0,0
t0530,two_talker,-6,people,0,0,0
t0530,two_talker,-3,could,0,1,1
t0530,two_talker,0,could,0,1,1
t0530,two_talker,3,popular,1,0,0
t0530,four_talker,-9,period,0,0,0
t0530,four_talker,-6,peter,0,0,0
t0530,four_talker,-3,peter,0,0,0
t0530,four_talker,0,popular,1,0,0
t0530,four_talker,3,popular,1,0,0
t0530,babble,-9,other,0,0,0
t0530,babble,-6,other,0,0,0
t0530,babble,-3,although,0,0,0
t0530,babble,0,video,0,0,0
t0530,babble,3,popular,1,0,0
t0530,issn,-9,related,0,0,0
t0530,issn,-6,related,0,0,0
t0530,issn,-3,eventually,0,0,0
t0530,issn,0,popular,1,0,0
t0530,issn,3,popular,1,0,0
t0531,no_distractor,inf,natural,1,0,0
t0531,one_same,-9,doctor,0,0,0
t0531,one_same,-6,natural,1,0,0
t0531,one_same,-3,natural,1,0,0
t0531,one_same,0,natural,1,0,0
t0531,one_same,3,natural,1,0,0
t0531,one_diff,-9,every,0,0,0
t0531,one_diff,-6,never,0,1,1
t0531,one_diff,-3,never,0,1,1
t0531,one_diff,0,never,0,1,1
t0531,one_diff,3,natural,1,0,0
t0531,two_talker,-9,hundred,0,0,0
t0531,two_talker,-6,larger,0,0,0
t0531,two_talker,-3,natural,1,0,0
t0531,two_talker,0,natural,1,0,0
t0531,two_talker,3,natural,1,0,0
t0531,four_talker,-9,largest,0,0,0
t0531,four_talker,-6,largest,0,0,0
t0531,four_talker,-3,natural,1,0,0
t0531,four_talker,0,natural,1,0,0
t0531,four_talker,3,natural,1,0,0
t0531,babble,-9,larger,0,0,0
t0531,babble,-6,larger,0,0,0
t0531,babble,-3,larger,0,0,0
t0531,babble,0,natural,1,0,0
t0531,babble,3,natural,1,0,0
t0531,issn,-9,natural,1,0,0
t0531,issn,-6,natural,1,0,0
t0531,issn,-3,natural,1,0,0
t0531,issn,0,natural,1,0,0
t0531,issn,3,natural,1,0,0
t0532,no_distractor,inf,social,1,0,0
t0532,one_same,-9,social,1,0,0
t0532,one_same,-6,social,1,0,0
t0532,one_same,-3,social,1,0,0
t0532,one_same,0,social,1,0,0
t0532,one_same,3,social,1,0,0
t0532,one_diff,-9,central,0,1,1
t0532,one_diff,-6,central,0,1,1
t0532,one_diff,-3,central,0,1,1
t0532,one_diff,0,central,0,1,1
t0532,one_diff,3,central,0,1,1
t0532,two_talker,-9,central,0,1,1
t0532,two_talker,-6,central,0,1,1
t0532,two_talker,-3,central,0,1,1
t0532,two_talker,0,central,0,1,1
t0532,two_talker,3,central,0,1,1
t0532,four_talker,-9,central,0,1,1
t0532,four_talker,-6,central,0,1,1
t0532,four_talker,-3,central,0,1,1
t0532,four_talker,0,central,0,1,1
t0532,four_talker,3,central,0,1,1
t0532,babble,-9,study,0,0,0
t0532,babble,-6,central,0,1,1
t0532,babble,-3,central,0,1,1
t0532,babble,0,central,0,1,1
t0532,babble,3,social,1,0,0
t0532,issn,-9,noted,0,0,0
t0532,issn,-6,noted,0,0,0
t0532,issn,-3,certain,0,0,0
t0532,issn,0,social,1,0,0
t0532,issn,3,social,1,0,0
t0533,no_distractor,inf,nothing,1,0,0
t0533,one_same,-9,nothing,1,0,0
t0533,one_same,-6,nothing,1,0,0
t0533,one_same,-3,nothing,1,0,0
t0533,one_same,0,nothing,1,0,0
t0533,one_same,3,nothing,1,0,0
t0533,one_diff,-9,nothing,1,0,0
t0533,one_diff,-6,nothing,1,0,0
t0533,one_diff,-3,nothing,1,0,0
t0533,one_diff,0,nothing,1,0,0
t0533,one_diff,3,nothing,1,0,0
t0533,two_talker,-9,different,0,0,0
t0533,two_talker,-6,catholic,0,0,0
t0533,two_talker,-3,nothing,1,0,0
t0533,two_talker,0,nothing,1,0,0
t0533,two_talker,3,nothing,1,0,0
t0533,four_talker,-9,little,0,1,1
t0533,four_talker,-6,little,0,1,1
t0533,four_talker,-3,doesn't,0,0,0
t0533,four_talker,0,doesn't,0,0,0
t0533,four_talker,3,nothing,1,0,0
t0533,babble,-9,method,0,0,0
t0533,babble,-6,method,0,0,0
t0533,babble,-3,method,0,0,0
t0533,babble,0,nothing,1,0,0
t0533,babble,3,nothing,1,0,0
t0533,issn,-9,younger,0,0,0
t0533,issn,-6,nothing,1,0,0
t0533,issn,-3,nothing,1,0,0
t0533,issn,0,nothing,1,0,0
t0533,issn,3,nothing,1,0,0
t0534,no_distractor,inf,originally,0,0,0
t0534,one_same,-9,national,0,0,0
t0534,one_same,-6,national,0,0,0
t0534,one_same,-3,matter,0,0,0
t0534,one_same,0,matter,0,0,0
t0534,one_same,3,matter,0,0,0
t0534,one_diff,-9,written,0,0,0
t0534,one_diff,-6,reached,0,0,0
t0534,one_diff,-3,reached,0,0,0
t0534,one_diff,0,robert,0,0,0
t0534,one_diff,3,originally,0,0,0
t0534,two_talker,-9,built,0,0,1
t0534,two_talker,-6,reached,0,0,0
t0534,two_talker,-3,operates,0,0,0
t0534,two_talker,0,operates,0,0,0
t0534,two_talker,3,richard,0,0,0
t0534,four_talker,-9,position,0,0,0
t0534,four_talker,-6,initially,0,0,0
t0534,four_talker,-3,operations,0,0,0
t0534,four_talker,0,operates,0,0,0
t0534,four_talker,3,written,0,0,0
t0534,babble,-9,township,0,0,0
t0534,babble,-6,township,0,0,0
t0534,babble,-3,township,0,0,0
t0534,babble,0,known,0,0,0
t0534,babble,3,known,0,0,0
t0534,issn,-9,production,0,0,0
t0534,issn,-6,production,0,0,0
t0534,issn,-3,production,0,0,0
t0534,issn,0,richard,0,0,0
t0534,issn,3,richard,0,0,0
t0535,no_distractor,inf,characters,0,0,0
t0535,one_same,-9,order,0,1,1
t0535,one_same,-6,always,0,0,0
t0535,one_same,-3,alchemist,1,0,0
t0535,one_same,0,alchemist,1,0,0
t0535,one_same,3,alchemist,1,0,0
t0535,one_diff,-9,capital,0,0,0
t0535,one_diff,-6,capital,0,0,0
t0535,one_diff,-3,capital,0,0,0
t0535,one_diff,0,capital,0,0,0
t0535,one_diff,3,capital,0,0,0
t0535,two_talker,-9,began,0,0,0
t0535,two_talker,-6,again,0,0,0
t0535,two_talker,-3,again,0,0,0
t0535,two_talker,0,capital,0,0,0
t0535,two_talker,3,capital,0,0,0
t0535,four_talker,-9,where,0,0,0
t0535,four_talker,-6,family,0,0,0
t0535,four_talker,-3,family,0,0,0
t0535,four_talker,0,family,0,0,0
t0535,four_talker,3,capital,0,0,0
t0535,babble,-9,class,0,0,0
t0535,babble,-6,class,0,0,0
t0535,babble,-3,class,0,0,0
t0535,babble,0,can't,0,0,0
t0535,babble,3,can't,0,0,0
t0535,issn,-9,under,0,0,0
t0535,issn,-6,characters,0,0,0
t0535,issn,-3,characters,0,0,0
t0535,issn,0,characters,0,0,0
t0535,issn,3,characters,0,0,0
t0536,no_distractor,inf,turned,1,0,0
t0536,one_same,-9,national,0,1,1
t0536,one_same,-6,national,0,1,1
t0536,one_same,-3,national,0,1,1
t0536,one_same,0,standard,0,0,0
t0536,one_same,3,stone,0,0,0
t0536,one_diff,-9,turned,1,0,0
t0536,one_diff,-6,turned,1,0,0
t0536,one_diff,-3,turned,1,0,0
t0536,one_diff,0,turned,1,0,0
t0536,one_diff,3,turned,1,0,0
t0536,two_talker,-9,national,0,1,1
t0536,two_talker,-6,national,0,1,1
t0536,two_talker,-3,special,0,0,0
t0536,two_talker,0,turned,1,0,0
t0536,two_talker,3,turned,1,0,0
t0536,four_talker,-9,style,0,0,0
t0536,four_talker,-6,study,0,0,0
t0536,four_talker,-3,study,0,0,0
t0536,four_talker,0,turned,1,0,0
t0536,four_talker,3,turned,1,0,0
t0536,babble,-9,china,0,0,0
t0536,babble,-6,china,0,0,0
t0536,babble,-3,china,0,0,0
t0536,babble,0,training,0,0,0
t0536,babble,3,turned,1,0,0
t0536,issn,-9,suddenly,0,0,0
t0536,issn,-6,turned,1,0,0
t0536,issn,-3,turned,1,0,0
t0536,issn,0,turned,1,0,0
t0536,issn,3,turned,1,0,0
t0537,no_distractor,inf,being,0,0,0
t0537,one_same,-9,popular,0,0,0
t0537,one_same,-6,popular,0,0,0
t0537,one_same,-3,beginning,1,0,0
t0537,one_same,0,being,0,0,0
t0537,one_same,3,being,0,0,0
t0537,one_diff,-9,beginning,1,0,0
t0537,one_diff,-6,played,0,0,0
t0537,one_diff,-3,played,0,0,0
t0537,one_diff,0,playing,0,0,0
t0537,one_diff,3,playing,0,0,0
t0537,two_talker,-9,popular,0,0,0
t0537,two_talker,-6,popular,0,0,0
t0537,two_talker,-3,getting,0,0,0
t0537,two_talker,0,getting,0,0,0
t0537,two_talker,3,being,0,0,0
t0537,four_talker,-9,actually,0,0,0
t0537,four_talker,-6,actually,0,0,0
t0537,four_talker,-3,getting,0,0,0
t0537,four_talker,0,getting,0,0,0
t0537,four_talker,3,being,0,0,0
t0537,babble,-9,teams,0,0,0
t0537,babble,-6,teams,0,0,0
t0537,babble,-3,teams,0,0,0
t0537,babble,0,teams,0,0,0
t0537,babble,3,green,0,0,0
t0537,issn,-9,beginning,1,0,0
t0537,issn,-6,beginning,1,0,0
t0537,issn,-3,beginning,1,0,0
t0537,issn,0,beginning,1,0,0
t0537,issn,3,beginning,1,0,0
t0538,no_distractor,inf,could,1,0,0
t0538,one_same,-9,leaves,0,0,0
t0538,one_same,-6,leaves,0,0,0
t0538,one_same,-3,leaves,0,0,0
t0538,one_same,0,league,0,0,0
t0538,one_same,3,leave,0,0,0
t0538,one_diff,-9,would,0,0,0
t0538,one_diff,-6,would,0,0,0
t0538,one_diff,-3,would,0,0,0
t0538,one_diff,0,would,0,0,0
t0538,one_diff,3,could,1,0,0
t0538,two_talker,-9,quickly,0,0,0
t0538,two_talker,-6,quickly,0,0,0
t0538,two_talker,-3,quickly,0,0,0
t0538,two_talker,0,reading,0,0,0
t0538,two_talker,3,reading,0,0,0
t0538,four_talker,-9,police,0,0,0
t0538,four_talker,-6,police,0,0,0
t0538,four_talker,-3,color,0,0,0
t0538,four_talker,0,women,0,0,0
t0538,four_talker,3,women,0,0,0
t0538,babble,-9,release,0,0,0
t0538,babble,-6,leaves,0,0,0
t0538,babble,-3,groups,0,0,0
t0538,babble,0,leader,0,0,0
t0538,babble,3,little,0,0,0
t0538,issn,-9,reviews,0,0,0
t0538,issn,-6,buildings,0,0,0
t0538,issn,-3,regular,0,0,0
t0538,issn,0,regular,0,0,0
t0538,issn,3,would,0,0,0
t0539,no_distractor,inf,started,1,0,0
t0539,one_same,-9,start,0,0,0
t0539,one_same,-6,stopped,0,0,0
t0539,one_same,-3,stopped,0,0,0
t0539,one_same,0,stopped,0,0,0
t0539,one_same,3,stopped,0,0,0
t0539,one_diff,-9,start,0,0,0
t0539,one_diff,-6,start,0,0,0
t0539,one_diff,-3,start,0,0,0
t0539,one_diff,0,start,0,0,0
t0539,one_diff,3,start,0,0,0
t0539,two_talker,-9,started,1,0,0
t0539,two_talker,-6,start,0,0,0
t0539,two_talker,-3,start,0,0,0
t0539,two_talker,0,start,0,0,0
t0539,two_talker,3,start,0,0,0
t0539,four_talker,-9,stopped,0,0,0
t0539,four_talker,-6,stopped,0,0,0
t0539,four_talker,-3,stopped,0,0,0
t0539,four_talker,0,start,0,0,0
t0539,four_talker,3,started,1,0,0
t0539,babble,-9,provided,0,0,0
t0539,babble,-6,started,1,0,0
t0539,babble,-3,started,1,0,0
t0539,babble,0,started,1,0,0
t0539,babble,3,started,1,0,0
t0539,issn,-9,smaller,0,0,0
t0539,issn,-6,started,1,0,0
t0539,issn,-3,started,1,0,0
t0539,issn,0,started,1,0,0
t0539,issn,3,started,1,0,0
t0540,no_distractor,inf,years,1,0,0
t0540,one_same,-9,lives,0,0,0
t0540,one_same,-6,lives,0,0,0
t0540,one_same,-3,years,1,0,0
t0540,one_same,0,musical,0,0,0
t0540,one_same,3,musical,0,0,0
t0540,one_diff,-9,miles,0,0,0
t0540,one_diff,-6,minutes,0,0,0
t0540,one_diff,-3,years,1,0,0
t0540,one_diff,0,years,1,0,0
t0540,one_diff,3,years,1,0,0
t0540,two_talker,-9,voice,0,0,0
t0540,two_talker,-6,voice,0,0,0
t0540,two_talker,-3,musical,0,0,0
t0540,two_talker,0,musical,0,0,0
t0540,two_talker,3,musical,0,0,0
t0540,four_talker,-9,always,0,0,0
t0540,four_talker,-6,always,0,0,0
t0540,four_talker,-3,reason,0,0,0
t0540,four_talker,0,lives,0,0,0
t0540,four_talker,3,musical,0,0,0
t0540,babble,-9,largest,0,1,1
t0540,babble,-6,already,0,0,0
t0540,babble,-3,already,0,0,0
t0540,babble,0,already,0,0,0
t0540,babble,3,already,0,0,0
t0540,issn,-9,magazine,0,0,0
t0540,issn,-6,lives,0,0,0
t0540,issn,-3,lives,0,0,0
t0540,issn,0,lives,0,0,0
t0540,issn,3,lives,0,0,0
t0541,no_distractor,inf,south,1,0,0
t0541,one_same,-9,friends,0,0,0
t0541,one_same,-6,friends,0,0,0
t0541,one_same,-3,friends,0,0,0
t0541,one_same,0,friends,0,0,0
t0541,one_same,3,films,0,0,0
t0541,one_diff,-9,south,1,0,0
t0541,one_diff,-6,south,1,0,0
t0541,one_diff,-3,south,1,0,0
t0541,one_diff,0,south,1,0,0
t0541,one_diff,3,south,1,0,0
t0541,two_talker,-9,friends,0,0,0
t0541,two_talker,-6,friends,0,0,0
t0541,two_talker,-3,since,0,0,0
t0541,two_talker,0,south,1,0,0
t0541,two_talker,3,south,1,0,0
t0541,four_talker,-9,voice,0,0,0
t0541,four_talker,-6,voice,0,0,0
t0541,four_talker,-3,service,0,0,0
t0541,four_talker,0,south,1,0,0
t0541,four_talker,3,south,1,0,0
t0541,babble,-9,voice,0,0,0
t0541,babble,-6,voice,0,0,0
t0541,babble,-3,brothers,0,0,0
t0541,babble,0,blood,0,0,0
t0541,babble,3,themselves,0,0,0
t0541,issn,-9,award,0,0,0
t0541,issn,-6,sound,0,0,0
t0541,issn,-3,sound,0,0,0
t0541,issn,0,sound,0,0,0
t0541,issn,3,south,1,0,0
t0542,no_distractor,inf,there,1,0,0
t0542,one_same,-9,there,1,0,0
t0542,one_same,-6,there,1,0,0
t0542,one_same,-3,there,1,0,0
t0542,one_same,0,there,1,0,0
t0542,one_same,3,there,1,0,0
t0542,one_diff,-9,matter,0,1,1
t0542,one_diff,-6,matter,0,1,1
t0542,one_diff,-3,matter,0,1,1
t0542,one_diff,0,matter,0,1,1
t0542,one_diff,3,better,0,0,0
t0542,two_talker,-9,better,0,0,0
t0542,two_talker,-6,better,0,0,0
t0542,two_talker,-3,better,0,0,0
t0542,two_talker,0,better,0,0,0
t0542,two_talker,3,better,0,0,0
t0542,four_talker,-9,added,0,0,0
t0542,four_talker,-6,buried,0,0,0
t0542,four_talker,-3,buried,0,0,0
t0542,four_talker,0,buried,0,0,0
t0542,four_talker,3,buried,0,0,0
t0542,babble,-9,night,0,0,0
t0542,babble,-6,board,0,0,0
t0542,babble,-3,earth,0,0,0
t0542,babble,0,earth,0,0,0
t0542,babble,3,death,0,0,0
t0542,issn,-9,earth,0,0,0
t0542,issn,-6,earth,0,0,0
t0542,issn,-3,there,1,0,0
t0542,issn,0,there,1,0,0
t0542,issn,3,there,1,0,0
t0543,no_distractor,inf,asked,1,0,0
t0543,one_same,-9,caused,0,0,0
t0543,one_same,-6,caused,0,0,0
t0543,one_same,-3,passed,0,0,0
t0543,one_same,0,asked,1,0,0
t0543,one_same,3,asked,1,0,0
t0543,one_diff,-9,common,0,1,1
t0543,one_diff,-6,province,0,0,0
t0543,one_diff,-3,province,0,0,0
t0543,one_diff,0,often,0,0,0
t0543,one_diff,3,alchemist,0,0,0
t0543,two_talker,-9,almost,0,0,0
t0543,two_talker,-6,almost,0,0,0
t0543,two_talker,-3,almost,0,0,0
t0543,two_talker,0,asked,1,0,0
t0543,two_talker,3,asked,1,0,0
t0543,four_talker,-9,having,0,0,0
t0543,four_talker,-6,having,0,0,0
t0543,four_talker,-3,passed,0,0,0
t0543,four_talker,0,passed,0,0,0
t0543,four_talker,3,passed,0,0,0
t0543,babble,-9,second,0,0,0
t0543,babble,-6,inside,0,0,0
t0543,babble,-3,south,0,1,1
t0543,babble,0,south,0,1,1
t0543,babble,3,passed,0,0,0
t0543,issn,-9,north,0,0,0
t0543,issn,-6,above,0,0,0
t0543,issn,-3,asked,1,0,0
t0543,issn,0,asked,1,0,0
t0543,issn,3,asked,1,0,0
t0544,no_distractor,inf,dream,1,0,0
t0544,one_same,-9,dream,1,0,0
t0544,one_same,-6,dream,1,0,0
t0544,one_same,-3,dream,1,0,0
t0544,one_same,0,dream,1,0,0
t0544,one_same,3,dream,1,0,0
t0544,one_diff,-9,heart,0,1,1
t0544,one_diff,-6,hundred,0,0,0
t0544,one_diff,-3,hundred,0,0,0
t0544,one_diff,0,behind,0,0,0
t0544,one_diff,3,dream,1,0,0
t0544,two_talker,-9,offered,0,0,0
t0544,two_talker,-6,offered,0,0,0
t0544,two_talker,-3,often,0,1,1
t0544,two_talker,0,final,0,0,0
t0544,two_talker,3,dream,1,0,0
t0544,four_talker,-9,hours,0,0,0
t0544,four_talker,-6,library,0,0,0
t0544,four_talker,-3,library,0,0,0
t0544,four_talker,0,training,0,0,0
t0544,four_talker,3,training,0,0,0
t0544,babble,-9,friends,0,0,0
t0544,babble,-6,friends,0,0,0
t0544,babble,-3,friend,0,0,0
t0544,babble,0,training,0,0,0
t0544,babble,3,dream,1,0,0
t0544,issn,-9,you'll,0,0,0
t0544,issn,-6,series,0,0,0
t0544,issn,-3,trees,0,0,0
t0544,issn,0,dream,1,0,0
t0544,issn,3,dream,1,0,0
t0545,no_distractor,inf,reason,1,0,0
t0545,one_same,-9,reason,1,0,0
t0545,one_same,-6,reason,1,0,0
t0545,one_same,-3,reason,1,0,0
t0545,one_same,0,reason,1,0,0
t0545,one_same,3,reason,1,0,0
t0545,one_diff,-9,raised,0,1,1
t0545,one_diff,-6,raised,0,1,1
t0545,one_diff,-3,raised,0,1,1
t0545,one_diff,0,raised,0,1,1
t0545,one_diff,3,reason,1,0,0
t0545,two_talker,-9,reason,1,0,0
t0545,two_talker,-6,reason,1,0,0
t0545,two_talker,-3,reason,1,0,0
t0545,two_talker,0,reason,1,0,0
t0545,two_talker,3,reason,1,0,0
t0545,four_talker,-9,music,0,0,0
t0545,four_talker,-6,reason,1,0,0
t0545,four_talker,-3,reason,1,0,0
t0545,four_talker,0,reason,1,0,0
t0545,four_talker,3,reason,1,0,0
t0545,babble,-9,reason,1,0,0
t0545,babble,-6,reason,1,0,0
t0545,babble,-3,reason,1,0,0
t0545,babble,0,reason,1,0,0
t0545,babble,3,reason,1,0,0
t0545,issn,-9,present,0,0,0
t0545,issn,-6,reason,1,0,0
t0545,issn,-3,reason,1,0,0
t0545,issn,0,reason,1,0,0
t0545,issn,3,reason,1,0,0
t0546,no_distractor,inf,looked,1,0,0
t0546,one_same,-9,worked,0,0,0
t0546,one_same,-6,looked,1,0,0
t0546,one_same,-3,looked,1,0,0
t0546,one_same,0,looked,1,0,0
t0546,one_same,3,looked,1,0,0
t0546,one_diff,-9,started,0,1,1
t0546,one_diff,-6,started,0,1,1
t0546,one_diff,-3,started,0,1,1
t0546,one_diff,0,stood,0,0,0
t0546,one_diff,3,looked,1,0,0
t0546,two_talker,-9,started,0,1,1
t0546,two_talker,-6,stood,0,0,0
t0546,two_talker,-3,stood,0,0,0
t0546,two_talker,0,looked,1,0,0
t0546,two_talker,3,looked,1,0,0
t0546,four_talker,-9,enough,0,0,0
t0546,four_talker,-6,enough,0,0,0
t0546,four_talker,-3,looked,1,0,0
t0546,four_talker,0,looked,1,0,0
t0546,four_talker,3,looked,1,0,0
t0546,babble,-9,desert,0,1,1
t0546,babble,-6,there's,0,0,0
t0546,babble,-3,you're,0,0,0
t0546,babble,0,looked,1,0,0
t0546,babble,3,looked,1,0,0
t0546,issn,-9,looking,0,0,0
t0546,issn,-6,looked,1,0,0
t0546,issn,-3,looked,1,0,0
t0546,issn,0,looked,1,0,0
t0546,issn,3,looked,1,0,0
t0547,no_distractor,inf,nothing,1,0,0
t0547,one_same,-9,nothing,1,0,0
t0547,one_same,-6,nothing,1,0,0
t0547,one_same,-3,nothing,1,0,0
t0547,one_same,0,nothing,1,0,0
t0547,one_same,3,nothing,1,0,0
t0547,one_diff,-9,evidence,0,1,1
t0547,one_diff,-6,evidence,0,1,1
t0547,one_diff,-3,evidence,0,1,1
t0547,one_diff,0,evidence,0,1,1
t0547,one_diff,3,nothing,1,0,0
t0547,two_talker,-9,evidence,0,1,1
t0547,two_talker,-6,evidence,0,1,1
t0547,two_talker,-3,nothing,1,0,0
t0547,two_talker,0,nothing,1,0,0
t0547,two_talker,3,nothing,1,0,0
t0547,four_talker,-9,ancient,0,0,0
t0547,four_talker,-6,another,0,0,0
t0547,four_talker,-3,another,0,0,0
t0547,four_talker,0,nothing,1,0,0
t0547,four_talker,3,nothing,1,0,0
t0547,babble,-9,minutes,0,0,0
t0547,babble,-6,animals,0,0,0
t0547,babble,-3,canada,0,0,0
t0547,babble,0,another,0,0,0
t0547,babble,3,another,0,0,0
t0547,issn,-9,what's,0,0,0
t0547,issn,-6,what's,0,0,0
t0547,issn,-3,nothing,1,0,0
t0547,issn,0,nothing,1,0,0
t0547,issn,3,nothing,1,0,0
t0548,no_distractor,inf,turned,0,0,0
t0548,one_same,-9,still,0,0,0
t0548,one_same,-6,still,0,0,0
t0548,one_same,-3,still,0,0,0
t0548,one_same,0,still,0,0,0
t0548,one_same,3,don't,0,0,0
t0548,one_diff,-9,board,0,1,1
t0548,one_diff,-6,board,0,1,1
t0548,one_diff,-3,board,0,1,1
t0548,one_diff,0,voice,0,0,0
t0548,one_diff,3,point,0,0,0
t0548,two_talker,-9,board,0,1,1
t0548,two_talker,-6,quite,0,0,0
t0548,two_talker,-3,quite,0,0,0
t0548,two_talker,0,going,0,0,0
t0548,two_talker,3,going,0,0,0
t0548,four_talker,-9,award,0,0,0
t0548,four_talker,-6,white,0,0,0
t0548,four_talker,-3,widely,0,0,0
t0548,four_talker,0,everyone,0,0,0
t0548,four_talker,3,though,0,0,0
t0548,babble,-9,voice,0,0,0
t0548,babble,-6,voice,0,0,0
t0548,babble,-3,voice,0,0,0
t0548,babble,0,those,0,0,0
t0548,babble,3,those,0,0,0
t0548,issn,-9,previous,0,0,0
t0548,issn,-6,previous,0,0,0
t0548,issn,-3,though,0,0,0
t0548,issn,0,early,0,0,0
t0548,issn,3,though,0,0,0
t0549,no_distractor,inf,continued,1,0,0
t0549,one_same,-9,something,0,0,0
t0549,one_same,-6,video,0,0,0
t0549,one_same,-3,computer,0,0,0
t0549,one_same,0,computer,0,0,0
t0549,one_same,3,computer,0,0,0
t0549,one_diff,-9,against,0,1,1
t0549,one_diff,-6,campaign,0,0,0
t0549,one_diff,-3,contains,0,0,0
t0549,one_diff,0,contains,0,0,0
t0549,one_diff,3,continue,0,0,0
t0549,two_talker,-9,black,0,0,0
t0549,two_talker,-6,complete,0,0,0
t0549,two_talker,-3,complete,0,0,0
t0549,two_talker,0,completely,0,0,0
t0549,two_talker,3,continued,1,0,0
t0549,four_talker,-9,sound,0,0,0
t0549,four_talker,-6,sound,0,0,0
t0549,four_talker,-3,stone,0,0,0
t0549,four_talker,0,stone,0,0,0
t0549,four_talker,3,computer,0,0,0
t0549,babble,-9,sound,0,0,0
t0549,babble,-6,sound,0,0,0
t0549,babble,-3,sound,0,0,0
t0549,babble,0,continues,0,0,0
t0549,babble,3,continues,0,0,0
t0549,issn,-9,quickly,0,0,0
t0549,issn,-6,continue,0,0,0
t0549,issn,-3,continue,0,0,0
t0549,issn,0,continue,0,0,0
t0549,issn,3,continue,0,0,0
t0550,no_distractor,inf,reading,1,0,0
t0550,one_same,-9,brought,0,0,0
t0550,one_same,-6,brown,0,0,0
t0550,one_same,-3,going,0,0,0
t0550,one_same,0,reading,1,0,0
t0550,one_same,3,reading,1,0,0
t0550,one_diff,-9,black,0,0,0
t0550,one_diff,-6,black,0,0,0
t0550,one_diff,-3,black,0,0,0
t0550,one_diff,0,black,0,0,0
t0550,one_diff,3,black,0,0,0
t0550,two_talker,-9,miles,0,0,0
t0550,two_talker,-6,miles,0,0,0
t0550,two_talker,-3,right,0,0,0
t0550,two_talker,0,right,0,0,0
t0550,two_talker,3,right,0,0,0
t0550,four_talker,-9,miles,0,0,0
t0550,four_talker,-6,miles,0,0,0
t0550,four_talker,-3,miles,0,0,0
t0550,four_talker,0,minutes,0,0,0
t0550,four_talker,3,immediately,0,0,0
t0550,babble,-9,hundred,0,0,0
t0550,babble,-6,covered,0,1,1
t0550,babble,-3,phone,0,0,0
t0550,babble,0,phone,0,0,0
t0550,babble,3,anything,0,0,0
t0550,issn,-9,within,0,0,0
t0550,issn,-6,within,0,0,0
t0550,issn,-3,anything,0,0,0
t0550,issn,0,anything,0,0,0
t0550,issn,3,reading,1,0,0
t0551,no_distractor,inf,election,1,0,0
t0551,one_same,-9,election,1,0,0
t0551,one_same,-6,election,1,0,0
t0551,one_same,-3,election,1,0,0
t0551,one_same,0,election,1,0,0
t0551,one_same,3,election,1,0,0
t0551,one_diff,-9,version,0,0,0
t0551,one_diff,-6,election,1,0,0
t0551,one_diff,-3,election,1,0,0
t0551,one_diff,0,election,1,0,0
t0551,one_diff,3,election,1,0,0
t0551,two_talker,-9,function,0,0,0
t0551,two_talker,-6,function,0,0,0
t0551,two_talker,-3,election,1,0,0
t0551,two_talker,0,election,1,0,0
t0551,two_talker,3,election,1,0,0
t0551,four_talker,-9,section,0,0,0
t0551,four_talker,-6,section,0,0,0
t0551,four_talker,-3,section,0,0,0
t0551,four_talker,0,section,0,0,0
t0551,four_talker,3,section,0,0,0
t0551,babble,-9,science,0,0,0
t0551,babble,-6,section,0,0,0
t0551,babble,-3,section,0,0,0
t0551,babble,0,election,1,0,0
t0551,babble,3,election,1,0,0
t0551,issn,-9,market,0,0,0
t0551,issn,-6,london,0,0,0
t0551,issn,-3,election,1,0,0
t0551,issn,0,election,1,0,0
t0551,issn,3,election,1,0,0
t0552,no_distractor,inf,party,1,0,0
t0552,one_same,-9,party,1,0,0
t0552,one_same,-6,party,1,0,0
t0552,one_same,-3,party,1,0,0
t0552,one_same,0,party,1,0,0
t0552,one_same,3,party,1,0,0
t0552,one_diff,-9,party,1,0,0
t0552,one_diff,-6,party,1,0,0
t0552,one_diff,-3,party,1,0,0
t0552,one_diff,0,party,1,0,0
t0552,one_diff,3,party,1,0,0
t0552,two_talker,-9,party,1,0,0
t0552,two_talker,-6,party,1,0,0
t0552,two_talker,-3,party,1,0,0
t0552,two_talker,0,party,1,0,0
t0552,two_talker,3,party,1,0,0
t0552,four_talker,-9,party,1,0,0
t0552,four_talker,-6,party,1,0,0
t0552,four_talker,-3,party,1,0,0
t0552,four_talker,0,party,1,0,0
t0552,four_talker,3,party,1,0,0
t0552,babble,-9,horse,0,0,0
t0552,babble,-6,morning,0,0,0
t0552,babble,-3,party,1,0,0
t0552,babble,0,party,1,0,0
t0552,babble,3,party,1,0,0
t0552,issn,-9,party,1,0,0
t0552,issn,-6,party,1,0,0
t0552,issn,-3,party,1,0,0
t0552,issn,0,party,1,0,0
t0552,issn,3,party,1,0,0
t0553,no_distractor,inf,president,1,0,0
t0553,one_same,-9,president,1,0,0
t0553,one_same,-6,president,1,0,0
t0553,one_same,-3,president,1,0,0
t0553,one_same,0,president,1,0,0
t0553,one_same,3,president,1,0,0
t0553,one_diff,-9,president,1,0,0
t0553,one_diff,-6,president,1,0,0
t0553,one_diff,-3,president,1,0,0
t0553,one_diff,0,president,1,0,0
t0553,one_diff,3,president,1,0,0
t0553,two_talker,-9,president,1,0,0
t0553,two_talker,-6,president,1,0,0
t0553,two_talker,-3,president,1,0,0
t0553,two_talker,0,president,1,0,0
t0553,two_talker,3,president,1,0,0
t0553,four_talker,-9,president,1,0,0
t0553,four_talker,-6,president,1,0,0
t0553,four_talker,-3,president,1,0,0
t0553,four_talker,0,president,1,0,0
t0553,four_talker,3,president,1,0,0
t0553,babble,-9,action,0,0,0
t0553,babble,-6,president,1,0,0
t0553,babble,-3,president,1,0,0
t0553,babble,0,president,1,0,0
t0553,babble,3,president,1,0,0
t0553,issn,-9,president,1,0,0
t0553,issn,-6,president,1,0,0
t0553,issn,-3,president,1,0,0
t0553,issn,0,president,1,0,0
t0553,issn,3,president,1,0,0
t0554,no_distractor,inf,these,1,0,0
t0554,one_same,-9,needs,0,0,0
t0554,one_same,-6,needs,0,0,0
t0554,one_same,-3,these,1,0,0
t0554,one_same,0,these,1,0,0
t0554,one_same,3,these,1,0,0
t0554,one_diff,-9,these,1,0,0
t0554,one_diff,-6,windows,0,0,0
t0554,one_diff,-3,joined,0,0,0
t0554,one_diff,0,joined,0,0,0
t0554,one_diff,3,joined,0,0,0
t0554,two_talker,-9,needs,0,0,0
t0554,two_talker,-6,these,1,0,0
t0554,two_talker,-3,these,1,0,0
t0554,two_talker,0,these,1,0,0
t0554,two_talker,3,these,1,0,0
t0554,four_talker,-9,let's,0,0,0
t0554,four_talker,-6,these,1,0,0
t0554,four_talker,-3,these,1,0,0
t0554,four_talker,0,these,1,0,0
t0554,four_talker,3,these,1,0,0
t0554,babble,-9,those,0,0,0
t0554,babble,-6,those,0,0,0
t0554,babble,-3,george,0,0,0
t0554,babble,0,george,0,0,0
t0554,babble,3,joined,0,0,0
t0554,issn,-9,former,0,0,0
t0554,issn,-6,previous,0,0,0
t0554,issn,-3,police,0,0,0
t0554,issn,0,joined,0,0,0
t0554,issn,3,joined,0,0,0
t0555,no_distractor,inf,featured,1,0,0
t0555,one_same,-9,featured,1,0,0
t0555,one_same,-6,featured,1,0,0
t0555,one_same,-3,featured,1,0,0
t0555,one_same,0,featured,1,0,0
t0555,one_same,3,featured,1,0,0
t0555,one_diff,-9,featured,1,0,0
t0555,one_diff,-6,featured,1,0,0
t0555,one_diff,-3,featured,1,0,0
t0555,one_diff,0,featured,1,0,0
t0555,one_diff,3,featured,1,0,0
t0555,two_talker,-9,featured,1,0,0
t0555,two_talker,-6,featured,1,0,0
t0555,two_talker,-3,featured,1,0,0
t0555,two_talker,0,featured,1,0,0
t0555,two_talker,3,featured,1,0,0
t0555,four_talker,-9,virginia,0,0,0
t0555,four_talker,-6,virginia,0,0,0
t0555,four_talker,-3,richard,0,0,0
t0555,four_talker,0,featured,1,0,0
t0555,four_talker,3,featured,1,0,0
t0555,babble,-9,originally,0,0,0
t0555,babble,-6,richard,0,0,0
t0555,babble,-3,richard,0,0,0
t0555,babble,0,featured,1,0,0
t0555,babble,3,featured,1,0,0
t0555,issn,-9,which,0,0,0
t0555,issn,-6,featured,1,0,0
t0555,issn,-3,featured,1,0,0
t0555,issn,0,featured,1,0,0
t0555,issn,3,featured,1,0,0
t0556,no_distractor,inf,never,1,0,0
t0556,one_same,-9,natural,0,0,0
t0556,one_same,-6,never,1,0,0
t0556,one_same,-3,never,1,0,0
t0556,one_same,0,never,1,0,0
t0556,one_same,3,never,1,0,0
t0556,one_diff,-9,never,1,0,0
t0556,one_diff,-6,never,1,0,0
t0556,one_diff,-3,never,1,0,0
t0556,one_diff,0,never,1,0,0
t0556,one_diff,3,never,1,0,0
t0556,two_talker,-9,natural,0,0,0
t0556,two_talker,-6,never,1,0,0
t0556,two_talker,-3,never,1,0,0
t0556,two_talker,0,never,1,0,0
t0556,two_talker,3,never,1,0,0
t0556,four_talker,-9,months,0,0,0
t0556,four_talker,-6,never,1,0,0
t0556,four_talker,-3,never,1,0,0
t0556,four_talker,0,never,1,0,0
t0556,four_talker,3,never,1,0,0
t0556,babble,-9,experience,0,0,0
t0556,babble,-6,never,1,0,0
t0556,babble,-3,never,1,0,0
t0556,babble,0,never,1,0,0
t0556,babble,3,never,1,0,0
t0556,issn,-9,spanish,0,0,0
t0556,issn,-6,never,1,0,0
t0556,issn,-3,never,1,0,0
t0556,issn,0,never,1,0,0
t0556,issn,3,never,1,0,0
t0557,no_distractor,inf,certain,1,0,0
t0557,one_same,-9,certain,1,0,0
t0557,one_same,-6,certain,1,0,0
t0557,one_same,-3,certain,1,0,0
t0557,one_same,0,certain,1,0,0
t0557,one_same,3,certain,1,0,0
t0557,one_diff,-9,certain,1,0,0
t0557,one_diff,-6,certain,1,0,0
t0557,one_diff,-3,certain,1,0,0
t0557,one_diff,0,certain,1,0,0
t0557,one_diff,3,certain,1,0,0
t0557,two_talker,-9,certain,1,0,0
t0557,two_talker,-6,certain,1,0,0
t0557,two_talker,-3,certain,1,0,0
t0557,two_talker,0,certain,1,0,0
t0557,two_talker,3,certain,1,0,0
t0557,four_talker,-9,certain,1,0,0
t0557,four_talker,-6,certain,1,0,0
t0557,four_talker,-3,certain,1,0,0
t0557,four_talker,0,certain,1,0,0
t0557,four_talker,3,certain,1,0,0
t0557,babble,-9,certain,1,0,0
t0557,babble,-6,certain,1,0,0
t0557,babble,-3,certain,1,0,0
t0557,babble,0,certain,1,0,0
t0557,babble,3,certain,1,0,0
t0557,issn,-9,certain,1,0,0
t0557,issn,-6,certain,1,0,0
t0557,issn,-3,certain,1,0,0
t0557,issn,0,certain,1,0,0
t0557,issn,3,certain,1,0,0
t0558,no_distractor,inf,mostly,1,0,0
t0558,one_same,-9,waiting,0,1,1
t0558,one_same,-6,mostly,1,0,0
t0558,one_same,-3,mostly,1,0,0
t0558,one_same,0,mostly,1,0,0
t0558,one_same,3,mostly,1,0,0
t0558,one_diff,-9,mostly,1,0,0
t0558,one_diff,-6,mostly,1,0,0
t0558,one_diff,-3,mostly,1,0,0
t0558,one_diff,0,mostly,1,0,0
t0558,one_diff,3,mostly,1,0,0
t0558,two_talker,-9,mostly,1,0,0
t0558,two_talker,-6,mostly,1,0,0
t0558,two_talker,-3,mostly,1,0,0
t0558,two_talker,0,mostly,1,0,0
t0558,two_talker,3,mostly,1,0,0
t0558,four_talker,-9,mostly,1,0,0
t0558,four_talker,-6,mostly,1,0,0
t0558,four_talker,-3,mostly,1,0,0
t0558,four_talker,0,mostly,1,0,0
t0558,four_talker,3,mostly,1,0,0
t0558,babble,-9,mostly,1,0,0
t0558,babble,-6,mostly,1,0,0
t0558,babble,-3,mostly,1,0,0
t0558,babble,0,mostly,1,0,0
t0558,babble,3,mostly,1,0,0
t0558,issn,-9,personal,0,0,0
t0558,issn,-6,mostly,1,0,0
t0558,issn,-3,mostly,1,0,0
t0558,issn,0,mostly,1,0,0
t0558,issn,3,mostly,1,0,0
t0559,no_distractor,inf,groups,1,0,0
t0559,one_same,-9,states,0,0,0
t0559,one_same,-6,states,0,0,0
t0559,one_same,-3,states,0,0,0
t0559,one_same,0,groups,1,0,0
t0559,one_same,3,groups,1,0,0
t0559,one_diff,-9,district,0,0,0
t0559,one_diff,-6,district,0,0,0
t0559,one_diff,-3,groups,1,0,0
t0559,one_diff,0,groups,1,0,0
t0559,one_diff,3,groups,1,0,0
t0559,two_talker,-9,distance,0,0,0
t0559,two_talker,-6,distance,0,0,0
t0559,two_talker,-3,district,0,0,0
t0559,two_talker,0,groups,1,0,0
t0559,two_talker,3,groups,1,0,0
t0559,four_talker,-9,western,0,0,0
t0559,four_talker,-6,place,0,1,1
t0559,four_talker,-3,takes,0,0,0
t0559,four_talker,0,takes,0,0,0
t0559,four_talker,3,groups,1,0,0
t0559,babble,-9,famous,0,0,0
t0559,babble,-6,famous,0,0,0
t0559,babble,-3,military,0,0,0
t0559,babble,0,groups,1,0,0
t0559,babble,3,groups,1,0,0
t0559,issn,-9,source,0,0,0
t0559,issn,-6,source,0,0,0
t0559,issn,-3,series,0,0,0
t0559,issn,0,groups,1,0,0
t0559,issn,3,groups,1,0,0
t0560,no_distractor,inf,series,1,0,0
t0560,one_same,-9,series,1,0,0
t0560,one_same,-6,series,1,0,0
t0560,one_same,-3,series,1,0,0
t0560,one_same,0,series,1,0,0
t0560,one_same,3,series,1,0,0
t0560,one_diff,-9,possible,0,0,0
t0560,one_diff,-6,possible,0,0,0
t0560,one_diff,-3,series,1,0,0
t0560,one_diff,0,series,1,0,0
t0560,one_diff,3,series,1,0,0
t0560,two_talker,-9,possible,0,0,0
t0560,two_talker,-6,possible,0,0,0
t0560,two_talker,-3,mother,0,0,0
t0560,two_talker,0,mother,0,0,0
t0560,two_talker,3,series,1,0,0
t0560,four_talker,-9,market,0,0,0
t0560,four_talker,-6,possible,0,0,0
t0560,four_talker,-3,mother,0,0,0
t0560,four_talker,0,series,1,0,0
t0560,four_talker,3,series,1,0,0
t0560,babble,-9,marked,0,0,0
t0560,babble,-6,while,0,0,1
t0560,babble,-3,lines,0,0,0
t0560,babble,0,series,1,0,0
t0560,babble,3,series,1,0,0
t0560,issn,-9,reason,0,0,0
t0560,issn,-6,reason,0,0,0
t0560,issn,-3,series,1,0,0
t0560,issn,0,series,1,0,0
t0560,issn,3,series,1,0,0
t0561,no_distractor,inf,often,1,0,0
t0561,one_same,-9,changed,0,0,0
t0561,one_same,-6,change,0,1,1
t0561,one_same,-3,change,0,1,1
t0561,one_same,0,change,0,1,1
t0561,one_same,3,change,0,1,1
t0561,one_diff,-9,involved,0,0,0
t0561,one_diff,-6,involved,0,0,0
t0561,one_diff,-3,world,0,0,0
t0561,one_diff,0,world,0,0,0
t0561,one_diff,3,world,0,0,0
t0561,two_talker,-9,changed,0,0,0
t0561,two_talker,-6,changed,0,0,0
t0561,two_talker,-3,changed,0,0,0
t0561,two_talker,0,changed,0,0,0
t0561,two_talker,3,changed,0,0,0
t0561,four_talker,-9,change,0,1,1
t0561,four_talker,-6,change,0,1,1
t0561,four_talker,-3,change,0,1,1
t0561,four_talker,0,change,0,1,1
t0561,four_talker,3,change,0,1,1
t0561,babble,-9,changed,0,0,0
t0561,babble,-6,changed,0,0,0
t0561,babble,-3,changed,0,0,0
t0561,babble,0,changed,0,0,0
t0561,babble,3,models,0,0,0
t0561,issn,-9,involved,0,0,0
t0561,issn,-6,involved,0,0,0
t0561,issn,-3,involved,0,0,0
t0561,issn,0,involved,0,0,0
t0561,issn,3,often,1,0,0
t0562,no_distractor,inf,performed,1,0,0
t0562,one_same,-9,large,0,1,1
t0562,one_same,-6,large,0,1,1
t0562,one_same,-3,large,0,1,1
t0562,one_same,0,large,0,1,1
t0562,one_same,3,large,0,1,1
t0562,one_diff,-9,wrote,0,0,0
t0562,one_diff,-6,front,0,0,0
t0562,one_diff,-3,formed,0,0,0
t0562,one_diff,0,formed,0,0,0
t0562,one_diff,3,formed,0,0,0
t0562,two_talker,-9,largest,0,0,0
t0562,two_talker,-6,largest,0,0,0
t0562,two_talker,-3,known,0,0,0
t0562,two_talker,0,known,0,0,0
t0562,two_talker,3,known,0,0,0
t0562,four_talker,-9,surrounding,0,0,0
t0562,four_talker,-6,surrounding,0,0,0
t0562,four_talker,-3,municipality,0,0,0
t0562,four_talker,0,municipality,0,0,0
t0562,four_talker,3,owned,0,0,0
t0562,babble,-9,about,0,0,0
t0562,babble,-6,about,0,0,0
t0562,babble,-3,northern,0,0,0
t0562,babble,0,followed,0,0,0
t0562,babble,3,formed,0,0,0
t0562,issn,-9,northern,0,0,0
t0562,issn,-6,northern,0,0,0
t0562,issn,-3,local,0,0,0
t0562,issn,0,performed,1,0,0
t0562,issn,3,performed,1,0,0
t0563,no_distractor,inf,lower,1,0,0
t0563,one_same,-9,plant,0,1,1
t0563,one_same,-6,plant,0,1,1
t0563,one_same,-3,blood,0,0,0
t0563,one_same,0,lower,1,0,0
t0563,one_same,3,lower,1,0,0
t0563,one_diff,-9,minor,0,0,0
t0563,one_diff,-6,minor,0,0,0
t0563,one_diff,-3,minor,0,0,0
t0563,one_diff,0,lower,1,0,0
t0563,one_diff,3,lower,1,0,0
t0563,two_talker,-9,player,0,0,0
t0563,two_talker,-6,player,0,0,0
t0563,two_talker,-3,player,0,0,0
t0563,two_talker,0,player,0,0,0
t0563,two_talker,3,player,0,0,0
t0563,four_talker,-9,played,0,1,1
t0563,four_talker,-6,played,0,1,1
t0563,four_talker,-3,played,0,1,1
t0563,four_talker,0,lower,1,0,0
t0563,four_talker,3,lower,1,0,0
t0563,babble,-9,similar,0,0,0
t0563,babble,-6,mother,0,0,0
t0563,babble,-3,mother,0,0,0
t0563,babble,0,mother,0,0,0
t0563,babble,3,another,0,0,0
t0563,issn,-9,william,0,0,0
t0563,issn,-6,royal,0,0,0
t0563,issn,-3,lower,1,0,0
t0563,issn,0,lower,1,0,0
t0563,issn,3,lower,1,0,0
t0564,no_distractor,inf,would,1,0,0
t0564,one_same,-9,located,0,1,1
t0564,one_same,-6,located,0,1,1
t0564,one_same,-3,located,0,1,1
t0564,one_same,0,located,0,1,1
t0564,one_same,3,located,0,1,1
t0564,one_diff,-9,produced,0,0,0
t0564,one_diff,-6,included,0,0,0
t0564,one_diff,-3,included,0,0,0
t0564,one_diff,0,included,0,0,0
t0564,one_diff,3,included,0,0,0
t0564,two_talker,-9,located,0,1,1
t0564,two_talker,-6,located,0,1,1
t0564,two_talker,-3,located,0,1,1
t0564,two_talker,0,located,0,1,1
t0564,two_talker,3,located,0,1,1
t0564,four_talker,-9,located,0,1,1
t0564,four_talker,-6,located,0,1,1
t0564,four_talker,-3,located,0,1,1
t0564,four_talker,0,located,0,1,1
t0564,four_talker,3,located,0,1,1
t0564,babble,-9,mainly,0,0,0
t0564,babble,-6,mainly,0,0,0
t0564,babble,-3,mainly,0,0,0
t0564,babble,0,mainly,0,0,0
t0564,babble,3,complete,0,0,0
t0564,issn,-9,small,0,0,0
t0564,issn,-6,include,0,0,0
t0564,issn,-3,include,0,0,0
t0564,issn,0,would,1,0,0
t0564,issn,3,between,0,0,0
t0565,no_distractor,inf,street,1,0,0
t0565,one_same,-9,national,0,1,1
t0565,one_same,-6,national,0,1,1
t0565,one_same,-3,national,0,1,1
t0565,one_same,0,national,0,1,1
t0565,one_same,3,national,0,1,1
t0565,one_diff,-9,experience,0,0,0
t0565,one_diff,-6,experience,0,0,0
t0565,one_diff,-3,experience,0,0,0
t0565,one_diff,0,experience,0,0,0
t0565,one_diff,3,speak,0,0,0
t0565,two_talker,-9,italian,0,0,0
t0565,two_talker,-6,italian,0,0,0
t0565,two_talker,-3,standard,0,0,0
t0565,two_talker,0,speak,0,0,0
t0565,two_talker,3,speak,0,0,0
t0565,four_talker,-9,member,0,0,0
t0565,four_talker,-6,network,0,0,0
t0565,four_talker,-3,spent,0,0,0
t0565,four_talker,0,spent,0,0,0
t0565,four_talker,3,spent,0,0,0
t0565,babble,-9,career,0,0,0
t0565,babble,-6,career,0,0,0
t0565,babble,-3,schools,0,0,0
t0565,babble,0,schools,0,0,0
t0565,babble,3,experience,0,0,0
t0565,issn,-9,available,0,0,0
t0565,issn,-6,trade,0,0,0
t0565,issn,-3,taken,0,0,0
t0565,issn,0,state,0,0,0
t0565,issn,3,street,1,0,0
t0566,no_distractor,inf,change,1,0,0
t0566,one_same,-9,three,0,1,1
t0566,one_same,-6,changed,0,0,0
t0566,one_same,-3,changed,0,0,0
t0566,one_same,0,changed,0,0,0
t0566,one_same,3,changed,0,0,0
t0566,one_diff,-9,change,1,0,0
t0566,one_diff,-6,change,1,0,0
t0566,one_diff,-3,change,1,0,0
t0566,one_diff,0,change,1,0,0
t0566,one_diff,3,change,1,0,0
t0566,two_talker,-9,change,1,0,0
t0566,two_talker,-6,change,1,0,0
t0566,two_talker,-3,change,1,0,0
t0566,two_talker,0,change,1,0,0
t0566,two_talker,3,change,1,0,0
t0566,four_talker,-9,chinese,0,0,0
t0566,four_talker,-6,chinese,0,0,0
t0566,four_talker,-3,chinese,0,0,0
t0566,four_talker,0,general,0,0,0
t0566,four_talker,3,general,0,0,0
t0566,babble,-9,chinese,0,0,0
t0566,babble,-6,chinese,0,0,0
t0566,babble,-3,chinese,0,0,0
t0566,babble,0,chinese,0,0,0
t0566,babble,3,james,0,0,0
t0566,issn,-9,germany,0,0,0
t0566,issn,-6,change,1,0,0
t0566,issn,-3,change,1,0,0
t0566,issn,0,change,1,0,0
t0566,issn,3,change,1,0,0
t0567,no_distractor,inf,james,1,0,0
t0567,one_same,-9,names,0,0,0
t0567,one_same,-6,names,0,0,0
t0567,one_same,-3,names,0,0,0
t0567,one_same,0,james,1,0,0
t0567,one_same,3,james,1,0,0
t0567,one_diff,-9,means,0,0,0
t0567,one_diff,-6,means,0,0,0
t0567,one_diff,-3,james,1,0,0
t0567,one_diff,0,james,1,0,0
t0567,one_diff,3,james,1,0,0
t0567,two_talker,-9,names,0,0,0
t0567,two_talker,-6,names,0,0,0
t0567,two_talker,-3,names,0,0,0
t0567,two_talker,0,james,1,0,0
t0567,two_talker,3,james,1,0,0
t0567,four_talker,-9,forms,0,0,0
t0567,four_talker,-6,games,0,0,0
t0567,four_talker,-3,james,1,0,0
t0567,four_talker,0,james,1,0,0
t0567,four_talker,3,james,1,0,0
t0567,babble,-9,william,0,0,0
t0567,babble,-6,william,0,0,0
t0567,babble,-3,german,0,0,0
t0567,babble,0,german,0,0,0
t0567,babble,3,german,0,0,0
t0567,issn,-9,games,0,0,0
t0567,issn,-6,james,1,0,0
t0567,issn,-3,james,1,0,0
t0567,issn,0,james,1,0,0
t0567,issn,3,james,1,0,0
t0568,no_distractor,inf,christian,0,0,0
t0568,one_same,-9,consists,0,0,0
t0568,one_same,-6,consists,0,0,0
t0568,one_same,-3,possible,0,0,0
t0568,one_same,0,president,0,0,0
t0568,one_same,3,president,0,0,0
t0568,one_diff,-9,countries,0,0,0
t0568,one_diff,-6,countries,0,0,0
t0568,one_diff,-3,christian,0,0,0
t0568,one_diff,0,christian,0,0,0
t0568,one_diff,3,christian,0,0,0
t0568,two_talker,-9,french,0,1,1
t0568,two_talker,-6,mostly,0,0,0
t0568,two_talker,-3,mostly,0,0,0
t0568,two_talker,0,christian,0,0,0
t0568,two_talker,3,christian,0,0,0
t0568,four_talker,-9,first,0,0,0
t0568,four_talker,-6,first,0,0,0
t0568,four_talker,-3,president,0,0,0
t0568,four_talker,0,president,0,0,0
t0568,four_talker,3,christian,0,0,0
t0568,babble,-9,produced,0,0,1
t0568,babble,-6,christian,0,0,0
t0568,babble,-3,christian,0,0,0
t0568,babble,0,christian,0,0,0
t0568,babble,3,christian,0,0,0
t0568,issn,-9,award,0,0,0
t0568,issn,-6,possible,0,0,0
t0568,issn,-3,president,0,0,0
t0568,issn,0,president,0,0,0
t0568,issn,3,president,0,0,0
t0569,no_distractor,inf,member,1,0,0
t0569,one_same,-9,member,1,0,0
t0569,one_same,-6,number,0,0,0
t0569,one_same,-3,number,0,0,0
t0569,one_same,0,number,0,0,0
t0569,one_same,3,number,0,0,0
t0569,one_diff,-9,member,1,0,0
t0569,one_diff,-6,member,1,0,0
t0569,one_diff,-3,member,1,0,0
t0569,one_diff,0,member,1,0,0
t0569,one_diff,3,member,1,0,0
t0569,two_talker,-9,number,0,0,0
t0569,two_talker,-6,number,0,0,0
t0569,two_talker,-3,number,0,0,0
t0569,two_talker,0,number,0,0,0
t0569,two_talker,3,member,1,0,0
t0569,four_talker,-9,leading,0,0,0
t0569,four_talker,-6,mainly,0,0,0
t0569,four_talker,-3,member,1,0,0
t0569,four_talker,0,member,1,0,0
t0569,four_talker,3,member,1,0,0
t0569,babble,-9,unknown,0,0,0
t0569,babble,-6,unknown,0,0,0
t0569,babble,-3,member,1,0,0
t0569,babble,0,member,1,0,0
t0569,babble,3,member,1,0,0
t0569,issn,-9,another,0,0,0
t0569,issn,-6,member,1,0,0
t0569,issn,-3,member,1,0,0
t0569,issn,0,member,1,0,0
t0569,issn,3,member,1,0,0
t0570,no_distractor,inf,board,1,0,0
t0570,one_same,-9,member,0,0,0
t0570,one_same,-6,member,0,0,0
t0570,one_same,-3,major,0,0,0
t0570,one_same,0,border,0,0,0
t0570,one_same,3,border,0,0,0
t0570,one_diff,-9,border,0,0,0
t0570,one_diff,-6,border,0,0,0
t0570,one_diff,-3,border,0,0,0
t0570,one_diff,0,board,1,0,0
t0570,one_diff,3,board,1,0,0
t0570,two_talker,-9,member,0,0,0
t0570,two_talker,-6,major,0,0,0
t0570,two_talker,-3,major,0,0,0
t0570,two_talker,0,winter,0,0,0
t0570,two_talker,3,border,0,0,0
t0570,four_talker,-9,mother,0,0,0
t0570,four_talker,-6,whether,0,0,0
t0570,four_talker,-3,whether,0,0,0
t0570,four_talker,0,whether,0,0,0
t0570,four_talker,3,board,1,0,0
t0570,babble,-9,first,0,1,1
t0570,babble,-6,first,0,1,1
t0570,babble,-3,whether,0,0,0
t0570,babble,0,border,0,0,0
t0570,babble,3,border,0,0,0
t0570,issn,-9,league,0,0,0
t0570,issn,-6,winter,0,0,0
t0570,issn,-3,water,0,0,0
t0570,issn,0,board,1,0,0
t0570,issn,3,board,1,0,0
t0571,no_distractor,inf,longer,1,0,0
t0571,one_same,-9,library,0,0,0
t0571,one_same,-6,longer,1,0,0
t0571,one_same,-3,longer,1,0,0
t0571,one_same,0,longer,1,0,0
t0571,one_same,3,longer,1,0,0
t0571,one_diff,-9,involved,0,0,0
t0571,one_diff,-6,involved,0,0,0
t0571,one_diff,-3,longer,1,0,0
t0571,one_diff,0,longer,1,0,0
t0571,one_diff,3,longer,1,0,0
t0571,two_talker,-9,border,0,0,0
t0571,two_talker,-6,library,0,0,0
t0571,two_talker,-3,library,0,0,0
t0571,two_talker,0,library,0,0,0
t0571,two_talker,3,longer,1,0,0
t0571,four_talker,-9,longer,1,0,0
t0571,four_talker,-6,longer,1,0,0
t0571,four_talker,-3,longer,1,0,0
t0571,four_talker,0,longer,1,0,0
t0571,four_talker,3,longer,1,0,0
t0571,babble,-9,winter,0,0,0
t0571,babble,-6,offer,0,0,0
t0571,babble,-3,longer,1,0,0
t0571,babble,0,longer,1,0,0
t0571,babble,3,longer,1,0,0
t0571,issn,-9,mainly,0,0,0
t0571,issn,-6,border,0,0,0
t0571,issn,-3,longer,1,0,0
t0571,issn,0,longer,1,0,0
t0571,issn,3,longer,1,0,0
t0572,no_distractor,inf,model,0,0,0
t0572,one_same,-9,football,0,0,0
t0572,one_same,-6,author,0,0,0
t0572,one_same,-3,mother,1,0,0
t0572,one_same,0,mother,1,0,0
t0572,one_same,3,mother,1,0,0
t0572,one_diff,-9,southern,0,1,1
t0572,one_diff,-6,desert,0,0,0
t0572,one_diff,-3,method,0,0,0
t0572,one_diff,0,author,0,0,0
t0572,one_diff,3,author,0,0,0
t0572,two_talker,-9,south,0,0,0
t0572,two_talker,-6,author,0,0,0
t0572,two_talker,-3,author,0,0,0
t0572,two_talker,0,model,0,0,0
t0572,two_talker,3,model,0,0,0
t0572,four_talker,-9,performance,0,0,0
t0572,four_talker,-6,whole,0,0,0
t0572,four_talker,-3,whole,0,0,0
t0572,four_talker,0,father,0,0,0
t0572,four_talker,3,father,0,0,0
t0572,babble,-9,michael,0,0,0
t0572,babble,-6,modern,0,0,0
t0572,babble,-3,model,0,0,0
t0572,babble,0,model,0,0,0
t0572,babble,3,model,0,0,0
t0572,issn,-9,league,0,0,0
t0572,issn,-6,novel,0,0,0
t0572,issn,-3,novel,0,0,0
t0572,issn,0,author,0,0,0
t0572,issn,3,author,0,0,0
t0573,no_distractor,inf,meaning,1,0,0
t0573,one_same,-9,meaning,1,0,0
t0573,one_same,-6,meaning,1,0,0
t0573,one_same,-3,meaning,1,0,0
t0573,one_same,0,meaning,1,0,0
t0573,one_same,3,meaning,1,0,0
t0573,one_diff,-9,union,0,0,0
t0573,one_diff,-6,union,0,0,0
t0573,one_diff,-3,union,0,0,0
t0573,one_diff,0,union,0,0,0
t0573,one_diff,3,union,0,0,0
t0573,two_talker,-9,joined,0,0,0
t0573,two_talker,-6,joined,0,0,0
t0573,two_talker,-3,union,0,0,0
t0573,two_talker,0,union,0,0,0
t0573,two_talker,3,meaning,1,0,0
t0573,four_talker,-9,style,0,1,1
t0573,four_talker,-6,inside,0,0,0
t0573,four_talker,-3,inside,0,0,0
t0573,four_talker,0,inside,0,0,0
t0573,four_talker,3,inside,0,0,0
t0573,babble,-9,slightly,0,0,0
t0573,babble,-6,going,0,0,0
t0573,babble,-3,inside,0,0,0
t0573,babble,0,inside,0,0,0
t0573,babble,3,meaning,1,0,0
t0573,issn,-9,leading,0,0,0
t0573,issn,-6,didn't,0,0,0
t0573,issn,-3,meaning,1,0,0
t0573,issn,0,meaning,1,0,0
t0573,issn,3,meaning,1,0,0
t0574,no_distractor,inf,through,1,0,0
t0574,one_same,-9,including,0,0,0
t0574,one_same,-6,including,0,0,0
t0574,one_same,-3,during,0,0,0
t0574,one_same,0,through,1,0,0
t0574,one_same,3,through,1,0,0
t0574,one_diff,-9,between,0,0,0
t0574,one_diff,-6,between,0,0,0
t0574,one_diff,-3,include,0,0,0
t0574,one_diff,0,include,0,0,0
t0574,one_diff,3,include,0,0,0
t0574,two_talker,-9,indian,0,0,0
t0574,two_talker,-6,including,0,0,0
t0574,two_talker,-3,include,0,0,0
t0574,two_talker,0,include,0,0,0
t0574,two_talker,3,include,0,0,0
t0574,four_talker,-9,provided,0,0,0
t0574,four_talker,-6,including,0,0,0
t0574,four_talker,-3,including,0,0,0
t0574,four_talker,0,include,0,0,0
t0574,four_talker,3,include,0,0,0
t0574,babble,-9,written,0,0,0
t0574,babble,-6,eastern,0,0,0
t0574,babble,-3,include,0,0,0
t0574,babble,0,include,0,0,0
t0574,babble,3,include,0,0,0
t0574,issn,-9,contains,0,0,0
t0574,issn,-6,contains,0,0,0
t0574,issn,-3,contains,0,0,0
t0574,issn,0,contains,0,0,0
t0574,issn,3,between,0,0,0
t0575,no_distractor,inf,taking,1,0,0
t0575,one_same,-9,entire,0,1,1
t0575,one_same,-6,entire,0,1,1
t0575,one_same,-3,entire,0,1,1
t0575,one_same,0,entire,0,1,1
t0575,one_same,3,taken,0,0,0
t0575,one_diff,-9,stage,0,0,0
t0575,one_diff,-6,taken,0,0,0
t0575,one_diff,-3,taken,0,0,0
t0575,one_diff,0,taken,0,0,0
t0575,one_diff,3,taken,0,0,0
t0575,two_talker,-9,entire,0,1,1
t0575,two_talker,-6,entire,0,1,1
t0575,two_talker,-3,carried,0,0,0
t0575,two_talker,0,taken,0,0,0
t0575,two_talker,3,taken,0,0,0
t0575,four_talker,-9,entire,0,1,1
t0575,four_talker,-6,david,0,0,0
t0575,four_talker,-3,david,0,0,0
t0575,four_talker,0,taken,0,0,0
t0575,four_talker,3,taken,0,0,0
t0575,babble,-9,final,0,0,0
t0575,babble,-6,final,0,0,0
t0575,babble,-3,final,0,0,0
t0575,babble,0,primary,0,0,0
t0575,babble,3,taken,0,0,0
t0575,issn,-9,noted,0,0,0
t0575,issn,-6,living,0,0,0
t0575,issn,-3,building,0,0,0
t0575,issn,0,taking,1,0,0
t0575,issn,3,taking,1,0,0
t0576,no_distractor,inf,based,1,0,0
t0576,one_same,-9,makes,0,0,0
t0576,one_same,-6,makes,0,0,0
t0576,one_same,-3,makes,0,0,0
t0576,one_same,0,based,1,0,0
t0576,one_same,3,based,1,0,0
t0576,one_diff,-9,business,0,0,0
t0576,one_diff,-6,business,0,0,0
t0576,one_diff,-3,business,0,0,0
t0576,one_diff,0,business,0,0,0
t0576,one_diff,3,based,1,0,0
t0576,two_talker,-9,mixed,0,0,0
t0576,two_talker,-6,makes,0,0,0
t0576,two_talker,-3,based,1,0,0
t0576,two_talker,0,based,1,0,0
t0576,two_talker,3,based,1,0,0
t0576,four_talker,-9,based,1,0,0
t0576,four_talker,-6,based,1,0,0
t0576,four_talker,-3,based,1,0,0
t0576,four_talker,0,based,1,0,0
t0576,four_talker,3,based,1,0,0
t0576,babble,-9,based,1,0,0
t0576,babble,-6,based,1,0,0
t0576,babble,-3,based,1,0,0
t0576,babble,0,based,1,0,0
t0576,babble,3,based,1,0,0
t0576,issn,-9,attended,0,0,0
t0576,issn,-6,present,0,0,0
t0576,issn,-3,based,1,0,0
t0576,issn,0,based,1,0,0
t0576,issn,3,based,1,0,0
t0577,no_distractor,inf,research,1,0,0
t0577,one_same,-9,issues,0,1,1
t0577,one_same,-6,issues,0,1,1
t0577,one_same,-3,issues,0,1,1
t0577,one_same,0,research,1,0,0
t0577,one_same,3,research,1,0,0
t0577,one_diff,-9,research,1,0,0
t0577,one_diff,-6,research,1,0,0
t0577,one_diff,-3,research,1,0,0
t0577,one_diff,0,research,1,0,0
t0577,one_diff,3,research,1,0,0
t0577,two_talker,-9,issues,0,1,1
t0577,two_talker,-6,issues,0,1,1
t0577,two_talker,-3,research,1,0,0
t0577,two_talker,0,research,1,0,0
t0577,two_talker,3,research,1,0,0
t0577,four_talker,-9,issue,0,0,0
t0577,four_talker,-6,regional,0,0,0
t0577,four_talker,-3,research,1,0,0
t0577,four_talker,0,research,1,0,0
t0577,four_talker,3,research,1,0,0
t0577,babble,-9,eastern,0,0,0
t0577,babble,-6,research,1,0,0
t0577,babble,-3,research,1,0,0
t0577,babble,0,research,1,0,0
t0577,babble,3,research,1,0,0
t0577,issn,-9,position,0,0,0
t0577,issn,-6,originally,0,0,0
t0577,issn,-3,originally,0,0,0
t0577,issn,0,research,1,0,0
t0577,issn,3,research,1,0,0
t0578,no_distractor,inf,established,1,0,0
t0578,one_same,-9,established,1,0,0
t0578,one_same,-6,established,1,0,0
t0578,one_same,-3,established,1,0,0
t0578,one_same,0,established,1,0,0
t0578,one_same,3,established,1,0,0
t0578,one_diff,-9,found,0,0,0
t0578,one_diff,-6,established,1,0,0
t0578,one_diff,-3,established,1,0,0
t0578,one_diff,0,established,1,0,0
t0578,one_diff,3,established,1,0,0
t0578,two_talker,-9,france,0,1,1
t0578,two_talker,-6,found,0,0,0
t0578,two_talker,-3,founded,0,0,0
t0578,two_talker,0,established,1,0,0
t0578,two_talker,3,established,1,0,0
t0578,four_talker,-9,founded,0,0,0
t0578,four_talker,-6,founded,0,0,0
t0578,four_talker,-3,established,1,0,0
t0578,four_talker,0,established,1,0,0
t0578,four_talker,3,established,1,0,0
t0578,babble,-9,studies,0,0,0
t0578,babble,-6,studies,0,0,0
t0578,babble,-3,studies,0,0,0
t0578,babble,0,established,1,0,0
t0578,babble,3,established,1,0,0
t0578,issn,-9,battle,0,0,0
t0578,issn,-6,valley,0,0,0
t0578,issn,-3,established,1,0,0
t0578,issn,0,established,1,0,0
t0578,issn,3,established,1,0,0
t0579,no_distractor,inf,canadian,1,0,0
t0579,one_same,-9,training,0,0,0
t0579,one_same,-6,canadian,1,0,0
t0579,one_same,-3,canadian,1,0,0
t0579,one_same,0,canadian,1,0,0
t0579,one_same,3,canadian,1,0,0
t0579,one_diff,-9,musical,0,1,1
t0579,one_diff,-6,musical,0,1,1
t0579,one_diff,-3,medical,0,0,0
t0579,one_diff,0,canadian,1,0,0
t0579,one_diff,3,canadian,1,0,0
t0579,two_talker,-9,native,0,0,0
t0579,two_talker,-6,native,0,0,0
t0579,two_talker,-3,native,0,0,0
t0579,two_talker,0,canadian,1,0,0
t0579,two_talker,3,canadian,1,0,0
t0579,four_talker,-9,showed,0,1,1
t0579,four_talker,-6,showed,0,1,1
t0579,four_talker,-3,canadian,1,0,0
t0579,four_talker,0,canadian,1,0,0
t0579,four_talker,3,canadian,1,0,0
t0579,babble,-9,italian,0,1,1
t0579,babble,-6,heavy,0,0,0
t0579,babble,-3,canadian,1,0,0
t0579,babble,0,canadian,1,0,0
t0579,babble,3,canadian,1,0,0
t0579,issn,-9,created,0,0,0
t0579,issn,-6,created,0,0,0
t0579,issn,-3,created,0,0,0
t0579,issn,0,canadian,1,0,0
t0579,issn,3,canadian,1,0,0
t0580,no_distractor,inf,music,1,0,0
t0580,one_same,-9,general,0,0,0
t0580,one_same,-6,general,0,0,0
t0580,one_same,-3,general,0,0,0
t0580,one_same,0,general,0,0,0
t0580,one_same,3,lives,0,0,0
t0580,one_diff,-9,minutes,0,0,0
t0580,one_diff,-6,minutes,0,0,0
t0580,one_diff,-3,minutes,0,0,0
t0580,one_diff,0,minutes,0,0,0
t0580,one_diff,3,music,1,0,0
t0580,two_talker,-9,general,0,0,0
t0580,two_talker,-6,general,0,0,0
t0580,two_talker,-3,general,0,0,0
t0580,two_talker,0,lives,0,0,0
t0580,two_talker,3,lives,0,0,0
t0580,four_talker,-9,rights,0,0,0
t0580,four_talker,-6,rights,0,0,0
t0580,four_talker,-3,words,0,0,0
t0580,four_talker,0,lives,0,0,0
t0580,four_talker,3,music,1,0,0
t0580,babble,-9,process,0,0,0
t0580,babble,-6,church,0,0,0
t0580,babble,-3,results,0,0,0
t0580,babble,0,languages,0,0,0
t0580,babble,3,music,1,0,0
t0580,issn,-9,influence,0,0,0
t0580,issn,-6,release,0,0,0
t0580,issn,-3,music,1,0,0
t0580,issn,0,music,1,0,0
t0580,issn,3,using,0,0,0
t0581,no_distractor,inf,however,1,0,0
t0581,one_same,-9,however,1,0,0
t0581,one_same,-6,however,1,0,0
t0581,one_same,-3,however,1,0,0
t0581,one_same,0,however,1,0,0
t0581,one_same,3,however,1,0,0
t0581,one_diff,-9,minor,0,0,0
t0581,one_diff,-6,modern,0,0,0
t0581,one_diff,-3,northern,0,0,0
t0581,one_diff,0,northern,0,0,0
t0581,one_diff,3,northern,0,0,0
t0581,two_talker,-9,rather,0,0,0
t0581,two_talker,-6,northern,0,0,0
t0581,two_talker,-3,northern,0,0,0
t0581,two_talker,0,northern,0,0,0
t0581,two_talker,3,northern,0,0,0
t0581,four_talker,-9,together,0,0,0
t0581,four_talker,-6,together,0,0,0
t0581,four_talker,-3,governor,0,0,0
t0581,four_talker,0,governor,0,0,0
t0581,four_talker,3,northern,0,0,0
t0581,babble,-9,known,0,0,0
t0581,babble,-6,known,0,0,0
t0581,babble,-3,known,0,0,0
t0581,babble,0,northern,0,0,0
t0581,babble,3,novel,0,0,0
t0581,issn,-9,looking,0,0,0
t0581,issn,-6,looking,0,0,0
t0581,issn,-3,often,0,0,0
t0581,issn,0,although,0,0,0
t0581,issn,3,although,0,0,0
t0582,no_distractor,inf,cause,0,0,0
t0582,one_same,-9,david,0,0,0
t0582,one_same,-6,david,0,0,0
t0582,one_same,-3,table,0,0,0
t0582,one_same,0,table,0,0,0
t0582,one_same,3,involved,0,0,0
t0582,one_diff,-9,small,0,0,0
t0582,one_diff,-6,small,0,0,0
t0582,one_diff,-3,small,0,0,0
t0582,one_diff,0,cause,0,0,0
t0582,one_diff,3,cause,0,0,0
t0582,two_talker,-9,people,0,0,0
t0582,two_talker,-6,people,0,0,0
t0582,two_talker,-3,people,0,0,0
t0582,two_talker,0,people,0,0,0
t0582,two_talker,3,include,0,0,0
t0582,four_talker,-9,yellow,0,0,0
t0582,four_talker,-6,yellow,0,0,0
t0582,four_talker,-3,before,0,0,0
t0582,four_talker,0,before,0,0,0
t0582,four_talker,3,because,0,0,0
t0582,babble,-9,social,0,0,0
t0582,babble,-6,support,0,0,0
t0582,babble,-3,control,0,0,0
t0582,babble,0,further,0,0,0
t0582,babble,3,called,1,0,0
t0582,issn,-9,notable,0,0,0
t0582,issn,-6,woman,0,0,0
t0582,issn,-3,cause,0,0,0
t0582,issn,0,cause,0,0,0
t0582,issn,3,cause,0,0,0
t0583,no_distractor,inf,school,1,0,0
t0583,one_same,-9,church,0,1,1
t0583,one_same,-6,church,0,1,1
t0583,one_same,-3,church,0,1,1
t0583,one_same,0,church,0,1,1
t0583,one_same,3,church,0,1,1
t0583,one_diff,-9,forced,0,0,0
t0583,one_diff,-6,forced,0,0,0
t0583,one_diff,-3,forced,0,0,0
t0583,one_diff,0,forced,0,0,0
t0583,one_diff,3,school,1,0,0
t0583,two_talker,-9,church,0,1,1
t0583,two_talker,-6,church,0,1,1
t0583,two_talker,-3,church,0,1,1
t0583,two_talker,0,church,0,1,1
t0583,two_talker,3,understood,0,0,0
t0583,four_talker,-9,church,0,1,1
t0583,four_talker,-6,church,0,1,1
t0583,four_talker,-3,richard,0,0,0
t0583,four_talker,0,richard,0,0,0
t0583,four_talker,3,minister,0,0,0
t0583,babble,-9,studies,0,0,0
t0583,babble,-6,historic,0,0,0
t0583,babble,-3,husband,0,0,0
t0583,babble,0,multiple,0,0,0
t0583,babble,3,multiple,0,0,0
t0583,issn,-9,husband,0,0,0
t0583,issn,-6,husband,0,0,0
t0583,issn,-3,husband,0,0,0
t0583,issn,0,school,1,0,0
t0583,issn,3,school,1,0,0
t0584,no_distractor,inf,became,1,0,0
t0584,one_same,-9,research,0,1,1
t0584,one_same,-6,research,0,1,1
t0584,one_same,-3,research,0,1,1
t0584,one_same,0,famous,0,0,0
t0584,one_same,3,became,1,0,0
t0584,one_diff,-9,became,1,0,0
t0584,one_diff,-6,became,1,0,0
t0584,one_diff,-3,became,1,0,0
t0584,one_diff,0,became,1,0,0
t0584,one_diff,3,became,1,0,0
t0584,two_talker,-9,research,0,1,1
t0584,two_talker,-6,research,0,1,1
t0584,two_talker,-3,recent,0,0,0
t0584,two_talker,0,recent,0,0,0
t0584,two_talker,3,became,1,0,0
t0584,four_talker,-9,designed,0,0,0
t0584,four_talker,-6,designed,0,0,0
t0584,four_talker,-3,listed,0,0,0
t0584,four_talker,0,listed,0,0,0
t0584,four_talker,3,received,0,0,0
t0584,babble,-9,industry,0,0,0
t0584,babble,-6,industry,0,0,0
t0584,babble,-3,industry,0,0,0
t0584,babble,0,understand,0,0,0
t0584,babble,3,single,0,0,0
t0584,issn,-9,canadian,0,0,0
t0584,issn,-6,became,1,0,0
t0584,issn,-3,became,1,0,0
t0584,issn,0,became,1,0,0
t0584,issn,3,became,1,0,0
t0585,no_distractor,inf,eventually,1,0,0
t0585,one_same,-9,divided,0,1,1
t0585,one_same,-6,divided,0,1,1
t0585,one_same,-3,divided,0,1,1
t0585,one_same,0,divided,0,1,1
t0585,one_same,3,divided,0,1,1
t0585,one_diff,-9,eventually,1,0,0
t0585,one_diff,-6,eventually,1,0,0
t0585,one_diff,-3,eventually,1,0,0
t0585,one_diff,0,eventually,1,0,0
t0585,one_diff,3,eventually,1,0,0
t0585,two_talker,-9,divided,0,1,1
t0585,two_talker,-6,divided,0,1,1
t0585,two_talker,-3,divided,0,1,1
t0585,two_talker,0,divided,0,1,1
t0585,two_talker,3,divided,0,1,1
t0585,four_talker,-9,divided,0,1,1
t0585,four_talker,-6,divided,0,1,1
t0585,four_talker,-3,divided,0,1,1
t0585,four_talker,0,divided,0,1,1
t0585,four_talker,3,division,0,0,0
t0585,babble,-9,larger,0,0,0
t0585,babble,-6,divided,0,1,1
t0585,babble,-3,divided,0,1,1
t0585,babble,0,divided,0,1,1
t0585,babble,3,division,0,0,0
t0585,issn,-9,present,0,0,0
t0585,issn,-6,president,0,0,0
t0585,issn,-3,eventually,1,0,0
t0585,issn,0,eventually,1,0,0
t0585,issn,3,eventually,1,0,0
t0586,no_distractor,inf,become,1,0,0
t0586,one_same,-9,became,0,1,1
t0586,one_same,-6,became,0,1,1
t0586,one_same,-3,became,0,1,1
t0586,one_same,0,became,0,1,1
t0586,one_same,3,became,0,1,1
t0586,one_diff,-9,though,0,0,0
t0586,one_diff,-6,built,0,0,0
t0586,one_diff,-3,become,1,0,0
t0586,one_diff,0,become,1,0,0
t0586,one_diff,3,become,1,0,0
t0586,two_talker,-9,between,0,0,0
t0586,two_talker,-6,between,0,0,0
t0586,two_talker,-3,became,0,1,1
t0586,two_talker,0,became,0,1,1
t0586,two_talker,3,became,0,1,1
t0586,four_talker,-9,business,0,1,1
t0586,four_talker,-6,business,0,1,1
t0586,four_talker,-3,since,0,0,0
t0586,four_talker,0,coast,0,0,0
t0586,four_talker,3,coast,0,0,0
t0586,babble,-9,buildings,0,0,0
t0586,babble,-6,reviews,0,0,0
t0586,babble,-3,reviews,0,0,0
t0586,babble,0,reviews,0,0,0
t0586,babble,3,municipality,0,0,0
t0586,issn,-9,windows,0,0,0
t0586,issn,-6,contains,0,0,0
t0586,issn,-3,remains,0,0,0
t0586,issn,0,became,0,0,0
t0586,issn,3,become,1,0,0
t0587,no_distractor,inf,because,0,0,0
t0587,one_same,-9,because,0,0,0
t0587,one_same,-6,council,0,0,0
t0587,one_same,-3,because,0,0,0
t0587,one_same,0,because,0,0,0
t0587,one_same,3,because,0,0,0
t0587,one_diff,-9,george,0,1,1
t0587,one_diff,-6,george,0,1,1
t0587,one_diff,-3,george,0,1,1
t0587,one_diff,0,george,0,1,1
t0587,one_diff,3,george,0,1,1
t0587,two_talker,-9,george,0,1,1
t0587,two_talker,-6,close,0,0,0
t0587,two_talker,-3,close,0,0,0
t0587,two_talker,0,culture,0,0,0
t0587,two_talker,3,culture,0,0,0
t0587,four_talker,-9,above,0,0,0
t0587,four_talker,-6,close,0,0,0
t0587,four_talker,-3,close,0,0,0
t0587,four_talker,0,close,0,0,0
t0587,four_talker,3,close,0,0,0
t0587,babble,-9,blood,0,0,0
t0587,babble,-6,cross,0,0,0
t0587,babble,-3,across,0,0,0
t0587,babble,0,across,0,0,0
t0587,babble,3,across,0,0,0
t0587,issn,-9,cross,0,0,0
t0587,issn,-6,cross,0,0,0
t0587,issn,-3,across,0,0,0
t0587,issn,0,across,0,0,0
t0587,issn,3,because,0,0,0
t0588,no_distractor,inf,languages,0,0,0
t0588,one_same,-9,various,0,0,0
t0588,one_same,-6,various,0,0,0
t0588,one_same,-3,various,0,0,0
t0588,one_same,0,various,0,0,0
t0588,one_same,3,various,0,0,0
t0588,one_diff,-9,without,0,1,1
t0588,one_diff,-6,without,0,1,1
t0588,one_diff,-3,without,0,1,1
t0588,one_diff,0,without,0,1,1
t0588,one_diff,3,products,0,0,0
t0588,two_talker,-9,experience,0,1,1
t0588,two_talker,-6,experience,0,1,1
t0588,two_talker,-3,various,0,0,0
t0588,two_talker,0,various,0,0,0
t0588,two_talker,3,dance,0,0,0
t0588,four_talker,-9,round,0,0,0
t0588,four_talker,-6,round,0,0,0
t0588,four_talker,-3,around,0,0,0
t0588,four_talker,0,around,0,0,0
t0588,four_talker,3,around,0,0,0
t0588,babble,-9,coast,0,0,0
t0588,babble,-6,coast,0,0,0
t0588,babble,-3,coast,0,0,0
t0588,babble,0,coast,0,0,0
t0588,babble,3,coast,0,0,0
t0588,issn,-9,remember,0,0,0
t0588,issn,-6,languages,0,0,0
t0588,issn,-3,languages,0,0,0
t0588,issn,0,languages,0,0,0
t0588,issn,3,languages,0,0,0
t0589,no_distractor,inf,around,1,0,0
t0589,one_same,-9,other,0,1,1
t0589,one_same,-6,other,0,1,1
t0589,one_same,-3,rather,0,0,0
t0589,one_same,0,rather,0,0,0
t0589,one_same,3,rather,0,0,0
t0589,one_diff,-9,cannot,0,0,0
t0589,one_diff,-6,cannot,0,0,0
t0589,one_diff,-3,around,1,0,0
t0589,one_diff,0,around,1,0,0
t0589,one_diff,3,around,1,0,0
t0589,two_talker,-9,rather,0,0,0
t0589,two_talker,-6,rather,0,0,0
t0589,two_talker,-3,rather,0,0,0
t0589,two_talker,0,rather,0,0,0
t0589,two_talker,3,metal,0,0,0
t0589,four_talker,-9,novel,0,0,0
t0589,four_talker,-6,novel,0,0,0
t0589,four_talker,-3,novel,0,0,0
t0589,four_talker,0,matter,0,0,0
t0589,four_talker,3,matter,0,0,0
t0589,babble,-9,novel,0,0,0
t0589,babble,-6,novel,0,0,0
t0589,babble,-3,novel,0,0,0
t0589,babble,0,founded,0,0,0
t0589,babble,3,founded,0,0,0
t0589,issn,-9,capital,0,0,0
t0589,issn,-6,capital,0,0,0
t0589,issn,-3,every,0,0,0
t0589,issn,0,around,1,0,0
t0589,issn,3,around,1,0,0
t0590,no_distractor,inf,possible,1,0,0
t0590,one_same,-9,using,0,1,1
t0590,one_same,-6,isn't,0,0,0
t0590,one_same,-3,possible,1,0,0
t0590,one_same,0,possible,1,0,0
t0590,one_same,3,possible,1,0,0
t0590,one_diff,-9,above,0,0,0
t0590,one_diff,-6,provide,0,0,0
t0590,one_diff,-3,cover,0,0,0
t0590,one_diff,0,cover,0,0,0
t0590,one_diff,3,cover,0,0,0
t0590,two_talker,-9,involved,0,0,0
t0590,two_talker,-6,involved,0,0,0
t0590,two_talker,-3,cover,0,0,0
t0590,two_talker,0,cover,0,0,0
t0590,two_talker,3,cover,0,0,0
t0590,four_talker,-9,novel,0,0,0
t0590,four_talker,-6,novel,0,0,0
t0590,four_talker,-3,followed,0,0,0
t0590,four_talker,0,followed,0,0,0
t0590,four_talker,3,schools,0,0,0
t0590,babble,-9,services,0,0,0
t0590,babble,-6,services,0,0,0
t0590,babble,-3,towards,0,0,0
t0590,babble,0,serves,0,0,0
t0590,babble,3,players,0,0,0
t0590,issn,-9,today,0,0,0
t0590,issn,-6,money,0,0,0
t0590,issn,-3,mother,0,0,0
t0590,issn,0,mother,0,0,0
t0590,issn,3,possible,1,0,0
t0591,no_distractor,inf,voice,1,0,0
t0591,one_same,-9,voice,1,0,0
t0591,one_same,-6,voice,1,0,0
t0591,one_same,-3,voice,1,0,0
t0591,one_same,0,voice,1,0,0
t0591,one_same,3,voice,1,0,0
t0591,one_diff,-9,voice,1,0,0
t0591,one_diff,-6,voice,1,0,0
t0591,one_diff,-3,voice,1,0,0
t0591,one_diff,0,voice,1,0,0
t0591,one_diff,3,voice,1,0,0
t0591,two_talker,-9,voice,1,0,0
t0591,two_talker,-6,voice,1,0,0
t0591,two_talker,-3,voice,1,0,0
t0591,two_talker,0,voice,1,0,0
t0591,two_talker,3,voice,1,0,0
t0591,four_talker,-9,forced,0,0,0
t0591,four_talker,-6,forced,0,0,0
t0591,four_talker,-3,voice,1,0,0
t0591,four_talker,0,voice,1,0,0
t0591,four_talker,3,voice,1,0,0
t0591,babble,-9,forced,0,0,0
t0591,babble,-6,forced,0,0,0
t0591,babble,-3,forced,0,0,0
t0591,babble,0,voice,1,0,0
t0591,babble,3,voice,1,0,0
t0591,issn,-9,voice,1,0,0
t0591,issn,-6,voice,1,0,0
t0591,issn,-3,voice,1,0,0
t0591,issn,0,voice,1,0,0
t0591,issn,3,voice,1,0,0
t0592,no_distractor,inf,voice,1,0,0
t0592,one_same,-9,voice,1,0,0
t0592,one_same,-6,voice,1,0,0
t0592,one_same,-3,voice,1,0,0
t0592,one_same,0,voice,1,0,0
t0592,one_same,3,voice,1,0,0
t0592,one_diff,-9,voice,1,0,0
t0592,one_diff,-6,voice,1,0,0
t0592,one_diff,-3,voice,1,0,0
t0592,one_diff,0,voice,1,0,0
t0592,one_diff,3,voice,1,0,0
t0592,two_talker,-9,railroad,0,0,0
t0592,two_talker,-6,railroad,0,0,0
t0592,two_talker,-3,voice,1,0,0
t0592,two_talker,0,voice,1,0,0
t0592,two_talker,3,voice,1,0,0
t0592,four_talker,-9,played,0,1,1
t0592,four_talker,-6,voice,1,0,0
t0592,four_talker,-3,voice,1,0,0
t0592,four_talker,0,voice,1,0,0
t0592,four_talker,3,voice,1,0,0
t0592,babble,-9,place,0,0,0
t0592,babble,-6,voice,1,0,0
t0592,babble,-3,voice,1,0,0
t0592,babble,0,voice,1,0,0
t0592,babble,3,voice,1,0,0
t0592,issn,-9,population,0,0,0
t0592,issn,-6,voice,1,0,0
t0592,issn,-3,voice,1,0,0
t0592,issn,0,voice,1,0,0
t0592,issn,3,voice,1,0,0
t0593,no_distractor,inf,voice,1,0,0
t0593,one_same,-9,waiting,0,1,1
t0593,one_same,-6,waiting,0,1,1
t0593,one_same,-3,voice,1,0,0
t0593,one_same,0,voice,1,0,0
t0593,one_same,3,voice,1,0,0
t0593,one_diff,-9,voice,1,0,0
t0593,one_diff,-6,voice,1,0,0
t0593,one_diff,-3,voice,1,0,0
t0593,one_diff,0,voice,1,0,0
t0593,one_diff,3,voice,1,0,0
t0593,two_talker,-9,green,0,0,0
t0593,two_talker,-6,going,0,0,0
t0593,two_talker,-3,voice,1,0,0
t0593,two_talker,0,voice,1,0,0
t0593,two_talker,3,voice,1,0,0
t0593,four_talker,-9,waiting,0,1,1
t0593,four_talker,-6,going,0,0,0
t0593,four_talker,-3,voice,1,0,0
t0593,four_talker,0,voice,1,0,0
t0593,four_talker,3,voice,1,0,0
t0593,babble,-9,already,0,0,0
t0593,babble,-6,already,0,0,0
t0593,babble,-3,voice,1,0,0
t0593,babble,0,voice,1,0,0
t0593,babble,3,voice,1,0,0
t0593,issn,-9,medical,0,0,0
t0593,issn,-6,medical,0,0,0
t0593,issn,-3,voice,1,0,0
t0593,issn,0,voice,1,0,0
t0593,issn,3,voice,1,0,0
t0594,no_distractor,inf,valley,1,0,0
t0594,one_same,-9,ended,0,0,0
t0594,one_same,-6,ended,0,0,0
t0594,one_same,-3,ended,0,0,0
t0594,one_same,0,added,0,0,0
t0594,one_same,3,valley,1,0,0
t0594,one_diff,-9,mostly,0,1,1
t0594,one_diff,-6,while,0,0,0
t0594,one_diff,-3,while,0,0,0
t0594,one_diff,0,while,0,0,0
t0594,one_diff,3,while,0,0,0
t0594,two_talker,-9,interest,0,0,0
t0594,two_talker,-6,mostly,0,1,1
t0594,two_talker,-3,mostly,0,1,1
t0594,two_talker,0,mostly,0,1,1
t0594,two_talker,3,valley,1,0,0
t0594,four_talker,-9,version,0,0,0
t0594,four_talker,-6,morning,0,0,0
t0594,four_talker,-3,northern,0,0,0
t0594,four_talker,0,allowed,0,0,0
t0594,four_talker,3,allowed,0,0,0
t0594,babble,-9,allowed,0,0,0
t0594,babble,-6,allowed,0,0,0
t0594,babble,-3,allowed,0,0,0
t0594,babble,0,allowed,0,0,0
t0594,babble,3,light,0,0,0
t0594,issn,-9,ended,0,0,0
t0594,issn,-6,ended,0,0,0
t0594,issn,-3,owned,0,0,0
t0594,issn,0,valley,1,0,0
t0594,issn,3,valley,1,0,0
t0595,no_distractor,inf,dream,1,0,0
t0595,one_same,-9,turned,0,0,0
t0595,one_same,-6,turned,0,0,0
t0595,one_same,-3,turned,0,0,0
t0595,one_same,0,turned,0,0,0
t0595,one_same,3,turned,0,0,0
t0595,one_diff,-9,dream,1,0,0
t0595,one_diff,-6,dream,1,0,0
t0595,one_diff,-3,dream,1,0,0
t0595,one_diff,0,dream,1,0,0
t0595,one_diff,3,dream,1,0,0
t0595,two_talker,-9,answered,0,0,0
t0595,two_talker,-6,turned,0,0,0
t0595,two_talker,-3,turned,0,0,0
t0595,two_talker,0,turned,0,0,0
t0595,two_talker,3,dream,1,0,0
t0595,four_talker,-9,served,0,1,1
t0595,four_talker,-6,turned,0,0,0
t0595,four_talker,-3,turned,0,0,0
t0595,four_talker,0,train,0,0,0
t0595,four_talker,3,train,0,0,0
t0595,babble,-9,mother,0,0,0
t0595,babble,-6,mother,0,0,0
t0595,babble,-3,might,0,0,0
t0595,babble,0,heard,0,0,0
t0595,babble,3,trade,0,0,0
t0595,issn,-9,while,0,0,0
t0595,issn,-6,spent,0,0,0
t0595,issn,-3,inside,0,0,0
t0595,issn,0,dream,1,0,0
t0595,issn,3,dream,1,0,0
t0596,no_distractor,inf,twice,1,0,0
t0596,one_same,-9,times,0,0,0
t0596,one_same,-6,twice,1,0,0
t0596,one_same,-3,twice,1,0,0
t0596,one_same,0,twice,1,0,0
t0596,one_same,3,twice,1,0,0
t0596,one_diff,-9,times,0,0,0
t0596,one_diff,-6,twice,1,0,0
t0596,one_diff,-3,twice,1,0,0
t0596,one_diff,0,twice,1,0,0
t0596,one_diff,3,twice,1,0,0
t0596,two_talker,-9,twice,1,0,0
t0596,two_talker,-6,twice,1,0,0
t0596,two_talker,-3,twice,1,0,0
t0596,two_talker,0,twice,1,0,0
t0596,two_talker,3,twice,1,0,0
t0596,four_talker,-9,party,0,0,0
t0596,four_talker,-6,party,0,0,0
t0596,four_talker,-3,party,0,0,0
t0596,four_talker,0,twice,1,0,0
t0596,four_talker,3,twice,1,0,0
t0596,babble,-9,either,0,0,0
t0596,babble,-6,fight,0,0,0
t0596,babble,-3,fight,0,0,0
t0596,babble,0,fight,0,0,0
t0596,babble,3,twice,1,0,0
t0596,issn,-9,widely,0,0,0
t0596,issn,-6,widely,0,0,0
t0596,issn,-3,firefox,0,0,0
t0596,issn,0,twice,1,0,0
t0596,issn,3,twice,1,0,0
t0597,no_distractor,inf,could,1,0,0
t0597,one_same,-9,eventually,0,1,1
t0597,one_same,-6,eventually,0,1,1
t0597,one_same,-3,point,0,0,0
t0597,one_same,0,point,0,0,0
t0597,one_same,3,point,0,0,0
t0597,one_diff,-9,where,0,0,0
t0597,one_diff,-6,where,0,0,0
t0597,one_diff,-3,could,1,0,0
t0597,one_diff,0,could,1,0,0
t0597,one_diff,3,could,1,0,0
t0597,two_talker,-9,eventually,0,1,1
t0597,two_talker,-6,eventually,0,1,1
t0597,two_talker,-3,eventually,0,1,1
t0597,two_talker,0,could,1,0,0
t0597,two_talker,3,could,1,0,0
t0597,four_talker,-9,although,0,0,0
t0597,four_talker,-6,could,1,0,0
t0597,four_talker,-3,could,1,0,0
t0597,four_talker,0,would,0,0,0
t0597,four_talker,3,would,0,0,0
t0597,babble,-9,really,0,0,0
t0597,babble,-6,really,0,0,0
t0597,babble,-3,remains,0,0,0
t0597,babble,0,means,0,0,0
t0597,babble,3,reviews,0,0,0
t0597,issn,-9,continues,0,0,0
t0597,issn,-6,commonly,0,0,0
t0597,issn,-3,economy,0,0,0
t0597,issn,0,economy,0,0,0
t0597,issn,3,point,0,0,0
t0598,no_distractor,inf,behind,1,0,0
t0598,one_same,-9,behind,1,0,0
t0598,one_same,-6,behind,1,0,0
t0598,one_same,-3,behind,1,0,0
t0598,one_same,0,behind,1,0,0
t0598,one_same,3,behind,1,0,0
t0598,one_diff,-9,behind,1,0,0
t0598,one_diff,-6,behind,1,0,0
t0598,one_diff,-3,behind,1,0,0
t0598,one_diff,0,behind,1,0,0
t0598,one_diff,3,behind,1,0,0
t0598,two_talker,-9,behind,1,0,0
t0598,two_talker,-6,behind,1,0,0
t0598,two_talker,-3,behind,1,0,0
t0598,two_talker,0,behind,1,0,0
t0598,two_talker,3,behind,1,0,0
t0598,four_talker,-9,behind,1,0,0
t0598,four_talker,-6,behind,1,0,0
t0598,four_talker,-3,behind,1,0,0
t0598,four_talker,0,behind,1,0,0
t0598,four_talker,3,behind,1,0,0
t0598,babble,-9,designed,0,0,0
t0598,babble,-6,right,0,0,0
t0598,babble,-3,right,0,0,0
t0598,babble,0,behind,1,0,0
t0598,babble,3,behind,1,0,0
t0598,issn,-9,remained,0,0,0
t0598,issn,-6,right,0,0,0
t0598,issn,-3,right,0,0,0
t0598,issn,0,behind,1,0,0
t0598,issn,3,behind,1,0,0
t0599,no_distractor,inf,couldn't,1,0,0
t0599,one_same,-9,named,0,1,1
t0599,one_same,-6,named,0,1,1
t0599,one_same,-3,couldn't,1,0,0
t0599,one_same,0,couldn't,1,0,0
t0599,one_same,3,couldn't,1,0,0
t0599,one_diff,-9,couldn't,1,0,0
t0599,one_diff,-6,couldn't,1,0,0
t0599,one_diff,-3,couldn't,1,0,0
t0599,one_diff,0,couldn't,1,0,0
t0599,one_diff,3,couldn't,1,0,0
t0599,two_talker,-9,names,0,0,0
t0599,two_talker,-6,named,0,1,1
t0599,two_talker,-3,couldn't,1,0,0
t0599,two_talker,0,couldn't,1,0,0
t0599,two_talker,3,couldn't,1,0,0
t0599,four_talker,-9,native,0,0,0
t0599,four_talker,-6,played,0,0,0
t0599,four_talker,-3,couldn't,1,0,0
t0599,four_talker,0,couldn't,1,0,0
t0599,four_talker,3,couldn't,1,0,0
t0599,babble,-9,built,0,0,0
t0599,babble,-6,blood,0,0,0
t0599,babble,-3,college,0,0,0
t0599,babble,0,college,0,0,0
t0599,babble,3,college,0,0,0
t0599,issn,-9,forms,0,0,0
t0599,issn,-6,according,0,0,0
t0599,issn,-3,according,0,0,0
t0599,issn,0,according,0,0,0
t0599,issn,3,according,0,0,0
