trial_id,pair_id,speaker,assignment,cue_ear,cue_path,cue_sentence,left_path,left_center_s,left_word,left_label,right_path,right_center_s,right_word,right_label,cued_path,cued_center_s,cued_word,cued_label,opposite_path,opposite_word,status,checkpoint,device,pred_dichotic,dichotic_outcome,p_cued_dichotic,p_opposite_dichotic,pred_monaural_matched,monaural_matched_correct,pred_diotic_clean,diotic_clean_correct,is_dichotic_hit,error_class,cued_central2_rms,opposite_central2_rms,effective_cued_minus_opposite_db,absolute_effective_level_gap_db,cued_low_energy_fraction,opposite_low_energy_fraction,cue_active_central2_rms,cue_low_energy_fraction,target_prediction_string_similarity,near_label_string_ge_0_8,same_wrong_prediction_as_diotic,speaker_dichotic_errors_out_of_4
pair_000_ab_left,pair_000,00629ef5283de6396fb220d873d360b001eee93946c70473d949026bc9473a79275502f92d1000fedafed7fd5770c8cec6e425b53d3602ea2b49cb5dc5ff4fb0,ab,left,common_voice_en_24510903.mp3,"Eaton was born in Vancouver, British Columbia, Canada.",common_voice_en_24510947.mp3,4.505,career,97,common_voice_en_24535868.mp3,1.727,trains,729,common_voice_en_24510947.mp3,4.505,career,97,common_voice_en_24535868.mp3,trains,ok,epoch=1-step=24679-v1.ckpt,cpu,career,hit,0.9829769134521484,9.524696586993284e-10,career,1,career,1,1,hit,0.018136393964184233,0.021827740866378405,-1.609156964152708,1.609156964152708,0.40703517587939697,0.10552763819095477,0.03019007766191499,0.03015075376884422,1.0,1,0,0
pair_000_ab_right,pair_000,00629ef5283de6396fb220d873d360b001eee93946c70473d949026bc9473a79275502f92d1000fedafed7fd5770c8cec6e425b53d3602ea2b49cb5dc5ff4fb0,ab,right,common_voice_en_24510903.mp3,"Eaton was born in Vancouver, British Columbia, Canada.",common_voice_en_24510947.mp3,4.505,career,97,common_voice_en_24535868.mp3,1.727,trains,729,common_voice_en_24535868.mp3,1.727,trains,729,common_voice_en_24510947.mp3,career,ok,epoch=1-step=24679-v1.ckpt,cpu,trains,hit,0.9981402158737184,4.744504485468259e-13,trains,1,trains,1,1,hit,0.021827740866378405,0.018136393964184233,1.6091569641527066,1.6091569641527066,0.10552763819095477,0.40703517587939697,0.03019007766191499,0.03015075376884422,1.0,1,0,0
pair_000_ba_left,pair_000,00629ef5283de6396fb220d873d360b001eee93946c70473d949026bc9473a79275502f92d1000fedafed7fd5770c8cec6e425b53d3602ea2b49cb5dc5ff4fb0,ba,left,common_voice_en_24510903.mp3,"Eaton was born in Vancouver, British Columbia, Canada.",common_voice_en_24535868.mp3,1.727,trains,729,common_voice_en_24510947.mp3,4.505,career,97,common_voice_en_24535868.mp3,1.727,trains,729,common_voice_en_24510947.mp3,career,ok,epoch=1-step=24679-v1.ckpt,cpu,trains,hit,0.9983407258987428,7.582423729689258e-13,trains,1,trains,1,1,hit,0.021827740866378405,0.018136393964184233,1.6091569641527066,1.6091569641527066,0.10552763819095477,0.40703517587939697,0.03019007766191499,0.03015075376884422,1.0,1,0,0
pair_000_ba_right,pair_000,00629ef5283de6396fb220d873d360b001eee93946c70473d949026bc9473a79275502f92d1000fedafed7fd5770c8cec6e425b53d3602ea2b49cb5dc5ff4fb0,ba,right,common_voice_en_24510903.mp3,"Eaton was born in Vancouver, British Columbia, Canada.",common_voice_en_24535868.mp3,1.727,trains,729,common_voice_en_24510947.mp3,4.505,career,97,common_voice_en_24510947.mp3,4.505,career,97,common_voice_en_24535868.mp3,trains,ok,epoch=1-step=24679-v1.ckpt,cpu,career,hit,0.9952906370162964,2.0691777180559252e-09,career,1,career,1,1,hit,0.018136393964184233,0.021827740866378405,-1.609156964152708,1.609156964152708,0.40703517587939697,0.10552763819095477,0.03019007766191499,0.03015075376884422,1.0,1,0,0
pair_001_ab_left,pair_001,08c7e75f653982c4a0169f785183225f8cd88e724991c62cd32bd3a35644b87c643412f00b6a1ad4e8bb03928be87b955d0af0ccc34e67f40e8b702be76d04ff,ab,left,common_voice_en_24666509.mp3,"Human beings, under the Code, have rights.",common_voice_en_24666508.mp3,1.845,worked,784,common_voice_en_24666512.mp3,1.994,within,778,common_voice_en_24666508.mp3,1.845,worked,784,common_voice_en_24666512.mp3,within,ok,epoch=1-step=24679-v1.ckpt,cpu,worked,hit,0.5774441361427307,3.376428139745258e-05,worked,1,worked,1,1,hit,0.021044411955477606,0.021801297272970425,-0.3069108410211171,0.3069108410211171,0.10050251256281408,0.135678391959799,0.02914207618399908,0.4472361809045226,1.0,1,0,0
pair_001_ab_right,pair_001,08c7e75f653982c4a0169f785183225f8cd88e724991c62cd32bd3a35644b87c643412f00b6a1ad4e8bb03928be87b955d0af0ccc34e67f40e8b702be76d04ff,ab,right,common_voice_en_24666509.mp3,"Human beings, under the Code, have rights.",common_voice_en_24666508.mp3,1.845,worked,784,common_voice_en_24666512.mp3,1.994,within,778,common_voice_en_24666512.mp3,1.994,within,778,common_voice_en_24666508.mp3,worked,ok,epoch=1-step=24679-v1.ckpt,cpu,within,hit,0.6440178751945496,1.7388854757882655e-05,within,1,within,1,1,hit,0.021801297272970425,0.021044411955477606,0.3069108410211175,0.3069108410211175,0.135678391959799,0.10050251256281408,0.02914207618399908,0.4472361809045226,1.0,1,0,0
pair_001_ba_left,pair_001,08c7e75f653982c4a0169f785183225f8cd88e724991c62cd32bd3a35644b87c643412f00b6a1ad4e8bb03928be87b955d0af0ccc34e67f40e8b702be76d04ff,ba,left,common_voice_en_24666509.mp3,"Human beings, under the Code, have rights.",common_voice_en_24666512.mp3,1.994,within,778,common_voice_en_24666508.mp3,1.845,worked,784,common_voice_en_24666512.mp3,1.994,within,778,common_voice_en_24666508.mp3,worked,ok,epoch=1-step=24679-v1.ckpt,cpu,within,hit,0.8638147711753845,2.6517154765315354e-06,within,1,within,1,1,hit,0.021801297272970425,0.021044411955477606,0.3069108410211175,0.3069108410211175,0.135678391959799,0.10050251256281408,0.02914207618399908,0.4472361809045226,1.0,1,0,0
pair_001_ba_right,pair_001,08c7e75f653982c4a0169f785183225f8cd88e724991c62cd32bd3a35644b87c643412f00b6a1ad4e8bb03928be87b955d0af0ccc34e67f40e8b702be76d04ff,ba,right,common_voice_en_24666509.mp3,"Human beings, under the Code, have rights.",common_voice_en_24666512.mp3,1.994,within,778,common_voice_en_24666508.mp3,1.845,worked,784,common_voice_en_24666508.mp3,1.845,worked,784,common_voice_en_24666512.mp3,within,ok,epoch=1-step=24679-v1.ckpt,cpu,worked,hit,0.6880713105201721,1.473940210416913e-05,worked,1,worked,1,1,hit,0.021044411955477606,0.021801297272970425,-0.3069108410211171,0.3069108410211171,0.10050251256281408,0.135678391959799,0.02914207618399908,0.4472361809045226,1.0,1,0,0
pair_002_ab_left,pair_002,09daa0e61f4baf6e351be32e1f0fdf050f8b8b16f63fd5d25a67c785a5ea7d9645c357ec6aada84fec91afc26661eae828369ee1a806a5e5adeb374bb214a427,ab,left,common_voice_en_21955675.mp3,zero,common_voice_en_21956021.mp3,3.904,number,461,common_voice_en_21959628.mp3,2.247,married,401,common_voice_en_21956021.mp3,3.904,number,461,common_voice_en_21959628.mp3,married,ok,epoch=1-step=24679-v1.ckpt,cpu,number,hit,0.8426668047904968,3.663804761799838e-07,number,1,number,1,1,hit,0.01902267315756007,0.020230961368996735,-0.5348994951981308,0.5348994951981308,0.03015075376884422,0.06030150753768844,0.03162230916823931,0.6482412060301508,1.0,1,0,0
pair_002_ab_right,pair_002,09daa0e61f4baf6e351be32e1f0fdf050f8b8b16f63fd5d25a67c785a5ea7d9645c357ec6aada84fec91afc26661eae828369ee1a806a5e5adeb374bb214a427,ab,right,common_voice_en_21955675.mp3,zero,common_voice_en_21956021.mp3,3.904,number,461,common_voice_en_21959628.mp3,2.247,married,401,common_voice_en_21959628.mp3,2.247,married,401,common_voice_en_21956021.mp3,number,ok,epoch=1-step=24679-v1.ckpt,cpu,married,hit,0.8720435500144958,1.5637269825674591e-06,married,1,married,1,1,hit,0.020230961368996735,0.01902267315756007,0.5348994951981302,0.5348994951981302,0.06030150753768844,0.03015075376884422,0.03162230916823931,0.6482412060301508,1.0,1,0,0
pair_002_ba_left,pair_002,09daa0e61f4baf6e351be32e1f0fdf050f8b8b16f63fd5d25a67c785a5ea7d9645c357ec6aada84fec91afc26661eae828369ee1a806a5e5adeb374bb214a427,ba,left,common_voice_en_21955675.mp3,zero,common_voice_en_21959628.mp3,2.247,married,401,common_voice_en_21956021.mp3,3.904,number,461,common_voice_en_21959628.mp3,2.247,married,401,common_voice_en_21956021.mp3,number,ok,epoch=1-step=24679-v1.ckpt,cpu,married,hit,0.9414297342300416,2.5012757305376e-06,married,1,married,1,1,hit,0.020230961368996735,0.01902267315756007,0.5348994951981302,0.5348994951981302,0.06030150753768844,0.03015075376884422,0.03162230916823931,0.6482412060301508,1.0,1,0,0
pair_002_ba_right,pair_002,09daa0e61f4baf6e351be32e1f0fdf050f8b8b16f63fd5d25a67c785a5ea7d9645c357ec6aada84fec91afc26661eae828369ee1a806a5e5adeb374bb214a427,ba,right,common_voice_en_21955675.mp3,zero,common_voice_en_21959628.mp3,2.247,married,401,common_voice_en_21956021.mp3,3.904,number,461,common_voice_en_21956021.mp3,3.904,number,461,common_voice_en_21959628.mp3,married,ok,epoch=1-step=24679-v1.ckpt,cpu,number,hit,0.792995274066925,1.7982441136155106e-07,remember,0,number,1,1,hit,0.01902267315756007,0.020230961368996735,-0.5348994951981308,0.5348994951981308,0.03015075376884422,0.06030150753768844,0.03162230916823931,0.6482412060301508,1.0,1,0,0
pair_003_ab_left,pair_003,0ae84240d635ebb50f3b3445b3d9c7b29393d7d3573c38d90a6438d850788a9907e8fce4bcfda6461a46d2952b5cd5120e29ae4c743e8a4ac9bde825ec682ec3,ab,left,common_voice_en_477387.mp3,"At other times, at a crucial moment, I make it easier for things to happen.",common_voice_en_477405.mp3,1.817,comes,133,common_voice_en_477452.mp3,1.644,began,61,common_voice_en_477405.mp3,1.817,comes,133,common_voice_en_477452.mp3,began,ok,epoch=1-step=24679-v1.ckpt,cpu,comes,hit,0.9831823110580444,3.043360834453779e-07,comes,1,comes,1,1,hit,0.021480128099039902,0.021537005806654137,-0.022969162947174715,0.022969162947174715,0.04522613065326633,0.23618090452261306,0.027968866143350552,0.1457286432160804,1.0,1,0,0
pair_003_ab_right,pair_003,0ae84240d635ebb50f3b3445b3d9c7b29393d7d3573c38d90a6438d850788a9907e8fce4bcfda6461a46d2952b5cd5120e29ae4c743e8a4ac9bde825ec682ec3,ab,right,common_voice_en_477387.mp3,"At other times, at a crucial moment, I make it easier for things to happen.",common_voice_en_477405.mp3,1.817,comes,133,common_voice_en_477452.mp3,1.644,began,61,common_voice_en_477452.mp3,1.644,began,61,common_voice_en_477405.mp3,comes,ok,epoch=1-step=24679-v1.ckpt,cpu,began,hit,0.9562640190124512,1.59709063751734e-08,began,1,began,1,1,hit,0.021537005806654137,0.021480128099039902,0.022969162947175686,0.022969162947175686,0.23618090452261306,0.04522613065326633,0.027968866143350552,0.1457286432160804,1.0,1,0,0
pair_003_ba_left,pair_003,0ae84240d635ebb50f3b3445b3d9c7b29393d7d3573c38d90a6438d850788a9907e8fce4bcfda6461a46d2952b5cd5120e29ae4c743e8a4ac9bde825ec682ec3,ba,left,common_voice_en_477387.mp3,"At other times, at a crucial moment, I make it easier for things to happen.",common_voice_en_477452.mp3,1.644,began,61,common_voice_en_477405.mp3,1.817,comes,133,common_voice_en_477452.mp3,1.644,began,61,common_voice_en_477405.mp3,comes,ok,epoch=1-step=24679-v1.ckpt,cpu,began,hit,0.9937257170677184,9.87812498465246e-09,began,1,began,1,1,hit,0.021537005806654137,0.021480128099039902,0.022969162947175686,0.022969162947175686,0.23618090452261306,0.04522613065326633,0.027968866143350552,0.1457286432160804,1.0,1,0,0
pair_003_ba_right,pair_003,0ae84240d635ebb50f3b3445b3d9c7b29393d7d3573c38d90a6438d850788a9907e8fce4bcfda6461a46d2952b5cd5120e29ae4c743e8a4ac9bde825ec682ec3,ba,right,common_voice_en_477387.mp3,"At other times, at a crucial moment, I make it easier for things to happen.",common_voice_en_477452.mp3,1.644,began,61,common_voice_en_477405.mp3,1.817,comes,133,common_voice_en_477405.mp3,1.817,comes,133,common_voice_en_477452.mp3,began,ok,epoch=1-step=24679-v1.ckpt,cpu,comes,hit,0.9901975393295288,6.56278302813007e-08,comes,1,comes,1,1,hit,0.021480128099039902,0.021537005806654137,-0.022969162947174715,0.022969162947174715,0.04522613065326633,0.23618090452261306,0.027968866143350552,0.1457286432160804,1.0,1,0,0
pair_004_ab_left,pair_004,0af632e80c890a454a534a68b1f1f491d2c8f6f78af490695ebaf667aaa5acbd42e2b0f294998b21bc9b1d9d9441ea0022d27335383f4e26d30134e3201b4077,ab,left,common_voice_en_17329273.mp3,"Now, attend to me.",common_voice_en_17329285.mp3,1.566,cause,101,common_voice_en_17329303.mp3,1.591,still,659,common_voice_en_17329285.mp3,1.566,cause,101,common_voice_en_17329303.mp3,still,ok,epoch=1-step=24679-v1.ckpt,cpu,cause,hit,0.5753887891769409,1.9363620594958775e-05,cause,1,cause,1,1,hit,0.02162337783252938,0.021869972981789856,-0.09849419109178982,0.09849419109178982,0.0,0.010050251256281407,0.031004482971884382,0.27638190954773867,1.0,1,0,1
pair_004_ab_right,pair_004,0af632e80c890a454a534a68b1f1f491d2c8f6f78af490695ebaf667aaa5acbd42e2b0f294998b21bc9b1d9d9441ea0022d27335383f4e26d30134e3201b4077,ab,right,common_voice_en_17329273.mp3,"Now, attend to me.",common_voice_en_17329285.mp3,1.566,cause,101,common_voice_en_17329303.mp3,1.591,still,659,common_voice_en_17329303.mp3,1.591,still,659,common_voice_en_17329285.mp3,cause,ok,epoch=1-step=24679-v1.ckpt,cpu,still,hit,0.1340460926294326,3.436619590502232e-05,still,1,still,1,1,hit,0.021869972981789856,0.02162337783252938,0.09849419109178874,0.09849419109178874,0.010050251256281407,0.0,0.031004482971884382,0.27638190954773867,1.0,1,0,1
pair_004_ba_left,pair_004,0af632e80c890a454a534a68b1f1f491d2c8f6f78af490695ebaf667aaa5acbd42e2b0f294998b21bc9b1d9d9441ea0022d27335383f4e26d30134e3201b4077,ba,left,common_voice_en_17329273.mp3,"Now, attend to me.",common_voice_en_17329303.mp3,1.591,still,659,common_voice_en_17329285.mp3,1.566,cause,101,common_voice_en_17329303.mp3,1.591,still,659,common_voice_en_17329285.mp3,cause,ok,epoch=1-step=24679-v1.ckpt,cpu,australia,other,0.1824694871902465,8.140443242155015e-05,australia,0,still,1,0,dichotic_specific_error,0.021869972981789856,0.02162337783252938,0.09849419109178874,0.09849419109178874,0.010050251256281407,0.0,0.031004482971884382,0.27638190954773867,0.42857142857142855,0,0,1
pair_004_ba_right,pair_004,0af632e80c890a454a534a68b1f1f491d2c8f6f78af490695ebaf667aaa5acbd42e2b0f294998b21bc9b1d9d9441ea0022d27335383f4e26d30134e3201b4077,ba,right,common_voice_en_17329273.mp3,"Now, attend to me.",common_voice_en_17329303.mp3,1.591,still,659,common_voice_en_17329285.mp3,1.566,cause,101,common_voice_en_17329285.mp3,1.566,cause,101,common_voice_en_17329303.mp3,still,ok,epoch=1-step=24679-v1.ckpt,cpu,cause,hit,0.2200716435909271,9.194971426040864e-06,garden,0,cause,1,1,hit,0.02162337783252938,0.021869972981789856,-0.09849419109178982,0.09849419109178982,0.0,0.010050251256281407,0.031004482971884382,0.27638190954773867,1.0,1,0,1
pair_005_ab_left,pair_005,0e584e386170c15476f57f463c00da3ed67ce550d45e03c276a338896c2192e52280e48c8be65f5112bd152923602c524038f0bb3e49529b7b2e2972172de821,ab,left,common_voice_en_26978321.mp3,This concept was carried further by the Douglas Paracone project.,common_voice_en_26978394.mp3,1.607,village,757,common_voice_en_26978395.mp3,1.8,operated,472,common_voice_en_26978394.mp3,1.607,village,757,common_voice_en_26978395.mp3,operated,ok,epoch=1-step=24679-v1.ckpt,cpu,village,hit,0.9978564381599426,1.3031604604012842e-13,village,1,village,1,1,hit,0.019210827856791946,0.022138309608422623,-1.2319675284360343,1.2319675284360343,0.3768844221105528,0.03015075376884422,0.030944055730200516,0.02512562814070352,1.0,1,0,0
pair_005_ab_right,pair_005,0e584e386170c15476f57f463c00da3ed67ce550d45e03c276a338896c2192e52280e48c8be65f5112bd152923602c524038f0bb3e49529b7b2e2972172de821,ab,right,common_voice_en_26978321.mp3,This concept was carried further by the Douglas Paracone project.,common_voice_en_26978394.mp3,1.607,village,757,common_voice_en_26978395.mp3,1.8,operated,472,common_voice_en_26978395.mp3,1.8,operated,472,common_voice_en_26978394.mp3,village,ok,epoch=1-step=24679-v1.ckpt,cpu,operated,hit,0.9902404546737672,4.878699440963308e-12,operated,1,operated,1,1,hit,0.022138309608422623,0.019210827856791946,1.2319675284360339,1.2319675284360339,0.03015075376884422,0.3768844221105528,0.030944055730200516,0.02512562814070352,1.0,1,0,0
pair_005_ba_left,pair_005,0e584e386170c15476f57f463c00da3ed67ce550d45e03c276a338896c2192e52280e48c8be65f5112bd152923602c524038f0bb3e49529b7b2e2972172de821,ba,left,common_voice_en_26978321.mp3,This concept was carried further by the Douglas Paracone project.,common_voice_en_26978395.mp3,1.8,operated,472,common_voice_en_26978394.mp3,1.607,village,757,common_voice_en_26978395.mp3,1.8,operated,472,common_voice_en_26978394.mp3,village,ok,epoch=1-step=24679-v1.ckpt,cpu,operated,hit,0.9925612807273864,5.4673824495532486e-11,operated,1,operated,1,1,hit,0.022138309608422623,0.019210827856791946,1.2319675284360339,1.2319675284360339,0.03015075376884422,0.3768844221105528,0.030944055730200516,0.02512562814070352,1.0,1,0,0
pair_005_ba_right,pair_005,0e584e386170c15476f57f463c00da3ed67ce550d45e03c276a338896c2192e52280e48c8be65f5112bd152923602c524038f0bb3e49529b7b2e2972172de821,ba,right,common_voice_en_26978321.mp3,This concept was carried further by the Douglas Paracone project.,common_voice_en_26978395.mp3,1.8,operated,472,common_voice_en_26978394.mp3,1.607,village,757,common_voice_en_26978394.mp3,1.607,village,757,common_voice_en_26978395.mp3,operated,ok,epoch=1-step=24679-v1.ckpt,cpu,village,hit,0.9991752505302428,8.970171610708788e-13,village,1,village,1,1,hit,0.019210827856791946,0.022138309608422623,-1.2319675284360343,1.2319675284360343,0.3768844221105528,0.03015075376884422,0.030944055730200516,0.02512562814070352,1.0,1,0,0
pair_006_ab_left,pair_006,11645b59ec56e6b2ab82803d8f834498c17aea3246696c1ceb7944c44ff7291e10fa777dd38d4b418ddfb32c2a6a319872afd27338f8df93b8a9c8298a84d1d5,ab,left,common_voice_en_19616190.mp3,"The company, however, never enjoyed a trade monopoly like the Dutch West India Company.",common_voice_en_19616191.mp3,4.567,without,779,common_voice_en_19616192.mp3,1.815,limited,376,common_voice_en_19616191.mp3,4.567,without,779,common_voice_en_19616192.mp3,limited,ok,epoch=1-step=24679-v1.ckpt,cpu,found,other,0.1597965657711029,5.825709376949817e-05,without,1,without,1,0,dichotic_specific_error,0.02208448828888494,0.020328327376954138,0.7197138932104129,0.7197138932104129,0.0,0.0,0.02716529029350085,0.0,0.3333333333333333,0,0,2
pair_006_ab_right,pair_006,11645b59ec56e6b2ab82803d8f834498c17aea3246696c1ceb7944c44ff7291e10fa777dd38d4b418ddfb32c2a6a319872afd27338f8df93b8a9c8298a84d1d5,ab,right,common_voice_en_19616190.mp3,"The company, however, never enjoyed a trade monopoly like the Dutch West India Company.",common_voice_en_19616191.mp3,4.567,without,779,common_voice_en_19616192.mp3,1.815,limited,376,common_voice_en_19616192.mp3,1.815,limited,376,common_voice_en_19616191.mp3,without,ok,epoch=1-step=24679-v1.ckpt,cpu,limited,hit,0.6380895972251892,0.0002876477374229,limited,1,limited,1,1,hit,0.020328327376954138,0.02208448828888494,-0.7197138932104126,0.7197138932104126,0.0,0.0,0.02716529029350085,0.0,1.0,1,0,2
pair_006_ba_left,pair_006,11645b59ec56e6b2ab82803d8f834498c17aea3246696c1ceb7944c44ff7291e10fa777dd38d4b418ddfb32c2a6a319872afd27338f8df93b8a9c8298a84d1d5,ba,left,common_voice_en_19616190.mp3,"The company, however, never enjoyed a trade monopoly like the Dutch West India Company.",common_voice_en_19616192.mp3,1.815,limited,376,common_voice_en_19616191.mp3,4.567,without,779,common_voice_en_19616192.mp3,1.815,limited,376,common_voice_en_19616191.mp3,without,ok,epoch=1-step=24679-v1.ckpt,cpu,limited,hit,0.8059528470039368,0.0001040460920194,limited,1,limited,1,1,hit,0.020328327376954138,0.02208448828888494,-0.7197138932104126,0.7197138932104126,0.0,0.0,0.02716529029350085,0.0,1.0,1,0,2
pair_006_ba_right,pair_006,11645b59ec56e6b2ab82803d8f834498c17aea3246696c1ceb7944c44ff7291e10fa777dd38d4b418ddfb32c2a6a319872afd27338f8df93b8a9c8298a84d1d5,ba,right,common_voice_en_19616190.mp3,"The company, however, never enjoyed a trade monopoly like the Dutch West India Company.",common_voice_en_19616192.mp3,1.815,limited,376,common_voice_en_19616191.mp3,4.567,without,779,common_voice_en_19616191.mp3,4.567,without,779,common_voice_en_19616192.mp3,limited,ok,epoch=1-step=24679-v1.ckpt,cpu,don't,other,0.046863455325365,0.000138879433507,without,1,without,1,0,dichotic_specific_error,0.02208448828888494,0.020328327376954138,0.7197138932104129,0.7197138932104129,0.0,0.0,0.02716529029350085,0.0,0.16666666666666666,0,0,2
pair_007_ab_left,pair_007,11ec372417df77b07bb129cc7572637abe768dd9ba9a6cf66c66b5081a6016aa00fb0a31287220448ed090f18b89fb45ff7e35247c32e492909a9d08f7645c84,ab,left,common_voice_en_1529716.mp3,There's too much sugar in jello.,common_voice_en_16665979.mp3,1.661,almost,22,common_voice_en_617394.mp3,2.95,leave,369,common_voice_en_16665979.mp3,1.661,almost,22,common_voice_en_617394.mp3,leave,ok,epoch=1-step=24679-v1.ckpt,cpu,films,other,0.0032236545812338,5.469445341077517e-07,close,0,horse,0,0,baseline_and_dichotic_error,0.02202212559011714,0.020372531239048267,0.6762848525924774,0.6762848525924774,0.3165829145728643,0.02512562814070352,0.0316225984029036,0.1457286432160804,0.5454545454545454,0,0,2
pair_007_ab_right,pair_007,11ec372417df77b07bb129cc7572637abe768dd9ba9a6cf66c66b5081a6016aa00fb0a31287220448ed090f18b89fb45ff7e35247c32e492909a9d08f7645c84,ab,right,common_voice_en_1529716.mp3,There's too much sugar in jello.,common_voice_en_16665979.mp3,1.661,almost,22,common_voice_en_617394.mp3,2.95,leave,369,common_voice_en_617394.mp3,2.95,leave,369,common_voice_en_16665979.mp3,almost,ok,epoch=1-step=24679-v1.ckpt,cpu,leave,hit,0.3025327622890472,4.85588770970935e-06,three,0,leave,1,1,hit,0.020372531239048267,0.02202212559011714,-0.6762848525924765,0.6762848525924765,0.02512562814070352,0.3165829145728643,0.0316225984029036,0.1457286432160804,1.0,1,0,2
pair_007_ba_left,pair_007,11ec372417df77b07bb129cc7572637abe768dd9ba9a6cf66c66b5081a6016aa00fb0a31287220448ed090f18b89fb45ff7e35247c32e492909a9d08f7645c84,ba,left,common_voice_en_1529716.mp3,There's too much sugar in jello.,common_voice_en_617394.mp3,2.95,leave,369,common_voice_en_16665979.mp3,1.661,almost,22,common_voice_en_617394.mp3,2.95,leave,369,common_voice_en_16665979.mp3,almost,ok,epoch=1-step=24679-v1.ckpt,cpu,leave,hit,0.1311359107494354,2.849127668014262e-06,leave,1,leave,1,1,hit,0.020372531239048267,0.02202212559011714,-0.6762848525924765,0.6762848525924765,0.02512562814070352,0.3165829145728643,0.0316225984029036,0.1457286432160804,1.0,1,0,2
pair_007_ba_right,pair_007,11ec372417df77b07bb129cc7572637abe768dd9ba9a6cf66c66b5081a6016aa00fb0a31287220448ed090f18b89fb45ff7e35247c32e492909a9d08f7645c84,ba,right,common_voice_en_1529716.mp3,There's too much sugar in jello.,common_voice_en_617394.mp3,2.95,leave,369,common_voice_en_16665979.mp3,1.661,almost,22,common_voice_en_16665979.mp3,1.661,almost,22,common_voice_en_617394.mp3,leave,ok,epoch=1-step=24679-v1.ckpt,cpu,films,other,0.0371360033750534,1.1391049383746576e-06,almost,1,horse,0,0,baseline_and_dichotic_error,0.02202212559011714,0.020372531239048267,0.6762848525924774,0.6762848525924774,0.3165829145728643,0.02512562814070352,0.0316225984029036,0.1457286432160804,0.5454545454545454,0,0,2
pair_008_ab_left,pair_008,15a22f0c0e1dd85bdeda7f733a831454f10c38f6da86b6c258157e616996b120ecdd47cf96cfbeeefbd455c03725780ef1ba4d4351013b20a20553c55db492dd,ab,left,common_voice_en_18709272.mp3,Giles tells Buffy that he has found a ritual to revoke a vampire's invitation.,common_voice_en_18709453.mp3,1.774,would,788,common_voice_en_18709565.mp3,3.927,typically,739,common_voice_en_18709453.mp3,1.774,would,788,common_voice_en_18709565.mp3,typically,ok,epoch=1-step=24679-v1.ckpt,cpu,would,hit,0.8554795384407043,7.032939265627647e-06,would,1,would,1,1,hit,0.018512320702155634,0.021056333118436105,-1.1184375481996236,1.1184375481996236,0.15577889447236182,0.09045226130653267,0.02552710822626093,0.03015075376884422,1.0,1,0,1
pair_008_ab_right,pair_008,15a22f0c0e1dd85bdeda7f733a831454f10c38f6da86b6c258157e616996b120ecdd47cf96cfbeeefbd455c03725780ef1ba4d4351013b20a20553c55db492dd,ab,right,common_voice_en_18709272.mp3,Giles tells Buffy that he has found a ritual to revoke a vampire's invitation.,common_voice_en_18709453.mp3,1.774,would,788,common_voice_en_18709565.mp3,3.927,typically,739,common_voice_en_18709565.mp3,3.927,typically,739,common_voice_en_18709453.mp3,would,ok,epoch=1-step=24679-v1.ckpt,cpu,really,other,0.0418430417776107,0.0016785649349913,really,0,typically,1,0,dichotic_specific_error,0.021056333118436105,0.018512320702155634,1.1184375481996243,1.1184375481996243,0.09045226130653267,0.15577889447236182,0.02552710822626093,0.03015075376884422,0.5333333333333333,0,0,1
pair_008_ba_left,pair_008,15a22f0c0e1dd85bdeda7f733a831454f10c38f6da86b6c258157e616996b120ecdd47cf96cfbeeefbd455c03725780ef1ba4d4351013b20a20553c55db492dd,ba,left,common_voice_en_18709272.mp3,Giles tells Buffy that he has found a ritual to revoke a vampire's invitation.,common_voice_en_18709565.mp3,3.927,typically,739,common_voice_en_18709453.mp3,1.774,would,788,common_voice_en_18709565.mp3,3.927,typically,739,common_voice_en_18709453.mp3,would,ok,epoch=1-step=24679-v1.ckpt,cpu,typically,hit,0.1772860735654831,0.0023525347933173,particularly,0,typically,1,1,hit,0.021056333118436105,0.018512320702155634,1.1184375481996243,1.1184375481996243,0.09045226130653267,0.15577889447236182,0.02552710822626093,0.03015075376884422,1.0,1,0,1
pair_008_ba_right,pair_008,15a22f0c0e1dd85bdeda7f733a831454f10c38f6da86b6c258157e616996b120ecdd47cf96cfbeeefbd455c03725780ef1ba4d4351013b20a20553c55db492dd,ba,right,common_voice_en_18709272.mp3,Giles tells Buffy that he has found a ritual to revoke a vampire's invitation.,common_voice_en_18709565.mp3,3.927,typically,739,common_voice_en_18709453.mp3,1.774,would,788,common_voice_en_18709453.mp3,1.774,would,788,common_voice_en_18709565.mp3,typically,ok,epoch=1-step=24679-v1.ckpt,cpu,would,hit,0.8735253214836121,2.4035427941271337e-06,would,1,would,1,1,hit,0.018512320702155634,0.021056333118436105,-1.1184375481996236,1.1184375481996236,0.15577889447236182,0.09045226130653267,0.02552710822626093,0.03015075376884422,1.0,1,0,1
pair_009_ab_left,pair_009,185a19520056bd31c0b7613af5d9eb45e5b9eb8061127fc839233aac463eee2c687007a5977d117e7301d2c959de1b27d9331f7cb0bab85f776e64120795c77e,ab,left,common_voice_en_17251908.mp3,How are you getting on?,common_voice_en_17270512.mp3,2.155,behind,63,common_voice_en_495113.mp3,3.364,could,155,common_voice_en_17270512.mp3,2.155,behind,63,common_voice_en_495113.mp3,could,ok,epoch=1-step=24679-v1.ckpt,cpu,behind,hit,0.9960806965827942,1.3152714473108065e-06,behind,1,behind,1,1,hit,0.019734130796954706,0.020809257639697074,-0.4607716975925803,0.4607716975925803,0.0,0.0,0.031402075116084276,0.35175879396984927,1.0,1,0,2
pair_009_ab_right,pair_009,185a19520056bd31c0b7613af5d9eb45e5b9eb8061127fc839233aac463eee2c687007a5977d117e7301d2c959de1b27d9331f7cb0bab85f776e64120795c77e,ab,right,common_voice_en_17251908.mp3,How are you getting on?,common_voice_en_17270512.mp3,2.155,behind,63,common_voice_en_495113.mp3,3.364,could,155,common_voice_en_495113.mp3,3.364,could,155,common_voice_en_17270512.mp3,behind,ok,epoch=1-step=24679-v1.ckpt,cpu,twenty,other,0.0148815903812646,0.0001621151604922,where,0,could,1,0,dichotic_specific_error,0.020809257639697074,0.019734130796954706,0.46077169759257963,0.46077169759257963,0.0,0.0,0.031402075116084276,0.35175879396984927,0.0,0,0,2
pair_009_ba_left,pair_009,185a19520056bd31c0b7613af5d9eb45e5b9eb8061127fc839233aac463eee2c687007a5977d117e7301d2c959de1b27d9331f7cb0bab85f776e64120795c77e,ba,left,common_voice_en_17251908.mp3,How are you getting on?,common_voice_en_495113.mp3,3.364,could,155,common_voice_en_17270512.mp3,2.155,behind,63,common_voice_en_495113.mp3,3.364,could,155,common_voice_en_17270512.mp3,behind,ok,epoch=1-step=24679-v1.ckpt,cpu,would,other,0.1434762477874755,0.0001000217089313,would,0,could,1,0,dichotic_specific_error,0.020809257639697074,0.019734130796954706,0.46077169759257963,0.46077169759257963,0.0,0.0,0.031402075116084276,0.35175879396984927,0.8,1,0,2
pair_009_ba_right,pair_009,185a19520056bd31c0b7613af5d9eb45e5b9eb8061127fc839233aac463eee2c687007a5977d117e7301d2c959de1b27d9331f7cb0bab85f776e64120795c77e,ba,right,common_voice_en_17251908.mp3,How are you getting on?,common_voice_en_495113.mp3,3.364,could,155,common_voice_en_17270512.mp3,2.155,behind,63,common_voice_en_17270512.mp3,2.155,behind,63,common_voice_en_495113.mp3,could,ok,epoch=1-step=24679-v1.ckpt,cpu,behind,hit,0.9611351490020752,1.010922574096185e-06,right,0,behind,1,1,hit,0.019734130796954706,0.020809257639697074,-0.4607716975925803,0.4607716975925803,0.0,0.0,0.031402075116084276,0.35175879396984927,1.0,1,0,2
pair_010_ab_left,pair_010,1c3abdd589ad5bfb2edbec31028fa580e143ba9d5d05a26e28ffdc2f9d6d0ff5aa88eeb366e96f823c673fe54a13879cbaa606d6198de116b9ae18200601a8bd,ab,left,common_voice_en_19073547.mp3,There is an totalitarian aspect to the Movement.,common_voice_en_19073677.mp3,1.765,whole,773,common_voice_en_19073679.mp3,4.71,table,686,common_voice_en_19073677.mp3,1.765,whole,773,common_voice_en_19073679.mp3,table,ok,epoch=1-step=24679-v1.ckpt,cpu,whole,hit,0.9998760223388672,3.002642401384037e-08,whole,1,whole,1,1,hit,0.02099685988849418,0.01928374443858908,0.7392596585231471,0.7392596585231471,0.0,0.0,0.027025650659468246,0.0,1.0,1,0,0
pair_010_ab_right,pair_010,1c3abdd589ad5bfb2edbec31028fa580e143ba9d5d05a26e28ffdc2f9d6d0ff5aa88eeb366e96f823c673fe54a13879cbaa606d6198de116b9ae18200601a8bd,ab,right,common_voice_en_19073547.mp3,There is an totalitarian aspect to the Movement.,common_voice_en_19073677.mp3,1.765,whole,773,common_voice_en_19073679.mp3,4.71,table,686,common_voice_en_19073679.mp3,4.71,table,686,common_voice_en_19073677.mp3,whole,ok,epoch=1-step=24679-v1.ckpt,cpu,table,hit,0.9909746050834656,1.2085118328286626e-07,table,1,table,1,1,hit,0.01928374443858908,0.02099685988849418,-0.7392596585231472,0.7392596585231472,0.0,0.0,0.027025650659468246,0.0,1.0,1,0,0
pair_010_ba_left,pair_010,1c3abdd589ad5bfb2edbec31028fa580e143ba9d5d05a26e28ffdc2f9d6d0ff5aa88eeb366e96f823c673fe54a13879cbaa606d6198de116b9ae18200601a8bd,ba,left,common_voice_en_19073547.mp3,There is an totalitarian aspect to the Movement.,common_voice_en_19073679.mp3,4.71,table,686,common_voice_en_19073677.mp3,1.765,whole,773,common_voice_en_19073679.mp3,4.71,table,686,common_voice_en_19073677.mp3,whole,ok,epoch=1-step=24679-v1.ckpt,cpu,table,hit,0.8694795370101929,5.366631512515596e-07,table,1,table,1,1,hit,0.01928374443858908,0.02099685988849418,-0.7392596585231472,0.7392596585231472,0.0,0.0,0.027025650659468246,0.0,1.0,1,0,0
pair_010_ba_right,pair_010,1c3abdd589ad5bfb2edbec31028fa580e143ba9d5d05a26e28ffdc2f9d6d0ff5aa88eeb366e96f823c673fe54a13879cbaa606d6198de116b9ae18200601a8bd,ba,right,common_voice_en_19073547.mp3,There is an totalitarian aspect to the Movement.,common_voice_en_19073679.mp3,4.71,table,686,common_voice_en_19073677.mp3,1.765,whole,773,common_voice_en_19073677.mp3,1.765,whole,773,common_voice_en_19073679.mp3,table,ok,epoch=1-step=24679-v1.ckpt,cpu,whole,hit,0.9999340772628784,6.534826901827273e-09,whole,1,whole,1,1,hit,0.02099685988849418,0.01928374443858908,0.7392596585231471,0.7392596585231471,0.0,0.0,0.027025650659468246,0.0,1.0,1,0,0
pair_011_ab_left,pair_011,1d95a778022e603e61909bf57085330eda7e63c833bc1064c63e8358cf03f5828fdfc527bfc775dbbc1fbfacd936e37e5c9ece5e77a9773b74ec3c516b490655,ab,left,common_voice_en_19120757.mp3,Qingpu District has three subdistricts and eight towns.,common_voice_en_19120760.mp3,3.737,david,174,common_voice_en_19952785.mp3,3.256,country,159,common_voice_en_19120760.mp3,3.737,david,174,common_voice_en_19952785.mp3,country,ok,epoch=1-step=24679-v1.ckpt,cpu,david,hit,0.9928735494613647,3.494756128930021e-07,david,1,david,1,1,hit,0.019013468889706033,0.01896436133801737,0.022462737314502306,0.022462737314502306,0.18592964824120603,0.0,0.03151911385687125,0.25125628140703515,1.0,1,0,0
pair_011_ab_right,pair_011,1d95a778022e603e61909bf57085330eda7e63c833bc1064c63e8358cf03f5828fdfc527bfc775dbbc1fbfacd936e37e5c9ece5e77a9773b74ec3c516b490655,ab,right,common_voice_en_19120757.mp3,Qingpu District has three subdistricts and eight towns.,common_voice_en_19120760.mp3,3.737,david,174,common_voice_en_19952785.mp3,3.256,country,159,common_voice_en_19952785.mp3,3.256,country,159,common_voice_en_19120760.mp3,david,ok,epoch=1-step=24679-v1.ckpt,cpu,country,hit,0.8781180381774902,2.920332917710766e-07,countries,0,country,1,1,hit,0.01896436133801737,0.019013468889706033,-0.02246273731450166,0.02246273731450166,0.0,0.18592964824120603,0.03151911385687125,0.25125628140703515,1.0,1,0,0
pair_011_ba_left,pair_011,1d95a778022e603e61909bf57085330eda7e63c833bc1064c63e8358cf03f5828fdfc527bfc775dbbc1fbfacd936e37e5c9ece5e77a9773b74ec3c516b490655,ba,left,common_voice_en_19120757.mp3,Qingpu District has three subdistricts and eight towns.,common_voice_en_19952785.mp3,3.256,country,159,common_voice_en_19120760.mp3,3.737,david,174,common_voice_en_19952785.mp3,3.256,country,159,common_voice_en_19120760.mp3,david,ok,epoch=1-step=24679-v1.ckpt,cpu,country,hit,0.5599706768989563,1.795462958398275e-05,country,1,country,1,1,hit,0.01896436133801737,0.019013468889706033,-0.02246273731450166,0.02246273731450166,0.0,0.18592964824120603,0.03151911385687125,0.25125628140703515,1.0,1,0,0
pair_011_ba_right,pair_011,1d95a778022e603e61909bf57085330eda7e63c833bc1064c63e8358cf03f5828fdfc527bfc775dbbc1fbfacd936e37e5c9ece5e77a9773b74ec3c516b490655,ba,right,common_voice_en_19120757.mp3,Qingpu District has three subdistricts and eight towns.,common_voice_en_19952785.mp3,3.256,country,159,common_voice_en_19120760.mp3,3.737,david,174,common_voice_en_19120760.mp3,3.737,david,174,common_voice_en_19952785.mp3,country,ok,epoch=1-step=24679-v1.ckpt,cpu,david,hit,0.9825947880744934,1.835340555089715e-07,david,1,david,1,1,hit,0.019013468889706033,0.01896436133801737,0.022462737314502306,0.022462737314502306,0.18592964824120603,0.0,0.03151911385687125,0.25125628140703515,1.0,1,0,0
pair_012_ab_left,pair_012,1dcdedbe135ec7be714cfd2845fda08de01e759ee5cdb67bd5e6d84079be42dba7ee2337644680d79784f7ba5e63dc2ad89088d38857bd27d81c11dea60d338b,ab,left,common_voice_en_19953994.mp3,This project was part of Public Works Administration relief work in the area.,common_voice_en_19954321.mp3,1.623,another,33,common_voice_en_20026896.mp3,4.431,business,88,common_voice_en_19954321.mp3,1.623,another,33,common_voice_en_20026896.mp3,business,ok,epoch=1-step=24679-v1.ckpt,cpu,another,hit,0.8551385998725891,1.877528035265641e-07,another,1,another,1,1,hit,0.02212065561111553,0.02051917805130285,0.6527606885106401,0.6527606885106401,0.09547738693467336,0.0,0.03005430791619522,0.010050251256281407,1.0,1,0,0
pair_012_ab_right,pair_012,1dcdedbe135ec7be714cfd2845fda08de01e759ee5cdb67bd5e6d84079be42dba7ee2337644680d79784f7ba5e63dc2ad89088d38857bd27d81c11dea60d338b,ab,right,common_voice_en_19953994.mp3,This project was part of Public Works Administration relief work in the area.,common_voice_en_19954321.mp3,1.623,another,33,common_voice_en_20026896.mp3,4.431,business,88,common_voice_en_20026896.mp3,4.431,business,88,common_voice_en_19954321.mp3,another,ok,epoch=1-step=24679-v1.ckpt,cpu,business,hit,0.945658802986145,6.60954447084805e-06,business,1,business,1,1,hit,0.02051917805130285,0.02212065561111553,-0.6527606885106406,0.6527606885106406,0.0,0.09547738693467336,0.03005430791619522,0.010050251256281407,1.0,1,0,0
pair_012_ba_left,pair_012,1dcdedbe135ec7be714cfd2845fda08de01e759ee5cdb67bd5e6d84079be42dba7ee2337644680d79784f7ba5e63dc2ad89088d38857bd27d81c11dea60d338b,ba,left,common_voice_en_19953994.mp3,This project was part of Public Works Administration relief work in the area.,common_voice_en_20026896.mp3,4.431,business,88,common_voice_en_19954321.mp3,1.623,another,33,common_voice_en_20026896.mp3,4.431,business,88,common_voice_en_19954321.mp3,another,ok,epoch=1-step=24679-v1.ckpt,cpu,business,hit,0.9736591577529908,2.0706045233964687e-06,business,1,business,1,1,hit,0.02051917805130285,0.02212065561111553,-0.6527606885106406,0.6527606885106406,0.0,0.09547738693467336,0.03005430791619522,0.010050251256281407,1.0,1,0,0
pair_012_ba_right,pair_012,1dcdedbe135ec7be714cfd2845fda08de01e759ee5cdb67bd5e6d84079be42dba7ee2337644680d79784f7ba5e63dc2ad89088d38857bd27d81c11dea60d338b,ba,right,common_voice_en_19953994.mp3,This project was part of Public Works Administration relief work in the area.,common_voice_en_20026896.mp3,4.431,business,88,common_voice_en_19954321.mp3,1.623,another,33,common_voice_en_19954321.mp3,1.623,another,33,common_voice_en_20026896.mp3,business,ok,epoch=1-step=24679-v1.ckpt,cpu,another,hit,0.8665546774864197,8.847626276065058e-08,another,1,another,1,1,hit,0.02212065561111553,0.02051917805130285,0.6527606885106401,0.6527606885106401,0.09547738693467336,0.0,0.03005430791619522,0.010050251256281407,1.0,1,0,0
pair_013_ab_left,pair_013,231edcc0de6205701fb7b5a5188992280bafbaf9bdb48b511500c704fb4d42a54a010bf3eb2c8fdf7317d7d85933ef92ebf3a9580f2fa9f5d3989f35692fd04e,ab,left,common_voice_en_19620307.mp3,That decision set a statewide precedent.,common_voice_en_19620310.mp3,3.357,class,124,common_voice_en_19620312.mp3,1.687,still,659,common_voice_en_19620310.mp3,3.357,class,124,common_voice_en_19620312.mp3,still,ok,epoch=1-step=24679-v1.ckpt,cpu,class,hit,0.9632540941238404,4.120854413258712e-08,class,1,class,1,1,hit,0.019803518723497796,0.022061301819951102,-0.9377754584080027,0.9377754584080027,0.035175879396984924,0.24120603015075376,0.02840803128945753,0.09045226130653267,1.0,1,0,0
pair_013_ab_right,pair_013,231edcc0de6205701fb7b5a5188992280bafbaf9bdb48b511500c704fb4d42a54a010bf3eb2c8fdf7317d7d85933ef92ebf3a9580f2fa9f5d3989f35692fd04e,ab,right,common_voice_en_19620307.mp3,That decision set a statewide precedent.,common_voice_en_19620310.mp3,3.357,class,124,common_voice_en_19620312.mp3,1.687,still,659,common_voice_en_19620312.mp3,1.687,still,659,common_voice_en_19620310.mp3,class,ok,epoch=1-step=24679-v1.ckpt,cpu,still,hit,0.7653194665908813,8.339603141394036e-07,still,1,still,1,1,hit,0.022061301819951102,0.019803518723497796,0.9377754584080017,0.9377754584080017,0.24120603015075376,0.035175879396984924,0.02840803128945753,0.09045226130653267,1.0,1,0,0
pair_013_ba_left,pair_013,231edcc0de6205701fb7b5a5188992280bafbaf9bdb48b511500c704fb4d42a54a010bf3eb2c8fdf7317d7d85933ef92ebf3a9580f2fa9f5d3989f35692fd04e,ba,left,common_voice_en_19620307.mp3,That decision set a statewide precedent.,common_voice_en_19620312.mp3,1.687,still,659,common_voice_en_19620310.mp3,3.357,class,124,common_voice_en_19620312.mp3,1.687,still,659,common_voice_en_19620310.mp3,class,ok,epoch=1-step=24679-v1.ckpt,cpu,still,hit,0.4186596870422363,1.2193726206533029e-06,their,0,still,1,1,hit,0.022061301819951102,0.019803518723497796,0.9377754584080017,0.9377754584080017,0.24120603015075376,0.035175879396984924,0.02840803128945753,0.09045226130653267,1.0,1,0,0
pair_013_ba_right,pair_013,231edcc0de6205701fb7b5a5188992280bafbaf9bdb48b511500c704fb4d42a54a010bf3eb2c8fdf7317d7d85933ef92ebf3a9580f2fa9f5d3989f35692fd04e,ba,right,common_voice_en_19620307.mp3,That decision set a statewide precedent.,common_voice_en_19620312.mp3,1.687,still,659,common_voice_en_19620310.mp3,3.357,class,124,common_voice_en_19620310.mp3,3.357,class,124,common_voice_en_19620312.mp3,still,ok,epoch=1-step=24679-v1.ckpt,cpu,class,hit,0.9705045819282532,5.4671080107482346e-08,class,1,class,1,1,hit,0.019803518723497796,0.022061301819951102,-0.9377754584080027,0.9377754584080027,0.035175879396984924,0.24120603015075376,0.02840803128945753,0.09045226130653267,1.0,1,0,0
pair_014_ab_left,pair_014,2432927a3acd24b583f0f759819eb4e1b7150bf681b9385c26d0f36d14031ca1f7e8e76bfb5e217d7e7be940bb9aff98906b51bf2949ac1cfc5ca7c113f74794,ab,left,common_voice_en_26984741.mp3,"His brother was Armand Heine, and both were cousins of poet Heinrich Heine.",common_voice_en_26984947.mp3,4.285,might,415,common_voice_en_26984956.mp3,2.484,served,606,common_voice_en_26984947.mp3,4.285,might,415,common_voice_en_26984956.mp3,served,ok,epoch=1-step=24679-v1.ckpt,cpu,might,hit,0.9553406238555908,1.0483597497057406e-12,might,1,might,1,1,hit,0.020137923734605715,0.019883143519256116,0.11059288924806814,0.11059288924806814,0.01507537688442211,0.0,0.02861711396838827,0.02512562814070352,1.0,1,0,0
pair_014_ab_right,pair_014,2432927a3acd24b583f0f759819eb4e1b7150bf681b9385c26d0f36d14031ca1f7e8e76bfb5e217d7e7be940bb9aff98906b51bf2949ac1cfc5ca7c113f74794,ab,right,common_voice_en_26984741.mp3,"His brother was Armand Heine, and both were cousins of poet Heinrich Heine.",common_voice_en_26984947.mp3,4.285,might,415,common_voice_en_26984956.mp3,2.484,served,606,common_voice_en_26984956.mp3,2.484,served,606,common_voice_en_26984947.mp3,might,ok,epoch=1-step=24679-v1.ckpt,cpu,served,hit,0.901830554008484,7.100047216823668e-09,served,1,served,1,1,hit,0.019883143519256116,0.020137923734605715,-0.11059288924806855,0.11059288924806855,0.0,0.01507537688442211,0.02861711396838827,0.02512562814070352,1.0,1,0,0
pair_014_ba_left,pair_014,2432927a3acd24b583f0f759819eb4e1b7150bf681b9385c26d0f36d14031ca1f7e8e76bfb5e217d7e7be940bb9aff98906b51bf2949ac1cfc5ca7c113f74794,ba,left,common_voice_en_26984741.mp3,"His brother was Armand Heine, and both were cousins of poet Heinrich Heine.",common_voice_en_26984956.mp3,2.484,served,606,common_voice_en_26984947.mp3,4.285,might,415,common_voice_en_26984956.mp3,2.484,served,606,common_voice_en_26984947.mp3,might,ok,epoch=1-step=24679-v1.ckpt,cpu,served,hit,0.9559305310249328,8.562200948247777e-10,served,1,served,1,1,hit,0.019883143519256116,0.020137923734605715,-0.11059288924806855,0.11059288924806855,0.0,0.01507537688442211,0.02861711396838827,0.02512562814070352,1.0,1,0,0
pair_014_ba_right,pair_014,2432927a3acd24b583f0f759819eb4e1b7150bf681b9385c26d0f36d14031ca1f7e8e76bfb5e217d7e7be940bb9aff98906b51bf2949ac1cfc5ca7c113f74794,ba,right,common_voice_en_26984741.mp3,"His brother was Armand Heine, and both were cousins of poet Heinrich Heine.",common_voice_en_26984956.mp3,2.484,served,606,common_voice_en_26984947.mp3,4.285,might,415,common_voice_en_26984947.mp3,4.285,might,415,common_voice_en_26984956.mp3,served,ok,epoch=1-step=24679-v1.ckpt,cpu,might,hit,0.8701557517051697,2.176611755416724e-12,might,1,might,1,1,hit,0.020137923734605715,0.019883143519256116,0.11059288924806814,0.11059288924806814,0.01507537688442211,0.0,0.02861711396838827,0.02512562814070352,1.0,1,0,0
pair_015_ab_left,pair_015,25f51d3ad1cf1ad2a659ff86f2de8c50a170a6b2452f52f28d829226ccbd4f558f87f5f2aec8dc6320664ab98cde5f9be96e615964e1b889eebb9792795507b0,ab,left,common_voice_en_18338329.mp3,He was fond of quoting a fragment from a certain poem.,common_voice_en_18338328.mp3,1.72,meaning,405,common_voice_en_18338332.mp3,1.583,longer,387,common_voice_en_18338328.mp3,1.72,meaning,405,common_voice_en_18338332.mp3,longer,ok,epoch=1-step=24679-v1.ckpt,cpu,meaning,hit,0.6400483250617981,1.6703193068678956e-06,reading,0,meaning,1,1,hit,0.02235527182342699,0.021935164828004824,0.16478105497998996,0.16478105497998996,0.01507537688442211,0.0,0.028840470271613444,0.0,1.0,1,0,0
pair_015_ab_right,pair_015,25f51d3ad1cf1ad2a659ff86f2de8c50a170a6b2452f52f28d829226ccbd4f558f87f5f2aec8dc6320664ab98cde5f9be96e615964e1b889eebb9792795507b0,ab,right,common_voice_en_18338329.mp3,He was fond of quoting a fragment from a certain poem.,common_voice_en_18338328.mp3,1.72,meaning,405,common_voice_en_18338332.mp3,1.583,longer,387,common_voice_en_18338332.mp3,1.583,longer,387,common_voice_en_18338328.mp3,meaning,ok,epoch=1-step=24679-v1.ckpt,cpu,longer,hit,0.811616837978363,0.0002997904375661,longer,1,longer,1,1,hit,0.021935164828004824,0.02235527182342699,-0.16478105497999018,0.16478105497999018,0.0,0.01507537688442211,0.028840470271613444,0.0,1.0,1,0,0
pair_015_ba_left,pair_015,25f51d3ad1cf1ad2a659ff86f2de8c50a170a6b2452f52f28d829226ccbd4f558f87f5f2aec8dc6320664ab98cde5f9be96e615964e1b889eebb9792795507b0,ba,left,common_voice_en_18338329.mp3,He was fond of quoting a fragment from a certain poem.,common_voice_en_18338332.mp3,1.583,longer,387,common_voice_en_18338328.mp3,1.72,meaning,405,common_voice_en_18338332.mp3,1.583,longer,387,common_voice_en_18338328.mp3,meaning,ok,epoch=1-step=24679-v1.ckpt,cpu,longer,hit,0.8233427405357361,2.296803540957626e-05,longer,1,longer,1,1,hit,0.021935164828004824,0.02235527182342699,-0.16478105497999018,0.16478105497999018,0.0,0.01507537688442211,0.028840470271613444,0.0,1.0,1,0,0
pair_015_ba_right,pair_015,25f51d3ad1cf1ad2a659ff86f2de8c50a170a6b2452f52f28d829226ccbd4f558f87f5f2aec8dc6320664ab98cde5f9be96e615964e1b889eebb9792795507b0,ba,right,common_voice_en_18338329.mp3,He was fond of quoting a fragment from a certain poem.,common_voice_en_18338332.mp3,1.583,longer,387,common_voice_en_18338328.mp3,1.72,meaning,405,common_voice_en_18338328.mp3,1.72,meaning,405,common_voice_en_18338332.mp3,longer,ok,epoch=1-step=24679-v1.ckpt,cpu,meaning,hit,0.8699362277984619,2.2820303868797964e-08,reading,0,meaning,1,1,hit,0.02235527182342699,0.021935164828004824,0.16478105497998996,0.16478105497998996,0.01507537688442211,0.0,0.028840470271613444,0.0,1.0,1,0,0
pair_016_ab_left,pair_016,269ce5fab1bf0a9f1141bb9fdaf5ee1eb35a6d23a2084d9df301969435b3ba9a525db49c0fb31d1f9a72d235f0db8928af3fda4bad43f24a0c7d7b2613e5e305,ab,left,common_voice_en_22749661.mp3,She became the second woman from her country to win the title.,common_voice_en_22749701.mp3,2.119,civil,123,common_voice_en_22749702.mp3,1.666,continue,151,common_voice_en_22749701.mp3,2.119,civil,123,common_voice_en_22749702.mp3,continue,ok,epoch=1-step=24679-v1.ckpt,cpu,civil,hit,0.3980071246623993,0.0001467267720727,civil,1,civil,1,1,hit,0.02024393100163032,0.02206238700525251,-0.747153000841717,0.747153000841717,0.0,0.27638190954773867,0.02773220092425191,0.0,1.0,1,0,1
pair_016_ab_right,pair_016,269ce5fab1bf0a9f1141bb9fdaf5ee1eb35a6d23a2084d9df301969435b3ba9a525db49c0fb31d1f9a72d235f0db8928af3fda4bad43f24a0c7d7b2613e5e305,ab,right,common_voice_en_22749661.mp3,She became the second woman from her country to win the title.,common_voice_en_22749701.mp3,2.119,civil,123,common_voice_en_22749702.mp3,1.666,continue,151,common_voice_en_22749702.mp3,1.666,continue,151,common_voice_en_22749701.mp3,civil,ok,epoch=1-step=24679-v1.ckpt,cpu,continued,other,0.3094488084316253,2.429293090244755e-06,majority,0,continued,0,0,baseline_and_dichotic_error,0.02206238700525251,0.02024393100163032,0.747153000841717,0.747153000841717,0.27638190954773867,0.0,0.02773220092425191,0.0,0.9411764705882353,1,1,1
pair_016_ba_left,pair_016,269ce5fab1bf0a9f1141bb9fdaf5ee1eb35a6d23a2084d9df301969435b3ba9a525db49c0fb31d1f9a72d235f0db8928af3fda4bad43f24a0c7d7b2613e5e305,ba,left,common_voice_en_22749661.mp3,She became the second woman from her country to win the title.,common_voice_en_22749702.mp3,1.666,continue,151,common_voice_en_22749701.mp3,2.119,civil,123,common_voice_en_22749702.mp3,1.666,continue,151,common_voice_en_22749701.mp3,civil,ok,epoch=1-step=24679-v1.ckpt,cpu,continue,hit,0.4663386642932892,1.4653969060418606e-07,majority,0,continued,0,1,hit,0.02206238700525251,0.02024393100163032,0.747153000841717,0.747153000841717,0.27638190954773867,0.0,0.02773220092425191,0.0,1.0,1,0,1
pair_016_ba_right,pair_016,269ce5fab1bf0a9f1141bb9fdaf5ee1eb35a6d23a2084d9df301969435b3ba9a525db49c0fb31d1f9a72d235f0db8928af3fda4bad43f24a0c7d7b2613e5e305,ba,right,common_voice_en_22749661.mp3,She became the second woman from her country to win the title.,common_voice_en_22749702.mp3,1.666,continue,151,common_voice_en_22749701.mp3,2.119,civil,123,common_voice_en_22749701.mp3,2.119,civil,123,common_voice_en_22749702.mp3,continue,ok,epoch=1-step=24679-v1.ckpt,cpu,civil,hit,0.4443724155426025,0.0002988541964441,civil,1,civil,1,1,hit,0.02024393100163032,0.02206238700525251,-0.747153000841717,0.747153000841717,0.0,0.27638190954773867,0.02773220092425191,0.0,1.0,1,0,1
pair_017_ab_left,pair_017,27df1223bbfbd89b36d61b8fed39e40a1460c3e2e5fa763ba7d3c1b0d305b2919d2c3bbed70fabe90ab8bd15848f507b2331e5f108dd1b1b8c06dfbe287282c5,ab,left,common_voice_en_27633357.mp3,Its head office is in the Bank of China Tower in Central.,common_voice_en_27633354.mp3,2.302,called,90,common_voice_en_27633356.mp3,2.933,forms,265,common_voice_en_27633354.mp3,2.302,called,90,common_voice_en_27633356.mp3,forms,ok,epoch=1-step=24679-v1.ckpt,cpu,support,other,0.0007031465065665,3.708209760588943e-06,support,0,support,0,0,baseline_and_dichotic_error,0.020025613702079274,0.019904153488501074,0.05284244505706164,0.05284244505706164,0.08542713567839195,0.020100502512562814,0.02673781267713806,0.05527638190954774,0.0,0,1,3
pair_017_ab_right,pair_017,27df1223bbfbd89b36d61b8fed39e40a1460c3e2e5fa763ba7d3c1b0d305b2919d2c3bbed70fabe90ab8bd15848f507b2331e5f108dd1b1b8c06dfbe287282c5,ab,right,common_voice_en_27633357.mp3,Its head office is in the Bank of China Tower in Central.,common_voice_en_27633354.mp3,2.302,called,90,common_voice_en_27633356.mp3,2.933,forms,265,common_voice_en_27633356.mp3,2.933,forms,265,common_voice_en_27633354.mp3,called,ok,epoch=1-step=24679-v1.ckpt,cpu,while,other,0.0258379410952329,0.0005492499913088,world,0,forms,1,0,dichotic_specific_error,0.019904153488501074,0.020025613702079274,-0.05284244505706215,0.05284244505706215,0.020100502512562814,0.08542713567839195,0.02673781267713806,0.05527638190954774,0.0,0,0,3
pair_017_ba_left,pair_017,27df1223bbfbd89b36d61b8fed39e40a1460c3e2e5fa763ba7d3c1b0d305b2919d2c3bbed70fabe90ab8bd15848f507b2331e5f108dd1b1b8c06dfbe287282c5,ba,left,common_voice_en_27633357.mp3,Its head office is in the Bank of China Tower in Central.,common_voice_en_27633356.mp3,2.933,forms,265,common_voice_en_27633354.mp3,2.302,called,90,common_voice_en_27633356.mp3,2.933,forms,265,common_voice_en_27633354.mp3,called,ok,epoch=1-step=24679-v1.ckpt,cpu,forms,hit,0.2505364418029785,0.0007362639298662,whole,0,forms,1,1,hit,0.019904153488501074,0.020025613702079274,-0.05284244505706215,0.05284244505706215,0.020100502512562814,0.08542713567839195,0.02673781267713806,0.05527638190954774,1.0,1,0,3
pair_017_ba_right,pair_017,27df1223bbfbd89b36d61b8fed39e40a1460c3e2e5fa763ba7d3c1b0d305b2919d2c3bbed70fabe90ab8bd15848f507b2331e5f108dd1b1b8c06dfbe287282c5,ba,right,common_voice_en_27633357.mp3,Its head office is in the Bank of China Tower in Central.,common_voice_en_27633356.mp3,2.933,forms,265,common_voice_en_27633354.mp3,2.302,called,90,common_voice_en_27633354.mp3,2.302,called,90,common_voice_en_27633356.mp3,forms,ok,epoch=1-step=24679-v1.ckpt,cpu,support,other,0.0016631975304335,1.7726826627040282e-05,brought,0,support,0,0,baseline_and_dichotic_error,0.020025613702079274,0.019904153488501074,0.05284244505706164,0.05284244505706164,0.08542713567839195,0.020100502512562814,0.02673781267713806,0.05527638190954774,0.0,0,1,3
pair_018_ab_left,pair_018,292554dc2992a6cfa71015bc5446130ac34a3f9f7f846aa81977cff97cd6decbeff8ee37ff93244608f699828708f3a35e02e30dfca08527e35bfa987279aade,ab,left,common_voice_en_17857618.mp3,Did you see any ghosts?,common_voice_en_17857617.mp3,1.526,group,296,common_voice_en_17857619.mp3,1.703,level,373,common_voice_en_17857617.mp3,1.526,group,296,common_voice_en_17857619.mp3,level,ok,epoch=1-step=24679-v1.ckpt,cpu,there,other,1.9818429406795782e-28,2.7401223745522813e-19,group,1,group,1,0,dichotic_specific_error,0.01878421784366903,0.02181824226973381,-1.300532873367466,1.300532873367466,0.36180904522613067,0.020100502512562814,0.03162127881368245,0.3165829145728643,0.2,0,0,1
pair_018_ab_right,pair_018,292554dc2992a6cfa71015bc5446130ac34a3f9f7f846aa81977cff97cd6decbeff8ee37ff93244608f699828708f3a35e02e30dfca08527e35bfa987279aade,ab,right,common_voice_en_17857618.mp3,Did you see any ghosts?,common_voice_en_17857617.mp3,1.526,group,296,common_voice_en_17857619.mp3,1.703,level,373,common_voice_en_17857619.mp3,1.703,level,373,common_voice_en_17857617.mp3,group,ok,epoch=1-step=24679-v1.ckpt,cpu,level,hit,0.8816694021224976,1.3894600670028012e-07,level,1,level,1,1,hit,0.02181824226973381,0.01878421784366903,1.3005328733674648,1.3005328733674648,0.020100502512562814,0.36180904522613067,0.03162127881368245,0.3165829145728643,1.0,1,0,1
pair_018_ba_left,pair_018,292554dc2992a6cfa71015bc5446130ac34a3f9f7f846aa81977cff97cd6decbeff8ee37ff93244608f699828708f3a35e02e30dfca08527e35bfa987279aade,ba,left,common_voice_en_17857618.mp3,Did you see any ghosts?,common_voice_en_17857619.mp3,1.703,level,373,common_voice_en_17857617.mp3,1.526,group,296,common_voice_en_17857619.mp3,1.703,level,373,common_voice_en_17857617.mp3,group,ok,epoch=1-step=24679-v1.ckpt,cpu,level,hit,0.8866628408432007,1.083628558262717e-05,level,1,level,1,1,hit,0.02181824226973381,0.01878421784366903,1.3005328733674648,1.3005328733674648,0.020100502512562814,0.36180904522613067,0.03162127881368245,0.3165829145728643,1.0,1,0,1
pair_018_ba_right,pair_018,292554dc2992a6cfa71015bc5446130ac34a3f9f7f846aa81977cff97cd6decbeff8ee37ff93244608f699828708f3a35e02e30dfca08527e35bfa987279aade,ba,right,common_voice_en_17857618.mp3,Did you see any ghosts?,common_voice_en_17857619.mp3,1.703,level,373,common_voice_en_17857617.mp3,1.526,group,296,common_voice_en_17857617.mp3,1.526,group,296,common_voice_en_17857619.mp3,level,ok,epoch=1-step=24679-v1.ckpt,cpu,group,hit,0.9735021591186525,7.103248663042905e-06,group,1,group,1,1,hit,0.01878421784366903,0.02181824226973381,-1.300532873367466,1.300532873367466,0.36180904522613067,0.020100502512562814,0.03162127881368245,0.3165829145728643,1.0,1,0,1
pair_019_ab_left,pair_019,2c3ffd78f56f2fefc02b7e5cfd35004f17ff411bacf92fb6062e073bbdfedb5d1a3157c0206b1946755d1ccf4d79f6ca35df8d2746d12a05cbaaf6fba64aa63e,ab,left,common_voice_en_18670834.mp3,Robert's mother and father are also deceased.,common_voice_en_18676741.mp3,1.968,season,600,common_voice_en_18682540.mp3,1.687,centre,106,common_voice_en_18676741.mp3,1.968,season,600,common_voice_en_18682540.mp3,centre,ok,epoch=1-step=24679-v1.ckpt,cpu,season,hit,0.8267676830291748,0.0009444940951652,season,1,season,1,1,hit,0.021205436648205046,0.021426820518456284,-0.09021024346953967,0.09021024346953967,0.11557788944723618,0.005025125628140704,0.029436939294530583,0.03015075376884422,1.0,1,0,2
pair_019_ab_right,pair_019,2c3ffd78f56f2fefc02b7e5cfd35004f17ff411bacf92fb6062e073bbdfedb5d1a3157c0206b1946755d1ccf4d79f6ca35df8d2746d12a05cbaaf6fba64aa63e,ab,right,common_voice_en_18670834.mp3,Robert's mother and father are also deceased.,common_voice_en_18676741.mp3,1.968,season,600,common_voice_en_18682540.mp3,1.687,centre,106,common_voice_en_18682540.mp3,1.687,centre,106,common_voice_en_18676741.mp3,season,ok,epoch=1-step=24679-v1.ckpt,cpu,center,other,0.3668078482151031,7.242777542160184e-07,center,0,center,0,0,baseline_and_dichotic_error,0.021426820518456284,0.021205436648205046,0.09021024346954003,0.09021024346954003,0.005025125628140704,0.11557788944723618,0.029436939294530583,0.03015075376884422,0.8333333333333334,1,1,2
pair_019_ba_left,pair_019,2c3ffd78f56f2fefc02b7e5cfd35004f17ff411bacf92fb6062e073bbdfedb5d1a3157c0206b1946755d1ccf4d79f6ca35df8d2746d12a05cbaaf6fba64aa63e,ba,left,common_voice_en_18670834.mp3,Robert's mother and father are also deceased.,common_voice_en_18682540.mp3,1.687,centre,106,common_voice_en_18676741.mp3,1.968,season,600,common_voice_en_18682540.mp3,1.687,centre,106,common_voice_en_18676741.mp3,season,ok,epoch=1-step=24679-v1.ckpt,cpu,center,other,0.3748740255832672,1.755160838001757e-06,center,0,center,0,0,baseline_and_dichotic_error,0.021426820518456284,0.021205436648205046,0.09021024346954003,0.09021024346954003,0.005025125628140704,0.11557788944723618,0.029436939294530583,0.03015075376884422,0.8333333333333334,1,1,2
pair_019_ba_right,pair_019,2c3ffd78f56f2fefc02b7e5cfd35004f17ff411bacf92fb6062e073bbdfedb5d1a3157c0206b1946755d1ccf4d79f6ca35df8d2746d12a05cbaaf6fba64aa63e,ba,right,common_voice_en_18670834.mp3,Robert's mother and father are also deceased.,common_voice_en_18682540.mp3,1.687,centre,106,common_voice_en_18676741.mp3,1.968,season,600,common_voice_en_18676741.mp3,1.968,season,600,common_voice_en_18682540.mp3,centre,ok,epoch=1-step=24679-v1.ckpt,cpu,season,hit,0.954888641834259,0.0003430156793911,season,1,season,1,1,hit,0.021205436648205046,0.021426820518456284,-0.09021024346953967,0.09021024346953967,0.11557788944723618,0.005025125628140704,0.029436939294530583,0.03015075376884422,1.0,1,0,2
pair_020_ab_left,pair_020,2c5a2d151601f85f127571ee22f6ba67d16971c7540d7b365fde9cd20a3ecc6e390efa954e0c29e908c2d3fbab08ebf3feba29652745f36be704d950b3f372a3,ab,left,common_voice_en_19613376.mp3,Her main rival Yelena Isinbayeva did not take part in these Championships.,common_voice_en_19613377.mp3,1.563,built,86,common_voice_en_19613378.mp3,2.095,shall,612,common_voice_en_19613377.mp3,1.563,built,86,common_voice_en_19613378.mp3,shall,ok,epoch=1-step=24679-v1.ckpt,cpu,built,hit,0.2703943252563476,1.1373476809239946e-06,event,0,built,1,1,hit,0.02171141934558679,0.019920765826857062,0.747643706867772,0.747643706867772,0.035175879396984924,0.02512562814070352,0.029030217816596975,0.020100502512562814,1.0,1,0,2
pair_020_ab_right,pair_020,2c5a2d151601f85f127571ee22f6ba67d16971c7540d7b365fde9cd20a3ecc6e390efa954e0c29e908c2d3fbab08ebf3feba29652745f36be704d950b3f372a3,ab,right,common_voice_en_19613376.mp3,Her main rival Yelena Isinbayeva did not take part in these Championships.,common_voice_en_19613377.mp3,1.563,built,86,common_voice_en_19613378.mp3,2.095,shall,612,common_voice_en_19613378.mp3,2.095,shall,612,common_voice_en_19613377.mp3,built,ok,epoch=1-step=24679-v1.ckpt,cpu,should,other,0.3441246449947357,1.5501773305004463e-05,shall,1,shall,1,0,dichotic_specific_error,0.019920765826857062,0.02171141934558679,-0.7476437068677712,0.7476437068677712,0.02512562814070352,0.035175879396984924,0.029030217816596975,0.020100502512562814,0.5454545454545454,0,0,2
pair_020_ba_left,pair_020,2c5a2d151601f85f127571ee22f6ba67d16971c7540d7b365fde9cd20a3ecc6e390efa954e0c29e908c2d3fbab08ebf3feba29652745f36be704d950b3f372a3,ba,left,common_voice_en_19613376.mp3,Her main rival Yelena Isinbayeva did not take part in these Championships.,common_voice_en_19613378.mp3,2.095,shall,612,common_voice_en_19613377.mp3,1.563,built,86,common_voice_en_19613378.mp3,2.095,shall,612,common_voice_en_19613377.mp3,built,ok,epoch=1-step=24679-v1.ckpt,cpu,should,other,0.1928221434354782,5.4549240303458646e-05,shall,1,shall,1,0,dichotic_specific_error,0.019920765826857062,0.02171141934558679,-0.7476437068677712,0.7476437068677712,0.02512562814070352,0.035175879396984924,0.029030217816596975,0.020100502512562814,0.5454545454545454,0,0,2
pair_020_ba_right,pair_020,2c5a2d151601f85f127571ee22f6ba67d16971c7540d7b365fde9cd20a3ecc6e390efa954e0c29e908c2d3fbab08ebf3feba29652745f36be704d950b3f372a3,ba,right,common_voice_en_19613376.mp3,Her main rival Yelena Isinbayeva did not take part in these Championships.,common_voice_en_19613378.mp3,2.095,shall,612,common_voice_en_19613377.mp3,1.563,built,86,common_voice_en_19613377.mp3,1.563,built,86,common_voice_en_19613378.mp3,shall,ok,epoch=1-step=24679-v1.ckpt,cpu,built,hit,0.7092929482460022,1.3673032981387223e-06,built,1,built,1,1,hit,0.02171141934558679,0.019920765826857062,0.747643706867772,0.747643706867772,0.035175879396984924,0.02512562814070352,0.029030217816596975,0.020100502512562814,1.0,1,0,2
pair_021_ab_left,pair_021,2cabcb2c2e02e505f4c252aea1dda5bce10e9e995ec97f6bf2191ae07e171124bc12b9994309ff0fae3c8cc0823f96c715ede068c5e0b9ab0816ffe3fffbaa79,ab,left,common_voice_en_19345358.mp3,The Tuesday market is held by the blue bridge over the River Iro.,common_voice_en_19345592.mp3,1.635,floor,255,common_voice_en_19347758.mp3,2.597,known,357,common_voice_en_19345592.mp3,1.635,floor,255,common_voice_en_19347758.mp3,known,ok,epoch=1-step=24679-v1.ckpt,cpu,floor,hit,0.6808732151985168,1.3465534038914484e-06,force,0,floor,1,1,hit,0.021702849552068,0.020452759224236686,0.5152970814543832,0.5152970814543832,0.06532663316582915,0.0,0.029668370002507386,0.21608040201005024,1.0,1,0,0
pair_021_ab_right,pair_021,2cabcb2c2e02e505f4c252aea1dda5bce10e9e995ec97f6bf2191ae07e171124bc12b9994309ff0fae3c8cc0823f96c715ede068c5e0b9ab0816ffe3fffbaa79,ab,right,common_voice_en_19345358.mp3,The Tuesday market is held by the blue bridge over the River Iro.,common_voice_en_19345592.mp3,1.635,floor,255,common_voice_en_19347758.mp3,2.597,known,357,common_voice_en_19347758.mp3,2.597,known,357,common_voice_en_19345592.mp3,floor,ok,epoch=1-step=24679-v1.ckpt,cpu,known,hit,0.7770124077796936,4.5248462754443615e-08,known,1,known,1,1,hit,0.020452759224236686,0.021702849552068,-0.5152970814543836,0.5152970814543836,0.0,0.06532663316582915,0.029668370002507386,0.21608040201005024,1.0,1,0,0
pair_021_ba_left,pair_021,2cabcb2c2e02e505f4c252aea1dda5bce10e9e995ec97f6bf2191ae07e171124bc12b9994309ff0fae3c8cc0823f96c715ede068c5e0b9ab0816ffe3fffbaa79,ba,left,common_voice_en_19345358.mp3,The Tuesday market is held by the blue bridge over the River Iro.,common_voice_en_19347758.mp3,2.597,known,357,common_voice_en_19345592.mp3,1.635,floor,255,common_voice_en_19347758.mp3,2.597,known,357,common_voice_en_19345592.mp3,floor,ok,epoch=1-step=24679-v1.ckpt,cpu,known,hit,0.951228678226471,2.3779927360578768e-08,known,1,known,1,1,hit,0.020452759224236686,0.021702849552068,-0.5152970814543836,0.5152970814543836,0.0,0.06532663316582915,0.029668370002507386,0.21608040201005024,1.0,1,0,0
pair_021_ba_right,pair_021,2cabcb2c2e02e505f4c252aea1dda5bce10e9e995ec97f6bf2191ae07e171124bc12b9994309ff0fae3c8cc0823f96c715ede068c5e0b9ab0816ffe3fffbaa79,ba,right,common_voice_en_19345358.mp3,The Tuesday market is held by the blue bridge over the River Iro.,common_voice_en_19347758.mp3,2.597,known,357,common_voice_en_19345592.mp3,1.635,floor,255,common_voice_en_19345592.mp3,1.635,floor,255,common_voice_en_19347758.mp3,known,ok,epoch=1-step=24679-v1.ckpt,cpu,floor,hit,0.6712987422943115,6.757373739674222e-06,floor,1,floor,1,1,hit,0.021702849552068,0.020452759224236686,0.5152970814543832,0.5152970814543832,0.06532663316582915,0.0,0.029668370002507386,0.21608040201005024,1.0,1,0,0
pair_022_ab_left,pair_022,2f226f586bbd43470e212e5f9de4d46e72f3d7f03a6ed99e93e8e53d7cc6eb28a3410bfe34e381b6001e1c84d2bc1d2dc7d8667b36d119ee15b03ea8a0b42e7a,ab,left,common_voice_en_18404081.mp3,"Take a sponge, some washing up liquid and a towel, then get to work!",common_voice_en_18404082.mp3,1.647,nothing,459,common_voice_en_18404083.mp3,1.986,british,79,common_voice_en_18404082.mp3,1.647,nothing,459,common_voice_en_18404083.mp3,british,ok,epoch=1-step=24679-v1.ckpt,cpu,nothing,hit,0.9883677363395692,4.738656134151141e-10,nothing,1,nothing,1,1,hit,0.020709176694852362,0.02213646284787953,-0.5789078642508704,0.5789078642508704,0.08542713567839195,0.07035175879396985,0.025455467282401632,0.12562814070351758,1.0,1,0,0
pair_022_ab_right,pair_022,2f226f586bbd43470e212e5f9de4d46e72f3d7f03a6ed99e93e8e53d7cc6eb28a3410bfe34e381b6001e1c84d2bc1d2dc7d8667b36d119ee15b03ea8a0b42e7a,ab,right,common_voice_en_18404081.mp3,"Take a sponge, some washing up liquid and a towel, then get to work!",common_voice_en_18404082.mp3,1.647,nothing,459,common_voice_en_18404083.mp3,1.986,british,79,common_voice_en_18404083.mp3,1.986,british,79,common_voice_en_18404082.mp3,nothing,ok,epoch=1-step=24679-v1.ckpt,cpu,british,hit,0.999476969242096,8.814211296601093e-13,british,1,british,1,1,hit,0.02213646284787953,0.020709176694852362,0.57890786425087,0.57890786425087,0.07035175879396985,0.08542713567839195,0.025455467282401632,0.12562814070351758,1.0,1,0,0
pair_022_ba_left,pair_022,2f226f586bbd43470e212e5f9de4d46e72f3d7f03a6ed99e93e8e53d7cc6eb28a3410bfe34e381b6001e1c84d2bc1d2dc7d8667b36d119ee15b03ea8a0b42e7a,ba,left,common_voice_en_18404081.mp3,"Take a sponge, some washing up liquid and a towel, then get to work!",common_voice_en_18404083.mp3,1.986,british,79,common_voice_en_18404082.mp3,1.647,nothing,459,common_voice_en_18404083.mp3,1.986,british,79,common_voice_en_18404082.mp3,nothing,ok,epoch=1-step=24679-v1.ckpt,cpu,british,hit,0.9994462132453918,9.344149667347633e-14,british,1,british,1,1,hit,0.02213646284787953,0.020709176694852362,0.57890786425087,0.57890786425087,0.07035175879396985,0.08542713567839195,0.025455467282401632,0.12562814070351758,1.0,1,0,0
pair_022_ba_right,pair_022,2f226f586bbd43470e212e5f9de4d46e72f3d7f03a6ed99e93e8e53d7cc6eb28a3410bfe34e381b6001e1c84d2bc1d2dc7d8667b36d119ee15b03ea8a0b42e7a,ba,right,common_voice_en_18404081.mp3,"Take a sponge, some washing up liquid and a towel, then get to work!",common_voice_en_18404083.mp3,1.986,british,79,common_voice_en_18404082.mp3,1.647,nothing,459,common_voice_en_18404082.mp3,1.647,nothing,459,common_voice_en_18404083.mp3,british,ok,epoch=1-step=24679-v1.ckpt,cpu,nothing,hit,0.9896877408027648,5.307675479682139e-11,nothing,1,nothing,1,1,hit,0.020709176694852362,0.02213646284787953,-0.5789078642508704,0.5789078642508704,0.08542713567839195,0.07035175879396985,0.025455467282401632,0.12562814070351758,1.0,1,0,0
pair_023_ab_left,pair_023,2f986d70190ac87022911453b4d96e423e18e7eb11b6f8198ae825bd4e78cce4857e5416004e7a504b50aca2248a06c2cb86df5318abbdf2a4de37997ad9f6a4,ab,left,common_voice_en_18033937.mp3,"I can reassure you, that we won't retreat until the peace is secured.",common_voice_en_18066725.mp3,1.772,young,798,common_voice_en_18066736.mp3,1.974,outside,481,common_voice_en_18066725.mp3,1.772,young,798,common_voice_en_18066736.mp3,outside,ok,epoch=1-step=24679-v1.ckpt,cpu,young,hit,0.9395877122879028,8.868454642652068e-06,young,1,young,1,1,hit,0.018539748899307488,0.01895968176050016,-0.19454391198042406,0.19454391198042406,0.12562814070351758,0.06030150753768844,0.029250549871052918,0.03015075376884422,1.0,1,0,0
pair_023_ab_right,pair_023,2f986d70190ac87022911453b4d96e423e18e7eb11b6f8198ae825bd4e78cce4857e5416004e7a504b50aca2248a06c2cb86df5318abbdf2a4de37997ad9f6a4,ab,right,common_voice_en_18033937.mp3,"I can reassure you, that we won't retreat until the peace is secured.",common_voice_en_18066725.mp3,1.772,young,798,common_voice_en_18066736.mp3,1.974,outside,481,common_voice_en_18066736.mp3,1.974,outside,481,common_voice_en_18066725.mp3,young,ok,epoch=1-step=24679-v1.ckpt,cpu,outside,hit,0.8982275128364563,0.0003987899981439,outside,1,outside,1,1,hit,0.01895968176050016,0.018539748899307488,0.19454391198042398,0.19454391198042398,0.06030150753768844,0.12562814070351758,0.029250549871052918,0.03015075376884422,1.0,1,0,0
pair_023_ba_left,pair_023,2f986d70190ac87022911453b4d96e423e18e7eb11b6f8198ae825bd4e78cce4857e5416004e7a504b50aca2248a06c2cb86df5318abbdf2a4de37997ad9f6a4,ba,left,common_voice_en_18033937.mp3,"I can reassure you, that we won't retreat until the peace is secured.",common_voice_en_18066736.mp3,1.974,outside,481,common_voice_en_18066725.mp3,1.772,young,798,common_voice_en_18066736.mp3,1.974,outside,481,common_voice_en_18066725.mp3,young,ok,epoch=1-step=24679-v1.ckpt,cpu,outside,hit,0.945253849029541,0.000197192755877,outside,1,outside,1,1,hit,0.01895968176050016,0.018539748899307488,0.19454391198042398,0.19454391198042398,0.06030150753768844,0.12562814070351758,0.029250549871052918,0.03015075376884422,1.0,1,0,0
pair_023_ba_right,pair_023,2f986d70190ac87022911453b4d96e423e18e7eb11b6f8198ae825bd4e78cce4857e5416004e7a504b50aca2248a06c2cb86df5318abbdf2a4de37997ad9f6a4,ba,right,common_voice_en_18033937.mp3,"I can reassure you, that we won't retreat until the peace is secured.",common_voice_en_18066736.mp3,1.974,outside,481,common_voice_en_18066725.mp3,1.772,young,798,common_voice_en_18066725.mp3,1.772,young,798,common_voice_en_18066736.mp3,outside,ok,epoch=1-step=24679-v1.ckpt,cpu,young,hit,0.9850255846977234,1.456307700209436e-06,young,1,young,1,1,hit,0.018539748899307488,0.01895968176050016,-0.19454391198042406,0.19454391198042406,0.12562814070351758,0.06030150753768844,0.029250549871052918,0.03015075376884422,1.0,1,0,0
pair_024_ab_left,pair_024,32ef689910d78bd1b2dee1aa616774156ba49f7e9244240305fd87fff3b55b7469f6592a850b1ce1c091f2043d857ef469bb17631168966eafb4af7d91e4710d,ab,left,common_voice_en_562997.mp3,Do you mind if I sit down?,common_voice_en_563002.mp3,2.575,around,42,common_voice_en_563005.mp3,3.899,possible,520,common_voice_en_563002.mp3,2.575,around,42,common_voice_en_563005.mp3,possible,ok,epoch=1-step=24679-v1.ckpt,cpu,earlier,other,0.0665759444236755,4.992671733816678e-07,around,1,around,1,0,dichotic_specific_error,0.018367026410531968,0.018906514909437785,-0.25145262062737417,0.25145262062737417,0.03015075376884422,0.04522613065326633,0.026438671948208183,0.5326633165829145,0.3076923076923077,0,0,1
pair_024_ab_right,pair_024,32ef689910d78bd1b2dee1aa616774156ba49f7e9244240305fd87fff3b55b7469f6592a850b1ce1c091f2043d857ef469bb17631168966eafb4af7d91e4710d,ab,right,common_voice_en_562997.mp3,Do you mind if I sit down?,common_voice_en_563002.mp3,2.575,around,42,common_voice_en_563005.mp3,3.899,possible,520,common_voice_en_563005.mp3,3.899,possible,520,common_voice_en_563002.mp3,around,ok,epoch=1-step=24679-v1.ckpt,cpu,possible,hit,0.9997974038124084,1.2965015727672837e-08,possible,1,possible,1,1,hit,0.018906514909437785,0.018367026410531968,0.251452620627374,0.251452620627374,0.04522613065326633,0.03015075376884422,0.026438671948208183,0.5326633165829145,1.0,1,0,1
pair_024_ba_left,pair_024,32ef689910d78bd1b2dee1aa616774156ba49f7e9244240305fd87fff3b55b7469f6592a850b1ce1c091f2043d857ef469bb17631168966eafb4af7d91e4710d,ba,left,common_voice_en_562997.mp3,Do you mind if I sit down?,common_voice_en_563005.mp3,3.899,possible,520,common_voice_en_563002.mp3,2.575,around,42,common_voice_en_563005.mp3,3.899,possible,520,common_voice_en_563002.mp3,around,ok,epoch=1-step=24679-v1.ckpt,cpu,possible,hit,0.9999680519104004,1.2380721448046472e-10,possible,1,possible,1,1,hit,0.018906514909437785,0.018367026410531968,0.251452620627374,0.251452620627374,0.04522613065326633,0.03015075376884422,0.026438671948208183,0.5326633165829145,1.0,1,0,1
pair_024_ba_right,pair_024,32ef689910d78bd1b2dee1aa616774156ba49f7e9244240305fd87fff3b55b7469f6592a850b1ce1c091f2043d857ef469bb17631168966eafb4af7d91e4710d,ba,right,common_voice_en_562997.mp3,Do you mind if I sit down?,common_voice_en_563005.mp3,3.899,possible,520,common_voice_en_563002.mp3,2.575,around,42,common_voice_en_563002.mp3,2.575,around,42,common_voice_en_563005.mp3,possible,ok,epoch=1-step=24679-v1.ckpt,cpu,around,hit,0.47987762093544,8.765712664171588e-06,around,1,around,1,1,hit,0.018367026410531968,0.018906514909437785,-0.25145262062737417,0.25145262062737417,0.03015075376884422,0.04522613065326633,0.026438671948208183,0.5326633165829145,1.0,1,0,1
pair_025_ab_left,pair_025,335f9068818b6e54fa054d11d0b9e705918e8e046fad34f15d9314c9348d93017c4449c3a1987ec0992aae753696accb2cf0f7e11a7e8c64667c01fa2275d955,ab,left,common_voice_en_20157927.mp3,She is the wife of chess grandmaster Boris Gulko.,common_voice_en_20157926.mp3,3.164,eight,209,common_voice_en_20157929.mp3,2.106,school,596,common_voice_en_20157926.mp3,3.164,eight,209,common_voice_en_20157929.mp3,school,ok,epoch=1-step=24679-v1.ckpt,cpu,eight,hit,0.7199084758758545,1.0543059943302067e-05,eight,1,eight,1,1,hit,0.01911524883552744,0.018982341109354928,0.06060365112596133,0.06060365112596133,0.005025125628140704,0.0,0.02956185271767519,0.0,1.0,1,0,2
pair_025_ab_right,pair_025,335f9068818b6e54fa054d11d0b9e705918e8e046fad34f15d9314c9348d93017c4449c3a1987ec0992aae753696accb2cf0f7e11a7e8c64667c01fa2275d955,ab,right,common_voice_en_20157927.mp3,She is the wife of chess grandmaster Boris Gulko.,common_voice_en_20157926.mp3,3.164,eight,209,common_voice_en_20157929.mp3,2.106,school,596,common_voice_en_20157929.mp3,2.106,school,596,common_voice_en_20157926.mp3,eight,ok,epoch=1-step=24679-v1.ckpt,cpu,sports,other,0.0261943433433771,1.0996007437924502e-09,schools,0,schools,0,0,baseline_and_dichotic_error,0.018982341109354928,0.01911524883552744,-0.06060365112596103,0.06060365112596103,0.0,0.005025125628140704,0.02956185271767519,0.0,0.3333333333333333,0,0,2
pair_025_ba_left,pair_025,335f9068818b6e54fa054d11d0b9e705918e8e046fad34f15d9314c9348d93017c4449c3a1987ec0992aae753696accb2cf0f7e11a7e8c64667c01fa2275d955,ba,left,common_voice_en_20157927.mp3,She is the wife of chess grandmaster Boris Gulko.,common_voice_en_20157929.mp3,2.106,school,596,common_voice_en_20157926.mp3,3.164,eight,209,common_voice_en_20157929.mp3,2.106,school,596,common_voice_en_20157926.mp3,eight,ok,epoch=1-step=24679-v1.ckpt,cpu,sports,other,0.0397466868162155,1.840409269426857e-09,schools,0,schools,0,0,baseline_and_dichotic_error,0.018982341109354928,0.01911524883552744,-0.06060365112596103,0.06060365112596103,0.0,0.005025125628140704,0.02956185271767519,0.0,0.3333333333333333,0,0,2
pair_025_ba_right,pair_025,335f9068818b6e54fa054d11d0b9e705918e8e046fad34f15d9314c9348d93017c4449c3a1987ec0992aae753696accb2cf0f7e11a7e8c64667c01fa2275d955,ba,right,common_voice_en_20157927.mp3,She is the wife of chess grandmaster Boris Gulko.,common_voice_en_20157929.mp3,2.106,school,596,common_voice_en_20157926.mp3,3.164,eight,209,common_voice_en_20157926.mp3,3.164,eight,209,common_voice_en_20157929.mp3,school,ok,epoch=1-step=24679-v1.ckpt,cpu,eight,hit,0.9138473868370056,9.614005875846487e-07,eight,1,eight,1,1,hit,0.01911524883552744,0.018982341109354928,0.06060365112596133,0.06060365112596133,0.005025125628140704,0.0,0.02956185271767519,0.0,1.0,1,0,2
pair_026_ab_left,pair_026,33e5c6432296cef2df70504042b0fa882dc07a4c984c3eed5d0c60504316f02edc1562a886dbfe1127e5dd7759192ec1db551e7ba6e2602a38f44b7c67846368,ab,left,common_voice_en_22200722.mp3,no,common_voice_en_22200726.mp3,1.554,three,713,common_voice_en_22200727.mp3,1.659,seven,610,common_voice_en_22200726.mp3,1.554,three,713,common_voice_en_22200727.mp3,seven,ok,epoch=1-step=24679-v1.ckpt,cpu,three,hit,0.9972193241119384,0.0001649990736041,majority,0,three,1,1,hit,0.02236020776322301,0.022358518660012216,0.0006561619820919283,0.0006561619820919283,0.6080402010050251,0.5577889447236181,0.03162122962230045,0.592964824120603,1.0,1,0,0
pair_026_ab_right,pair_026,33e5c6432296cef2df70504042b0fa882dc07a4c984c3eed5d0c60504316f02edc1562a886dbfe1127e5dd7759192ec1db551e7ba6e2602a38f44b7c67846368,ab,right,common_voice_en_22200722.mp3,no,common_voice_en_22200726.mp3,1.554,three,713,common_voice_en_22200727.mp3,1.659,seven,610,common_voice_en_22200727.mp3,1.659,seven,610,common_voice_en_22200726.mp3,three,ok,epoch=1-step=24679-v1.ckpt,cpu,seven,hit,0.9999998807907104,2.3471222188042873e-10,seven,1,seven,1,1,hit,0.022358518660012216,0.02236020776322301,-0.000656161982090634,0.000656161982090634,0.5577889447236181,0.6080402010050251,0.03162122962230045,0.592964824120603,1.0,1,0,0
pair_026_ba_left,pair_026,33e5c6432296cef2df70504042b0fa882dc07a4c984c3eed5d0c60504316f02edc1562a886dbfe1127e5dd7759192ec1db551e7ba6e2602a38f44b7c67846368,ba,left,common_voice_en_22200722.mp3,no,common_voice_en_22200727.mp3,1.659,seven,610,common_voice_en_22200726.mp3,1.554,three,713,common_voice_en_22200727.mp3,1.659,seven,610,common_voice_en_22200726.mp3,three,ok,epoch=1-step=24679-v1.ckpt,cpu,seven,hit,0.9999998807907104,1.8684678804170576e-10,seven,1,seven,1,1,hit,0.022358518660012216,0.02236020776322301,-0.000656161982090634,0.000656161982090634,0.5577889447236181,0.6080402010050251,0.03162122962230045,0.592964824120603,1.0,1,0,0
pair_026_ba_right,pair_026,33e5c6432296cef2df70504042b0fa882dc07a4c984c3eed5d0c60504316f02edc1562a886dbfe1127e5dd7759192ec1db551e7ba6e2602a38f44b7c67846368,ba,right,common_voice_en_22200722.mp3,no,common_voice_en_22200727.mp3,1.659,seven,610,common_voice_en_22200726.mp3,1.554,three,713,common_voice_en_22200726.mp3,1.554,three,713,common_voice_en_22200727.mp3,seven,ok,epoch=1-step=24679-v1.ckpt,cpu,three,hit,0.9868096113204956,0.0018002614378929,they're,0,three,1,1,hit,0.02236020776322301,0.022358518660012216,0.0006561619820919283,0.0006561619820919283,0.6080402010050251,0.5577889447236181,0.03162122962230045,0.592964824120603,1.0,1,0,0
pair_027_ab_left,pair_027,34f2f98b0235d44b2b93ca5c9daf7c23889d876ee0ffc50951d0180d269e85ce1de9b276d4c2394a45522a8d5384768122dbdc2a1791e0fc25d9e06eabb1ca54,ab,left,common_voice_en_18708627.mp3,In contemporary times only villages in South Malaita have continued to hunt.,common_voice_en_18708628.mp3,5.032,paris,485,common_voice_en_18708650.mp3,2.794,owned,482,common_voice_en_18708628.mp3,5.032,paris,485,common_voice_en_18708650.mp3,owned,ok,epoch=1-step=24679-v1.ckpt,cpu,paris,hit,0.5858591794967651,1.9549382557215722e-07,paris,1,paris,1,1,hit,0.019961911909099732,0.019407207889547765,0.24478153400156755,0.24478153400156755,0.0,0.010050251256281407,0.02943530523702615,0.0,1.0,1,0,0
pair_027_ab_right,pair_027,34f2f98b0235d44b2b93ca5c9daf7c23889d876ee0ffc50951d0180d269e85ce1de9b276d4c2394a45522a8d5384768122dbdc2a1791e0fc25d9e06eabb1ca54,ab,right,common_voice_en_18708627.mp3,In contemporary times only villages in South Malaita have continued to hunt.,common_voice_en_18708628.mp3,5.032,paris,485,common_voice_en_18708650.mp3,2.794,owned,482,common_voice_en_18708650.mp3,2.794,owned,482,common_voice_en_18708628.mp3,paris,ok,epoch=1-step=24679-v1.ckpt,cpu,owned,hit,0.3915450572967529,3.295553369753179e-06,early,0,owned,1,1,hit,0.019407207889547765,0.019961911909099732,-0.24478153400156663,0.24478153400156663,0.010050251256281407,0.0,0.02943530523702615,0.0,1.0,1,0,0
pair_027_ba_left,pair_027,34f2f98b0235d44b2b93ca5c9daf7c23889d876ee0ffc50951d0180d269e85ce1de9b276d4c2394a45522a8d5384768122dbdc2a1791e0fc25d9e06eabb1ca54,ba,left,common_voice_en_18708627.mp3,In contemporary times only villages in South Malaita have continued to hunt.,common_voice_en_18708650.mp3,2.794,owned,482,common_voice_en_18708628.mp3,5.032,paris,485,common_voice_en_18708650.mp3,2.794,owned,482,common_voice_en_18708628.mp3,paris,ok,epoch=1-step=24679-v1.ckpt,cpu,owned,hit,0.4717196226119995,4.804299351235386e-06,railway,0,owned,1,1,hit,0.019407207889547765,0.019961911909099732,-0.24478153400156663,0.24478153400156663,0.010050251256281407,0.0,0.02943530523702615,0.0,1.0,1,0,0
pair_027_ba_right,pair_027,34f2f98b0235d44b2b93ca5c9daf7c23889d876ee0ffc50951d0180d269e85ce1de9b276d4c2394a45522a8d5384768122dbdc2a1791e0fc25d9e06eabb1ca54,ba,right,common_voice_en_18708627.mp3,In contemporary times only villages in South Malaita have continued to hunt.,common_voice_en_18708650.mp3,2.794,owned,482,common_voice_en_18708628.mp3,5.032,paris,485,common_voice_en_18708628.mp3,5.032,paris,485,common_voice_en_18708650.mp3,owned,ok,epoch=1-step=24679-v1.ckpt,cpu,paris,hit,0.6789806485176086,1.0623122825847986e-08,paris,1,paris,1,1,hit,0.019961911909099732,0.019407207889547765,0.24478153400156755,0.24478153400156755,0.0,0.010050251256281407,0.02943530523702615,0.0,1.0,1,0,0
pair_028_ab_left,pair_028,35ea573b414801d7b08edb6f2972b1e0911babb168583dc836ab963c75a8a288b5e3f4a968c5176cba7de76683196fd25df94b56e6e31ede8ddfb8c9a1a7ff2a,ab,left,common_voice_en_10799677.mp3,The daffodils were like a carpet in the back garden.,common_voice_en_10799701.mp3,2.043,other,479,common_voice_en_579751.mp3,1.854,turned,735,common_voice_en_10799701.mp3,2.043,other,479,common_voice_en_579751.mp3,turned,ok,epoch=1-step=24679-v1.ckpt,cpu,shall,other,0.0286439359188079,0.0013264642329886,better,0,other,1,0,dichotic_specific_error,0.02005714971487411,0.021389123933854913,-0.5584756124422952,0.5584756124422952,0.0,0.005025125628140704,0.029775226820002654,0.0,0.2,0,0,4
pair_028_ab_right,pair_028,35ea573b414801d7b08edb6f2972b1e0911babb168583dc836ab963c75a8a288b5e3f4a968c5176cba7de76683196fd25df94b56e6e31ede8ddfb8c9a1a7ff2a,ab,right,common_voice_en_10799677.mp3,The daffodils were like a carpet in the back garden.,common_voice_en_10799701.mp3,2.043,other,479,common_voice_en_579751.mp3,1.854,turned,735,common_voice_en_579751.mp3,1.854,turned,735,common_voice_en_10799701.mp3,other,ok,epoch=1-step=24679-v1.ckpt,cpu,entered,other,0.139782428741455,1.1716362678271253e-05,entered,0,entered,0,0,baseline_and_dichotic_error,0.021389123933854913,0.02005714971487411,0.5584756124422947,0.5584756124422947,0.005025125628140704,0.0,0.029775226820002654,0.0,0.6153846153846154,0,1,4
pair_028_ba_left,pair_028,35ea573b414801d7b08edb6f2972b1e0911babb168583dc836ab963c75a8a288b5e3f4a968c5176cba7de76683196fd25df94b56e6e31ede8ddfb8c9a1a7ff2a,ba,left,common_voice_en_10799677.mp3,The daffodils were like a carpet in the back garden.,common_voice_en_579751.mp3,1.854,turned,735,common_voice_en_10799701.mp3,2.043,other,479,common_voice_en_579751.mp3,1.854,turned,735,common_voice_en_10799701.mp3,other,ok,epoch=1-step=24679-v1.ckpt,cpu,entered,other,0.0448209196329116,2.2764434106647968e-05,entered,0,entered,0,0,baseline_and_dichotic_error,0.021389123933854913,0.02005714971487411,0.5584756124422947,0.5584756124422947,0.005025125628140704,0.0,0.029775226820002654,0.0,0.6153846153846154,0,1,4
pair_028_ba_right,pair_028,35ea573b414801d7b08edb6f2972b1e0911babb168583dc836ab963c75a8a288b5e3f4a968c5176cba7de76683196fd25df94b56e6e31ede8ddfb8c9a1a7ff2a,ba,right,common_voice_en_10799677.mp3,The daffodils were like a carpet in the back garden.,common_voice_en_579751.mp3,1.854,turned,735,common_voice_en_10799701.mp3,2.043,other,479,common_voice_en_10799701.mp3,2.043,other,479,common_voice_en_579751.mp3,turned,ok,epoch=1-step=24679-v1.ckpt,cpu,shall,other,0.0318811610341072,0.0003823896986432,rather,0,other,1,0,dichotic_specific_error,0.02005714971487411,0.021389123933854913,-0.5584756124422952,0.5584756124422952,0.0,0.005025125628140704,0.029775226820002654,0.0,0.2,0,0,4
pair_029_ab_left,pair_029,39cef583a76ec72c2f34e188a49b55efbb90d94db4670ea6103bca9b3f001f10749b728118c3b298fd2f2a7b6b103c97ff7f9506236604178b4808cb21b1bdaf,ab,left,common_voice_en_25151435.mp3,He has remained a member ever since.,common_voice_en_25151431.mp3,3.072,began,61,common_voice_en_25151433.mp3,1.704,include,326,common_voice_en_25151431.mp3,3.072,began,61,common_voice_en_25151433.mp3,include,ok,epoch=1-step=24679-v1.ckpt,cpu,began,hit,0.6401116251945496,2.0555866342419907e-07,began,1,began,1,1,hit,0.02132488266129523,0.01906605994168208,0.972513922123675,0.972513922123675,0.22110552763819097,0.35175879396984927,0.03162134698612292,0.07035175879396985,1.0,1,0,1
pair_029_ab_right,pair_029,39cef583a76ec72c2f34e188a49b55efbb90d94db4670ea6103bca9b3f001f10749b728118c3b298fd2f2a7b6b103c97ff7f9506236604178b4808cb21b1bdaf,ab,right,common_voice_en_25151435.mp3,He has remained a member ever since.,common_voice_en_25151431.mp3,3.072,began,61,common_voice_en_25151433.mp3,1.704,include,326,common_voice_en_25151433.mp3,1.704,include,326,common_voice_en_25151431.mp3,began,ok,epoch=1-step=24679-v1.ckpt,cpu,include,hit,0.2648283541202545,3.074623964494094e-05,include,1,include,1,1,hit,0.01906605994168208,0.02132488266129523,-0.9725139221236747,0.9725139221236747,0.35175879396984927,0.22110552763819097,0.03162134698612292,0.07035175879396985,1.0,1,0,1
pair_029_ba_left,pair_029,39cef583a76ec72c2f34e188a49b55efbb90d94db4670ea6103bca9b3f001f10749b728118c3b298fd2f2a7b6b103c97ff7f9506236604178b4808cb21b1bdaf,ba,left,common_voice_en_25151435.mp3,He has remained a member ever since.,common_voice_en_25151433.mp3,1.704,include,326,common_voice_en_25151431.mp3,3.072,began,61,common_voice_en_25151433.mp3,1.704,include,326,common_voice_en_25151431.mp3,began,ok,epoch=1-step=24679-v1.ckpt,cpu,include,hit,0.7032643556594849,1.2539778708742233e-06,include,1,include,1,1,hit,0.01906605994168208,0.02132488266129523,-0.9725139221236747,0.9725139221236747,0.35175879396984927,0.22110552763819097,0.03162134698612292,0.07035175879396985,1.0,1,0,1
pair_029_ba_right,pair_029,39cef583a76ec72c2f34e188a49b55efbb90d94db4670ea6103bca9b3f001f10749b728118c3b298fd2f2a7b6b103c97ff7f9506236604178b4808cb21b1bdaf,ba,right,common_voice_en_25151435.mp3,He has remained a member ever since.,common_voice_en_25151433.mp3,1.704,include,326,common_voice_en_25151431.mp3,3.072,began,61,common_voice_en_25151431.mp3,3.072,began,61,common_voice_en_25151433.mp3,include,ok,epoch=1-step=24679-v1.ckpt,cpu,return,other,0.2593874335289001,8.784406873019179e-07,return,0,began,1,0,dichotic_specific_error,0.02132488266129523,0.01906605994168208,0.972513922123675,0.972513922123675,0.22110552763819097,0.35175879396984927,0.03162134698612292,0.07035175879396985,0.36363636363636365,0,0,1
pair_030_ab_left,pair_030,3c64e964c2b809ce4c4f087c11fe90b765a7a37cb28da6a580fce8c173e3efe0ed44f696c351ba107348af0de28e3ad881a8c55bbbaced89805cb2ff681495d1,ab,left,common_voice_en_134272.mp3,I'm never more aware of a room's acoustics than when I'm trying to enjoy a snack I have no intention of sharing.,common_voice_en_134276.mp3,1.851,alchemist,20,common_voice_en_134292.mp3,2.146,beginning,62,common_voice_en_134276.mp3,1.851,alchemist,20,common_voice_en_134292.mp3,beginning,ok,epoch=1-step=24679-v1.ckpt,cpu,alchemist,hit,0.4610450565814972,7.121666567400098e-05,there's,0,characters,0,1,hit,0.021614849610973014,0.020352382154199176,0.5227393892465882,0.5227393892465882,0.10552763819095477,0.0,0.02773977317092819,0.06532663316582915,1.0,1,0,1
pair_030_ab_right,pair_030,3c64e964c2b809ce4c4f087c11fe90b765a7a37cb28da6a580fce8c173e3efe0ed44f696c351ba107348af0de28e3ad881a8c55bbbaced89805cb2ff681495d1,ab,right,common_voice_en_134272.mp3,I'm never more aware of a room's acoustics than when I'm trying to enjoy a snack I have no intention of sharing.,common_voice_en_134276.mp3,1.851,alchemist,20,common_voice_en_134292.mp3,2.146,beginning,62,common_voice_en_134292.mp3,2.146,beginning,62,common_voice_en_134276.mp3,alchemist,ok,epoch=1-step=24679-v1.ckpt,cpu,getting,other,0.1915921121835708,1.9766293917200528e-05,getting,0,beginning,1,0,dichotic_specific_error,0.020352382154199176,0.021614849610973014,-0.5227393892465885,0.5227393892465885,0.0,0.10552763819095477,0.02773977317092819,0.06532663316582915,0.5,0,0,1
pair_030_ba_left,pair_030,3c64e964c2b809ce4c4f087c11fe90b765a7a37cb28da6a580fce8c173e3efe0ed44f696c351ba107348af0de28e3ad881a8c55bbbaced89805cb2ff681495d1,ba,left,common_voice_en_134272.mp3,I'm never more aware of a room's acoustics than when I'm trying to enjoy a snack I have no intention of sharing.,common_voice_en_134292.mp3,2.146,beginning,62,common_voice_en_134276.mp3,1.851,alchemist,20,common_voice_en_134292.mp3,2.146,beginning,62,common_voice_en_134276.mp3,alchemist,ok,epoch=1-step=24679-v1.ckpt,cpu,beginning,hit,0.4272137284278869,5.953264917479828e-06,meaning,0,beginning,1,1,hit,0.020352382154199176,0.021614849610973014,-0.5227393892465885,0.5227393892465885,0.0,0.10552763819095477,0.02773977317092819,0.06532663316582915,1.0,1,0,1
pair_030_ba_right,pair_030,3c64e964c2b809ce4c4f087c11fe90b765a7a37cb28da6a580fce8c173e3efe0ed44f696c351ba107348af0de28e3ad881a8c55bbbaced89805cb2ff681495d1,ba,right,common_voice_en_134272.mp3,I'm never more aware of a room's acoustics than when I'm trying to enjoy a snack I have no intention of sharing.,common_voice_en_134292.mp3,2.146,beginning,62,common_voice_en_134276.mp3,1.851,alchemist,20,common_voice_en_134276.mp3,1.851,alchemist,20,common_voice_en_134292.mp3,beginning,ok,epoch=1-step=24679-v1.ckpt,cpu,alchemist,hit,0.7244826555252075,2.6408524718135595e-05,lives,0,characters,0,1,hit,0.021614849610973014,0.020352382154199176,0.5227393892465882,0.5227393892465882,0.10552763819095477,0.0,0.02773977317092819,0.06532663316582915,1.0,1,0,1
pair_031_ab_left,pair_031,3d24aebc0c06f0b0f29dcb5b0b1fc5438e0bbe5139a1603f9dc34d5b3bcbeea08072a6ad2a8152c034772ab1b9f329ab79e426bf1494351433be68baff830e5a,ab,left,common_voice_en_19981321.mp3,He also set the fastest lap in both of these events.,common_voice_en_19981320.mp3,1.807,became,57,common_voice_en_19981455.mp3,3.796,become,59,common_voice_en_19981320.mp3,1.807,became,57,common_voice_en_19981455.mp3,become,ok,epoch=1-step=24679-v1.ckpt,cpu,became,hit,0.999154567718506,0.0002319008635822,became,1,became,1,1,hit,0.02182541809826634,0.021117091439578475,0.28656943074937596,0.28656943074937596,0.20100502512562815,0.0,0.028696979601063332,0.0,1.0,1,0,0
pair_031_ab_right,pair_031,3d24aebc0c06f0b0f29dcb5b0b1fc5438e0bbe5139a1603f9dc34d5b3bcbeea08072a6ad2a8152c034772ab1b9f329ab79e426bf1494351433be68baff830e5a,ab,right,common_voice_en_19981321.mp3,He also set the fastest lap in both of these events.,common_voice_en_19981320.mp3,1.807,became,57,common_voice_en_19981455.mp3,3.796,become,59,common_voice_en_19981455.mp3,3.796,become,59,common_voice_en_19981320.mp3,became,ok,epoch=1-step=24679-v1.ckpt,cpu,become,hit,0.1341191232204437,0.0728352069854736,returned,0,become,1,1,hit,0.021117091439578475,0.02182541809826634,-0.28656943074937596,0.28656943074937596,0.0,0.20100502512562815,0.028696979601063332,0.0,1.0,1,0,0
pair_031_ba_left,pair_031,3d24aebc0c06f0b0f29dcb5b0b1fc5438e0bbe5139a1603f9dc34d5b3bcbeea08072a6ad2a8152c034772ab1b9f329ab79e426bf1494351433be68baff830e5a,ba,left,common_voice_en_19981321.mp3,He also set the fastest lap in both of these events.,common_voice_en_19981455.mp3,3.796,become,59,common_voice_en_19981320.mp3,1.807,became,57,common_voice_en_19981455.mp3,3.796,become,59,common_voice_en_19981320.mp3,became,ok,epoch=1-step=24679-v1.ckpt,cpu,become,hit,0.4833337366580963,0.1830793023109436,became,0,become,1,1,hit,0.021117091439578475,0.02182541809826634,-0.28656943074937596,0.28656943074937596,0.0,0.20100502512562815,0.028696979601063332,0.0,1.0,1,0,0
pair_031_ba_right,pair_031,3d24aebc0c06f0b0f29dcb5b0b1fc5438e0bbe5139a1603f9dc34d5b3bcbeea08072a6ad2a8152c034772ab1b9f329ab79e426bf1494351433be68baff830e5a,ba,right,common_voice_en_19981321.mp3,He also set the fastest lap in both of these events.,common_voice_en_19981455.mp3,3.796,become,59,common_voice_en_19981320.mp3,1.807,became,57,common_voice_en_19981320.mp3,1.807,became,57,common_voice_en_19981455.mp3,become,ok,epoch=1-step=24679-v1.ckpt,cpu,became,hit,0.9978106617927552,0.0008238369482569,became,1,became,1,1,hit,0.02182541809826634,0.021117091439578475,0.28656943074937596,0.28656943074937596,0.20100502512562815,0.0,0.028696979601063332,0.0,1.0,1,0,0
pair_032_ab_left,pair_032,3e96a0c27ed10f32deae244f11297bb8cbd2bc90dcb27479afed866abec0b0ab954f88d82d1ec1ad0a8e5ab2c58b6d7eccd2eedf198083d9811a56160adcccc9,ab,left,common_voice_en_488430.mp3,I want to book a food truck in Albania for ten people.,common_voice_en_488428.mp3,2.34,never,452,common_voice_en_488429.mp3,1.447,please,512,common_voice_en_488428.mp3,2.34,never,452,common_voice_en_488429.mp3,please,ok,epoch=1-step=24679-v1.ckpt,cpu,never,hit,0.7916085124015808,1.4624615296554566e-08,never,1,never,1,1,hit,0.02111262364668513,0.022346050656911382,-0.493171458026117,0.493171458026117,0.04020100502512563,0.38190954773869346,0.029227188074199134,0.0,1.0,1,0,0
pair_032_ab_right,pair_032,3e96a0c27ed10f32deae244f11297bb8cbd2bc90dcb27479afed866abec0b0ab954f88d82d1ec1ad0a8e5ab2c58b6d7eccd2eedf198083d9811a56160adcccc9,ab,right,common_voice_en_488430.mp3,I want to book a food truck in Albania for ten people.,common_voice_en_488428.mp3,2.34,never,452,common_voice_en_488429.mp3,1.447,please,512,common_voice_en_488429.mp3,1.447,please,512,common_voice_en_488428.mp3,never,ok,epoch=1-step=24679-v1.ckpt,cpu,please,hit,0.6705315709114075,5.123446953803068e-06,those,0,please,1,1,hit,0.022346050656911382,0.02111262364668513,0.49317145802611706,0.49317145802611706,0.38190954773869346,0.04020100502512563,0.029227188074199134,0.0,1.0,1,0,0
pair_032_ba_left,pair_032,3e96a0c27ed10f32deae244f11297bb8cbd2bc90dcb27479afed866abec0b0ab954f88d82d1ec1ad0a8e5ab2c58b6d7eccd2eedf198083d9811a56160adcccc9,ba,left,common_voice_en_488430.mp3,I want to book a food truck in Albania for ten people.,common_voice_en_488429.mp3,1.447,please,512,common_voice_en_488428.mp3,2.34,never,452,common_voice_en_488429.mp3,1.447,please,512,common_voice_en_488428.mp3,never,ok,epoch=1-step=24679-v1.ckpt,cpu,please,hit,0.6699090600013733,1.0922387900791364e-06,please,1,please,1,1,hit,0.022346050656911382,0.02111262364668513,0.49317145802611706,0.49317145802611706,0.38190954773869346,0.04020100502512563,0.029227188074199134,0.0,1.0,1,0,0
pair_032_ba_right,pair_032,3e96a0c27ed10f32deae244f11297bb8cbd2bc90dcb27479afed866abec0b0ab954f88d82d1ec1ad0a8e5ab2c58b6d7eccd2eedf198083d9811a56160adcccc9,ba,right,common_voice_en_488430.mp3,I want to book a food truck in Albania for ten people.,common_voice_en_488429.mp3,1.447,please,512,common_voice_en_488428.mp3,2.34,never,452,common_voice_en_488428.mp3,2.34,never,452,common_voice_en_488429.mp3,please,ok,epoch=1-step=24679-v1.ckpt,cpu,never,hit,0.6951058506965637,2.3666736979066627e-06,never,1,never,1,1,hit,0.02111262364668513,0.022346050656911382,-0.493171458026117,0.493171458026117,0.04020100502512563,0.38190954773869346,0.029227188074199134,0.0,1.0,1,0,0
pair_033_ab_left,pair_033,404ac25c7a9e3d33bb1bd06e7bba578d007f63ad20a73790ca71dea54be15c0306e9db2f1ab409c74b26bc5123d311ee2e611648f377e4d83f3256b56b098b07,ab,left,common_voice_en_24942389.mp3,"She lives and works in Manhattan, Kansas.",common_voice_en_24942408.mp3,2.579,william,775,common_voice_en_24942510.mp3,2.067,since,624,common_voice_en_24942408.mp3,2.579,william,775,common_voice_en_24942510.mp3,since,ok,epoch=1-step=24679-v1.ckpt,cpu,william,hit,0.6678047180175781,3.288916730070923e-07,william,1,william,1,1,hit,0.018253680056906123,0.021597828713936618,-1.461193169295378,1.461193169295378,0.24120603015075376,0.0,0.02824038014125732,0.10050251256281408,1.0,1,0,1
pair_033_ab_right,pair_033,404ac25c7a9e3d33bb1bd06e7bba578d007f63ad20a73790ca71dea54be15c0306e9db2f1ab409c74b26bc5123d311ee2e611648f377e4d83f3256b56b098b07,ab,right,common_voice_en_24942389.mp3,"She lives and works in Manhattan, Kansas.",common_voice_en_24942408.mp3,2.579,william,775,common_voice_en_24942510.mp3,2.067,since,624,common_voice_en_24942510.mp3,2.067,since,624,common_voice_en_24942408.mp3,william,ok,epoch=1-step=24679-v1.ckpt,cpu,subsequently,other,0.2666087448596954,4.125075065530837e-06,since,1,since,1,0,dichotic_specific_error,0.021597828713936618,0.018253680056906123,1.4611931692953786,1.4611931692953786,0.0,0.24120603015075376,0.02824038014125732,0.10050251256281408,0.23529411764705882,0,0,1
pair_033_ba_left,pair_033,404ac25c7a9e3d33bb1bd06e7bba578d007f63ad20a73790ca71dea54be15c0306e9db2f1ab409c74b26bc5123d311ee2e611648f377e4d83f3256b56b098b07,ba,left,common_voice_en_24942389.mp3,"She lives and works in Manhattan, Kansas.",common_voice_en_24942510.mp3,2.067,since,624,common_voice_en_24942408.mp3,2.579,william,775,common_voice_en_24942510.mp3,2.067,since,624,common_voice_en_24942408.mp3,william,ok,epoch=1-step=24679-v1.ckpt,cpu,since,hit,0.760653018951416,1.2324074987191125e-06,since,1,since,1,1,hit,0.021597828713936618,0.018253680056906123,1.4611931692953786,1.4611931692953786,0.0,0.24120603015075376,0.02824038014125732,0.10050251256281408,1.0,1,0,1
pair_033_ba_right,pair_033,404ac25c7a9e3d33bb1bd06e7bba578d007f63ad20a73790ca71dea54be15c0306e9db2f1ab409c74b26bc5123d311ee2e611648f377e4d83f3256b56b098b07,ba,right,common_voice_en_24942389.mp3,"She lives and works in Manhattan, Kansas.",common_voice_en_24942510.mp3,2.067,since,624,common_voice_en_24942408.mp3,2.579,william,775,common_voice_en_24942408.mp3,2.579,william,775,common_voice_en_24942510.mp3,since,ok,epoch=1-step=24679-v1.ckpt,cpu,william,hit,0.3022966980934143,2.2143656508433199e-07,really,0,william,1,1,hit,0.018253680056906123,0.021597828713936618,-1.461193169295378,1.461193169295378,0.24120603015075376,0.0,0.02824038014125732,0.10050251256281408,1.0,1,0,1
pair_034_ab_left,pair_034,42b4b33626b4173347210d0959772ef2ee1a58b27a6b0af6ed932af4ab4d9b087ff07ec307c14af893d5ef6da466f6c85e90bdfdc5d7328b3e2707568257da10,ab,left,common_voice_en_27703528.mp3,The More Things Change...,common_voice_en_27703525.mp3,1.472,james,351,common_voice_en_27703526.mp3,3.042,street,665,common_voice_en_27703525.mp3,1.472,james,351,common_voice_en_27703526.mp3,street,ok,epoch=1-step=24679-v1.ckpt,cpu,james,hit,0.9657139778137208,3.241308732526704e-08,james,1,james,1,1,hit,0.021659147206051627,0.01310274102550298,4.3655839133513314,4.3655839133513314,0.31155778894472363,0.3165829145728643,0.029861924289588736,0.39195979899497485,1.0,1,0,0
pair_034_ab_right,pair_034,42b4b33626b4173347210d0959772ef2ee1a58b27a6b0af6ed932af4ab4d9b087ff07ec307c14af893d5ef6da466f6c85e90bdfdc5d7328b3e2707568257da10,ab,right,common_voice_en_27703528.mp3,The More Things Change...,common_voice_en_27703525.mp3,1.472,james,351,common_voice_en_27703526.mp3,3.042,street,665,common_voice_en_27703526.mp3,3.042,street,665,common_voice_en_27703525.mp3,james,ok,epoch=1-step=24679-v1.ckpt,cpu,street,hit,0.6304385662078857,2.6146278742089635e-06,street,1,street,1,1,hit,0.01310274102550298,0.021659147206051627,-4.3655839133513314,4.3655839133513314,0.3165829145728643,0.31155778894472363,0.029861924289588736,0.39195979899497485,1.0,1,0,0
pair_034_ba_left,pair_034,42b4b33626b4173347210d0959772ef2ee1a58b27a6b0af6ed932af4ab4d9b087ff07ec307c14af893d5ef6da466f6c85e90bdfdc5d7328b3e2707568257da10,ba,left,common_voice_en_27703528.mp3,The More Things Change...,common_voice_en_27703526.mp3,3.042,street,665,common_voice_en_27703525.mp3,1.472,james,351,common_voice_en_27703526.mp3,3.042,street,665,common_voice_en_27703525.mp3,james,ok,epoch=1-step=24679-v1.ckpt,cpu,street,hit,0.4051725268363952,1.717065742923296e-06,street,1,street,1,1,hit,0.01310274102550298,0.021659147206051627,-4.3655839133513314,4.3655839133513314,0.3165829145728643,0.31155778894472363,0.029861924289588736,0.39195979899497485,1.0,1,0,0
pair_034_ba_right,pair_034,42b4b33626b4173347210d0959772ef2ee1a58b27a6b0af6ed932af4ab4d9b087ff07ec307c14af893d5ef6da466f6c85e90bdfdc5d7328b3e2707568257da10,ba,right,common_voice_en_27703528.mp3,The More Things Change...,common_voice_en_27703526.mp3,3.042,street,665,common_voice_en_27703525.mp3,1.472,james,351,common_voice_en_27703525.mp3,1.472,james,351,common_voice_en_27703526.mp3,street,ok,epoch=1-step=24679-v1.ckpt,cpu,james,hit,0.9966250658035278,1.3010343913322233e-08,james,1,james,1,1,hit,0.021659147206051627,0.01310274102550298,4.3655839133513314,4.3655839133513314,0.31155778894472363,0.3165829145728643,0.029861924289588736,0.39195979899497485,1.0,1,0,0
pair_035_ab_left,pair_035,44184f9dda2c364dcec98c57292917a3b8f60b3416f7b921f12e0f6fa0162476eac2378de5cdb0968692e34b99c9b922f279e15d10c6383fb0363970ce38fcc8,ab,left,common_voice_en_26323146.mp3,He later became the director of the College.,common_voice_en_26323318.mp3,2.503,appointed,40,common_voice_en_26723455.mp3,2.965,slowly,628,common_voice_en_26323318.mp3,2.503,appointed,40,common_voice_en_26723455.mp3,slowly,ok,epoch=1-step=24679-v1.ckpt,cpu,appointed,hit,0.8970639109611511,9.171255754836238e-09,appointed,1,appointed,1,1,hit,0.018513148373404457,0.02106134542118568,-1.1201165826796393,1.1201165826796393,0.0,0.0,0.03115720792227094,0.005025125628140704,1.0,1,0,0
pair_035_ab_right,pair_035,44184f9dda2c364dcec98c57292917a3b8f60b3416f7b921f12e0f6fa0162476eac2378de5cdb0968692e34b99c9b922f279e15d10c6383fb0363970ce38fcc8,ab,right,common_voice_en_26323146.mp3,He later became the director of the College.,common_voice_en_26323318.mp3,2.503,appointed,40,common_voice_en_26723455.mp3,2.965,slowly,628,common_voice_en_26723455.mp3,2.965,slowly,628,common_voice_en_26323318.mp3,appointed,ok,epoch=1-step=24679-v1.ckpt,cpu,slowly,hit,0.88654625415802,1.527768745290814e-06,slowly,1,slowly,1,1,hit,0.02106134542118568,0.018513148373404457,1.1201165826796398,1.1201165826796398,0.0,0.0,0.03115720792227094,0.005025125628140704,1.0,1,0,0
pair_035_ba_left,pair_035,44184f9dda2c364dcec98c57292917a3b8f60b3416f7b921f12e0f6fa0162476eac2378de5cdb0968692e34b99c9b922f279e15d10c6383fb0363970ce38fcc8,ba,left,common_voice_en_26323146.mp3,He later became the director of the College.,common_voice_en_26723455.mp3,2.965,slowly,628,common_voice_en_26323318.mp3,2.503,appointed,40,common_voice_en_26723455.mp3,2.965,slowly,628,common_voice_en_26323318.mp3,appointed,ok,epoch=1-step=24679-v1.ckpt,cpu,slowly,hit,0.8109325170516968,6.93674519425258e-06,slowly,1,slowly,1,1,hit,0.02106134542118568,0.018513148373404457,1.1201165826796398,1.1201165826796398,0.0,0.0,0.03115720792227094,0.005025125628140704,1.0,1,0,0
pair_035_ba_right,pair_035,44184f9dda2c364dcec98c57292917a3b8f60b3416f7b921f12e0f6fa0162476eac2378de5cdb0968692e34b99c9b922f279e15d10c6383fb0363970ce38fcc8,ba,right,common_voice_en_26323146.mp3,He later became the director of the College.,common_voice_en_26723455.mp3,2.965,slowly,628,common_voice_en_26323318.mp3,2.503,appointed,40,common_voice_en_26323318.mp3,2.503,appointed,40,common_voice_en_26723455.mp3,slowly,ok,epoch=1-step=24679-v1.ckpt,cpu,appointed,hit,0.9570305347442628,1.6240649713950006e-08,appointed,1,appointed,1,1,hit,0.018513148373404457,0.02106134542118568,-1.1201165826796393,1.1201165826796393,0.0,0.0,0.03115720792227094,0.005025125628140704,1.0,1,0,0
pair_036_ab_left,pair_036,448e25cbcb48a248d8580293fc74b5c730237022cb69194ae0314bb973bcebaa30c3f2fadf40359aec092cb5bce557635f794c8e51092afed151eb5854ca940b,ab,left,common_voice_en_19552127.mp3,"He said that Tokalauvere had no authority to do so, however.",common_voice_en_19552130.mp3,2.016,written,792,common_voice_en_19552143.mp3,1.642,called,90,common_voice_en_19552130.mp3,2.016,written,792,common_voice_en_19552143.mp3,called,ok,epoch=1-step=24679-v1.ckpt,cpu,already,other,0.3038904070854187,5.599189307758934e-07,written,1,written,1,0,dichotic_specific_error,0.019258463307850453,0.01935591292029725,-0.043840582633692976,0.043840582633692976,0.0,0.05527638190954774,0.03008086674137842,0.0,0.2857142857142857,0,0,2
pair_036_ab_right,pair_036,448e25cbcb48a248d8580293fc74b5c730237022cb69194ae0314bb973bcebaa30c3f2fadf40359aec092cb5bce557635f794c8e51092afed151eb5854ca940b,ab,right,common_voice_en_19552127.mp3,"He said that Tokalauvere had no authority to do so, however.",common_voice_en_19552130.mp3,2.016,written,792,common_voice_en_19552143.mp3,1.642,called,90,common_voice_en_19552143.mp3,1.642,called,90,common_voice_en_19552130.mp3,written,ok,epoch=1-step=24679-v1.ckpt,cpu,called,hit,0.913809061050415,1.264136972167762e-05,called,1,called,1,1,hit,0.01935591292029725,0.019258463307850453,0.043840582633693365,0.043840582633693365,0.05527638190954774,0.0,0.03008086674137842,0.0,1.0,1,0,2
pair_036_ba_left,pair_036,448e25cbcb48a248d8580293fc74b5c730237022cb69194ae0314bb973bcebaa30c3f2fadf40359aec092cb5bce557635f794c8e51092afed151eb5854ca940b,ba,left,common_voice_en_19552127.mp3,"He said that Tokalauvere had no authority to do so, however.",common_voice_en_19552143.mp3,1.642,called,90,common_voice_en_19552130.mp3,2.016,written,792,common_voice_en_19552143.mp3,1.642,called,90,common_voice_en_19552130.mp3,written,ok,epoch=1-step=24679-v1.ckpt,cpu,called,hit,0.9617840051651,1.322273647019756e-06,called,1,called,1,1,hit,0.01935591292029725,0.019258463307850453,0.043840582633693365,0.043840582633693365,0.05527638190954774,0.0,0.03008086674137842,0.0,1.0,1,0,2
pair_036_ba_right,pair_036,448e25cbcb48a248d8580293fc74b5c730237022cb69194ae0314bb973bcebaa30c3f2fadf40359aec092cb5bce557635f794c8e51092afed151eb5854ca940b,ba,right,common_voice_en_19552127.mp3,"He said that Tokalauvere had no authority to do so, however.",common_voice_en_19552143.mp3,1.642,called,90,common_voice_en_19552130.mp3,2.016,written,792,common_voice_en_19552130.mp3,2.016,written,792,common_voice_en_19552143.mp3,called,ok,epoch=1-step=24679-v1.ckpt,cpu,already,other,0.3494750261306762,4.522031304077245e-06,written,1,written,1,0,dichotic_specific_error,0.019258463307850453,0.01935591292029725,-0.043840582633692976,0.043840582633692976,0.0,0.05527638190954774,0.03008086674137842,0.0,0.2857142857142857,0,0,2
pair_037_ab_left,pair_037,44f9c86943d5869fb29640270041cb640e15dcabdfff65e66ecad1188e07ee5f3dd0e5463613c5533a86be0013d33e30cce89d9d98042329a608de5f15015ffb,ab,left,common_voice_en_18107715.mp3,It weighs five kilograms.,common_voice_en_18107713.mp3,2.795,decided,176,common_voice_en_18107714.mp3,1.789,night,454,common_voice_en_18107713.mp3,2.795,decided,176,common_voice_en_18107714.mp3,night,ok,epoch=1-step=24679-v1.ckpt,cpu,decided,hit,0.7492942214012146,3.2790696423035115e-05,decided,1,decided,1,1,hit,0.02179984421437735,0.02145818367805433,0.13720863236036762,0.13720863236036762,0.18090452261306533,0.11055276381909548,0.03117177256509457,0.07537688442211055,1.0,1,0,0
pair_037_ab_right,pair_037,44f9c86943d5869fb29640270041cb640e15dcabdfff65e66ecad1188e07ee5f3dd0e5463613c5533a86be0013d33e30cce89d9d98042329a608de5f15015ffb,ab,right,common_voice_en_18107715.mp3,It weighs five kilograms.,common_voice_en_18107713.mp3,2.795,decided,176,common_voice_en_18107714.mp3,1.789,night,454,common_voice_en_18107714.mp3,1.789,night,454,common_voice_en_18107713.mp3,decided,ok,epoch=1-step=24679-v1.ckpt,cpu,night,hit,0.925629198551178,4.104544473193528e-07,night,1,night,1,1,hit,0.02145818367805433,0.02179984421437735,-0.1372086323603678,0.1372086323603678,0.11055276381909548,0.18090452261306533,0.03117177256509457,0.07537688442211055,1.0,1,0,0
pair_037_ba_left,pair_037,44f9c86943d5869fb29640270041cb640e15dcabdfff65e66ecad1188e07ee5f3dd0e5463613c5533a86be0013d33e30cce89d9d98042329a608de5f15015ffb,ba,left,common_voice_en_18107715.mp3,It weighs five kilograms.,common_voice_en_18107714.mp3,1.789,night,454,common_voice_en_18107713.mp3,2.795,decided,176,common_voice_en_18107714.mp3,1.789,night,454,common_voice_en_18107713.mp3,decided,ok,epoch=1-step=24679-v1.ckpt,cpu,night,hit,0.8771398663520813,8.866238658811199e-07,night,1,night,1,1,hit,0.02145818367805433,0.02179984421437735,-0.1372086323603678,0.1372086323603678,0.11055276381909548,0.18090452261306533,0.03117177256509457,0.07537688442211055,1.0,1,0,0
pair_037_ba_right,pair_037,44f9c86943d5869fb29640270041cb640e15dcabdfff65e66ecad1188e07ee5f3dd0e5463613c5533a86be0013d33e30cce89d9d98042329a608de5f15015ffb,ba,right,common_voice_en_18107715.mp3,It weighs five kilograms.,common_voice_en_18107714.mp3,1.789,night,454,common_voice_en_18107713.mp3,2.795,decided,176,common_voice_en_18107713.mp3,2.795,decided,176,common_voice_en_18107714.mp3,night,ok,epoch=1-step=24679-v1.ckpt,cpu,decided,hit,0.4741151630878448,5.981066351523623e-05,highly,0,decided,1,1,hit,0.02179984421437735,0.02145818367805433,0.13720863236036762,0.13720863236036762,0.18090452261306533,0.11055276381909548,0.03117177256509457,0.07537688442211055,1.0,1,0,0
pair_038_ab_left,pair_038,45d190b7e0513aa52c41faa8fb430f541fc19d49faededb03c0466760697eba8d65c6b6e65fa212d0445f6ff92b19b790c89d2e6810f067f2fff373f5d7e08ff,ab,left,common_voice_en_17821144.mp3,The streaming portal uses the MPEG-Four video codec.,common_voice_en_25762095.mp3,1.583,plays,511,common_voice_en_25762098.mp3,2.244,consists,148,common_voice_en_25762095.mp3,1.583,plays,511,common_voice_en_25762098.mp3,consists,ok,epoch=1-step=24679-v1.ckpt,cpu,plays,hit,0.3108768761157989,1.7214539411725127e-06,plays,1,plays,1,1,hit,0.021576320746449926,0.017388386411806234,1.8743621375212127,1.8743621375212127,0.15577889447236182,0.08542713567839195,0.026098613031681813,0.01507537688442211,1.0,1,0,0
pair_038_ab_right,pair_038,45d190b7e0513aa52c41faa8fb430f541fc19d49faededb03c0466760697eba8d65c6b6e65fa212d0445f6ff92b19b790c89d2e6810f067f2fff373f5d7e08ff,ab,right,common_voice_en_17821144.mp3,The streaming portal uses the MPEG-Four video codec.,common_voice_en_25762095.mp3,1.583,plays,511,common_voice_en_25762098.mp3,2.244,consists,148,common_voice_en_25762098.mp3,2.244,consists,148,common_voice_en_25762095.mp3,plays,ok,epoch=1-step=24679-v1.ckpt,cpu,consists,hit,0.7998546361923218,1.1003229701600503e-05,consists,1,consists,1,1,hit,0.017388386411806234,0.021576320746449926,-1.8743621375212127,1.8743621375212127,0.08542713567839195,0.15577889447236182,0.026098613031681813,0.01507537688442211,1.0,1,0,0
pair_038_ba_left,pair_038,45d190b7e0513aa52c41faa8fb430f541fc19d49faededb03c0466760697eba8d65c6b6e65fa212d0445f6ff92b19b790c89d2e6810f067f2fff373f5d7e08ff,ba,left,common_voice_en_17821144.mp3,The streaming portal uses the MPEG-Four video codec.,common_voice_en_25762098.mp3,2.244,consists,148,common_voice_en_25762095.mp3,1.583,plays,511,common_voice_en_25762098.mp3,2.244,consists,148,common_voice_en_25762095.mp3,plays,ok,epoch=1-step=24679-v1.ckpt,cpu,consists,hit,0.5734511017799377,7.620523683726788e-05,consists,1,consists,1,1,hit,0.017388386411806234,0.021576320746449926,-1.8743621375212127,1.8743621375212127,0.08542713567839195,0.15577889447236182,0.026098613031681813,0.01507537688442211,1.0,1,0,0
pair_038_ba_right,pair_038,45d190b7e0513aa52c41faa8fb430f541fc19d49faededb03c0466760697eba8d65c6b6e65fa212d0445f6ff92b19b790c89d2e6810f067f2fff373f5d7e08ff,ba,right,common_voice_en_17821144.mp3,The streaming portal uses the MPEG-Four video codec.,common_voice_en_25762098.mp3,2.244,consists,148,common_voice_en_25762095.mp3,1.583,plays,511,common_voice_en_25762095.mp3,1.583,plays,511,common_voice_en_25762098.mp3,consists,ok,epoch=1-step=24679-v1.ckpt,cpu,plays,hit,0.456403911113739,2.374147953787542e-07,plays,1,plays,1,1,hit,0.021576320746449926,0.017388386411806234,1.8743621375212127,1.8743621375212127,0.15577889447236182,0.08542713567839195,0.026098613031681813,0.01507537688442211,1.0,1,0,0
pair_039_ab_left,pair_039,4736e6f95a939c9602c1e1f200221e1ed5164b6e7190a1e567fe047fd73621cda5d4d8c063c41ad801a2fdf79246b9fa6b1d8050c23f7827e4b355c27371032e,ab,left,common_voice_en_24977701.mp3,It accepts foreign students.,common_voice_en_24977705.mp3,2.583,several,611,common_voice_en_24977706.mp3,1.411,roman,590,common_voice_en_24977705.mp3,2.583,several,611,common_voice_en_24977706.mp3,roman,ok,epoch=1-step=24679-v1.ckpt,cpu,several,hit,0.4038248658180237,4.1719184196153947e-07,service,0,several,1,1,hit,0.02005423762504411,0.020509037141307106,-0.19478229876034578,0.19478229876034578,0.25125628140703515,0.20603015075376885,0.03057738050412006,0.11557788944723618,1.0,1,0,1
pair_039_ab_right,pair_039,4736e6f95a939c9602c1e1f200221e1ed5164b6e7190a1e567fe047fd73621cda5d4d8c063c41ad801a2fdf79246b9fa6b1d8050c23f7827e4b355c27371032e,ab,right,common_voice_en_24977701.mp3,It accepts foreign students.,common_voice_en_24977705.mp3,2.583,several,611,common_voice_en_24977706.mp3,1.411,roman,590,common_voice_en_24977706.mp3,1.411,roman,590,common_voice_en_24977705.mp3,several,ok,epoch=1-step=24679-v1.ckpt,cpu,roman,hit,0.9999547004699708,1.2211378574988883e-09,roman,1,roman,1,1,hit,0.020509037141307106,0.02005423762504411,0.19478229876034558,0.19478229876034558,0.20603015075376885,0.25125628140703515,0.03057738050412006,0.11557788944723618,1.0,1,0,1
pair_039_ba_left,pair_039,4736e6f95a939c9602c1e1f200221e1ed5164b6e7190a1e567fe047fd73621cda5d4d8c063c41ad801a2fdf79246b9fa6b1d8050c23f7827e4b355c27371032e,ba,left,common_voice_en_24977701.mp3,It accepts foreign students.,common_voice_en_24977706.mp3,1.411,roman,590,common_voice_en_24977705.mp3,2.583,several,611,common_voice_en_24977706.mp3,1.411,roman,590,common_voice_en_24977705.mp3,several,ok,epoch=1-step=24679-v1.ckpt,cpu,roman,hit,0.9998581409454346,2.8605948720894503e-09,roman,1,roman,1,1,hit,0.020509037141307106,0.02005423762504411,0.19478229876034558,0.19478229876034558,0.20603015075376885,0.25125628140703515,0.03057738050412006,0.11557788944723618,1.0,1,0,1
pair_039_ba_right,pair_039,4736e6f95a939c9602c1e1f200221e1ed5164b6e7190a1e567fe047fd73621cda5d4d8c063c41ad801a2fdf79246b9fa6b1d8050c23f7827e4b355c27371032e,ba,right,common_voice_en_24977701.mp3,It accepts foreign students.,common_voice_en_24977706.mp3,1.411,roman,590,common_voice_en_24977705.mp3,2.583,several,611,common_voice_en_24977705.mp3,2.583,several,611,common_voice_en_24977706.mp3,roman,ok,epoch=1-step=24679-v1.ckpt,cpu,service,other,0.1637130230665207,2.5247851453968906e-07,several,1,several,1,0,dichotic_specific_error,0.02005423762504411,0.020509037141307106,-0.19478229876034578,0.19478229876034578,0.25125628140703515,0.20603015075376885,0.03057738050412006,0.11557788944723618,0.5714285714285714,0,0,1
pair_040_ab_left,pair_040,48001eaf2b6f8ca6e618f062a0d4939c93ce23dc433e6cbc8941c5b9f3c1f7943f534b40bfe42f661fad1c645e3c607e6faaaed21092a9dbbd5974239baf938a,ab,left,common_voice_en_27003804.mp3,This solution allows consumers a limited amount of private copies.,common_voice_en_27160566.mp3,3.018,festival,245,common_voice_en_27160586.mp3,2.812,after,14,common_voice_en_27160566.mp3,3.018,festival,245,common_voice_en_27160586.mp3,after,ok,epoch=1-step=24679-v1.ckpt,cpu,festival,hit,0.9999970197677612,7.11960379540244e-10,festival,1,festival,1,1,hit,0.022030634773759557,0.019582461371507067,1.0231946446954867,1.0231946446954867,0.04522613065326633,0.07537688442211055,0.027398047449641243,0.11055276381909548,1.0,1,0,0
pair_040_ab_right,pair_040,48001eaf2b6f8ca6e618f062a0d4939c93ce23dc433e6cbc8941c5b9f3c1f7943f534b40bfe42f661fad1c645e3c607e6faaaed21092a9dbbd5974239baf938a,ab,right,common_voice_en_27003804.mp3,This solution allows consumers a limited amount of private copies.,common_voice_en_27160566.mp3,3.018,festival,245,common_voice_en_27160586.mp3,2.812,after,14,common_voice_en_27160586.mp3,2.812,after,14,common_voice_en_27160566.mp3,festival,ok,epoch=1-step=24679-v1.ckpt,cpu,after,hit,0.999489426612854,3.4429042949923876e-11,after,1,after,1,1,hit,0.019582461371507067,0.022030634773759557,-1.0231946446954863,1.0231946446954863,0.07537688442211055,0.04522613065326633,0.027398047449641243,0.11055276381909548,1.0,1,0,0
pair_040_ba_left,pair_040,48001eaf2b6f8ca6e618f062a0d4939c93ce23dc433e6cbc8941c5b9f3c1f7943f534b40bfe42f661fad1c645e3c607e6faaaed21092a9dbbd5974239baf938a,ba,left,common_voice_en_27003804.mp3,This solution allows consumers a limited amount of private copies.,common_voice_en_27160586.mp3,2.812,after,14,common_voice_en_27160566.mp3,3.018,festival,245,common_voice_en_27160586.mp3,2.812,after,14,common_voice_en_27160566.mp3,festival,ok,epoch=1-step=24679-v1.ckpt,cpu,after,hit,0.99898499250412,3.650109728359219e-11,after,1,after,1,1,hit,0.019582461371507067,0.022030634773759557,-1.0231946446954863,1.0231946446954863,0.07537688442211055,0.04522613065326633,0.027398047449641243,0.11055276381909548,1.0,1,0,0
pair_040_ba_right,pair_040,48001eaf2b6f8ca6e618f062a0d4939c93ce23dc433e6cbc8941c5b9f3c1f7943f534b40bfe42f661fad1c645e3c607e6faaaed21092a9dbbd5974239baf938a,ba,right,common_voice_en_27003804.mp3,This solution allows consumers a limited amount of private copies.,common_voice_en_27160586.mp3,2.812,after,14,common_voice_en_27160566.mp3,3.018,festival,245,common_voice_en_27160566.mp3,3.018,festival,245,common_voice_en_27160586.mp3,after,ok,epoch=1-step=24679-v1.ckpt,cpu,festival,hit,0.9999905824661256,1.4722854047022338e-08,festival,1,festival,1,1,hit,0.022030634773759557,0.019582461371507067,1.0231946446954867,1.0231946446954867,0.04522613065326633,0.07537688442211055,0.027398047449641243,0.11055276381909548,1.0,1,0,0
pair_041_ab_left,pair_041,48ea9cb17dff834dc79d7106663269f6ec23d65c1a0d46a185ab1d35eaffe41976f275c3d3fc858bc03282ab4198fa113a105354c6947f0e21554cb59b8c3071,ab,left,common_voice_en_21762340.mp3,Silt'e has a fairly typical set of consonants for an Ethiopian Semitic language.,common_voice_en_21762339.mp3,2.175,during,200,common_voice_en_21762342.mp3,2.117,successful,677,common_voice_en_21762339.mp3,2.175,during,200,common_voice_en_21762342.mp3,successful,ok,epoch=1-step=24679-v1.ckpt,cpu,during,hit,0.6574599742889404,1.80193808319018e-07,during,1,during,1,1,hit,0.02061331178592397,0.020480151664156395,0.056292075335580824,0.056292075335580824,0.035175879396984924,0.005025125628140704,0.02510888789035066,0.01507537688442211,1.0,1,0,1
pair_041_ab_right,pair_041,48ea9cb17dff834dc79d7106663269f6ec23d65c1a0d46a185ab1d35eaffe41976f275c3d3fc858bc03282ab4198fa113a105354c6947f0e21554cb59b8c3071,ab,right,common_voice_en_21762340.mp3,Silt'e has a fairly typical set of consonants for an Ethiopian Semitic language.,common_voice_en_21762339.mp3,2.175,during,200,common_voice_en_21762342.mp3,2.117,successful,677,common_voice_en_21762342.mp3,2.117,successful,677,common_voice_en_21762339.mp3,during,ok,epoch=1-step=24679-v1.ckpt,cpu,successful,hit,0.9989026784896852,5.7090731447884124e-11,successful,1,successful,1,1,hit,0.020480151664156395,0.02061331178592397,-0.05629207533558106,0.05629207533558106,0.005025125628140704,0.035175879396984924,0.02510888789035066,0.01507537688442211,1.0,1,0,1
pair_041_ba_left,pair_041,48ea9cb17dff834dc79d7106663269f6ec23d65c1a0d46a185ab1d35eaffe41976f275c3d3fc858bc03282ab4198fa113a105354c6947f0e21554cb59b8c3071,ba,left,common_voice_en_21762340.mp3,Silt'e has a fairly typical set of consonants for an Ethiopian Semitic language.,common_voice_en_21762342.mp3,2.117,successful,677,common_voice_en_21762339.mp3,2.175,during,200,common_voice_en_21762342.mp3,2.117,successful,677,common_voice_en_21762339.mp3,during,ok,epoch=1-step=24679-v1.ckpt,cpu,successful,hit,0.9953462481498718,3.3709854352359514e-11,successful,1,successful,1,1,hit,0.020480151664156395,0.02061331178592397,-0.05629207533558106,0.05629207533558106,0.005025125628140704,0.035175879396984924,0.02510888789035066,0.01507537688442211,1.0,1,0,1
pair_041_ba_right,pair_041,48ea9cb17dff834dc79d7106663269f6ec23d65c1a0d46a185ab1d35eaffe41976f275c3d3fc858bc03282ab4198fa113a105354c6947f0e21554cb59b8c3071,ba,right,common_voice_en_21762340.mp3,Silt'e has a fairly typical set of consonants for an Ethiopian Semitic language.,common_voice_en_21762342.mp3,2.117,successful,677,common_voice_en_21762339.mp3,2.175,during,200,common_voice_en_21762339.mp3,2.175,during,200,common_voice_en_21762342.mp3,successful,ok,epoch=1-step=24679-v1.ckpt,cpu,doing,other,0.2702959775924682,1.988879193959292e-05,during,1,during,1,0,dichotic_specific_error,0.02061331178592397,0.020480151664156395,0.056292075335580824,0.056292075335580824,0.035175879396984924,0.005025125628140704,0.02510888789035066,0.01507537688442211,0.7272727272727273,0,0,1
pair_042_ab_left,pair_042,4a31d3f26d2220235b114f379f20e2b8674e4af54e17769e4dc7118305a0fb1867b3add5742e53909b3ae14b35e21aa6cd703754a1bc72447d4799b7fc494d19,ab,left,common_voice_en_25641221.mp3,"The Motherwell District electoral divisions of Bellshill and Tannochside, Clydesdale, and Fortissat.",common_voice_en_25641224.mp3,2.465,three,713,common_voice_en_25641225.mp3,3.125,after,14,common_voice_en_25641224.mp3,2.465,three,713,common_voice_en_25641225.mp3,after,ok,epoch=1-step=24679-v1.ckpt,cpu,country,other,0.0238478519022464,4.913387328997487e-06,country,0,three,1,0,dichotic_specific_error,0.021503073578559725,0.020671063600540582,0.3427543552319124,0.3427543552319124,0.02512562814070352,0.02512562814070352,0.02859523431435751,0.09045226130653267,0.3333333333333333,0,0,4
pair_042_ab_right,pair_042,4a31d3f26d2220235b114f379f20e2b8674e4af54e17769e4dc7118305a0fb1867b3add5742e53909b3ae14b35e21aa6cd703754a1bc72447d4799b7fc494d19,ab,right,common_voice_en_25641221.mp3,"The Motherwell District electoral divisions of Bellshill and Tannochside, Clydesdale, and Fortissat.",common_voice_en_25641224.mp3,2.465,three,713,common_voice_en_25641225.mp3,3.125,after,14,common_voice_en_25641225.mp3,3.125,after,14,common_voice_en_25641224.mp3,three,ok,epoch=1-step=24679-v1.ckpt,cpu,south,other,0.021166680380702,6.36148324701935e-05,after,1,after,1,0,dichotic_specific_error,0.020671063600540582,0.021503073578559725,-0.3427543552319121,0.3427543552319121,0.02512562814070352,0.02512562814070352,0.02859523431435751,0.09045226130653267,0.2,0,0,4
pair_042_ba_left,pair_042,4a31d3f26d2220235b114f379f20e2b8674e4af54e17769e4dc7118305a0fb1867b3add5742e53909b3ae14b35e21aa6cd703754a1bc72447d4799b7fc494d19,ba,left,common_voice_en_25641221.mp3,"The Motherwell District electoral divisions of Bellshill and Tannochside, Clydesdale, and Fortissat.",common_voice_en_25641225.mp3,3.125,after,14,common_voice_en_25641224.mp3,2.465,three,713,common_voice_en_25641225.mp3,3.125,after,14,common_voice_en_25641224.mp3,three,ok,epoch=1-step=24679-v1.ckpt,cpu,attack,other,0.0600021220743656,8.506401354679838e-05,attack,0,after,1,0,dichotic_specific_error,0.020671063600540582,0.021503073578559725,-0.3427543552319121,0.3427543552319121,0.02512562814070352,0.02512562814070352,0.02859523431435751,0.09045226130653267,0.36363636363636365,0,0,4
pair_042_ba_right,pair_042,4a31d3f26d2220235b114f379f20e2b8674e4af54e17769e4dc7118305a0fb1867b3add5742e53909b3ae14b35e21aa6cd703754a1bc72447d4799b7fc494d19,ba,right,common_voice_en_25641221.mp3,"The Motherwell District electoral divisions of Bellshill and Tannochside, Clydesdale, and Fortissat.",common_voice_en_25641225.mp3,3.125,after,14,common_voice_en_25641224.mp3,2.465,three,713,common_voice_en_25641224.mp3,2.465,three,713,common_voice_en_25641225.mp3,after,ok,epoch=1-step=24679-v1.ckpt,cpu,country,other,0.0096840867772698,9.156073019767064e-07,country,0,three,1,0,dichotic_specific_error,0.021503073578559725,0.020671063600540582,0.3427543552319124,0.3427543552319124,0.02512562814070352,0.02512562814070352,0.02859523431435751,0.09045226130653267,0.3333333333333333,0,0,4
pair_043_ab_left,pair_043,4aa97f3abd28235a4681ec577ef5afc4e85427c5e6fffde45f7d727d8f7d42833a9feec081cbe70feb9f9ea5e43d136cd4e177f9bc8cdf37487369355593ea53,ab,left,common_voice_en_26971806.mp3,"They also include many important fossils, such as the nummulitids.",common_voice_en_26974034.mp3,1.594,island,344,common_voice_en_26974070.mp3,2.423,again,15,common_voice_en_26974034.mp3,1.594,island,344,common_voice_en_26974070.mp3,again,ok,epoch=1-step=24679-v1.ckpt,cpu,islands,other,0.3215381801128387,1.3952707149655907e-06,island,1,island,1,0,dichotic_specific_error,0.02134924186449843,0.02034484381622638,0.41856194302232963,0.41856194302232963,0.11557788944723618,0.005025125628140704,0.025840611057383542,0.02512562814070352,0.9230769230769231,1,0,2
pair_043_ab_right,pair_043,4aa97f3abd28235a4681ec577ef5afc4e85427c5e6fffde45f7d727d8f7d42833a9feec081cbe70feb9f9ea5e43d136cd4e177f9bc8cdf37487369355593ea53,ab,right,common_voice_en_26971806.mp3,"They also include many important fossils, such as the nummulitids.",common_voice_en_26974034.mp3,1.594,island,344,common_voice_en_26974070.mp3,2.423,again,15,common_voice_en_26974070.mp3,2.423,again,15,common_voice_en_26974034.mp3,island,ok,epoch=1-step=24679-v1.ckpt,cpu,again,hit,0.6245701313018799,2.9116881705704145e-06,again,1,again,1,1,hit,0.02034484381622638,0.02134924186449843,-0.41856194302232924,0.41856194302232924,0.005025125628140704,0.11557788944723618,0.025840611057383542,0.02512562814070352,1.0,1,0,2
pair_043_ba_left,pair_043,4aa97f3abd28235a4681ec577ef5afc4e85427c5e6fffde45f7d727d8f7d42833a9feec081cbe70feb9f9ea5e43d136cd4e177f9bc8cdf37487369355593ea53,ba,left,common_voice_en_26971806.mp3,"They also include many important fossils, such as the nummulitids.",common_voice_en_26974070.mp3,2.423,again,15,common_voice_en_26974034.mp3,1.594,island,344,common_voice_en_26974070.mp3,2.423,again,15,common_voice_en_26974034.mp3,island,ok,epoch=1-step=24679-v1.ckpt,cpu,again,hit,0.7660875916481018,4.05723903895705e-06,again,1,again,1,1,hit,0.02034484381622638,0.02134924186449843,-0.41856194302232924,0.41856194302232924,0.005025125628140704,0.11557788944723618,0.025840611057383542,0.02512562814070352,1.0,1,0,2
pair_043_ba_right,pair_043,4aa97f3abd28235a4681ec577ef5afc4e85427c5e6fffde45f7d727d8f7d42833a9feec081cbe70feb9f9ea5e43d136cd4e177f9bc8cdf37487369355593ea53,ba,right,common_voice_en_26971806.mp3,"They also include many important fossils, such as the nummulitids.",common_voice_en_26974070.mp3,2.423,again,15,common_voice_en_26974034.mp3,1.594,island,344,common_voice_en_26974034.mp3,1.594,island,344,common_voice_en_26974070.mp3,again,ok,epoch=1-step=24679-v1.ckpt,cpu,islands,other,0.1492937207221985,1.0588078112050423e-06,islands,0,island,1,0,dichotic_specific_error,0.02134924186449843,0.02034484381622638,0.41856194302232963,0.41856194302232963,0.11557788944723618,0.005025125628140704,0.025840611057383542,0.02512562814070352,0.9230769230769231,1,0,2
pair_044_ab_left,pair_044,4c407a51103a79d22a55ba3047ed5e1353ad666e3ed14df8998c75b7acdb1f335f7d77fd6526cc6950c5ebfc5dc998cb784dbba2b28556c81056e842ca8f0758,ab,left,common_voice_en_18469533.mp3,Thirty-two Turkish tourists took a trip to a turkey farm.,common_voice_en_18474239.mp3,2.014,outside,481,common_voice_en_18494081.mp3,2.359,seemed,603,common_voice_en_18474239.mp3,2.014,outside,481,common_voice_en_18494081.mp3,seemed,ok,epoch=1-step=24679-v1.ckpt,cpu,outside,hit,0.7844110727310181,8.791565164756321e-07,outside,1,outside,1,1,hit,0.02026642350646151,0.019779621947696252,0.21118254534236053,0.21118254534236053,0.11055276381909548,0.02512562814070352,0.028618614586382034,0.18592964824120603,1.0,1,0,2
pair_044_ab_right,pair_044,4c407a51103a79d22a55ba3047ed5e1353ad666e3ed14df8998c75b7acdb1f335f7d77fd6526cc6950c5ebfc5dc998cb784dbba2b28556c81056e842ca8f0758,ab,right,common_voice_en_18469533.mp3,Thirty-two Turkish tourists took a trip to a turkey farm.,common_voice_en_18474239.mp3,2.014,outside,481,common_voice_en_18494081.mp3,2.359,seemed,603,common_voice_en_18494081.mp3,2.359,seemed,603,common_voice_en_18474239.mp3,outside,ok,epoch=1-step=24679-v1.ckpt,cpu,center,other,0.0112455990165472,3.3411911317671183e-06,center,0,seemed,1,0,dichotic_specific_error,0.019779621947696252,0.02026642350646151,-0.2111825453423609,0.2111825453423609,0.02512562814070352,0.11055276381909548,0.028618614586382034,0.18592964824120603,0.3333333333333333,0,0,2
pair_044_ba_left,pair_044,4c407a51103a79d22a55ba3047ed5e1353ad666e3ed14df8998c75b7acdb1f335f7d77fd6526cc6950c5ebfc5dc998cb784dbba2b28556c81056e842ca8f0758,ba,left,common_voice_en_18469533.mp3,Thirty-two Turkish tourists took a trip to a turkey farm.,common_voice_en_18494081.mp3,2.359,seemed,603,common_voice_en_18474239.mp3,2.014,outside,481,common_voice_en_18494081.mp3,2.359,seemed,603,common_voice_en_18474239.mp3,outside,ok,epoch=1-step=24679-v1.ckpt,cpu,center,other,0.0474127419292926,1.869598577286524e-06,center,0,seemed,1,0,dichotic_specific_error,0.019779621947696252,0.02026642350646151,-0.2111825453423609,0.2111825453423609,0.02512562814070352,0.11055276381909548,0.028618614586382034,0.18592964824120603,0.3333333333333333,0,0,2
pair_044_ba_right,pair_044,4c407a51103a79d22a55ba3047ed5e1353ad666e3ed14df8998c75b7acdb1f335f7d77fd6526cc6950c5ebfc5dc998cb784dbba2b28556c81056e842ca8f0758,ba,right,common_voice_en_18469533.mp3,Thirty-two Turkish tourists took a trip to a turkey farm.,common_voice_en_18494081.mp3,2.359,seemed,603,common_voice_en_18474239.mp3,2.014,outside,481,common_voice_en_18474239.mp3,2.014,outside,481,common_voice_en_18494081.mp3,seemed,ok,epoch=1-step=24679-v1.ckpt,cpu,outside,hit,0.7591332793235779,1.7502416085335426e-06,service,0,outside,1,1,hit,0.02026642350646151,0.019779621947696252,0.21118254534236053,0.21118254534236053,0.11055276381909548,0.02512562814070352,0.028618614586382034,0.18592964824120603,1.0,1,0,2
pair_045_ab_left,pair_045,4ed837dc950b1112df7d50d13c344b41bbfa64c6308b29f4e6d740dc32c49d78ef14d184051d9b61b8a86e46714fa89053447e56019360646fba2fe51daa79aa,ab,left,common_voice_en_23610008.mp3,She has a half-brother and -sister named Mark and Claire.,common_voice_en_23610007.mp3,2.854,changed,109,common_voice_en_23610011.mp3,1.497,first,253,common_voice_en_23610007.mp3,2.854,changed,109,common_voice_en_23610011.mp3,first,ok,epoch=1-step=24679-v1.ckpt,cpu,changed,hit,0.9913915395736694,1.6801375579689193e-07,changed,1,changed,1,1,hit,0.019337435311826724,0.021124977158334418,-0.76794748280828,0.76794748280828,0.0,0.020100502512562814,0.027917231335245034,0.0,1.0,1,0,0
pair_045_ab_right,pair_045,4ed837dc950b1112df7d50d13c344b41bbfa64c6308b29f4e6d740dc32c49d78ef14d184051d9b61b8a86e46714fa89053447e56019360646fba2fe51daa79aa,ab,right,common_voice_en_23610008.mp3,She has a half-brother and -sister named Mark and Claire.,common_voice_en_23610007.mp3,2.854,changed,109,common_voice_en_23610011.mp3,1.497,first,253,common_voice_en_23610011.mp3,1.497,first,253,common_voice_en_23610007.mp3,changed,ok,epoch=1-step=24679-v1.ckpt,cpu,first,hit,0.9339184761047364,5.262767786007316e-07,first,1,first,1,1,hit,0.021124977158334418,0.019337435311826724,0.7679474828082801,0.7679474828082801,0.020100502512562814,0.0,0.027917231335245034,0.0,1.0,1,0,0
pair_045_ba_left,pair_045,4ed837dc950b1112df7d50d13c344b41bbfa64c6308b29f4e6d740dc32c49d78ef14d184051d9b61b8a86e46714fa89053447e56019360646fba2fe51daa79aa,ba,left,common_voice_en_23610008.mp3,She has a half-brother and -sister named Mark and Claire.,common_voice_en_23610011.mp3,1.497,first,253,common_voice_en_23610007.mp3,2.854,changed,109,common_voice_en_23610011.mp3,1.497,first,253,common_voice_en_23610007.mp3,changed,ok,epoch=1-step=24679-v1.ckpt,cpu,first,hit,0.9292610883712769,2.6318978143535787e-06,first,1,first,1,1,hit,0.021124977158334418,0.019337435311826724,0.7679474828082801,0.7679474828082801,0.020100502512562814,0.0,0.027917231335245034,0.0,1.0,1,0,0
pair_045_ba_right,pair_045,4ed837dc950b1112df7d50d13c344b41bbfa64c6308b29f4e6d740dc32c49d78ef14d184051d9b61b8a86e46714fa89053447e56019360646fba2fe51daa79aa,ba,right,common_voice_en_23610008.mp3,She has a half-brother and -sister named Mark and Claire.,common_voice_en_23610011.mp3,1.497,first,253,common_voice_en_23610007.mp3,2.854,changed,109,common_voice_en_23610007.mp3,2.854,changed,109,common_voice_en_23610011.mp3,first,ok,epoch=1-step=24679-v1.ckpt,cpu,changed,hit,0.9818173050880432,5.638351296965993e-08,changed,1,changed,1,1,hit,0.019337435311826724,0.021124977158334418,-0.76794748280828,0.76794748280828,0.0,0.020100502512562814,0.027917231335245034,0.0,1.0,1,0,0
pair_046_ab_left,pair_046,4f7d8003ecde8b531425a66114dea855c47b1b3f20f5afe8f50a7b22cefe7fe592a31e109475dcd2f03a8dccd6a744b2a0079d3a5d3062df150ed372753c21df,ab,left,common_voice_en_20294782.mp3,He was almost sweetly sad tonight.,common_voice_en_20294778.mp3,2.837,state,655,common_voice_en_20294780.mp3,3.192,lives,381,common_voice_en_20294778.mp3,2.837,state,655,common_voice_en_20294780.mp3,lives,ok,epoch=1-step=24679-v1.ckpt,cpu,state,hit,0.9158120155334472,8.634708592580864e-08,state,1,state,1,1,hit,0.021257517152873873,0.020574164054851372,0.2838067936534119,0.2838067936534119,0.10050251256281408,0.01507537688442211,0.027672459484116337,0.005025125628140704,1.0,1,0,0
pair_046_ab_right,pair_046,4f7d8003ecde8b531425a66114dea855c47b1b3f20f5afe8f50a7b22cefe7fe592a31e109475dcd2f03a8dccd6a744b2a0079d3a5d3062df150ed372753c21df,ab,right,common_voice_en_20294782.mp3,He was almost sweetly sad tonight.,common_voice_en_20294778.mp3,2.837,state,655,common_voice_en_20294780.mp3,3.192,lives,381,common_voice_en_20294780.mp3,3.192,lives,381,common_voice_en_20294778.mp3,state,ok,epoch=1-step=24679-v1.ckpt,cpu,lives,hit,0.4985197484493255,2.2587512376048835e-06,lives,1,lives,1,1,hit,0.020574164054851372,0.021257517152873873,-0.28380679365341266,0.28380679365341266,0.01507537688442211,0.10050251256281408,0.027672459484116337,0.005025125628140704,1.0,1,0,0
pair_046_ba_left,pair_046,4f7d8003ecde8b531425a66114dea855c47b1b3f20f5afe8f50a7b22cefe7fe592a31e109475dcd2f03a8dccd6a744b2a0079d3a5d3062df150ed372753c21df,ba,left,common_voice_en_20294782.mp3,He was almost sweetly sad tonight.,common_voice_en_20294780.mp3,3.192,lives,381,common_voice_en_20294778.mp3,2.837,state,655,common_voice_en_20294780.mp3,3.192,lives,381,common_voice_en_20294778.mp3,state,ok,epoch=1-step=24679-v1.ckpt,cpu,lives,hit,0.3987369239330292,2.0590236999851186e-06,lives,1,lives,1,1,hit,0.020574164054851372,0.021257517152873873,-0.28380679365341266,0.28380679365341266,0.01507537688442211,0.10050251256281408,0.027672459484116337,0.005025125628140704,1.0,1,0,0
pair_046_ba_right,pair_046,4f7d8003ecde8b531425a66114dea855c47b1b3f20f5afe8f50a7b22cefe7fe592a31e109475dcd2f03a8dccd6a744b2a0079d3a5d3062df150ed372753c21df,ba,right,common_voice_en_20294782.mp3,He was almost sweetly sad tonight.,common_voice_en_20294780.mp3,3.192,lives,381,common_voice_en_20294778.mp3,2.837,state,655,common_voice_en_20294778.mp3,2.837,state,655,common_voice_en_20294780.mp3,lives,ok,epoch=1-step=24679-v1.ckpt,cpu,state,hit,0.89641273021698,9.668642775295667e-08,state,1,state,1,1,hit,0.021257517152873873,0.020574164054851372,0.2838067936534119,0.2838067936534119,0.10050251256281408,0.01507537688442211,0.027672459484116337,0.005025125628140704,1.0,1,0,0
pair_047_ab_left,pair_047,50475c1f484e6dcdf24a902ff49459df5479bc81bc50dbd2a06f4ca464399baf1366b2f70eb2791f97169ad5ef3b088a2d3fa428fd8171f51347e31ac481413d,ab,left,common_voice_en_18584783.mp3,Be careful of bitcoin Ponzi schemes.,common_voice_en_18584789.mp3,1.379,would,788,common_voice_en_18584790.mp3,1.967,spent,648,common_voice_en_18584789.mp3,1.379,would,788,common_voice_en_18584790.mp3,spent,ok,epoch=1-step=24679-v1.ckpt,cpu,although,other,0.0300739705562591,0.000133260138682,people,0,although,0,0,baseline_and_dichotic_error,0.02111957215189292,0.02218396565091522,-0.42708136534557506,0.42708136534557506,0.4120603015075377,0.24120603015075376,0.030760313288295135,0.3165829145728643,0.3076923076923077,0,1,4
pair_047_ab_right,pair_047,50475c1f484e6dcdf24a902ff49459df5479bc81bc50dbd2a06f4ca464399baf1366b2f70eb2791f97169ad5ef3b088a2d3fa428fd8171f51347e31ac481413d,ab,right,common_voice_en_18584783.mp3,Be careful of bitcoin Ponzi schemes.,common_voice_en_18584789.mp3,1.379,would,788,common_voice_en_18584790.mp3,1.967,spent,648,common_voice_en_18584790.mp3,1.967,spent,648,common_voice_en_18584789.mp3,would,ok,epoch=1-step=24679-v1.ckpt,cpu,continued,other,0.1978641599416732,0.0067346249707043,continues,0,spent,1,0,dichotic_specific_error,0.02218396565091522,0.02111957215189292,0.4270813653455741,0.4270813653455741,0.24120603015075376,0.4120603015075377,0.030760313288295135,0.3165829145728643,0.2857142857142857,0,0,4
pair_047_ba_left,pair_047,50475c1f484e6dcdf24a902ff49459df5479bc81bc50dbd2a06f4ca464399baf1366b2f70eb2791f97169ad5ef3b088a2d3fa428fd8171f51347e31ac481413d,ba,left,common_voice_en_18584783.mp3,Be careful of bitcoin Ponzi schemes.,common_voice_en_18584790.mp3,1.967,spent,648,common_voice_en_18584789.mp3,1.379,would,788,common_voice_en_18584790.mp3,1.967,spent,648,common_voice_en_18584789.mp3,would,ok,epoch=1-step=24679-v1.ckpt,cpu,continued,other,0.0634503439068794,0.0067566083744168,spent,1,spent,1,0,dichotic_specific_error,0.02218396565091522,0.02111957215189292,0.4270813653455741,0.4270813653455741,0.24120603015075376,0.4120603015075377,0.030760313288295135,0.3165829145728643,0.2857142857142857,0,0,4
pair_047_ba_right,pair_047,50475c1f484e6dcdf24a902ff49459df5479bc81bc50dbd2a06f4ca464399baf1366b2f70eb2791f97169ad5ef3b088a2d3fa428fd8171f51347e31ac481413d,ba,right,common_voice_en_18584783.mp3,Be careful of bitcoin Ponzi schemes.,common_voice_en_18584790.mp3,1.967,spent,648,common_voice_en_18584789.mp3,1.379,would,788,common_voice_en_18584789.mp3,1.379,would,788,common_voice_en_18584790.mp3,spent,ok,epoch=1-step=24679-v1.ckpt,cpu,although,other,0.0210113413631916,5.116183729114709e-06,although,0,although,0,0,baseline_and_dichotic_error,0.02111957215189292,0.02218396565091522,-0.42708136534557506,0.42708136534557506,0.4120603015075377,0.24120603015075376,0.030760313288295135,0.3165829145728643,0.3076923076923077,0,1,4
pair_048_ab_left,pair_048,51ae697fce5d6e0c1a98b8ee3da53ce279c3ba2198e11bb4879c9b382ce3a6d06b3ff1e6fc239bb45e7dc896e2c265794f8aca15db492923d1db1bd99af9140b,ab,left,common_voice_en_20410126.mp3,"Scotland has also registration counties, which are in current use.",common_voice_en_20410127.mp3,3.099,these,703,common_voice_en_20410142.mp3,1.874,later,363,common_voice_en_20410127.mp3,3.099,these,703,common_voice_en_20410142.mp3,later,ok,epoch=1-step=24679-v1.ckpt,cpu,these,hit,0.4808032512664795,3.1535451853415e-05,these,1,these,1,1,hit,0.021533430427177782,0.021716608375000352,-0.07357556185225363,0.07357556185225363,0.0,0.0,0.027180825259578142,0.0,1.0,1,0,0
pair_048_ab_right,pair_048,51ae697fce5d6e0c1a98b8ee3da53ce279c3ba2198e11bb4879c9b382ce3a6d06b3ff1e6fc239bb45e7dc896e2c265794f8aca15db492923d1db1bd99af9140b,ab,right,common_voice_en_20410126.mp3,"Scotland has also registration counties, which are in current use.",common_voice_en_20410127.mp3,3.099,these,703,common_voice_en_20410142.mp3,1.874,later,363,common_voice_en_20410142.mp3,1.874,later,363,common_voice_en_20410127.mp3,these,ok,epoch=1-step=24679-v1.ckpt,cpu,later,hit,0.6652155518531799,1.0489408168723455e-06,later,1,later,1,1,hit,0.021716608375000352,0.021533430427177782,0.07357556185225336,0.07357556185225336,0.0,0.0,0.027180825259578142,0.0,1.0,1,0,0
pair_048_ba_left,pair_048,51ae697fce5d6e0c1a98b8ee3da53ce279c3ba2198e11bb4879c9b382ce3a6d06b3ff1e6fc239bb45e7dc896e2c265794f8aca15db492923d1db1bd99af9140b,ba,left,common_voice_en_20410126.mp3,"Scotland has also registration counties, which are in current use.",common_voice_en_20410142.mp3,1.874,later,363,common_voice_en_20410127.mp3,3.099,these,703,common_voice_en_20410142.mp3,1.874,later,363,common_voice_en_20410127.mp3,these,ok,epoch=1-step=24679-v1.ckpt,cpu,later,hit,0.5114226937294006,1.4837365824860171e-06,later,1,later,1,1,hit,0.021716608375000352,0.021533430427177782,0.07357556185225336,0.07357556185225336,0.0,0.0,0.027180825259578142,0.0,1.0,1,0,0
pair_048_ba_right,pair_048,51ae697fce5d6e0c1a98b8ee3da53ce279c3ba2198e11bb4879c9b382ce3a6d06b3ff1e6fc239bb45e7dc896e2c265794f8aca15db492923d1db1bd99af9140b,ba,right,common_voice_en_20410126.mp3,"Scotland has also registration counties, which are in current use.",common_voice_en_20410142.mp3,1.874,later,363,common_voice_en_20410127.mp3,3.099,these,703,common_voice_en_20410127.mp3,3.099,these,703,common_voice_en_20410142.mp3,later,ok,epoch=1-step=24679-v1.ckpt,cpu,these,hit,0.2593758106231689,0.0002659487945493,these,1,these,1,1,hit,0.021533430427177782,0.021716608375000352,-0.07357556185225363,0.07357556185225363,0.0,0.0,0.027180825259578142,0.0,1.0,1,0,0
pair_049_ab_left,pair_049,5633df4160c8d2cb8153643874cdac4e2aea1fd117d0bae745824e14eb719cb714a3404165b3cb132afd4061371bbca1fc70a294a85babc553fe547bef1fcb0f,ab,left,common_voice_en_19677467.mp3,"May he be damned, damned, damned!",common_voice_en_19677890.mp3,2.095,world,787,common_voice_en_19678606.mp3,2.656,rights,587,common_voice_en_19677890.mp3,2.095,world,787,common_voice_en_19678606.mp3,rights,ok,epoch=1-step=24679-v1.ckpt,cpu,world,hit,0.9626480937004088,1.5543150100327807e-09,world,1,world,1,1,hit,0.01668889347777136,0.020124074420684705,-1.6257674414518815,1.6257674414518815,0.40703517587939697,0.020100502512562814,0.0281137951447332,0.18090452261306533,1.0,1,0,0
pair_049_ab_right,pair_049,5633df4160c8d2cb8153643874cdac4e2aea1fd117d0bae745824e14eb719cb714a3404165b3cb132afd4061371bbca1fc70a294a85babc553fe547bef1fcb0f,ab,right,common_voice_en_19677467.mp3,"May he be damned, damned, damned!",common_voice_en_19677890.mp3,2.095,world,787,common_voice_en_19678606.mp3,2.656,rights,587,common_voice_en_19678606.mp3,2.656,rights,587,common_voice_en_19677890.mp3,world,ok,epoch=1-step=24679-v1.ckpt,cpu,rights,hit,0.693819522857666,0.0012960380408912,rights,1,rights,1,1,hit,0.020124074420684705,0.01668889347777136,1.625767441451881,1.625767441451881,0.020100502512562814,0.40703517587939697,0.0281137951447332,0.18090452261306533,1.0,1,0,0
pair_049_ba_left,pair_049,5633df4160c8d2cb8153643874cdac4e2aea1fd117d0bae745824e14eb719cb714a3404165b3cb132afd4061371bbca1fc70a294a85babc553fe547bef1fcb0f,ba,left,common_voice_en_19677467.mp3,"May he be damned, damned, damned!",common_voice_en_19678606.mp3,2.656,rights,587,common_voice_en_19677890.mp3,2.095,world,787,common_voice_en_19678606.mp3,2.656,rights,587,common_voice_en_19677890.mp3,world,ok,epoch=1-step=24679-v1.ckpt,cpu,rights,hit,0.7326732873916626,0.0001226439781021,rights,1,rights,1,1,hit,0.020124074420684705,0.01668889347777136,1.625767441451881,1.625767441451881,0.020100502512562814,0.40703517587939697,0.0281137951447332,0.18090452261306533,1.0,1,0,0
pair_049_ba_right,pair_049,5633df4160c8d2cb8153643874cdac4e2aea1fd117d0bae745824e14eb719cb714a3404165b3cb132afd4061371bbca1fc70a294a85babc553fe547bef1fcb0f,ba,right,common_voice_en_19677467.mp3,"May he be damned, damned, damned!",common_voice_en_19678606.mp3,2.656,rights,587,common_voice_en_19677890.mp3,2.095,world,787,common_voice_en_19677890.mp3,2.095,world,787,common_voice_en_19678606.mp3,rights,ok,epoch=1-step=24679-v1.ckpt,cpu,world,hit,0.9545869827270508,4.3678689110038256e-08,world,1,world,1,1,hit,0.01668889347777136,0.020124074420684705,-1.6257674414518815,1.6257674414518815,0.40703517587939697,0.020100502512562814,0.0281137951447332,0.18090452261306533,1.0,1,0,0
pair_050_ab_left,pair_050,59d1ec8273b815b11651211b336ef43cf0642924d7c72208fc1f15e8b4f4ccf0b046b7152bfb4a9378b7b8f740a38238a92da4f710d9f8bd93aa01a2cf5a07fd,ab,left,common_voice_en_101798.mp3,Now his intuition was that he had been right in coming.,common_voice_en_101797.mp3,2.115,other,479,common_voice_en_101807.mp3,3.184,going,289,common_voice_en_101797.mp3,2.115,other,479,common_voice_en_101807.mp3,going,ok,epoch=1-step=24679-v1.ckpt,cpu,rather,other,0.0443473644554615,6.068236757528211e-07,rather,0,another,0,0,baseline_and_dichotic_error,0.021378239027719695,0.019183700888818798,0.9407906849544676,0.9407906849544676,0.4120603015075377,0.03015075376884422,0.027410959513788538,0.09045226130653267,0.7272727272727273,0,0,2
pair_050_ab_right,pair_050,59d1ec8273b815b11651211b336ef43cf0642924d7c72208fc1f15e8b4f4ccf0b046b7152bfb4a9378b7b8f740a38238a92da4f710d9f8bd93aa01a2cf5a07fd,ab,right,common_voice_en_101798.mp3,Now his intuition was that he had been right in coming.,common_voice_en_101797.mp3,2.115,other,479,common_voice_en_101807.mp3,3.184,going,289,common_voice_en_101807.mp3,3.184,going,289,common_voice_en_101797.mp3,other,ok,epoch=1-step=24679-v1.ckpt,cpu,going,hit,0.8425924181938171,1.339543700851209e-06,going,1,going,1,1,hit,0.019183700888818798,0.021378239027719695,-0.9407906849544676,0.9407906849544676,0.03015075376884422,0.4120603015075377,0.027410959513788538,0.09045226130653267,1.0,1,0,2
pair_050_ba_left,pair_050,59d1ec8273b815b11651211b336ef43cf0642924d7c72208fc1f15e8b4f4ccf0b046b7152bfb4a9378b7b8f740a38238a92da4f710d9f8bd93aa01a2cf5a07fd,ba,left,common_voice_en_101798.mp3,Now his intuition was that he had been right in coming.,common_voice_en_101807.mp3,3.184,going,289,common_voice_en_101797.mp3,2.115,other,479,common_voice_en_101807.mp3,3.184,going,289,common_voice_en_101797.mp3,other,ok,epoch=1-step=24679-v1.ckpt,cpu,going,hit,0.6909282207489014,8.700961302565702e-07,going,1,going,1,1,hit,0.019183700888818798,0.021378239027719695,-0.9407906849544676,0.9407906849544676,0.03015075376884422,0.4120603015075377,0.027410959513788538,0.09045226130653267,1.0,1,0,2
pair_050_ba_right,pair_050,59d1ec8273b815b11651211b336ef43cf0642924d7c72208fc1f15e8b4f4ccf0b046b7152bfb4a9378b7b8f740a38238a92da4f710d9f8bd93aa01a2cf5a07fd,ba,right,common_voice_en_101798.mp3,Now his intuition was that he had been right in coming.,common_voice_en_101807.mp3,3.184,going,289,common_voice_en_101797.mp3,2.115,other,479,common_voice_en_101797.mp3,2.115,other,479,common_voice_en_101807.mp3,going,ok,epoch=1-step=24679-v1.ckpt,cpu,rather,other,0.111137107014656,4.672800514526898e-06,never,0,another,0,0,baseline_and_dichotic_error,0.021378239027719695,0.019183700888818798,0.9407906849544676,0.9407906849544676,0.4120603015075377,0.03015075376884422,0.027410959513788538,0.09045226130653267,0.7272727272727273,0,0,2
pair_051_ab_left,pair_051,5d21be2c97f8382dc29df69ebc0d225a6093b1b6434375c351ac7a16473f719c42912843a979f453209beb29e09dcabc85e38441662b48f56d57682cf8bf0c54,ab,left,common_voice_en_23753860.mp3,Nawab Asadu'llah Khan.,common_voice_en_23753858.mp3,1.444,can't,92,common_voice_en_23753861.mp3,2.346,countries,158,common_voice_en_23753858.mp3,1.444,can't,92,common_voice_en_23753861.mp3,countries,ok,epoch=1-step=24679-v1.ckpt,cpu,because,other,0.0164234414696693,1.3409081475401765e-05,because,0,because,0,0,baseline_and_dichotic_error,0.020550902388991432,0.017178042297636767,1.5571445740812835,1.5571445740812835,0.035175879396984924,0.03015075376884422,0.02669022714949973,0.11557788944723618,0.3333333333333333,0,1,4
pair_051_ab_right,pair_051,5d21be2c97f8382dc29df69ebc0d225a6093b1b6434375c351ac7a16473f719c42912843a979f453209beb29e09dcabc85e38441662b48f56d57682cf8bf0c54,ab,right,common_voice_en_23753860.mp3,Nawab Asadu'llah Khan.,common_voice_en_23753858.mp3,1.444,can't,92,common_voice_en_23753861.mp3,2.346,countries,158,common_voice_en_23753861.mp3,2.346,countries,158,common_voice_en_23753858.mp3,can't,ok,epoch=1-step=24679-v1.ckpt,cpu,languages,other,0.0090589905157685,4.123792678001337e-05,languages,0,languages,0,0,baseline_and_dichotic_error,0.017178042297636767,0.020550902388991432,-1.5571445740812828,1.5571445740812828,0.03015075376884422,0.035175879396984924,0.02669022714949973,0.11557788944723618,0.3333333333333333,0,1,4
pair_051_ba_left,pair_051,5d21be2c97f8382dc29df69ebc0d225a6093b1b6434375c351ac7a16473f719c42912843a979f453209beb29e09dcabc85e38441662b48f56d57682cf8bf0c54,ba,left,common_voice_en_23753860.mp3,Nawab Asadu'llah Khan.,common_voice_en_23753861.mp3,2.346,countries,158,common_voice_en_23753858.mp3,1.444,can't,92,common_voice_en_23753861.mp3,2.346,countries,158,common_voice_en_23753858.mp3,can't,ok,epoch=1-step=24679-v1.ckpt,cpu,languages,other,0.0301223024725914,5.771920768893324e-05,languages,0,languages,0,0,baseline_and_dichotic_error,0.017178042297636767,0.020550902388991432,-1.5571445740812828,1.5571445740812828,0.03015075376884422,0.035175879396984924,0.02669022714949973,0.11557788944723618,0.3333333333333333,0,1,4
pair_051_ba_right,pair_051,5d21be2c97f8382dc29df69ebc0d225a6093b1b6434375c351ac7a16473f719c42912843a979f453209beb29e09dcabc85e38441662b48f56d57682cf8bf0c54,ba,right,common_voice_en_23753860.mp3,Nawab Asadu'llah Khan.,common_voice_en_23753861.mp3,2.346,countries,158,common_voice_en_23753858.mp3,1.444,can't,92,common_voice_en_23753858.mp3,1.444,can't,92,common_voice_en_23753861.mp3,countries,ok,epoch=1-step=24679-v1.ckpt,cpu,because,other,0.0140791740268468,1.783203515515197e-05,because,0,because,0,0,baseline_and_dichotic_error,0.020550902388991432,0.017178042297636767,1.5571445740812835,1.5571445740812835,0.035175879396984924,0.03015075376884422,0.02669022714949973,0.11557788944723618,0.3333333333333333,0,1,4
pair_052_ab_left,pair_052,5f1ac7acdb1c298f8d3596914c5eb6d088362e5360bd2554929e56f58933221f6dfe2a3490acf0fb1145ad922d371738bfd0640383ecdd947ea1a8ca00f3cac2,ab,left,common_voice_en_20037193.mp3,The religious ceremony took place in the Saint Mary Cathedral in Burgos.,common_voice_en_20037194.mp3,3.258,current,170,common_voice_en_20037197.mp3,1.582,attended,48,common_voice_en_20037194.mp3,3.258,current,170,common_voice_en_20037197.mp3,attended,ok,epoch=1-step=24679-v1.ckpt,cpu,current,hit,0.3234531879425049,1.030057046591537e-05,current,1,current,1,1,hit,0.021353158511557224,0.02217763648182275,-0.32906273207437753,0.32906273207437753,0.1708542713567839,0.2562814070351759,0.02860599021151287,0.07035175879396985,1.0,1,0,0
pair_052_ab_right,pair_052,5f1ac7acdb1c298f8d3596914c5eb6d088362e5360bd2554929e56f58933221f6dfe2a3490acf0fb1145ad922d371738bfd0640383ecdd947ea1a8ca00f3cac2,ab,right,common_voice_en_20037193.mp3,The religious ceremony took place in the Saint Mary Cathedral in Burgos.,common_voice_en_20037194.mp3,3.258,current,170,common_voice_en_20037197.mp3,1.582,attended,48,common_voice_en_20037197.mp3,1.582,attended,48,common_voice_en_20037194.mp3,current,ok,epoch=1-step=24679-v1.ckpt,cpu,attended,hit,0.9998005032539368,9.191369887417975e-10,attended,1,attended,1,1,hit,0.02217763648182275,0.021353158511557224,0.32906273207437764,0.32906273207437764,0.2562814070351759,0.1708542713567839,0.02860599021151287,0.07035175879396985,1.0,1,0,0
pair_052_ba_left,pair_052,5f1ac7acdb1c298f8d3596914c5eb6d088362e5360bd2554929e56f58933221f6dfe2a3490acf0fb1145ad922d371738bfd0640383ecdd947ea1a8ca00f3cac2,ba,left,common_voice_en_20037193.mp3,The religious ceremony took place in the Saint Mary Cathedral in Burgos.,common_voice_en_20037197.mp3,1.582,attended,48,common_voice_en_20037194.mp3,3.258,current,170,common_voice_en_20037197.mp3,1.582,attended,48,common_voice_en_20037194.mp3,current,ok,epoch=1-step=24679-v1.ckpt,cpu,attended,hit,0.999920129776001,2.544592314634997e-10,attended,1,attended,1,1,hit,0.02217763648182275,0.021353158511557224,0.32906273207437764,0.32906273207437764,0.2562814070351759,0.1708542713567839,0.02860599021151287,0.07035175879396985,1.0,1,0,0
pair_052_ba_right,pair_052,5f1ac7acdb1c298f8d3596914c5eb6d088362e5360bd2554929e56f58933221f6dfe2a3490acf0fb1145ad922d371738bfd0640383ecdd947ea1a8ca00f3cac2,ba,right,common_voice_en_20037193.mp3,The religious ceremony took place in the Saint Mary Cathedral in Burgos.,common_voice_en_20037197.mp3,1.582,attended,48,common_voice_en_20037194.mp3,3.258,current,170,common_voice_en_20037194.mp3,3.258,current,170,common_voice_en_20037197.mp3,attended,ok,epoch=1-step=24679-v1.ckpt,cpu,current,hit,0.6588470935821533,4.945361797581427e-05,current,1,current,1,1,hit,0.021353158511557224,0.02217763648182275,-0.32906273207437753,0.32906273207437753,0.1708542713567839,0.2562814070351759,0.02860599021151287,0.07035175879396985,1.0,1,0,0
pair_053_ab_left,pair_053,64bd37c8bf7fe5ffa68ebfc665ce8d7e5abcb8955a4ecd457427561fee1b6af1f746fce2b342d9c99a21d2068fc6195b07cc7f5aeb30f1a9f728fcdfd36f9742,ab,left,common_voice_en_222098.mp3,I won't say anything.,common_voice_en_222100.mp3,3.505,would,788,common_voice_en_222103.mp3,1.732,decided,176,common_voice_en_222100.mp3,3.505,would,788,common_voice_en_222103.mp3,decided,ok,epoch=1-step=24679-v1.ckpt,cpu,within,other,0.1087855696678161,0.0002205263881478,within,0,would,1,0,dichotic_specific_error,0.021703581912676705,0.021539378366719212,0.06596499056711175,0.06596499056711175,0.0,0.0,0.03157675389364302,0.0,0.18181818181818182,0,0,2
pair_053_ab_right,pair_053,64bd37c8bf7fe5ffa68ebfc665ce8d7e5abcb8955a4ecd457427561fee1b6af1f746fce2b342d9c99a21d2068fc6195b07cc7f5aeb30f1a9f728fcdfd36f9742,ab,right,common_voice_en_222098.mp3,I won't say anything.,common_voice_en_222100.mp3,3.505,would,788,common_voice_en_222103.mp3,1.732,decided,176,common_voice_en_222103.mp3,1.732,decided,176,common_voice_en_222100.mp3,would,ok,epoch=1-step=24679-v1.ckpt,cpu,decided,hit,0.9990692734718324,7.739491820757394e-07,decided,1,decided,1,1,hit,0.021539378366719212,0.021703581912676705,-0.06596499056711241,0.06596499056711241,0.0,0.0,0.03157675389364302,0.0,1.0,1,0,2
pair_053_ba_left,pair_053,64bd37c8bf7fe5ffa68ebfc665ce8d7e5abcb8955a4ecd457427561fee1b6af1f746fce2b342d9c99a21d2068fc6195b07cc7f5aeb30f1a9f728fcdfd36f9742,ba,left,common_voice_en_222098.mp3,I won't say anything.,common_voice_en_222103.mp3,1.732,decided,176,common_voice_en_222100.mp3,3.505,would,788,common_voice_en_222103.mp3,1.732,decided,176,common_voice_en_222100.mp3,would,ok,epoch=1-step=24679-v1.ckpt,cpu,decided,hit,0.998219668865204,3.324981207697419e-06,decided,1,decided,1,1,hit,0.021539378366719212,0.021703581912676705,-0.06596499056711241,0.06596499056711241,0.0,0.0,0.03157675389364302,0.0,1.0,1,0,2
pair_053_ba_right,pair_053,64bd37c8bf7fe5ffa68ebfc665ce8d7e5abcb8955a4ecd457427561fee1b6af1f746fce2b342d9c99a21d2068fc6195b07cc7f5aeb30f1a9f728fcdfd36f9742,ba,right,common_voice_en_222098.mp3,I won't say anything.,common_voice_en_222103.mp3,1.732,decided,176,common_voice_en_222100.mp3,3.505,would,788,common_voice_en_222100.mp3,3.505,would,788,common_voice_en_222103.mp3,decided,ok,epoch=1-step=24679-v1.ckpt,cpu,within,other,0.0543058142066001,0.0001120538654504,would,1,would,1,0,dichotic_specific_error,0.021703581912676705,0.021539378366719212,0.06596499056711175,0.06596499056711175,0.0,0.0,0.03157675389364302,0.0,0.18181818181818182,0,0,2
pair_054_ab_left,pair_054,6dca5c769f1b6c8fe708ec3f25bfdd5794038b5f55652747e6229200eeca682b15493a35c943ac8762b3146475de16553984275d6056120afd45bb5959930511,ab,left,common_voice_en_22606944.mp3,"Universal Pictures has a ""Policy Regarding Tobacco Depictions in Films"".",common_voice_en_22606945.mp3,1.865,church,121,common_voice_en_22606976.mp3,3.042,black,71,common_voice_en_22606945.mp3,1.865,church,121,common_voice_en_22606976.mp3,black,ok,epoch=1-step=24679-v1.ckpt,cpu,church,hit,0.9994189739227296,9.869205279400271e-12,church,1,church,1,1,hit,0.02086683827273621,0.020591375323112403,0.11542590878111139,0.11542590878111139,0.07035175879396985,0.1306532663316583,0.03065155110486621,0.07537688442211055,1.0,1,0,1
pair_054_ab_right,pair_054,6dca5c769f1b6c8fe708ec3f25bfdd5794038b5f55652747e6229200eeca682b15493a35c943ac8762b3146475de16553984275d6056120afd45bb5959930511,ab,right,common_voice_en_22606944.mp3,"Universal Pictures has a ""Policy Regarding Tobacco Depictions in Films"".",common_voice_en_22606945.mp3,1.865,church,121,common_voice_en_22606976.mp3,3.042,black,71,common_voice_en_22606976.mp3,3.042,black,71,common_voice_en_22606945.mp3,church,ok,epoch=1-step=24679-v1.ckpt,cpu,nothing,other,0.2417235225439071,1.578756325670838e-08,working,0,black,1,0,dichotic_specific_error,0.020591375323112403,0.02086683827273621,-0.11542590878111082,0.11542590878111082,0.1306532663316583,0.07035175879396985,0.03065155110486621,0.07537688442211055,0.0,0,0,1
pair_054_ba_left,pair_054,6dca5c769f1b6c8fe708ec3f25bfdd5794038b5f55652747e6229200eeca682b15493a35c943ac8762b3146475de16553984275d6056120afd45bb5959930511,ba,left,common_voice_en_22606944.mp3,"Universal Pictures has a ""Policy Regarding Tobacco Depictions in Films"".",common_voice_en_22606976.mp3,3.042,black,71,common_voice_en_22606945.mp3,1.865,church,121,common_voice_en_22606976.mp3,3.042,black,71,common_voice_en_22606945.mp3,church,ok,epoch=1-step=24679-v1.ckpt,cpu,black,hit,0.5776411294937134,1.0995984922601565e-07,black,1,black,1,1,hit,0.020591375323112403,0.02086683827273621,-0.11542590878111082,0.11542590878111082,0.1306532663316583,0.07035175879396985,0.03065155110486621,0.07537688442211055,1.0,1,0,1
pair_054_ba_right,pair_054,6dca5c769f1b6c8fe708ec3f25bfdd5794038b5f55652747e6229200eeca682b15493a35c943ac8762b3146475de16553984275d6056120afd45bb5959930511,ba,right,common_voice_en_22606944.mp3,"Universal Pictures has a ""Policy Regarding Tobacco Depictions in Films"".",common_voice_en_22606976.mp3,3.042,black,71,common_voice_en_22606945.mp3,1.865,church,121,common_voice_en_22606945.mp3,1.865,church,121,common_voice_en_22606976.mp3,black,ok,epoch=1-step=24679-v1.ckpt,cpu,church,hit,0.9988166093826294,5.864465597166246e-12,church,1,church,1,1,hit,0.02086683827273621,0.020591375323112403,0.11542590878111139,0.11542590878111139,0.07035175879396985,0.1306532663316583,0.03065155110486621,0.07537688442211055,1.0,1,0,1
pair_055_ab_left,pair_055,7204cb22c75d8716f50b8f0cd23224e559bb94b6a7dc38bbb9f7561c1903fbe3a35b43976fdf1cc4019ea2472026a5cd911b39a241abf0f8902e2d2d52bc7967,ab,left,common_voice_en_24784486.mp3,Pigeon Lake empties into Lake Michigan through a channel protected by two piers.,common_voice_en_24860588.mp3,1.842,generally,282,common_voice_en_24860604.mp3,2.578,river,588,common_voice_en_24860588.mp3,1.842,generally,282,common_voice_en_24860604.mp3,river,ok,epoch=1-step=24679-v1.ckpt,cpu,generally,hit,0.998740255832672,1.3717327621010078e-11,generally,1,generally,1,1,hit,0.021703914810146604,0.01643383927788715,2.4159808166170618,2.4159808166170618,0.02512562814070352,0.035175879396984924,0.030010835281338036,0.08040201005025126,1.0,1,0,0
pair_055_ab_right,pair_055,7204cb22c75d8716f50b8f0cd23224e559bb94b6a7dc38bbb9f7561c1903fbe3a35b43976fdf1cc4019ea2472026a5cd911b39a241abf0f8902e2d2d52bc7967,ab,right,common_voice_en_24784486.mp3,Pigeon Lake empties into Lake Michigan through a channel protected by two piers.,common_voice_en_24860588.mp3,1.842,generally,282,common_voice_en_24860604.mp3,2.578,river,588,common_voice_en_24860604.mp3,2.578,river,588,common_voice_en_24860588.mp3,generally,ok,epoch=1-step=24679-v1.ckpt,cpu,river,hit,0.9598092436790466,1.5355041682596493e-07,river,1,river,1,1,hit,0.01643383927788715,0.021703914810146604,-2.4159808166170613,2.4159808166170613,0.035175879396984924,0.02512562814070352,0.030010835281338036,0.08040201005025126,1.0,1,0,0
pair_055_ba_left,pair_055,7204cb22c75d8716f50b8f0cd23224e559bb94b6a7dc38bbb9f7561c1903fbe3a35b43976fdf1cc4019ea2472026a5cd911b39a241abf0f8902e2d2d52bc7967,ba,left,common_voice_en_24784486.mp3,Pigeon Lake empties into Lake Michigan through a channel protected by two piers.,common_voice_en_24860604.mp3,2.578,river,588,common_voice_en_24860588.mp3,1.842,generally,282,common_voice_en_24860604.mp3,2.578,river,588,common_voice_en_24860588.mp3,generally,ok,epoch=1-step=24679-v1.ckpt,cpu,river,hit,0.9865354895591736,1.6730234975170788e-08,river,1,river,1,1,hit,0.01643383927788715,0.021703914810146604,-2.4159808166170613,2.4159808166170613,0.035175879396984924,0.02512562814070352,0.030010835281338036,0.08040201005025126,1.0,1,0,0
pair_055_ba_right,pair_055,7204cb22c75d8716f50b8f0cd23224e559bb94b6a7dc38bbb9f7561c1903fbe3a35b43976fdf1cc4019ea2472026a5cd911b39a241abf0f8902e2d2d52bc7967,ba,right,common_voice_en_24784486.mp3,Pigeon Lake empties into Lake Michigan through a channel protected by two piers.,common_voice_en_24860604.mp3,2.578,river,588,common_voice_en_24860588.mp3,1.842,generally,282,common_voice_en_24860588.mp3,1.842,generally,282,common_voice_en_24860604.mp3,river,ok,epoch=1-step=24679-v1.ckpt,cpu,generally,hit,0.9992522597312928,2.4503571914580306e-12,generally,1,generally,1,1,hit,0.021703914810146604,0.01643383927788715,2.4159808166170618,2.4159808166170618,0.02512562814070352,0.035175879396984924,0.030010835281338036,0.08040201005025126,1.0,1,0,0
pair_056_ab_left,pair_056,72e66217363d6b05c8b839d9f0afe925d1fe25beeff3390d83c925b673612cc271aa920d3c4a60355b4774fa31d300ba6c9555cb09f2c344a9b79b0f76457a12,ab,left,common_voice_en_19717429.mp3,"With winter approaching, they headed north as quickly as possible.",common_voice_en_19745828.mp3,1.736,recent,561,common_voice_en_19745831.mp3,3.644,radio,550,common_voice_en_19745828.mp3,1.736,recent,561,common_voice_en_19745831.mp3,radio,ok,epoch=1-step=24679-v1.ckpt,cpu,recent,hit,0.9887264370918274,7.719015684415353e-07,recent,1,recent,1,1,hit,0.021196846525639718,0.019311761284566405,0.8089874186845357,0.8089874186845357,0.3015075376884422,0.02512562814070352,0.029796195721820188,0.44221105527638194,1.0,1,0,0
pair_056_ab_right,pair_056,72e66217363d6b05c8b839d9f0afe925d1fe25beeff3390d83c925b673612cc271aa920d3c4a60355b4774fa31d300ba6c9555cb09f2c344a9b79b0f76457a12,ab,right,common_voice_en_19717429.mp3,"With winter approaching, they headed north as quickly as possible.",common_voice_en_19745828.mp3,1.736,recent,561,common_voice_en_19745831.mp3,3.644,radio,550,common_voice_en_19745831.mp3,3.644,radio,550,common_voice_en_19745828.mp3,recent,ok,epoch=1-step=24679-v1.ckpt,cpu,radio,hit,0.9894028902053832,3.839855083204169e-12,radio,1,radio,1,1,hit,0.019311761284566405,0.021196846525639718,-0.8089874186845354,0.8089874186845354,0.02512562814070352,0.3015075376884422,0.029796195721820188,0.44221105527638194,1.0,1,0,0
pair_056_ba_left,pair_056,72e66217363d6b05c8b839d9f0afe925d1fe25beeff3390d83c925b673612cc271aa920d3c4a60355b4774fa31d300ba6c9555cb09f2c344a9b79b0f76457a12,ba,left,common_voice_en_19717429.mp3,"With winter approaching, they headed north as quickly as possible.",common_voice_en_19745831.mp3,3.644,radio,550,common_voice_en_19745828.mp3,1.736,recent,561,common_voice_en_19745831.mp3,3.644,radio,550,common_voice_en_19745828.mp3,recent,ok,epoch=1-step=24679-v1.ckpt,cpu,radio,hit,0.9923702478408812,2.669673371258341e-10,radio,1,radio,1,1,hit,0.019311761284566405,0.021196846525639718,-0.8089874186845354,0.8089874186845354,0.02512562814070352,0.3015075376884422,0.029796195721820188,0.44221105527638194,1.0,1,0,0
pair_056_ba_right,pair_056,72e66217363d6b05c8b839d9f0afe925d1fe25beeff3390d83c925b673612cc271aa920d3c4a60355b4774fa31d300ba6c9555cb09f2c344a9b79b0f76457a12,ba,right,common_voice_en_19717429.mp3,"With winter approaching, they headed north as quickly as possible.",common_voice_en_19745831.mp3,3.644,radio,550,common_voice_en_19745828.mp3,1.736,recent,561,common_voice_en_19745828.mp3,1.736,recent,561,common_voice_en_19745831.mp3,radio,ok,epoch=1-step=24679-v1.ckpt,cpu,recent,hit,0.9920876622200012,2.0215588847349863e-06,recent,1,recent,1,1,hit,0.021196846525639718,0.019311761284566405,0.8089874186845357,0.8089874186845357,0.3015075376884422,0.02512562814070352,0.029796195721820188,0.44221105527638194,1.0,1,0,0
pair_057_ab_left,pair_057,77bba7b1aea18c06c397d52f1045879eee840c40edfb614157fe5255a44443e40f5b02ba7e6f32b683814fb1738e474bbefb01441c258514ae4a266649e31560,ab,left,common_voice_en_19288896.mp3,It is an alloy of aluminium phosphide and gallium phosphide.,common_voice_en_19288899.mp3,2.272,under,740,common_voice_en_19288900.mp3,1.632,after,14,common_voice_en_19288899.mp3,2.272,under,740,common_voice_en_19288900.mp3,after,ok,epoch=1-step=24679-v1.ckpt,cpu,under,hit,0.4320796728134155,0.0012318450026214,southern,0,under,1,1,hit,0.021636936711453177,0.01934425098342801,0.9728771283693456,0.9728771283693456,0.0,0.22613065326633167,0.029785075268433357,0.0,1.0,1,0,0
pair_057_ab_right,pair_057,77bba7b1aea18c06c397d52f1045879eee840c40edfb614157fe5255a44443e40f5b02ba7e6f32b683814fb1738e474bbefb01441c258514ae4a266649e31560,ab,right,common_voice_en_19288896.mp3,It is an alloy of aluminium phosphide and gallium phosphide.,common_voice_en_19288899.mp3,2.272,under,740,common_voice_en_19288900.mp3,1.632,after,14,common_voice_en_19288900.mp3,1.632,after,14,common_voice_en_19288899.mp3,under,ok,epoch=1-step=24679-v1.ckpt,cpu,after,hit,0.6394609808921814,6.211394065758213e-05,after,1,after,1,1,hit,0.01934425098342801,0.021636936711453177,-0.9728771283693456,0.9728771283693456,0.22613065326633167,0.0,0.029785075268433357,0.0,1.0,1,0,0
pair_057_ba_left,pair_057,77bba7b1aea18c06c397d52f1045879eee840c40edfb614157fe5255a44443e40f5b02ba7e6f32b683814fb1738e474bbefb01441c258514ae4a266649e31560,ba,left,common_voice_en_19288896.mp3,It is an alloy of aluminium phosphide and gallium phosphide.,common_voice_en_19288900.mp3,1.632,after,14,common_voice_en_19288899.mp3,2.272,under,740,common_voice_en_19288900.mp3,1.632,after,14,common_voice_en_19288899.mp3,under,ok,epoch=1-step=24679-v1.ckpt,cpu,after,hit,0.6879114508628845,0.0001147409930126,enough,0,after,1,1,hit,0.01934425098342801,0.021636936711453177,-0.9728771283693456,0.9728771283693456,0.22613065326633167,0.0,0.029785075268433357,0.0,1.0,1,0,0
pair_057_ba_right,pair_057,77bba7b1aea18c06c397d52f1045879eee840c40edfb614157fe5255a44443e40f5b02ba7e6f32b683814fb1738e474bbefb01441c258514ae4a266649e31560,ba,right,common_voice_en_19288896.mp3,It is an alloy of aluminium phosphide and gallium phosphide.,common_voice_en_19288900.mp3,1.632,after,14,common_voice_en_19288899.mp3,2.272,under,740,common_voice_en_19288899.mp3,2.272,under,740,common_voice_en_19288900.mp3,after,ok,epoch=1-step=24679-v1.ckpt,cpu,under,hit,0.7770501971244812,0.0014120964333415,southern,0,under,1,1,hit,0.021636936711453177,0.01934425098342801,0.9728771283693456,0.9728771283693456,0.0,0.22613065326633167,0.029785075268433357,0.0,1.0,1,0,0
pair_058_ab_left,pair_058,7904790ea2596019d2296114d4d42a5192cd47eec95827aa6c0f183c5272ac00fa840b2dee6bfc798122d4118d00c92531b315a77379a140dbde4999f9bd0dbe,ab,left,common_voice_en_26979360.mp3,"However, Sodrel lost the Republican nomination to Bloomington attorney Todd Young.",common_voice_en_26979621.mp3,2.396,performance,493,common_voice_en_26979661.mp3,2.244,allowed,21,common_voice_en_26979621.mp3,2.396,performance,493,common_voice_en_26979661.mp3,allowed,ok,epoch=1-step=24679-v1.ckpt,cpu,performance,hit,0.8886495232582092,3.9754302072481096e-09,performance,1,performance,1,1,hit,0.021708744888453188,0.018413057432531195,1.4301761451529829,1.4301761451529829,0.04020100502512563,0.0,0.029329372577541677,0.0,1.0,1,0,0
pair_058_ab_right,pair_058,7904790ea2596019d2296114d4d42a5192cd47eec95827aa6c0f183c5272ac00fa840b2dee6bfc798122d4118d00c92531b315a77379a140dbde4999f9bd0dbe,ab,right,common_voice_en_26979360.mp3,"However, Sodrel lost the Republican nomination to Bloomington attorney Todd Young.",common_voice_en_26979621.mp3,2.396,performance,493,common_voice_en_26979661.mp3,2.244,allowed,21,common_voice_en_26979661.mp3,2.244,allowed,21,common_voice_en_26979621.mp3,performance,ok,epoch=1-step=24679-v1.ckpt,cpu,allowed,hit,0.4218306243419647,7.431705398630584e-06,while,0,allowed,1,1,hit,0.018413057432531195,0.021708744888453188,-1.430176145152984,1.430176145152984,0.0,0.04020100502512563,0.029329372577541677,0.0,1.0,1,0,0
pair_058_ba_left,pair_058,7904790ea2596019d2296114d4d42a5192cd47eec95827aa6c0f183c5272ac00fa840b2dee6bfc798122d4118d00c92531b315a77379a140dbde4999f9bd0dbe,ba,left,common_voice_en_26979360.mp3,"However, Sodrel lost the Republican nomination to Bloomington attorney Todd Young.",common_voice_en_26979661.mp3,2.244,allowed,21,common_voice_en_26979621.mp3,2.396,performance,493,common_voice_en_26979661.mp3,2.244,allowed,21,common_voice_en_26979621.mp3,performance,ok,epoch=1-step=24679-v1.ckpt,cpu,allowed,hit,0.5095025300979614,4.018151685158955e-06,allowed,1,allowed,1,1,hit,0.018413057432531195,0.021708744888453188,-1.430176145152984,1.430176145152984,0.0,0.04020100502512563,0.029329372577541677,0.0,1.0,1,0,0
pair_058_ba_right,pair_058,7904790ea2596019d2296114d4d42a5192cd47eec95827aa6c0f183c5272ac00fa840b2dee6bfc798122d4118d00c92531b315a77379a140dbde4999f9bd0dbe,ba,right,common_voice_en_26979360.mp3,"However, Sodrel lost the Republican nomination to Bloomington attorney Todd Young.",common_voice_en_26979661.mp3,2.244,allowed,21,common_voice_en_26979621.mp3,2.396,performance,493,common_voice_en_26979621.mp3,2.396,performance,493,common_voice_en_26979661.mp3,allowed,ok,epoch=1-step=24679-v1.ckpt,cpu,performance,hit,0.9549572467803956,4.022582444918043e-08,performance,1,performance,1,1,hit,0.021708744888453188,0.018413057432531195,1.4301761451529829,1.4301761451529829,0.04020100502512563,0.0,0.029329372577541677,0.0,1.0,1,0,0
pair_059_ab_left,pair_059,7cceb319ae44e50f61e053d3bfb87285f378285f3f48781f636d62a9d62a01e0943a2abcf10b733c0e4451842317a241889960d2d7eb8b6c0c6b862ec569a888,ab,left,common_voice_en_23750801.mp3,The classification of the galah was difficult.,common_voice_en_23750802.mp3,1.869,sister,626,common_voice_en_23750845.mp3,1.567,began,61,common_voice_en_23750802.mp3,1.869,sister,626,common_voice_en_23750845.mp3,began,ok,epoch=1-step=24679-v1.ckpt,cpu,sister,hit,0.0971368327736854,0.0002113348309649,before,0,sister,1,1,hit,0.021047857262912847,0.02235903899157581,-0.5249048682359441,0.5249048682359441,0.05527638190954774,0.135678391959799,0.031575253453741584,0.04020100502512563,1.0,1,0,0
pair_059_ab_right,pair_059,7cceb319ae44e50f61e053d3bfb87285f378285f3f48781f636d62a9d62a01e0943a2abcf10b733c0e4451842317a241889960d2d7eb8b6c0c6b862ec569a888,ab,right,common_voice_en_23750801.mp3,The classification of the galah was difficult.,common_voice_en_23750802.mp3,1.869,sister,626,common_voice_en_23750845.mp3,1.567,began,61,common_voice_en_23750845.mp3,1.567,began,61,common_voice_en_23750802.mp3,sister,ok,epoch=1-step=24679-v1.ckpt,cpu,began,hit,0.4804671108722687,1.5196800632111264e-05,again,0,began,1,1,hit,0.02235903899157581,0.021047857262912847,0.5249048682359453,0.5249048682359453,0.135678391959799,0.05527638190954774,0.031575253453741584,0.04020100502512563,1.0,1,0,0
pair_059_ba_left,pair_059,7cceb319ae44e50f61e053d3bfb87285f378285f3f48781f636d62a9d62a01e0943a2abcf10b733c0e4451842317a241889960d2d7eb8b6c0c6b862ec569a888,ba,left,common_voice_en_23750801.mp3,The classification of the galah was difficult.,common_voice_en_23750845.mp3,1.567,began,61,common_voice_en_23750802.mp3,1.869,sister,626,common_voice_en_23750845.mp3,1.567,began,61,common_voice_en_23750802.mp3,sister,ok,epoch=1-step=24679-v1.ckpt,cpu,began,hit,0.7215625643730164,1.9443225482973503e-06,division,0,began,1,1,hit,0.02235903899157581,0.021047857262912847,0.5249048682359453,0.5249048682359453,0.135678391959799,0.05527638190954774,0.031575253453741584,0.04020100502512563,1.0,1,0,0
pair_059_ba_right,pair_059,7cceb319ae44e50f61e053d3bfb87285f378285f3f48781f636d62a9d62a01e0943a2abcf10b733c0e4451842317a241889960d2d7eb8b6c0c6b862ec569a888,ba,right,common_voice_en_23750801.mp3,The classification of the galah was difficult.,common_voice_en_23750845.mp3,1.567,began,61,common_voice_en_23750802.mp3,1.869,sister,626,common_voice_en_23750802.mp3,1.869,sister,626,common_voice_en_23750845.mp3,began,ok,epoch=1-step=24679-v1.ckpt,cpu,sister,hit,0.1438070684671402,0.0003833646187558,sister,1,sister,1,1,hit,0.021047857262912847,0.02235903899157581,-0.5249048682359441,0.5249048682359441,0.05527638190954774,0.135678391959799,0.031575253453741584,0.04020100502512563,1.0,1,0,0
pair_060_ab_left,pair_060,83e383fc3bd5dd92c39954da6c23a08a08d0f2b5e68f7f30f58c0e1e9a8d449374ce26319b237da55a11a088d20194ef58d47f8b8765091b0f014d4c261c553d,ab,left,common_voice_en_20512041.mp3,It belongs to the tourist corridor of Los Blancos people.,common_voice_en_20512047.mp3,3.704,matter,403,common_voice_en_20512048.mp3,3.289,countries,158,common_voice_en_20512047.mp3,3.704,matter,403,common_voice_en_20512048.mp3,countries,ok,epoch=1-step=24679-v1.ckpt,cpu,matter,hit,0.3786947727203369,4.827752127312124e-05,matter,1,matter,1,1,hit,0.020132505276409012,0.019758831806587242,0.16273114384691503,0.16273114384691503,0.0,0.010050251256281407,0.029349614256975826,0.020100502512562814,1.0,1,0,0
pair_060_ab_right,pair_060,83e383fc3bd5dd92c39954da6c23a08a08d0f2b5e68f7f30f58c0e1e9a8d449374ce26319b237da55a11a088d20194ef58d47f8b8765091b0f014d4c261c553d,ab,right,common_voice_en_20512041.mp3,It belongs to the tourist corridor of Los Blancos people.,common_voice_en_20512047.mp3,3.704,matter,403,common_voice_en_20512048.mp3,3.289,countries,158,common_voice_en_20512048.mp3,3.289,countries,158,common_voice_en_20512047.mp3,matter,ok,epoch=1-step=24679-v1.ckpt,cpu,countries,hit,0.6312462091445923,3.459351916035302e-09,countries,1,countries,1,1,hit,0.019758831806587242,0.020132505276409012,-0.16273114384691428,0.16273114384691428,0.010050251256281407,0.0,0.029349614256975826,0.020100502512562814,1.0,1,0,0
pair_060_ba_left,pair_060,83e383fc3bd5dd92c39954da6c23a08a08d0f2b5e68f7f30f58c0e1e9a8d449374ce26319b237da55a11a088d20194ef58d47f8b8765091b0f014d4c261c553d,ba,left,common_voice_en_20512041.mp3,It belongs to the tourist corridor of Los Blancos people.,common_voice_en_20512048.mp3,3.289,countries,158,common_voice_en_20512047.mp3,3.704,matter,403,common_voice_en_20512048.mp3,3.289,countries,158,common_voice_en_20512047.mp3,matter,ok,epoch=1-step=24679-v1.ckpt,cpu,countries,hit,0.7313855886459351,1.0456763233079867e-09,countries,1,countries,1,1,hit,0.019758831806587242,0.020132505276409012,-0.16273114384691428,0.16273114384691428,0.010050251256281407,0.0,0.029349614256975826,0.020100502512562814,1.0,1,0,0
pair_060_ba_right,pair_060,83e383fc3bd5dd92c39954da6c23a08a08d0f2b5e68f7f30f58c0e1e9a8d449374ce26319b237da55a11a088d20194ef58d47f8b8765091b0f014d4c261c553d,ba,right,common_voice_en_20512041.mp3,It belongs to the tourist corridor of Los Blancos people.,common_voice_en_20512048.mp3,3.289,countries,158,common_voice_en_20512047.mp3,3.704,matter,403,common_voice_en_20512047.mp3,3.704,matter,403,common_voice_en_20512048.mp3,countries,ok,epoch=1-step=24679-v1.ckpt,cpu,matter,hit,0.4682813286781311,5.412744576460682e-05,matter,1,matter,1,1,hit,0.020132505276409012,0.019758831806587242,0.16273114384691503,0.16273114384691503,0.0,0.010050251256281407,0.029349614256975826,0.020100502512562814,1.0,1,0,0
pair_061_ab_left,pair_061,8514fee6e9a358e2d4b664105d2efd1f0c0062b3a7b3ad532d442d52a341932a77bd95f66db77a764a74553992292a7cf60057f9b7726c11923911003900231c,ab,left,common_voice_en_21892992.mp3,So I guess that's the inspiration-the hope that that happens to someone someday.,common_voice_en_21892990.mp3,2.045,often,469,common_voice_en_21892991.mp3,1.396,would,788,common_voice_en_21892990.mp3,2.045,often,469,common_voice_en_21892991.mp3,would,ok,epoch=1-step=24679-v1.ckpt,cpu,often,hit,0.1995498090982437,0.0002757648762781,often,1,often,1,1,hit,0.021094641384573547,0.02218500696859102,-0.43774845659616524,0.43774845659616524,0.09045226130653267,0.1407035175879397,0.026789804979231568,0.03015075376884422,1.0,1,0,0
pair_061_ab_right,pair_061,8514fee6e9a358e2d4b664105d2efd1f0c0062b3a7b3ad532d442d52a341932a77bd95f66db77a764a74553992292a7cf60057f9b7726c11923911003900231c,ab,right,common_voice_en_21892992.mp3,So I guess that's the inspiration-the hope that that happens to someone someday.,common_voice_en_21892990.mp3,2.045,often,469,common_voice_en_21892991.mp3,1.396,would,788,common_voice_en_21892991.mp3,1.396,would,788,common_voice_en_21892990.mp3,often,ok,epoch=1-step=24679-v1.ckpt,cpu,would,hit,0.4920705556869507,1.2376426639093552e-05,would,1,would,1,1,hit,0.02218500696859102,0.021094641384573547,0.437748456596165,0.437748456596165,0.1407035175879397,0.09045226130653267,0.026789804979231568,0.03015075376884422,1.0,1,0,0
pair_061_ba_left,pair_061,8514fee6e9a358e2d4b664105d2efd1f0c0062b3a7b3ad532d442d52a341932a77bd95f66db77a764a74553992292a7cf60057f9b7726c11923911003900231c,ba,left,common_voice_en_21892992.mp3,So I guess that's the inspiration-the hope that that happens to someone someday.,common_voice_en_21892991.mp3,1.396,would,788,common_voice_en_21892990.mp3,2.045,often,469,common_voice_en_21892991.mp3,1.396,would,788,common_voice_en_21892990.mp3,often,ok,epoch=1-step=24679-v1.ckpt,cpu,would,hit,0.705565869808197,9.589733963366598e-06,would,1,would,1,1,hit,0.02218500696859102,0.021094641384573547,0.437748456596165,0.437748456596165,0.1407035175879397,0.09045226130653267,0.026789804979231568,0.03015075376884422,1.0,1,0,0
pair_061_ba_right,pair_061,8514fee6e9a358e2d4b664105d2efd1f0c0062b3a7b3ad532d442d52a341932a77bd95f66db77a764a74553992292a7cf60057f9b7726c11923911003900231c,ba,right,common_voice_en_21892992.mp3,So I guess that's the inspiration-the hope that that happens to someone someday.,common_voice_en_21892991.mp3,1.396,would,788,common_voice_en_21892990.mp3,2.045,often,469,common_voice_en_21892990.mp3,2.045,often,469,common_voice_en_21892991.mp3,would,ok,epoch=1-step=24679-v1.ckpt,cpu,often,hit,0.3329517841339111,8.784474630374461e-05,often,1,often,1,1,hit,0.021094641384573547,0.02218500696859102,-0.43774845659616524,0.43774845659616524,0.09045226130653267,0.1407035175879397,0.026789804979231568,0.03015075376884422,1.0,1,0,0
pair_062_ab_left,pair_062,878309e007dc6fadd337b484eced6caa25dee79016f855bff5ff2fad6b3e6223fb27ffb080821ed406418864992eeccb32bfde180c95087f6349f189d8661465,ab,left,common_voice_en_25109714.mp3,The Times Union Center also regularly hosts exhibition games of major sports leagues.,common_voice_en_25136015.mp3,1.554,following,257,common_voice_en_25136016.mp3,2.28,based,54,common_voice_en_25136015.mp3,1.554,following,257,common_voice_en_25136016.mp3,based,ok,epoch=1-step=24679-v1.ckpt,cpu,following,hit,0.987558126449585,6.640451744033271e-09,following,1,following,1,1,hit,0.018343591394604227,0.021039413046448394,-1.190985038211258,1.190985038211258,0.5326633165829145,0.005025125628140704,0.02953861996344059,0.02512562814070352,1.0,1,0,0
pair_062_ab_right,pair_062,878309e007dc6fadd337b484eced6caa25dee79016f855bff5ff2fad6b3e6223fb27ffb080821ed406418864992eeccb32bfde180c95087f6349f189d8661465,ab,right,common_voice_en_25109714.mp3,The Times Union Center also regularly hosts exhibition games of major sports leagues.,common_voice_en_25136015.mp3,1.554,following,257,common_voice_en_25136016.mp3,2.28,based,54,common_voice_en_25136016.mp3,2.28,based,54,common_voice_en_25136015.mp3,following,ok,epoch=1-step=24679-v1.ckpt,cpu,based,hit,0.9935826659202576,2.6134854280712716e-08,based,1,based,1,1,hit,0.021039413046448394,0.018343591394604227,1.1909850382112577,1.1909850382112577,0.005025125628140704,0.5326633165829145,0.02953861996344059,0.02512562814070352,1.0,1,0,0
pair_062_ba_left,pair_062,878309e007dc6fadd337b484eced6caa25dee79016f855bff5ff2fad6b3e6223fb27ffb080821ed406418864992eeccb32bfde180c95087f6349f189d8661465,ba,left,common_voice_en_25109714.mp3,The Times Union Center also regularly hosts exhibition games of major sports leagues.,common_voice_en_25136016.mp3,2.28,based,54,common_voice_en_25136015.mp3,1.554,following,257,common_voice_en_25136016.mp3,2.28,based,54,common_voice_en_25136015.mp3,following,ok,epoch=1-step=24679-v1.ckpt,cpu,based,hit,0.9707605838775636,6.150180098529745e-08,based,1,based,1,1,hit,0.021039413046448394,0.018343591394604227,1.1909850382112577,1.1909850382112577,0.005025125628140704,0.5326633165829145,0.02953861996344059,0.02512562814070352,1.0,1,0,0
pair_062_ba_right,pair_062,878309e007dc6fadd337b484eced6caa25dee79016f855bff5ff2fad6b3e6223fb27ffb080821ed406418864992eeccb32bfde180c95087f6349f189d8661465,ba,right,common_voice_en_25109714.mp3,The Times Union Center also regularly hosts exhibition games of major sports leagues.,common_voice_en_25136016.mp3,2.28,based,54,common_voice_en_25136015.mp3,1.554,following,257,common_voice_en_25136015.mp3,1.554,following,257,common_voice_en_25136016.mp3,based,ok,epoch=1-step=24679-v1.ckpt,cpu,following,hit,0.9966126084327698,1.8514505206734808e-10,following,1,following,1,1,hit,0.018343591394604227,0.021039413046448394,-1.190985038211258,1.190985038211258,0.5326633165829145,0.005025125628140704,0.02953861996344059,0.02512562814070352,1.0,1,0,0
pair_063_ab_left,pair_063,88f182275a30062782bcfa735f66910e315318e47bd50be84221a7b062dab6074c3fd8ad9e7a0b7bd0acc7a813d5c78cdf4828aa20f78c3cc801472e7f51bf7a,ab,left,common_voice_en_19728321.mp3,Halimede has the second most eccentric and third most inclined orbit around Neptune.,common_voice_en_19774426.mp3,3.615,military,417,common_voice_en_19779814.mp3,1.835,issue,347,common_voice_en_19774426.mp3,3.615,military,417,common_voice_en_19779814.mp3,issue,ok,epoch=1-step=24679-v1.ckpt,cpu,limited,other,0.307062029838562,1.2448077235660548e-08,military,1,limited,0,0,baseline_and_dichotic_error,0.021234569062612896,0.022069609548573888,-0.33502395981521027,0.33502395981521027,0.010050251256281407,0.0,0.028335867674885874,0.0,0.4,0,1,1
pair_063_ab_right,pair_063,88f182275a30062782bcfa735f66910e315318e47bd50be84221a7b062dab6074c3fd8ad9e7a0b7bd0acc7a813d5c78cdf4828aa20f78c3cc801472e7f51bf7a,ab,right,common_voice_en_19728321.mp3,Halimede has the second most eccentric and third most inclined orbit around Neptune.,common_voice_en_19774426.mp3,3.615,military,417,common_voice_en_19779814.mp3,1.835,issue,347,common_voice_en_19779814.mp3,1.835,issue,347,common_voice_en_19774426.mp3,military,ok,epoch=1-step=24679-v1.ckpt,cpu,issue,hit,0.9728201627731324,3.6610348530530246e-08,issue,1,issue,1,1,hit,0.022069609548573888,0.021234569062612896,0.3350239598152099,0.3350239598152099,0.0,0.010050251256281407,0.028335867674885874,0.0,1.0,1,0,1
pair_063_ba_left,pair_063,88f182275a30062782bcfa735f66910e315318e47bd50be84221a7b062dab6074c3fd8ad9e7a0b7bd0acc7a813d5c78cdf4828aa20f78c3cc801472e7f51bf7a,ba,left,common_voice_en_19728321.mp3,Halimede has the second most eccentric and third most inclined orbit around Neptune.,common_voice_en_19779814.mp3,1.835,issue,347,common_voice_en_19774426.mp3,3.615,military,417,common_voice_en_19779814.mp3,1.835,issue,347,common_voice_en_19774426.mp3,military,ok,epoch=1-step=24679-v1.ckpt,cpu,issue,hit,0.976841390132904,4.2165321900711206e-08,issue,1,issue,1,1,hit,0.022069609548573888,0.021234569062612896,0.3350239598152099,0.3350239598152099,0.0,0.010050251256281407,0.028335867674885874,0.0,1.0,1,0,1
pair_063_ba_right,pair_063,88f182275a30062782bcfa735f66910e315318e47bd50be84221a7b062dab6074c3fd8ad9e7a0b7bd0acc7a813d5c78cdf4828aa20f78c3cc801472e7f51bf7a,ba,right,common_voice_en_19728321.mp3,Halimede has the second most eccentric and third most inclined orbit around Neptune.,common_voice_en_19779814.mp3,1.835,issue,347,common_voice_en_19774426.mp3,3.615,military,417,common_voice_en_19774426.mp3,3.615,military,417,common_voice_en_19779814.mp3,issue,ok,epoch=1-step=24679-v1.ckpt,cpu,military,hit,0.556155264377594,8.213685021019047e-08,limited,0,limited,0,1,hit,0.021234569062612896,0.022069609548573888,-0.33502395981521027,0.33502395981521027,0.010050251256281407,0.0,0.028335867674885874,0.0,1.0,1,0,1
pair_064_ab_left,pair_064,89149ebd874873e2f68f80289cebef0c044cb7d7d1c0048b636d35f1221231ada517d63ab301b84ffd002cfc4d8208c758463cb94829d61b708cae12c752e61d,ab,left,common_voice_en_20048070.mp3,Music and lyrics to all seven of the songs were written by John Bucchino.,common_voice_en_20048072.mp3,3.239,twice,737,common_voice_en_20048132.mp3,4.196,fourth,269,common_voice_en_20048072.mp3,3.239,twice,737,common_voice_en_20048132.mp3,fourth,ok,epoch=1-step=24679-v1.ckpt,cpu,twice,hit,0.8864057660102844,1.1810752766905352e-05,twice,1,twice,1,1,hit,0.021059325370822952,0.021053141251079623,0.0025510062123654336,0.0025510062123654336,0.010050251256281407,0.23618090452261306,0.028519501697960727,0.005025125628140704,1.0,1,0,0
pair_064_ab_right,pair_064,89149ebd874873e2f68f80289cebef0c044cb7d7d1c0048b636d35f1221231ada517d63ab301b84ffd002cfc4d8208c758463cb94829d61b708cae12c752e61d,ab,right,common_voice_en_20048070.mp3,Music and lyrics to all seven of the songs were written by John Bucchino.,common_voice_en_20048072.mp3,3.239,twice,737,common_voice_en_20048132.mp3,4.196,fourth,269,common_voice_en_20048132.mp3,4.196,fourth,269,common_voice_en_20048072.mp3,twice,ok,epoch=1-step=24679-v1.ckpt,cpu,fourth,hit,0.9402965903282166,1.2616602207415895e-09,fourth,1,fourth,1,1,hit,0.021053141251079623,0.021059325370822952,-0.0025510062123648273,0.0025510062123648273,0.23618090452261306,0.010050251256281407,0.028519501697960727,0.005025125628140704,1.0,1,0,0
pair_064_ba_left,pair_064,89149ebd874873e2f68f80289cebef0c044cb7d7d1c0048b636d35f1221231ada517d63ab301b84ffd002cfc4d8208c758463cb94829d61b708cae12c752e61d,ba,left,common_voice_en_20048070.mp3,Music and lyrics to all seven of the songs were written by John Bucchino.,common_voice_en_20048132.mp3,4.196,fourth,269,common_voice_en_20048072.mp3,3.239,twice,737,common_voice_en_20048132.mp3,4.196,fourth,269,common_voice_en_20048072.mp3,twice,ok,epoch=1-step=24679-v1.ckpt,cpu,fourth,hit,0.8401749730110168,1.7889828285433396e-08,fourth,1,fourth,1,1,hit,0.021053141251079623,0.021059325370822952,-0.0025510062123648273,0.0025510062123648273,0.23618090452261306,0.010050251256281407,0.028519501697960727,0.005025125628140704,1.0,1,0,0
pair_064_ba_right,pair_064,89149ebd874873e2f68f80289cebef0c044cb7d7d1c0048b636d35f1221231ada517d63ab301b84ffd002cfc4d8208c758463cb94829d61b708cae12c752e61d,ba,right,common_voice_en_20048070.mp3,Music and lyrics to all seven of the songs were written by John Bucchino.,common_voice_en_20048132.mp3,4.196,fourth,269,common_voice_en_20048072.mp3,3.239,twice,737,common_voice_en_20048072.mp3,3.239,twice,737,common_voice_en_20048132.mp3,fourth,ok,epoch=1-step=24679-v1.ckpt,cpu,twice,hit,0.8615006804466248,9.645657883083912e-06,twice,1,twice,1,1,hit,0.021059325370822952,0.021053141251079623,0.0025510062123654336,0.0025510062123654336,0.010050251256281407,0.23618090452261306,0.028519501697960727,0.005025125628140704,1.0,1,0,0
pair_065_ab_left,pair_065,89450dabbc4ed159645444d45804b0d8a2e46427eb6502fccc45bab428039dfc5f947e0fbdfd14832e24f258a1469e173d12868b499daa67a1ba473dc7872f31,ab,left,common_voice_en_18971309.mp3,Livonian culture was repressed during the Soviet period.,common_voice_en_18971360.mp3,3.367,through,714,common_voice_en_18971364.mp3,3.923,taking,689,common_voice_en_18971360.mp3,3.367,through,714,common_voice_en_18971364.mp3,taking,ok,epoch=1-step=24679-v1.ckpt,cpu,through,hit,0.3619321286678314,0.0012056828709319,trade,0,through,1,1,hit,0.018815141618307524,0.020126986299336784,-0.5854251887825913,0.5854251887825913,0.020100502512562814,0.01507537688442211,0.03018564380793394,0.11557788944723618,1.0,1,0,0
pair_065_ab_right,pair_065,89450dabbc4ed159645444d45804b0d8a2e46427eb6502fccc45bab428039dfc5f947e0fbdfd14832e24f258a1469e173d12868b499daa67a1ba473dc7872f31,ab,right,common_voice_en_18971309.mp3,Livonian culture was repressed during the Soviet period.,common_voice_en_18971360.mp3,3.367,through,714,common_voice_en_18971364.mp3,3.923,taking,689,common_voice_en_18971364.mp3,3.923,taking,689,common_voice_en_18971360.mp3,through,ok,epoch=1-step=24679-v1.ckpt,cpu,taking,hit,0.6922153830528259,1.7851002098723256e-07,taken,0,taking,1,1,hit,0.020126986299336784,0.018815141618307524,0.5854251887825903,0.5854251887825903,0.01507537688442211,0.020100502512562814,0.03018564380793394,0.11557788944723618,1.0,1,0,0
pair_065_ba_left,pair_065,89450dabbc4ed159645444d45804b0d8a2e46427eb6502fccc45bab428039dfc5f947e0fbdfd14832e24f258a1469e173d12868b499daa67a1ba473dc7872f31,ba,left,common_voice_en_18971309.mp3,Livonian culture was repressed during the Soviet period.,common_voice_en_18971364.mp3,3.923,taking,689,common_voice_en_18971360.mp3,3.367,through,714,common_voice_en_18971364.mp3,3.923,taking,689,common_voice_en_18971360.mp3,through,ok,epoch=1-step=24679-v1.ckpt,cpu,taking,hit,0.8844305276870728,2.118886186508462e-06,taking,1,taking,1,1,hit,0.020126986299336784,0.018815141618307524,0.5854251887825903,0.5854251887825903,0.01507537688442211,0.020100502512562814,0.03018564380793394,0.11557788944723618,1.0,1,0,0
pair_065_ba_right,pair_065,89450dabbc4ed159645444d45804b0d8a2e46427eb6502fccc45bab428039dfc5f947e0fbdfd14832e24f258a1469e173d12868b499daa67a1ba473dc7872f31,ba,right,common_voice_en_18971309.mp3,Livonian culture was repressed during the Soviet period.,common_voice_en_18971364.mp3,3.923,taking,689,common_voice_en_18971360.mp3,3.367,through,714,common_voice_en_18971360.mp3,3.367,through,714,common_voice_en_18971364.mp3,taking,ok,epoch=1-step=24679-v1.ckpt,cpu,through,hit,0.4920929372310638,0.0001036818794091,trade,0,through,1,1,hit,0.018815141618307524,0.020126986299336784,-0.5854251887825913,0.5854251887825913,0.020100502512562814,0.01507537688442211,0.03018564380793394,0.11557788944723618,1.0,1,0,0
pair_066_ab_left,pair_066,8bf99804111805163ccff57587e0e03d7807b269c1bc5bea3c10207c8b94d9754bfdb29186cebe100bb96d6ba04664968654057295010fa00f0b110200ac7d74,ab,left,common_voice_en_25929862.mp3,Many things to do and many adventures to enjoy.,common_voice_en_25929866.mp3,1.816,living,382,common_voice_en_25929867.mp3,7.846,international,341,common_voice_en_25929866.mp3,1.816,living,382,common_voice_en_25929867.mp3,international,ok,epoch=1-step=24679-v1.ckpt,cpu,getting,other,0.2637124955654144,3.8696715165542634e-08,seven,0,living,1,0,dichotic_specific_error,0.02080301114855068,0.02044941421796794,0.14890659683831473,0.14890659683831473,0.36180904522613067,0.2562814070351759,0.02729992202462063,0.12562814070351758,0.46153846153846156,0,0,2
pair_066_ab_right,pair_066,8bf99804111805163ccff57587e0e03d7807b269c1bc5bea3c10207c8b94d9754bfdb29186cebe100bb96d6ba04664968654057295010fa00f0b110200ac7d74,ab,right,common_voice_en_25929862.mp3,Many things to do and many adventures to enjoy.,common_voice_en_25929866.mp3,1.816,living,382,common_voice_en_25929867.mp3,7.846,international,341,common_voice_en_25929867.mp3,7.846,international,341,common_voice_en_25929866.mp3,living,ok,epoch=1-step=24679-v1.ckpt,cpu,international,hit,0.6094697117805481,7.558232937299181e-07,international,1,international,1,1,hit,0.02044941421796794,0.02080301114855068,-0.1489065968383144,0.1489065968383144,0.2562814070351759,0.36180904522613067,0.02729992202462063,0.12562814070351758,1.0,1,0,2
pair_066_ba_left,pair_066,8bf99804111805163ccff57587e0e03d7807b269c1bc5bea3c10207c8b94d9754bfdb29186cebe100bb96d6ba04664968654057295010fa00f0b110200ac7d74,ba,left,common_voice_en_25929862.mp3,Many things to do and many adventures to enjoy.,common_voice_en_25929867.mp3,7.846,international,341,common_voice_en_25929866.mp3,1.816,living,382,common_voice_en_25929867.mp3,7.846,international,341,common_voice_en_25929866.mp3,living,ok,epoch=1-step=24679-v1.ckpt,cpu,international,hit,0.5572178959846497,1.1542590073077008e-05,international,1,international,1,1,hit,0.02044941421796794,0.02080301114855068,-0.1489065968383144,0.1489065968383144,0.2562814070351759,0.36180904522613067,0.02729992202462063,0.12562814070351758,1.0,1,0,2
pair_066_ba_right,pair_066,8bf99804111805163ccff57587e0e03d7807b269c1bc5bea3c10207c8b94d9754bfdb29186cebe100bb96d6ba04664968654057295010fa00f0b110200ac7d74,ba,right,common_voice_en_25929862.mp3,Many things to do and many adventures to enjoy.,common_voice_en_25929867.mp3,7.846,international,341,common_voice_en_25929866.mp3,1.816,living,382,common_voice_en_25929866.mp3,1.816,living,382,common_voice_en_25929867.mp3,international,ok,epoch=1-step=24679-v1.ckpt,cpu,getting,other,0.1794479787349701,2.6893854254694816e-08,seven,0,living,1,0,dichotic_specific_error,0.02080301114855068,0.02044941421796794,0.14890659683831473,0.14890659683831473,0.36180904522613067,0.2562814070351759,0.02729992202462063,0.12562814070351758,0.46153846153846156,0,0,2
pair_067_ab_left,pair_067,8c5fce8df2bde736bed5eb78b358681e9749b6928b11d7ef49b008f116f817c0ce1be3f3e38d60b8ff5ec5e352b43dc14018079216e3db2a62b851dcd4135e5a,ab,left,common_voice_en_20306579.mp3,The Thing is heavily advertised via billboards that dot the interstate.,common_voice_en_20306581.mp3,2.026,major,394,common_voice_en_20306672.mp3,3.186,station,657,common_voice_en_20306581.mp3,2.026,major,394,common_voice_en_20306672.mp3,station,ok,epoch=1-step=24679-v1.ckpt,cpu,major,hit,0.823077380657196,3.27889637219414e-07,major,1,major,1,1,hit,0.021691760122920668,0.01900588856002303,1.148132293900281,1.148132293900281,0.24623115577889448,0.24623115577889448,0.029190792980695088,0.21608040201005024,1.0,1,0,0
pair_067_ab_right,pair_067,8c5fce8df2bde736bed5eb78b358681e9749b6928b11d7ef49b008f116f817c0ce1be3f3e38d60b8ff5ec5e352b43dc14018079216e3db2a62b851dcd4135e5a,ab,right,common_voice_en_20306579.mp3,The Thing is heavily advertised via billboards that dot the interstate.,common_voice_en_20306581.mp3,2.026,major,394,common_voice_en_20306672.mp3,3.186,station,657,common_voice_en_20306672.mp3,3.186,station,657,common_voice_en_20306581.mp3,major,ok,epoch=1-step=24679-v1.ckpt,cpu,station,hit,0.9346208572387696,8.12500559277396e-07,station,1,station,1,1,hit,0.01900588856002303,0.021691760122920668,-1.1481322939002805,1.1481322939002805,0.24623115577889448,0.24623115577889448,0.029190792980695088,0.21608040201005024,1.0,1,0,0
pair_067_ba_left,pair_067,8c5fce8df2bde736bed5eb78b358681e9749b6928b11d7ef49b008f116f817c0ce1be3f3e38d60b8ff5ec5e352b43dc14018079216e3db2a62b851dcd4135e5a,ba,left,common_voice_en_20306579.mp3,The Thing is heavily advertised via billboards that dot the interstate.,common_voice_en_20306672.mp3,3.186,station,657,common_voice_en_20306581.mp3,2.026,major,394,common_voice_en_20306672.mp3,3.186,station,657,common_voice_en_20306581.mp3,major,ok,epoch=1-step=24679-v1.ckpt,cpu,station,hit,0.9345553517341614,4.551104211714119e-06,station,1,station,1,1,hit,0.01900588856002303,0.021691760122920668,-1.1481322939002805,1.1481322939002805,0.24623115577889448,0.24623115577889448,0.029190792980695088,0.21608040201005024,1.0,1,0,0
pair_067_ba_right,pair_067,8c5fce8df2bde736bed5eb78b358681e9749b6928b11d7ef49b008f116f817c0ce1be3f3e38d60b8ff5ec5e352b43dc14018079216e3db2a62b851dcd4135e5a,ba,right,common_voice_en_20306579.mp3,The Thing is heavily advertised via billboards that dot the interstate.,common_voice_en_20306672.mp3,3.186,station,657,common_voice_en_20306581.mp3,2.026,major,394,common_voice_en_20306581.mp3,2.026,major,394,common_voice_en_20306672.mp3,station,ok,epoch=1-step=24679-v1.ckpt,cpu,major,hit,0.63813316822052,7.646423796359159e-07,major,1,major,1,1,hit,0.021691760122920668,0.01900588856002303,1.148132293900281,1.148132293900281,0.24623115577889448,0.24623115577889448,0.029190792980695088,0.21608040201005024,1.0,1,0,0
pair_068_ab_left,pair_068,8c72d67ca8ff5d496806435604573c65c28f2c8e856f18345f90d0599a6d070cacbf25fd3a859118a2643ea0b274b12fed5e10762379c28e155ff6e53f691db6,ab,left,common_voice_en_27340889.mp3,"The performance was recorded and later released on a live album titled ""Late Orchestration"".",common_voice_en_27340888.mp3,2.475,north,455,common_voice_en_27340894.mp3,2.056,played,507,common_voice_en_27340888.mp3,2.475,north,455,common_voice_en_27340894.mp3,played,ok,epoch=1-step=24679-v1.ckpt,cpu,north,hit,0.603215754032135,6.712389671870156e-11,northern,0,north,1,1,hit,0.020828216659512618,0.022061540111207735,-0.4996748102696944,0.4996748102696944,0.37185929648241206,0.06532663316582915,0.02925899067483082,0.010050251256281407,1.0,1,0,0
pair_068_ab_right,pair_068,8c72d67ca8ff5d496806435604573c65c28f2c8e856f18345f90d0599a6d070cacbf25fd3a859118a2643ea0b274b12fed5e10762379c28e155ff6e53f691db6,ab,right,common_voice_en_27340889.mp3,"The performance was recorded and later released on a live album titled ""Late Orchestration"".",common_voice_en_27340888.mp3,2.475,north,455,common_voice_en_27340894.mp3,2.056,played,507,common_voice_en_27340894.mp3,2.056,played,507,common_voice_en_27340888.mp3,north,ok,epoch=1-step=24679-v1.ckpt,cpu,played,hit,0.9886449575424194,3.6384655288657086e-08,played,1,played,1,1,hit,0.022061540111207735,0.020828216659512618,0.49967481026969385,0.49967481026969385,0.06532663316582915,0.37185929648241206,0.02925899067483082,0.010050251256281407,1.0,1,0,0
pair_068_ba_left,pair_068,8c72d67ca8ff5d496806435604573c65c28f2c8e856f18345f90d0599a6d070cacbf25fd3a859118a2643ea0b274b12fed5e10762379c28e155ff6e53f691db6,ba,left,common_voice_en_27340889.mp3,"The performance was recorded and later released on a live album titled ""Late Orchestration"".",common_voice_en_27340894.mp3,2.056,played,507,common_voice_en_27340888.mp3,2.475,north,455,common_voice_en_27340894.mp3,2.056,played,507,common_voice_en_27340888.mp3,north,ok,epoch=1-step=24679-v1.ckpt,cpu,played,hit,0.9955149292945862,1.1374166497546412e-08,played,1,played,1,1,hit,0.022061540111207735,0.020828216659512618,0.49967481026969385,0.49967481026969385,0.06532663316582915,0.37185929648241206,0.02925899067483082,0.010050251256281407,1.0,1,0,0
pair_068_ba_right,pair_068,8c72d67ca8ff5d496806435604573c65c28f2c8e856f18345f90d0599a6d070cacbf25fd3a859118a2643ea0b274b12fed5e10762379c28e155ff6e53f691db6,ba,right,common_voice_en_27340889.mp3,"The performance was recorded and later released on a live album titled ""Late Orchestration"".",common_voice_en_27340894.mp3,2.056,played,507,common_voice_en_27340888.mp3,2.475,north,455,common_voice_en_27340888.mp3,2.475,north,455,common_voice_en_27340894.mp3,played,ok,epoch=1-step=24679-v1.ckpt,cpu,north,hit,0.7829768657684326,3.8390196577253727e-10,northern,0,north,1,1,hit,0.020828216659512618,0.022061540111207735,-0.4996748102696944,0.4996748102696944,0.37185929648241206,0.06532663316582915,0.02925899067483082,0.010050251256281407,1.0,1,0,0
pair_069_ab_left,pair_069,90b83f2aff303b9fb221a4dd11033a2cf15acd66021224603c292d1a811b6b6379b7ecee7e41dd181e66200062e792d4be84b9d93f4a59e86493756d0c035c77,ab,left,common_voice_en_23719544.mp3,"""Heaven Tonight"" is considered Cheap Trick's best album by many fans and critics.",common_voice_en_23719632.mp3,2.962,their,697,common_voice_en_24206400.mp3,1.616,eventually,228,common_voice_en_23719632.mp3,2.962,their,697,common_voice_en_24206400.mp3,eventually,ok,epoch=1-step=24679-v1.ckpt,cpu,center,other,6.791575287934393e-05,4.587549824464077e-07,center,0,center,0,0,baseline_and_dichotic_error,0.018974156591634535,0.021834380187854198,-1.2195677535743754,1.2195677535743754,0.0,0.2964824120603015,0.02786320618108934,0.05025125628140704,0.5454545454545454,0,1,2
pair_069_ab_right,pair_069,90b83f2aff303b9fb221a4dd11033a2cf15acd66021224603c292d1a811b6b6379b7ecee7e41dd181e66200062e792d4be84b9d93f4a59e86493756d0c035c77,ab,right,common_voice_en_23719544.mp3,"""Heaven Tonight"" is considered Cheap Trick's best album by many fans and critics.",common_voice_en_23719632.mp3,2.962,their,697,common_voice_en_24206400.mp3,1.616,eventually,228,common_voice_en_24206400.mp3,1.616,eventually,228,common_voice_en_23719632.mp3,their,ok,epoch=1-step=24679-v1.ckpt,cpu,eventually,hit,0.9993751645088196,1.2395781823215657e-07,eventually,1,eventually,1,1,hit,0.021834380187854198,0.018974156591634535,1.2195677535743756,1.2195677535743756,0.2964824120603015,0.0,0.02786320618108934,0.05025125628140704,1.0,1,0,2
pair_069_ba_left,pair_069,90b83f2aff303b9fb221a4dd11033a2cf15acd66021224603c292d1a811b6b6379b7ecee7e41dd181e66200062e792d4be84b9d93f4a59e86493756d0c035c77,ba,left,common_voice_en_23719544.mp3,"""Heaven Tonight"" is considered Cheap Trick's best album by many fans and critics.",common_voice_en_24206400.mp3,1.616,eventually,228,common_voice_en_23719632.mp3,2.962,their,697,common_voice_en_24206400.mp3,1.616,eventually,228,common_voice_en_23719632.mp3,their,ok,epoch=1-step=24679-v1.ckpt,cpu,eventually,hit,0.998872935771942,9.707741810416337e-08,eventually,1,eventually,1,1,hit,0.021834380187854198,0.018974156591634535,1.2195677535743756,1.2195677535743756,0.2964824120603015,0.0,0.02786320618108934,0.05025125628140704,1.0,1,0,2
pair_069_ba_right,pair_069,90b83f2aff303b9fb221a4dd11033a2cf15acd66021224603c292d1a811b6b6379b7ecee7e41dd181e66200062e792d4be84b9d93f4a59e86493756d0c035c77,ba,right,common_voice_en_23719544.mp3,"""Heaven Tonight"" is considered Cheap Trick's best album by many fans and critics.",common_voice_en_24206400.mp3,1.616,eventually,228,common_voice_en_23719632.mp3,2.962,their,697,common_voice_en_23719632.mp3,2.962,their,697,common_voice_en_24206400.mp3,eventually,ok,epoch=1-step=24679-v1.ckpt,cpu,center,other,0.0004628236347343,6.36960237443418e-07,center,0,center,0,0,baseline_and_dichotic_error,0.018974156591634535,0.021834380187854198,-1.2195677535743754,1.2195677535743754,0.0,0.2964824120603015,0.02786320618108934,0.05025125628140704,0.5454545454545454,0,1,2
pair_070_ab_left,pair_070,90f344fe8ea041a321373f83cf8c87ba0cf66276043a3fbd21db3b670cafcfddb5838468dd0b08786925c64eadc20a752712a937f192b32c29ca2a31ee70f1b9,ab,left,common_voice_en_630974.mp3,Imagine if everyone went around transforming lead into gold.,common_voice_en_630979.mp3,1.556,means,406,common_voice_en_631008.mp3,2.646,found,267,common_voice_en_630979.mp3,1.556,means,406,common_voice_en_631008.mp3,found,ok,epoch=1-step=24679-v1.ckpt,cpu,means,hit,0.973158061504364,1.678158501050575e-09,means,1,means,1,1,hit,0.02155935352648526,0.019406616895225253,0.9137180299240981,0.9137180299240981,0.18090452261306533,0.04020100502512563,0.018457746638783877,0.03015075376884422,1.0,1,0,0
pair_070_ab_right,pair_070,90f344fe8ea041a321373f83cf8c87ba0cf66276043a3fbd21db3b670cafcfddb5838468dd0b08786925c64eadc20a752712a937f192b32c29ca2a31ee70f1b9,ab,right,common_voice_en_630974.mp3,Imagine if everyone went around transforming lead into gold.,common_voice_en_630979.mp3,1.556,means,406,common_voice_en_631008.mp3,2.646,found,267,common_voice_en_631008.mp3,2.646,found,267,common_voice_en_630979.mp3,means,ok,epoch=1-step=24679-v1.ckpt,cpu,found,hit,0.8103920221328735,3.3177618661284214e-06,style,0,sound,0,1,hit,0.019406616895225253,0.02155935352648526,-0.9137180299240983,0.9137180299240983,0.04020100502512563,0.18090452261306533,0.018457746638783877,0.03015075376884422,1.0,1,0,0
pair_070_ba_left,pair_070,90f344fe8ea041a321373f83cf8c87ba0cf66276043a3fbd21db3b670cafcfddb5838468dd0b08786925c64eadc20a752712a937f192b32c29ca2a31ee70f1b9,ba,left,common_voice_en_630974.mp3,Imagine if everyone went around transforming lead into gold.,common_voice_en_631008.mp3,2.646,found,267,common_voice_en_630979.mp3,1.556,means,406,common_voice_en_631008.mp3,2.646,found,267,common_voice_en_630979.mp3,means,ok,epoch=1-step=24679-v1.ckpt,cpu,found,hit,0.695458710193634,1.5279856597771868e-06,sound,0,sound,0,1,hit,0.019406616895225253,0.02155935352648526,-0.9137180299240983,0.9137180299240983,0.04020100502512563,0.18090452261306533,0.018457746638783877,0.03015075376884422,1.0,1,0,0
pair_070_ba_right,pair_070,90f344fe8ea041a321373f83cf8c87ba0cf66276043a3fbd21db3b670cafcfddb5838468dd0b08786925c64eadc20a752712a937f192b32c29ca2a31ee70f1b9,ba,right,common_voice_en_630974.mp3,Imagine if everyone went around transforming lead into gold.,common_voice_en_631008.mp3,2.646,found,267,common_voice_en_630979.mp3,1.556,means,406,common_voice_en_630979.mp3,1.556,means,406,common_voice_en_631008.mp3,found,ok,epoch=1-step=24679-v1.ckpt,cpu,means,hit,0.9517871141433716,1.350649703191209e-09,means,1,means,1,1,hit,0.02155935352648526,0.019406616895225253,0.9137180299240981,0.9137180299240981,0.18090452261306533,0.04020100502512563,0.018457746638783877,0.03015075376884422,1.0,1,0,0
pair_071_ab_left,pair_071,91fe1f1a91198d021ccc655ba72fa744d611153a1675e7332a0c8098e9b62f15a74599cfd209451fe8f0c0f8c6b9375484abcea3e6894ef8f528c96e034edf19,ab,left,common_voice_en_26656729.mp3,The factory only handled final assembly.,common_voice_en_26656731.mp3,2.388,enough,217,common_voice_en_26656738.mp3,2.035,between,69,common_voice_en_26656731.mp3,2.388,enough,217,common_voice_en_26656738.mp3,between,ok,epoch=1-step=24679-v1.ckpt,cpu,movement,other,0.0002761644136626,1.214947315020254e-05,material,0,mouth,0,0,baseline_and_dichotic_error,0.0179196118265597,0.02081857635948277,-1.3024485996214445,1.3024485996214445,0.15577889447236182,0.0,0.028113529167539897,0.0,0.2857142857142857,0,0,2
pair_071_ab_right,pair_071,91fe1f1a91198d021ccc655ba72fa744d611153a1675e7332a0c8098e9b62f15a74599cfd209451fe8f0c0f8c6b9375484abcea3e6894ef8f528c96e034edf19,ab,right,common_voice_en_26656729.mp3,The factory only handled final assembly.,common_voice_en_26656731.mp3,2.388,enough,217,common_voice_en_26656738.mp3,2.035,between,69,common_voice_en_26656738.mp3,2.035,between,69,common_voice_en_26656731.mp3,enough,ok,epoch=1-step=24679-v1.ckpt,cpu,between,hit,0.912817358970642,1.9837096942865173e-07,between,1,between,1,1,hit,0.02081857635948277,0.0179196118265597,1.302448599621444,1.302448599621444,0.0,0.15577889447236182,0.028113529167539897,0.0,1.0,1,0,2
pair_071_ba_left,pair_071,91fe1f1a91198d021ccc655ba72fa744d611153a1675e7332a0c8098e9b62f15a74599cfd209451fe8f0c0f8c6b9375484abcea3e6894ef8f528c96e034edf19,ba,left,common_voice_en_26656729.mp3,The factory only handled final assembly.,common_voice_en_26656738.mp3,2.035,between,69,common_voice_en_26656731.mp3,2.388,enough,217,common_voice_en_26656738.mp3,2.035,between,69,common_voice_en_26656731.mp3,enough,ok,epoch=1-step=24679-v1.ckpt,cpu,between,hit,0.9422557353973388,3.9316098821018386e-08,between,1,between,1,1,hit,0.02081857635948277,0.0179196118265597,1.302448599621444,1.302448599621444,0.0,0.15577889447236182,0.028113529167539897,0.0,1.0,1,0,2
pair_071_ba_right,pair_071,91fe1f1a91198d021ccc655ba72fa744d611153a1675e7332a0c8098e9b62f15a74599cfd209451fe8f0c0f8c6b9375484abcea3e6894ef8f528c96e034edf19,ba,right,common_voice_en_26656729.mp3,The factory only handled final assembly.,common_voice_en_26656738.mp3,2.035,between,69,common_voice_en_26656731.mp3,2.388,enough,217,common_voice_en_26656731.mp3,2.388,enough,217,common_voice_en_26656738.mp3,between,ok,epoch=1-step=24679-v1.ckpt,cpu,movement,other,0.0103186490014195,9.24335909076035e-05,areas,0,mouth,0,0,baseline_and_dichotic_error,0.0179196118265597,0.02081857635948277,-1.3024485996214445,1.3024485996214445,0.15577889447236182,0.0,0.028113529167539897,0.0,0.2857142857142857,0,0,2
pair_072_ab_left,pair_072,92377d863866c8318cc0f9c9242bef72db31b319c6ff108addc2615f5b5269e4fdf26b34005d0b2b95e95d051ff92bf023148c400eb0601b2bd577b7c09d0493,ab,left,common_voice_en_17406734.mp3,"They both stormed out, neither thinking to fill me in on where they were going.",common_voice_en_17406732.mp3,3.036,better,68,common_voice_en_17406733.mp3,1.748,would,788,common_voice_en_17406732.mp3,3.036,better,68,common_voice_en_17406733.mp3,would,ok,epoch=1-step=24679-v1.ckpt,cpu,better,hit,0.9977375268936156,2.127115905636856e-08,better,1,better,1,1,hit,0.019122644672641735,0.022360477505483985,-1.3586623671078053,1.3586623671078053,0.06030150753768844,0.27638190954773867,0.027494539895863215,0.03015075376884422,1.0,1,0,0
pair_072_ab_right,pair_072,92377d863866c8318cc0f9c9242bef72db31b319c6ff108addc2615f5b5269e4fdf26b34005d0b2b95e95d051ff92bf023148c400eb0601b2bd577b7c09d0493,ab,right,common_voice_en_17406734.mp3,"They both stormed out, neither thinking to fill me in on where they were going.",common_voice_en_17406732.mp3,3.036,better,68,common_voice_en_17406733.mp3,1.748,would,788,common_voice_en_17406733.mp3,1.748,would,788,common_voice_en_17406732.mp3,better,ok,epoch=1-step=24679-v1.ckpt,cpu,would,hit,0.5762609839439392,0.0241428334265947,river,0,would,1,1,hit,0.022360477505483985,0.019122644672641735,1.3586623671078053,1.3586623671078053,0.27638190954773867,0.06030150753768844,0.027494539895863215,0.03015075376884422,1.0,1,0,0
pair_072_ba_left,pair_072,92377d863866c8318cc0f9c9242bef72db31b319c6ff108addc2615f5b5269e4fdf26b34005d0b2b95e95d051ff92bf023148c400eb0601b2bd577b7c09d0493,ba,left,common_voice_en_17406734.mp3,"They both stormed out, neither thinking to fill me in on where they were going.",common_voice_en_17406733.mp3,1.748,would,788,common_voice_en_17406732.mp3,3.036,better,68,common_voice_en_17406733.mp3,1.748,would,788,common_voice_en_17406732.mp3,better,ok,epoch=1-step=24679-v1.ckpt,cpu,would,hit,0.5435617566108704,0.0238941479474306,river,0,would,1,1,hit,0.022360477505483985,0.019122644672641735,1.3586623671078053,1.3586623671078053,0.27638190954773867,0.06030150753768844,0.027494539895863215,0.03015075376884422,1.0,1,0,0
pair_072_ba_right,pair_072,92377d863866c8318cc0f9c9242bef72db31b319c6ff108addc2615f5b5269e4fdf26b34005d0b2b95e95d051ff92bf023148c400eb0601b2bd577b7c09d0493,ba,right,common_voice_en_17406734.mp3,"They both stormed out, neither thinking to fill me in on where they were going.",common_voice_en_17406733.mp3,1.748,would,788,common_voice_en_17406732.mp3,3.036,better,68,common_voice_en_17406732.mp3,3.036,better,68,common_voice_en_17406733.mp3,would,ok,epoch=1-step=24679-v1.ckpt,cpu,better,hit,0.9989489912986756,3.215585131499665e-09,better,1,better,1,1,hit,0.019122644672641735,0.022360477505483985,-1.3586623671078053,1.3586623671078053,0.06030150753768844,0.27638190954773867,0.027494539895863215,0.03015075376884422,1.0,1,0,0
pair_073_ab_left,pair_073,93acc43e59d615bf308117939de619245f1b15324316a3311e19a40cd9a4b29760daa79f98ab93b1205495eb5ceec5fe3d3260f2029bf3175bb7ebadcf8a8e61,ab,left,common_voice_en_19942556.mp3,The website is currently hosted in neighbouring Singapore.,common_voice_en_19942555.mp3,2.295,never,452,common_voice_en_19942710.mp3,2.823,could,155,common_voice_en_19942555.mp3,2.295,never,452,common_voice_en_19942710.mp3,could,ok,epoch=1-step=24679-v1.ckpt,cpu,never,hit,0.9999501705169678,1.969695934134208e-11,never,1,never,1,1,hit,0.018277572471658947,0.020838599759215298,-1.1390003758596992,1.1390003758596992,0.21105527638190955,0.06532663316582915,0.028357977874576386,0.0,1.0,1,0,0
pair_073_ab_right,pair_073,93acc43e59d615bf308117939de619245f1b15324316a3311e19a40cd9a4b29760daa79f98ab93b1205495eb5ceec5fe3d3260f2029bf3175bb7ebadcf8a8e61,ab,right,common_voice_en_19942556.mp3,The website is currently hosted in neighbouring Singapore.,common_voice_en_19942555.mp3,2.295,never,452,common_voice_en_19942710.mp3,2.823,could,155,common_voice_en_19942710.mp3,2.823,could,155,common_voice_en_19942555.mp3,never,ok,epoch=1-step=24679-v1.ckpt,cpu,could,hit,0.541479229927063,0.0005754746962338,could,1,could,1,1,hit,0.020838599759215298,0.018277572471658947,1.1390003758596998,1.1390003758596998,0.06532663316582915,0.21105527638190955,0.028357977874576386,0.0,1.0,1,0,0
pair_073_ba_left,pair_073,93acc43e59d615bf308117939de619245f1b15324316a3311e19a40cd9a4b29760daa79f98ab93b1205495eb5ceec5fe3d3260f2029bf3175bb7ebadcf8a8e61,ba,left,common_voice_en_19942556.mp3,The website is currently hosted in neighbouring Singapore.,common_voice_en_19942710.mp3,2.823,could,155,common_voice_en_19942555.mp3,2.295,never,452,common_voice_en_19942710.mp3,2.823,could,155,common_voice_en_19942555.mp3,never,ok,epoch=1-step=24679-v1.ckpt,cpu,could,hit,0.6696926951408386,0.0002098250261042,could,1,could,1,1,hit,0.020838599759215298,0.018277572471658947,1.1390003758596998,1.1390003758596998,0.06532663316582915,0.21105527638190955,0.028357977874576386,0.0,1.0,1,0,0
pair_073_ba_right,pair_073,93acc43e59d615bf308117939de619245f1b15324316a3311e19a40cd9a4b29760daa79f98ab93b1205495eb5ceec5fe3d3260f2029bf3175bb7ebadcf8a8e61,ba,right,common_voice_en_19942556.mp3,The website is currently hosted in neighbouring Singapore.,common_voice_en_19942710.mp3,2.823,could,155,common_voice_en_19942555.mp3,2.295,never,452,common_voice_en_19942555.mp3,2.295,never,452,common_voice_en_19942710.mp3,could,ok,epoch=1-step=24679-v1.ckpt,cpu,never,hit,0.9999847412109376,1.3494744384445756e-11,never,1,never,1,1,hit,0.018277572471658947,0.020838599759215298,-1.1390003758596992,1.1390003758596992,0.21105527638190955,0.06532663316582915,0.028357977874576386,0.0,1.0,1,0,0
pair_074_ab_left,pair_074,95346fcf81b1638e8780277bcb6b2fbd667e1ba0fd0caa7b72148fc29fcb3b14b1ed04f466a245d3609d825197ce48102f76b50f19aed75c5de1e223101fb52f,ab,left,common_voice_en_189608.mp3,A group of people climb into a hot air balloon.,common_voice_en_189607.mp3,3.288,black,71,common_voice_en_189609.mp3,2.418,working,785,common_voice_en_189607.mp3,3.288,black,71,common_voice_en_189609.mp3,working,ok,epoch=1-step=24679-v1.ckpt,cpu,learn,other,0.119421862065792,0.0001366189389955,learn,0,light,0,0,baseline_and_dichotic_error,0.021873319701500436,0.019510938843751026,0.9927306605285651,0.9927306605285651,0.23618090452261306,0.0,0.029064965207839553,0.005025125628140704,0.4,0,0,1
pair_074_ab_right,pair_074,95346fcf81b1638e8780277bcb6b2fbd667e1ba0fd0caa7b72148fc29fcb3b14b1ed04f466a245d3609d825197ce48102f76b50f19aed75c5de1e223101fb52f,ab,right,common_voice_en_189608.mp3,A group of people climb into a hot air balloon.,common_voice_en_189607.mp3,3.288,black,71,common_voice_en_189609.mp3,2.418,working,785,common_voice_en_189609.mp3,2.418,working,785,common_voice_en_189607.mp3,black,ok,epoch=1-step=24679-v1.ckpt,cpu,working,hit,0.873650074005127,0.0001214741714647,water,0,working,1,1,hit,0.019510938843751026,0.021873319701500436,-0.9927306605285653,0.9927306605285653,0.0,0.23618090452261306,0.029064965207839553,0.005025125628140704,1.0,1,0,1
pair_074_ba_left,pair_074,95346fcf81b1638e8780277bcb6b2fbd667e1ba0fd0caa7b72148fc29fcb3b14b1ed04f466a245d3609d825197ce48102f76b50f19aed75c5de1e223101fb52f,ba,left,common_voice_en_189608.mp3,A group of people climb into a hot air balloon.,common_voice_en_189609.mp3,2.418,working,785,common_voice_en_189607.mp3,3.288,black,71,common_voice_en_189609.mp3,2.418,working,785,common_voice_en_189607.mp3,black,ok,epoch=1-step=24679-v1.ckpt,cpu,working,hit,0.8134820461273193,0.0002746583195403,water,0,working,1,1,hit,0.019510938843751026,0.021873319701500436,-0.9927306605285653,0.9927306605285653,0.0,0.23618090452261306,0.029064965207839553,0.005025125628140704,1.0,1,0,1
pair_074_ba_right,pair_074,95346fcf81b1638e8780277bcb6b2fbd667e1ba0fd0caa7b72148fc29fcb3b14b1ed04f466a245d3609d825197ce48102f76b50f19aed75c5de1e223101fb52f,ba,right,common_voice_en_189608.mp3,A group of people climb into a hot air balloon.,common_voice_en_189609.mp3,2.418,working,785,common_voice_en_189607.mp3,3.288,black,71,common_voice_en_189607.mp3,3.288,black,71,common_voice_en_189609.mp3,working,ok,epoch=1-step=24679-v1.ckpt,cpu,black,hit,0.2339119911193847,0.0002222130715381,learn,0,light,0,1,hit,0.021873319701500436,0.019510938843751026,0.9927306605285651,0.9927306605285651,0.23618090452261306,0.0,0.029064965207839553,0.005025125628140704,1.0,1,0,1
pair_075_ab_left,pair_075,99e3b06bc4b172e32be927bffad2560c5b60dc42dd91880afd036aa56fd78605c54c29a39f4d87c5fc1141089e3ae738380ecd361664b0340208f7fa7745a0e8,ab,left,common_voice_en_20016628.mp3,"Farmiga was a member of Plast, the Ukrainian scouting organization.",common_voice_en_20016645.mp3,1.564,strong,666,common_voice_en_20016687.mp3,1.677,cannot,95,common_voice_en_20016645.mp3,1.564,strong,666,common_voice_en_20016687.mp3,cannot,ok,epoch=1-step=24679-v1.ckpt,cpu,strong,hit,0.8640498518943787,1.2669865100178868e-05,strong,1,strong,1,1,hit,0.01998318437267442,0.022104687294960602,-0.8763936030296375,0.8763936030296375,0.02512562814070352,0.020100502512562814,0.027719185619301638,0.04522613065326633,1.0,1,0,0
pair_075_ab_right,pair_075,99e3b06bc4b172e32be927bffad2560c5b60dc42dd91880afd036aa56fd78605c54c29a39f4d87c5fc1141089e3ae738380ecd361664b0340208f7fa7745a0e8,ab,right,common_voice_en_20016628.mp3,"Farmiga was a member of Plast, the Ukrainian scouting organization.",common_voice_en_20016645.mp3,1.564,strong,666,common_voice_en_20016687.mp3,1.677,cannot,95,common_voice_en_20016687.mp3,1.677,cannot,95,common_voice_en_20016645.mp3,strong,ok,epoch=1-step=24679-v1.ckpt,cpu,cannot,hit,0.9994275569915771,1.308006147837659e-09,cannot,1,cannot,1,1,hit,0.022104687294960602,0.01998318437267442,0.8763936030296362,0.8763936030296362,0.020100502512562814,0.02512562814070352,0.027719185619301638,0.04522613065326633,1.0,1,0,0
pair_075_ba_left,pair_075,99e3b06bc4b172e32be927bffad2560c5b60dc42dd91880afd036aa56fd78605c54c29a39f4d87c5fc1141089e3ae738380ecd361664b0340208f7fa7745a0e8,ba,left,common_voice_en_20016628.mp3,"Farmiga was a member of Plast, the Ukrainian scouting organization.",common_voice_en_20016687.mp3,1.677,cannot,95,common_voice_en_20016645.mp3,1.564,strong,666,common_voice_en_20016687.mp3,1.677,cannot,95,common_voice_en_20016645.mp3,strong,ok,epoch=1-step=24679-v1.ckpt,cpu,cannot,hit,0.9981911778450012,4.4028430901121846e-10,cannot,1,cannot,1,1,hit,0.022104687294960602,0.01998318437267442,0.8763936030296362,0.8763936030296362,0.020100502512562814,0.02512562814070352,0.027719185619301638,0.04522613065326633,1.0,1,0,0
pair_075_ba_right,pair_075,99e3b06bc4b172e32be927bffad2560c5b60dc42dd91880afd036aa56fd78605c54c29a39f4d87c5fc1141089e3ae738380ecd361664b0340208f7fa7745a0e8,ba,right,common_voice_en_20016628.mp3,"Farmiga was a member of Plast, the Ukrainian scouting organization.",common_voice_en_20016687.mp3,1.677,cannot,95,common_voice_en_20016645.mp3,1.564,strong,666,common_voice_en_20016645.mp3,1.564,strong,666,common_voice_en_20016687.mp3,cannot,ok,epoch=1-step=24679-v1.ckpt,cpu,strong,hit,0.9649027585983276,5.140049665897095e-07,strong,1,strong,1,1,hit,0.01998318437267442,0.022104687294960602,-0.8763936030296375,0.8763936030296375,0.02512562814070352,0.020100502512562814,0.027719185619301638,0.04522613065326633,1.0,1,0,0
pair_076_ab_left,pair_076,a3a04a577342d7b0a4d70fb675aed5399297b0210d506f08e81bdcd09dbd317bc28013e71be45e5a1f6408d3fdda0bdb47c64ea9091dfe1a76a89c6c5ceada15,ab,left,common_voice_en_19046651.mp3,Lettermore island is in two halves.,common_voice_en_19046653.mp3,3.595,every,229,common_voice_en_19046655.mp3,2.8,means,406,common_voice_en_19046653.mp3,3.595,every,229,common_voice_en_19046655.mp3,means,ok,epoch=1-step=24679-v1.ckpt,cpu,every,hit,0.4325389266014099,6.486372512881644e-06,every,1,every,1,1,hit,0.021456824433263046,0.018531931040042447,1.2728954443190708,1.2728954443190708,0.0,0.0,0.02433417396570847,0.0,1.0,1,0,0
pair_076_ab_right,pair_076,a3a04a577342d7b0a4d70fb675aed5399297b0210d506f08e81bdcd09dbd317bc28013e71be45e5a1f6408d3fdda0bdb47c64ea9091dfe1a76a89c6c5ceada15,ab,right,common_voice_en_19046651.mp3,Lettermore island is in two halves.,common_voice_en_19046653.mp3,3.595,every,229,common_voice_en_19046655.mp3,2.8,means,406,common_voice_en_19046655.mp3,2.8,means,406,common_voice_en_19046653.mp3,every,ok,epoch=1-step=24679-v1.ckpt,cpu,means,hit,0.4433065950870514,7.285853644134477e-05,means,1,means,1,1,hit,0.018531931040042447,0.021456824433263046,-1.2728954443190712,1.2728954443190712,0.0,0.0,0.02433417396570847,0.0,1.0,1,0,0
pair_076_ba_left,pair_076,a3a04a577342d7b0a4d70fb675aed5399297b0210d506f08e81bdcd09dbd317bc28013e71be45e5a1f6408d3fdda0bdb47c64ea9091dfe1a76a89c6c5ceada15,ba,left,common_voice_en_19046651.mp3,Lettermore island is in two halves.,common_voice_en_19046655.mp3,2.8,means,406,common_voice_en_19046653.mp3,3.595,every,229,common_voice_en_19046655.mp3,2.8,means,406,common_voice_en_19046653.mp3,every,ok,epoch=1-step=24679-v1.ckpt,cpu,means,hit,0.5878110527992249,4.690978130383883e-06,means,1,means,1,1,hit,0.018531931040042447,0.021456824433263046,-1.2728954443190712,1.2728954443190712,0.0,0.0,0.02433417396570847,0.0,1.0,1,0,0
pair_076_ba_right,pair_076,a3a04a577342d7b0a4d70fb675aed5399297b0210d506f08e81bdcd09dbd317bc28013e71be45e5a1f6408d3fdda0bdb47c64ea9091dfe1a76a89c6c5ceada15,ba,right,common_voice_en_19046651.mp3,Lettermore island is in two halves.,common_voice_en_19046655.mp3,2.8,means,406,common_voice_en_19046653.mp3,3.595,every,229,common_voice_en_19046653.mp3,3.595,every,229,common_voice_en_19046655.mp3,means,ok,epoch=1-step=24679-v1.ckpt,cpu,every,hit,0.2816638648509979,1.2351811164990067e-05,failed,0,every,1,1,hit,0.021456824433263046,0.018531931040042447,1.2728954443190708,1.2728954443190708,0.0,0.0,0.02433417396570847,0.0,1.0,1,0,0
pair_077_ab_left,pair_077,a5ad57d0e256bfb27e804680466768f9e7036f44302a81d7b72c2c6c22ccc402e6c8d18b475cad07f1ab7a564cebd0f84f21e366deaf7fc4ee68dca750c7fe21,ab,left,common_voice_en_22969902.mp3,Koeman scored at the second attempt.,common_voice_en_22969900.mp3,2.962,project,540,common_voice_en_22969901.mp3,2.28,source,639,common_voice_en_22969900.mp3,2.962,project,540,common_voice_en_22969901.mp3,source,ok,epoch=1-step=24679-v1.ckpt,cpu,project,hit,0.9984673857688904,7.062375129152087e-09,project,1,project,1,1,hit,0.021050052989892865,0.020605351775958056,0.18546320412371195,0.18546320412371195,0.18592964824120603,0.10050251256281408,0.03161576926140658,0.0,1.0,1,0,0
pair_077_ab_right,pair_077,a5ad57d0e256bfb27e804680466768f9e7036f44302a81d7b72c2c6c22ccc402e6c8d18b475cad07f1ab7a564cebd0f84f21e366deaf7fc4ee68dca750c7fe21,ab,right,common_voice_en_22969902.mp3,Koeman scored at the second attempt.,common_voice_en_22969900.mp3,2.962,project,540,common_voice_en_22969901.mp3,2.28,source,639,common_voice_en_22969901.mp3,2.28,source,639,common_voice_en_22969900.mp3,project,ok,epoch=1-step=24679-v1.ckpt,cpu,source,hit,0.9961755275726318,3.3980700198110725e-11,source,1,source,1,1,hit,0.020605351775958056,0.021050052989892865,-0.18546320412371128,0.18546320412371128,0.10050251256281408,0.18592964824120603,0.03161576926140658,0.0,1.0,1,0,0
pair_077_ba_left,pair_077,a5ad57d0e256bfb27e804680466768f9e7036f44302a81d7b72c2c6c22ccc402e6c8d18b475cad07f1ab7a564cebd0f84f21e366deaf7fc4ee68dca750c7fe21,ba,left,common_voice_en_22969902.mp3,Koeman scored at the second attempt.,common_voice_en_22969901.mp3,2.28,source,639,common_voice_en_22969900.mp3,2.962,project,540,common_voice_en_22969901.mp3,2.28,source,639,common_voice_en_22969900.mp3,project,ok,epoch=1-step=24679-v1.ckpt,cpu,source,hit,0.9979977011680604,1.2437809115972698e-10,source,1,source,1,1,hit,0.020605351775958056,0.021050052989892865,-0.18546320412371128,0.18546320412371128,0.10050251256281408,0.18592964824120603,0.03161576926140658,0.0,1.0,1,0,0
pair_077_ba_right,pair_077,a5ad57d0e256bfb27e804680466768f9e7036f44302a81d7b72c2c6c22ccc402e6c8d18b475cad07f1ab7a564cebd0f84f21e366deaf7fc4ee68dca750c7fe21,ba,right,common_voice_en_22969902.mp3,Koeman scored at the second attempt.,common_voice_en_22969901.mp3,2.28,source,639,common_voice_en_22969900.mp3,2.962,project,540,common_voice_en_22969900.mp3,2.962,project,540,common_voice_en_22969901.mp3,source,ok,epoch=1-step=24679-v1.ckpt,cpu,project,hit,0.9745936393737792,7.829304138340376e-08,project,1,project,1,1,hit,0.021050052989892865,0.020605351775958056,0.18546320412371195,0.18546320412371195,0.18592964824120603,0.10050251256281408,0.03161576926140658,0.0,1.0,1,0,0
pair_078_ab_left,pair_078,a7e0c26d95d106d6faa00a9623d5aea971d9aecbe47b63145ca369729d5d35ec91b9cc1089af86c3233e67f023104db749c1987b1a1ecdced3d8c0796a776065,ab,left,common_voice_en_19602351.mp3,All of Gasa is an environmentally protected area of Bhutan.,common_voice_en_19602350.mp3,1.924,particularly,488,common_voice_en_19602353.mp3,2.038,number,461,common_voice_en_19602350.mp3,1.924,particularly,488,common_voice_en_19602353.mp3,number,ok,epoch=1-step=24679-v1.ckpt,cpu,particularly,hit,0.9302887320518494,6.576195751145653e-12,particularly,1,particularly,1,1,hit,0.02224032982829324,0.018068794989368107,1.8042406652816063,1.8042406652816063,0.0,0.0,0.02902499457144803,0.0,1.0,1,0,0
pair_078_ab_right,pair_078,a7e0c26d95d106d6faa00a9623d5aea971d9aecbe47b63145ca369729d5d35ec91b9cc1089af86c3233e67f023104db749c1987b1a1ecdced3d8c0796a776065,ab,right,common_voice_en_19602351.mp3,All of Gasa is an environmentally protected area of Bhutan.,common_voice_en_19602350.mp3,1.924,particularly,488,common_voice_en_19602353.mp3,2.038,number,461,common_voice_en_19602353.mp3,2.038,number,461,common_voice_en_19602350.mp3,particularly,ok,epoch=1-step=24679-v1.ckpt,cpu,number,hit,0.9494908452033995,4.550599008723566e-09,number,1,number,1,1,hit,0.018068794989368107,0.02224032982829324,-1.8042406652816063,1.8042406652816063,0.0,0.0,0.02902499457144803,0.0,1.0,1,0,0
pair_078_ba_left,pair_078,a7e0c26d95d106d6faa00a9623d5aea971d9aecbe47b63145ca369729d5d35ec91b9cc1089af86c3233e67f023104db749c1987b1a1ecdced3d8c0796a776065,ba,left,common_voice_en_19602351.mp3,All of Gasa is an environmentally protected area of Bhutan.,common_voice_en_19602353.mp3,2.038,number,461,common_voice_en_19602350.mp3,1.924,particularly,488,common_voice_en_19602353.mp3,2.038,number,461,common_voice_en_19602350.mp3,particularly,ok,epoch=1-step=24679-v1.ckpt,cpu,number,hit,0.978412926197052,2.625468287220656e-09,number,1,number,1,1,hit,0.018068794989368107,0.02224032982829324,-1.8042406652816063,1.8042406652816063,0.0,0.0,0.02902499457144803,0.0,1.0,1,0,0
pair_078_ba_right,pair_078,a7e0c26d95d106d6faa00a9623d5aea971d9aecbe47b63145ca369729d5d35ec91b9cc1089af86c3233e67f023104db749c1987b1a1ecdced3d8c0796a776065,ba,right,common_voice_en_19602351.mp3,All of Gasa is an environmentally protected area of Bhutan.,common_voice_en_19602353.mp3,2.038,number,461,common_voice_en_19602350.mp3,1.924,particularly,488,common_voice_en_19602350.mp3,1.924,particularly,488,common_voice_en_19602353.mp3,number,ok,epoch=1-step=24679-v1.ckpt,cpu,particularly,hit,0.9450840950012208,1.8549267677414602e-10,particularly,1,particularly,1,1,hit,0.02224032982829324,0.018068794989368107,1.8042406652816063,1.8042406652816063,0.0,0.0,0.02902499457144803,0.0,1.0,1,0,0
pair_079_ab_left,pair_079,a8a6fd2af2b007a0416a82aedc592534e0eb5f59345f8de5040c399338ff31c9e47dc7c0b047880db3fd7ba29b3ce8e0045f639b3d639f58fb6fc5d71cb962ab,ab,left,common_voice_en_25776874.mp3,"White throws four pitches: a fastball, a slider, a curveball, and a forkball.",common_voice_en_25776983.mp3,1.949,separate,604,common_voice_en_25777013.mp3,1.506,companies,139,common_voice_en_25776983.mp3,1.949,separate,604,common_voice_en_25777013.mp3,companies,ok,epoch=1-step=24679-v1.ckpt,cpu,support,other,0.1756551563739776,1.1487222764117178e-06,support,0,third,0,0,baseline_and_dichotic_error,0.020261118844295677,0.020041676968198873,0.0945873215657943,0.0945873215657943,0.08040201005025126,0.0,0.030127178988572537,0.06030150753768844,0.5333333333333333,0,0,3
pair_079_ab_right,pair_079,a8a6fd2af2b007a0416a82aedc592534e0eb5f59345f8de5040c399338ff31c9e47dc7c0b047880db3fd7ba29b3ce8e0045f639b3d639f58fb6fc5d71cb962ab,ab,right,common_voice_en_25776874.mp3,"White throws four pitches: a fastball, a slider, a curveball, and a forkball.",common_voice_en_25776983.mp3,1.949,separate,604,common_voice_en_25777013.mp3,1.506,companies,139,common_voice_en_25777013.mp3,1.506,companies,139,common_voice_en_25776983.mp3,separate,ok,epoch=1-step=24679-v1.ckpt,cpu,continues,other,0.3732665479183197,3.291430346052948e-07,companies,1,companies,1,0,dichotic_specific_error,0.020041676968198873,0.020261118844295677,-0.09458732156579393,0.09458732156579393,0.0,0.08040201005025126,0.030127178988572537,0.06030150753768844,0.6666666666666666,0,0,3
pair_079_ba_left,pair_079,a8a6fd2af2b007a0416a82aedc592534e0eb5f59345f8de5040c399338ff31c9e47dc7c0b047880db3fd7ba29b3ce8e0045f639b3d639f58fb6fc5d71cb962ab,ba,left,common_voice_en_25776874.mp3,"White throws four pitches: a fastball, a slider, a curveball, and a forkball.",common_voice_en_25777013.mp3,1.506,companies,139,common_voice_en_25776983.mp3,1.949,separate,604,common_voice_en_25777013.mp3,1.506,companies,139,common_voice_en_25776983.mp3,separate,ok,epoch=1-step=24679-v1.ckpt,cpu,companies,hit,0.5513404011726379,1.288027391410651e-07,continues,0,companies,1,1,hit,0.020041676968198873,0.020261118844295677,-0.09458732156579393,0.09458732156579393,0.0,0.08040201005025126,0.030127178988572537,0.06030150753768844,1.0,1,0,3
pair_079_ba_right,pair_079,a8a6fd2af2b007a0416a82aedc592534e0eb5f59345f8de5040c399338ff31c9e47dc7c0b047880db3fd7ba29b3ce8e0045f639b3d639f58fb6fc5d71cb962ab,ba,right,common_voice_en_25776874.mp3,"White throws four pitches: a fastball, a slider, a curveball, and a forkball.",common_voice_en_25777013.mp3,1.506,companies,139,common_voice_en_25776983.mp3,1.949,separate,604,common_voice_en_25776983.mp3,1.949,separate,604,common_voice_en_25777013.mp3,companies,ok,epoch=1-step=24679-v1.ckpt,cpu,support,other,0.0972325205802917,5.971849077468505e-07,birds,0,third,0,0,baseline_and_dichotic_error,0.020261118844295677,0.020041676968198873,0.0945873215657943,0.0945873215657943,0.08040201005025126,0.0,0.030127178988572537,0.06030150753768844,0.5333333333333333,0,0,3
pair_080_ab_left,pair_080,a9049710b208fe6bb10e060b956d59061f5382f6d0556db101956a0dfb6a352981e56e2ed7108ce7ce4606f0ceef5f5f0da048dcc070fd1fa76d107e0646305c,ab,left,common_voice_en_19588943.mp3,He was succeeded by his son John the First of Ponthieu.,common_voice_en_19588940.mp3,2.035,there,700,common_voice_en_19588941.mp3,2.215,replaced,577,common_voice_en_19588940.mp3,2.035,there,700,common_voice_en_19588941.mp3,replaced,ok,epoch=1-step=24679-v1.ckpt,cpu,various,other,0.0282888375222682,2.9460892619681545e-05,those,0,various,0,0,baseline_and_dichotic_error,0.021899209802010086,0.019787142960510835,0.8809070555035996,0.8809070555035996,0.06532663316582915,0.05527638190954774,0.029430862362648323,0.1507537688442211,0.16666666666666666,0,1,2
pair_080_ab_right,pair_080,a9049710b208fe6bb10e060b956d59061f5382f6d0556db101956a0dfb6a352981e56e2ed7108ce7ce4606f0ceef5f5f0da048dcc070fd1fa76d107e0646305c,ab,right,common_voice_en_19588943.mp3,He was succeeded by his son John the First of Ponthieu.,common_voice_en_19588940.mp3,2.035,there,700,common_voice_en_19588941.mp3,2.215,replaced,577,common_voice_en_19588941.mp3,2.215,replaced,577,common_voice_en_19588940.mp3,there,ok,epoch=1-step=24679-v1.ckpt,cpu,replaced,hit,0.9887563586235046,5.3141601341621936e-08,replaced,1,replaced,1,1,hit,0.019787142960510835,0.021899209802010086,-0.8809070555036004,0.8809070555036004,0.05527638190954774,0.06532663316582915,0.029430862362648323,0.1507537688442211,1.0,1,0,2
pair_080_ba_left,pair_080,a9049710b208fe6bb10e060b956d59061f5382f6d0556db101956a0dfb6a352981e56e2ed7108ce7ce4606f0ceef5f5f0da048dcc070fd1fa76d107e0646305c,ba,left,common_voice_en_19588943.mp3,He was succeeded by his son John the First of Ponthieu.,common_voice_en_19588941.mp3,2.215,replaced,577,common_voice_en_19588940.mp3,2.035,there,700,common_voice_en_19588941.mp3,2.215,replaced,577,common_voice_en_19588940.mp3,there,ok,epoch=1-step=24679-v1.ckpt,cpu,replaced,hit,0.9913082718849182,3.595366138142708e-08,replaced,1,replaced,1,1,hit,0.019787142960510835,0.021899209802010086,-0.8809070555036004,0.8809070555036004,0.05527638190954774,0.06532663316582915,0.029430862362648323,0.1507537688442211,1.0,1,0,2
pair_080_ba_right,pair_080,a9049710b208fe6bb10e060b956d59061f5382f6d0556db101956a0dfb6a352981e56e2ed7108ce7ce4606f0ceef5f5f0da048dcc070fd1fa76d107e0646305c,ba,right,common_voice_en_19588943.mp3,He was succeeded by his son John the First of Ponthieu.,common_voice_en_19588941.mp3,2.215,replaced,577,common_voice_en_19588940.mp3,2.035,there,700,common_voice_en_19588940.mp3,2.035,there,700,common_voice_en_19588941.mp3,replaced,ok,epoch=1-step=24679-v1.ckpt,cpu,various,other,0.0074847983196377,9.20946513360832e-06,various,0,various,0,0,baseline_and_dichotic_error,0.021899209802010086,0.019787142960510835,0.8809070555035996,0.8809070555035996,0.06532663316582915,0.05527638190954774,0.029430862362648323,0.1507537688442211,0.16666666666666666,0,1,2
pair_081_ab_left,pair_081,aed91da51a4e9722a8c2a5d00393d9aa1da7de7bf01c641cbc48131b7226dc31e14529d0644062fc2c3c9e45c8ec02f865cdc58cf3f3e6468f8524e3da7ffc76,ab,left,common_voice_en_20273613.mp3,It is one of the world's largest university-based natural history museums.,common_voice_en_20273565.mp3,1.845,route,592,common_voice_en_20273615.mp3,4.085,member,409,common_voice_en_20273565.mp3,1.845,route,592,common_voice_en_20273615.mp3,member,ok,epoch=1-step=24679-v1.ckpt,cpu,route,hit,0.4658305644989013,0.0001695236423984,route,1,route,1,1,hit,0.01962829457181646,0.020448153629961312,-0.35543064744065317,0.35543064744065317,0.2613065326633166,0.01507537688442211,0.029161802630105343,0.020100502512562814,1.0,1,0,0
pair_081_ab_right,pair_081,aed91da51a4e9722a8c2a5d00393d9aa1da7de7bf01c641cbc48131b7226dc31e14529d0644062fc2c3c9e45c8ec02f865cdc58cf3f3e6468f8524e3da7ffc76,ab,right,common_voice_en_20273613.mp3,It is one of the world's largest university-based natural history museums.,common_voice_en_20273565.mp3,1.845,route,592,common_voice_en_20273615.mp3,4.085,member,409,common_voice_en_20273615.mp3,4.085,member,409,common_voice_en_20273565.mp3,route,ok,epoch=1-step=24679-v1.ckpt,cpu,member,hit,0.9923599362373352,2.1371375780177e-09,member,1,member,1,1,hit,0.020448153629961312,0.01962829457181646,0.3554306474406522,0.3554306474406522,0.01507537688442211,0.2613065326633166,0.029161802630105343,0.020100502512562814,1.0,1,0,0
pair_081_ba_left,pair_081,aed91da51a4e9722a8c2a5d00393d9aa1da7de7bf01c641cbc48131b7226dc31e14529d0644062fc2c3c9e45c8ec02f865cdc58cf3f3e6468f8524e3da7ffc76,ba,left,common_voice_en_20273613.mp3,It is one of the world's largest university-based natural history museums.,common_voice_en_20273615.mp3,4.085,member,409,common_voice_en_20273565.mp3,1.845,route,592,common_voice_en_20273615.mp3,4.085,member,409,common_voice_en_20273565.mp3,route,ok,epoch=1-step=24679-v1.ckpt,cpu,member,hit,0.9884536862373352,7.006885294202902e-09,member,1,member,1,1,hit,0.020448153629961312,0.01962829457181646,0.3554306474406522,0.3554306474406522,0.01507537688442211,0.2613065326633166,0.029161802630105343,0.020100502512562814,1.0,1,0,0
pair_081_ba_right,pair_081,aed91da51a4e9722a8c2a5d00393d9aa1da7de7bf01c641cbc48131b7226dc31e14529d0644062fc2c3c9e45c8ec02f865cdc58cf3f3e6468f8524e3da7ffc76,ba,right,common_voice_en_20273613.mp3,It is one of the world's largest university-based natural history museums.,common_voice_en_20273615.mp3,4.085,member,409,common_voice_en_20273565.mp3,1.845,route,592,common_voice_en_20273565.mp3,1.845,route,592,common_voice_en_20273615.mp3,member,ok,epoch=1-step=24679-v1.ckpt,cpu,route,hit,0.82304847240448,1.1523696230142376e-05,route,1,route,1,1,hit,0.01962829457181646,0.020448153629961312,-0.35543064744065317,0.35543064744065317,0.2613065326633166,0.01507537688442211,0.029161802630105343,0.020100502512562814,1.0,1,0,0
pair_082_ab_left,pair_082,b016ba0b8d65927f2a75714a9758ec2d98f64646715874f60e3e2be8383fd1f501fc025b9eee881a61a54c3319def476222b2e3519b228a0049c85dd2029abdd,ab,left,common_voice_en_38621.mp3,"From there, he could see Africa in the distance.",common_voice_en_38625.mp3,2.972,future,278,common_voice_en_38636.mp3,3.97,asked,44,common_voice_en_38625.mp3,2.972,future,278,common_voice_en_38636.mp3,asked,ok,epoch=1-step=24679-v1.ckpt,cpu,future,hit,0.6007087230682373,7.710713317843343e-11,feature,0,future,1,1,hit,0.01714431795870449,0.02186266921522085,-2.1116594272785565,2.1116594272785565,0.07035175879396985,0.08040201005025126,0.02975114298533668,0.08040201005025126,1.0,1,0,0
pair_082_ab_right,pair_082,b016ba0b8d65927f2a75714a9758ec2d98f64646715874f60e3e2be8383fd1f501fc025b9eee881a61a54c3319def476222b2e3519b228a0049c85dd2029abdd,ab,right,common_voice_en_38621.mp3,"From there, he could see Africa in the distance.",common_voice_en_38625.mp3,2.972,future,278,common_voice_en_38636.mp3,3.97,asked,44,common_voice_en_38636.mp3,3.97,asked,44,common_voice_en_38625.mp3,future,ok,epoch=1-step=24679-v1.ckpt,cpu,asked,hit,0.999584138393402,3.731003006546274e-11,asked,1,asked,1,1,hit,0.02186266921522085,0.01714431795870449,2.1116594272785574,2.1116594272785574,0.08040201005025126,0.07035175879396985,0.02975114298533668,0.08040201005025126,1.0,1,0,0
pair_082_ba_left,pair_082,b016ba0b8d65927f2a75714a9758ec2d98f64646715874f60e3e2be8383fd1f501fc025b9eee881a61a54c3319def476222b2e3519b228a0049c85dd2029abdd,ba,left,common_voice_en_38621.mp3,"From there, he could see Africa in the distance.",common_voice_en_38636.mp3,3.97,asked,44,common_voice_en_38625.mp3,2.972,future,278,common_voice_en_38636.mp3,3.97,asked,44,common_voice_en_38625.mp3,future,ok,epoch=1-step=24679-v1.ckpt,cpu,asked,hit,0.9986873269081116,7.955452963059884e-10,asked,1,asked,1,1,hit,0.02186266921522085,0.01714431795870449,2.1116594272785574,2.1116594272785574,0.08040201005025126,0.07035175879396985,0.02975114298533668,0.08040201005025126,1.0,1,0,0
pair_082_ba_right,pair_082,b016ba0b8d65927f2a75714a9758ec2d98f64646715874f60e3e2be8383fd1f501fc025b9eee881a61a54c3319def476222b2e3519b228a0049c85dd2029abdd,ba,right,common_voice_en_38621.mp3,"From there, he could see Africa in the distance.",common_voice_en_38636.mp3,3.97,asked,44,common_voice_en_38625.mp3,2.972,future,278,common_voice_en_38625.mp3,2.972,future,278,common_voice_en_38636.mp3,asked,ok,epoch=1-step=24679-v1.ckpt,cpu,future,hit,0.6805534958839417,8.262995287999785e-10,feature,0,future,1,1,hit,0.01714431795870449,0.02186266921522085,-2.1116594272785565,2.1116594272785565,0.07035175879396985,0.08040201005025126,0.02975114298533668,0.08040201005025126,1.0,1,0,0
pair_083_ab_left,pair_083,b0a9c1096f7298520bd303bd875557ffe42b8d88d8caf51081a38bd61a8c200f7ae582fd4517f62d7715fdf9e8b95d736660271c1d6fff2dc5feab734931e2a3,ab,left,common_voice_en_19591949.mp3,Some compiled languages explicitly permit self-modifying code.,common_voice_en_19591948.mp3,1.625,there,700,common_voice_en_19591955.mp3,4.177,television,694,common_voice_en_19591948.mp3,1.625,there,700,common_voice_en_19591955.mp3,television,ok,epoch=1-step=24679-v1.ckpt,cpu,there's,other,0.2950949370861053,1.4310100482362034e-07,there's,0,there,1,0,dichotic_specific_error,0.021138179116633245,0.021174461567420488,-0.014896042198349025,0.014896042198349025,0.04020100502512563,0.04020100502512563,0.02754156458609275,0.09045226130653267,0.8333333333333334,1,0,2
pair_083_ab_right,pair_083,b0a9c1096f7298520bd303bd875557ffe42b8d88d8caf51081a38bd61a8c200f7ae582fd4517f62d7715fdf9e8b95d736660271c1d6fff2dc5feab734931e2a3,ab,right,common_voice_en_19591949.mp3,Some compiled languages explicitly permit self-modifying code.,common_voice_en_19591948.mp3,1.625,there,700,common_voice_en_19591955.mp3,4.177,television,694,common_voice_en_19591955.mp3,4.177,television,694,common_voice_en_19591948.mp3,there,ok,epoch=1-step=24679-v1.ckpt,cpu,television,hit,0.9993112087249756,5.147157935425639e-07,television,1,television,1,1,hit,0.021174461567420488,0.021138179116633245,0.014896042198349446,0.014896042198349446,0.04020100502512563,0.04020100502512563,0.02754156458609275,0.09045226130653267,1.0,1,0,2
pair_083_ba_left,pair_083,b0a9c1096f7298520bd303bd875557ffe42b8d88d8caf51081a38bd61a8c200f7ae582fd4517f62d7715fdf9e8b95d736660271c1d6fff2dc5feab734931e2a3,ba,left,common_voice_en_19591949.mp3,Some compiled languages explicitly permit self-modifying code.,common_voice_en_19591955.mp3,4.177,television,694,common_voice_en_19591948.mp3,1.625,there,700,common_voice_en_19591955.mp3,4.177,television,694,common_voice_en_19591948.mp3,there,ok,epoch=1-step=24679-v1.ckpt,cpu,television,hit,0.9975785613059998,2.389180281170411e-06,television,1,television,1,1,hit,0.021174461567420488,0.021138179116633245,0.014896042198349446,0.014896042198349446,0.04020100502512563,0.04020100502512563,0.02754156458609275,0.09045226130653267,1.0,1,0,2
pair_083_ba_right,pair_083,b0a9c1096f7298520bd303bd875557ffe42b8d88d8caf51081a38bd61a8c200f7ae582fd4517f62d7715fdf9e8b95d736660271c1d6fff2dc5feab734931e2a3,ba,right,common_voice_en_19591949.mp3,Some compiled languages explicitly permit self-modifying code.,common_voice_en_19591955.mp3,4.177,television,694,common_voice_en_19591948.mp3,1.625,there,700,common_voice_en_19591948.mp3,1.625,there,700,common_voice_en_19591955.mp3,television,ok,epoch=1-step=24679-v1.ckpt,cpu,there's,other,0.4157984852790832,1.9990086741472626e-07,there's,0,there,1,0,dichotic_specific_error,0.021138179116633245,0.021174461567420488,-0.014896042198349025,0.014896042198349025,0.04020100502512563,0.04020100502512563,0.02754156458609275,0.09045226130653267,0.8333333333333334,1,0,2
pair_084_ab_left,pair_084,b570d19edbda421e0975056b5fdf4cefbc3825b840aacaa337567ec1aa151a81633eb645a86c8c1c22b23e7f916c60c20cb115de29b670511fb9413611e8cc3b,ab,left,common_voice_en_19055614.mp3,Step-free access is available to both platforms via ramps.,common_voice_en_19055618.mp3,2.245,designed,182,common_voice_en_19055632.mp3,1.782,eastern,204,common_voice_en_19055618.mp3,2.245,designed,182,common_voice_en_19055632.mp3,eastern,ok,epoch=1-step=24679-v1.ckpt,cpu,design,other,0.2395025938749313,0.0003484972403384,design,0,design,0,0,baseline_and_dichotic_error,0.019857822809187298,0.02235761769349402,-1.0298778887115856,1.0298778887115856,0.005025125628140704,0.19095477386934673,0.030838454229704767,0.010050251256281407,0.8571428571428571,1,1,2
pair_084_ab_right,pair_084,b570d19edbda421e0975056b5fdf4cefbc3825b840aacaa337567ec1aa151a81633eb645a86c8c1c22b23e7f916c60c20cb115de29b670511fb9413611e8cc3b,ab,right,common_voice_en_19055614.mp3,Step-free access is available to both platforms via ramps.,common_voice_en_19055618.mp3,2.245,designed,182,common_voice_en_19055632.mp3,1.782,eastern,204,common_voice_en_19055632.mp3,1.782,eastern,204,common_voice_en_19055618.mp3,designed,ok,epoch=1-step=24679-v1.ckpt,cpu,eastern,hit,0.8448525071144104,6.387253506545676e-06,eastern,1,eastern,1,1,hit,0.02235761769349402,0.019857822809187298,1.029877888711585,1.029877888711585,0.19095477386934673,0.005025125628140704,0.030838454229704767,0.010050251256281407,1.0,1,0,2
pair_084_ba_left,pair_084,b570d19edbda421e0975056b5fdf4cefbc3825b840aacaa337567ec1aa151a81633eb645a86c8c1c22b23e7f916c60c20cb115de29b670511fb9413611e8cc3b,ba,left,common_voice_en_19055614.mp3,Step-free access is available to both platforms via ramps.,common_voice_en_19055632.mp3,1.782,eastern,204,common_voice_en_19055618.mp3,2.245,designed,182,common_voice_en_19055632.mp3,1.782,eastern,204,common_voice_en_19055618.mp3,designed,ok,epoch=1-step=24679-v1.ckpt,cpu,eastern,hit,0.9106733798980712,8.58293958572176e-07,eastern,1,eastern,1,1,hit,0.02235761769349402,0.019857822809187298,1.029877888711585,1.029877888711585,0.19095477386934673,0.005025125628140704,0.030838454229704767,0.010050251256281407,1.0,1,0,2
pair_084_ba_right,pair_084,b570d19edbda421e0975056b5fdf4cefbc3825b840aacaa337567ec1aa151a81633eb645a86c8c1c22b23e7f916c60c20cb115de29b670511fb9413611e8cc3b,ba,right,common_voice_en_19055614.mp3,Step-free access is available to both platforms via ramps.,common_voice_en_19055632.mp3,1.782,eastern,204,common_voice_en_19055618.mp3,2.245,designed,182,common_voice_en_19055618.mp3,2.245,designed,182,common_voice_en_19055632.mp3,eastern,ok,epoch=1-step=24679-v1.ckpt,cpu,design,other,0.2886533141136169,5.711428457289003e-05,design,0,design,0,0,baseline_and_dichotic_error,0.019857822809187298,0.02235761769349402,-1.0298778887115856,1.0298778887115856,0.005025125628140704,0.19095477386934673,0.030838454229704767,0.010050251256281407,0.8571428571428571,1,1,2
pair_085_ab_left,pair_085,b63e9f160905d449f5726e1afe49b6a722995a7edd35ab62810788435c7094bf37799732cefdf959ae8f3eec6e16bfa87b99a91974270f4d3728f6c1a62dffd5,ab,left,common_voice_en_22919118.mp3,"Knapp, Stout and Company became the largest lumber company in the world.",common_voice_en_22919120.mp3,2.482,featured,242,common_voice_en_22919136.mp3,2.085,never,452,common_voice_en_22919120.mp3,2.482,featured,242,common_voice_en_22919136.mp3,never,ok,epoch=1-step=24679-v1.ckpt,cpu,featured,hit,0.941766619682312,8.45204461974447e-12,featured,1,featured,1,1,hit,0.02114665867848329,0.019233570854253104,0.8236366767472119,0.8236366767472119,0.010050251256281407,0.07035175879396985,0.03098589565305338,0.0,1.0,1,0,0
pair_085_ab_right,pair_085,b63e9f160905d449f5726e1afe49b6a722995a7edd35ab62810788435c7094bf37799732cefdf959ae8f3eec6e16bfa87b99a91974270f4d3728f6c1a62dffd5,ab,right,common_voice_en_22919118.mp3,"Knapp, Stout and Company became the largest lumber company in the world.",common_voice_en_22919120.mp3,2.482,featured,242,common_voice_en_22919136.mp3,2.085,never,452,common_voice_en_22919136.mp3,2.085,never,452,common_voice_en_22919120.mp3,featured,ok,epoch=1-step=24679-v1.ckpt,cpu,never,hit,0.9999983310699464,7.705248948169027e-17,never,1,never,1,1,hit,0.019233570854253104,0.02114665867848329,-0.8236366767472127,0.8236366767472127,0.07035175879396985,0.010050251256281407,0.03098589565305338,0.0,1.0,1,0,0
pair_085_ba_left,pair_085,b63e9f160905d449f5726e1afe49b6a722995a7edd35ab62810788435c7094bf37799732cefdf959ae8f3eec6e16bfa87b99a91974270f4d3728f6c1a62dffd5,ba,left,common_voice_en_22919118.mp3,"Knapp, Stout and Company became the largest lumber company in the world.",common_voice_en_22919136.mp3,2.085,never,452,common_voice_en_22919120.mp3,2.482,featured,242,common_voice_en_22919136.mp3,2.085,never,452,common_voice_en_22919120.mp3,featured,ok,epoch=1-step=24679-v1.ckpt,cpu,never,hit,0.9998821020126344,1.5245619437026514e-12,never,1,never,1,1,hit,0.019233570854253104,0.02114665867848329,-0.8236366767472127,0.8236366767472127,0.07035175879396985,0.010050251256281407,0.03098589565305338,0.0,1.0,1,0,0
pair_085_ba_right,pair_085,b63e9f160905d449f5726e1afe49b6a722995a7edd35ab62810788435c7094bf37799732cefdf959ae8f3eec6e16bfa87b99a91974270f4d3728f6c1a62dffd5,ba,right,common_voice_en_22919118.mp3,"Knapp, Stout and Company became the largest lumber company in the world.",common_voice_en_22919136.mp3,2.085,never,452,common_voice_en_22919120.mp3,2.482,featured,242,common_voice_en_22919120.mp3,2.482,featured,242,common_voice_en_22919136.mp3,never,ok,epoch=1-step=24679-v1.ckpt,cpu,featured,hit,0.9057875275611876,3.283808641674213e-11,featured,1,featured,1,1,hit,0.02114665867848329,0.019233570854253104,0.8236366767472119,0.8236366767472119,0.010050251256281407,0.07035175879396985,0.03098589565305338,0.0,1.0,1,0,0
pair_086_ab_left,pair_086,b779db7939aed133ee10cd7bc8f5c6791935f4f5f8cc80c4338e621ad8b99c50ec1a642e203e5fa69834fd6158bc614fdb5f54cd486a49a2b936a4e0c31677b7,ab,left,common_voice_en_23883731.mp3,Marsh did not appear in the witness box to give evidence.,common_voice_en_23883719.mp3,2.316,south,640,common_voice_en_23883730.mp3,2.386,centre,106,common_voice_en_23883719.mp3,2.316,south,640,common_voice_en_23883730.mp3,centre,ok,epoch=1-step=24679-v1.ckpt,cpu,sound,other,0.1716433614492416,0.0003528244851622,sound,0,south,1,0,dichotic_specific_error,0.01847208964735748,0.020548639265387178,-0.925340810109045,0.925340810109045,0.05527638190954774,0.035175879396984924,0.029711611480978527,0.20603015075376885,0.6,0,0,3
pair_086_ab_right,pair_086,b779db7939aed133ee10cd7bc8f5c6791935f4f5f8cc80c4338e621ad8b99c50ec1a642e203e5fa69834fd6158bc614fdb5f54cd486a49a2b936a4e0c31677b7,ab,right,common_voice_en_23883731.mp3,Marsh did not appear in the witness box to give evidence.,common_voice_en_23883719.mp3,2.316,south,640,common_voice_en_23883730.mp3,2.386,centre,106,common_voice_en_23883730.mp3,2.386,centre,106,common_voice_en_23883719.mp3,south,ok,epoch=1-step=24679-v1.ckpt,cpu,centre,hit,0.5476376414299011,0.0001581187971169,centre,1,center,0,1,hit,0.020548639265387178,0.01847208964735748,0.9253408101090459,0.9253408101090459,0.035175879396984924,0.05527638190954774,0.029711611480978527,0.20603015075376885,1.0,1,0,3
pair_086_ba_left,pair_086,b779db7939aed133ee10cd7bc8f5c6791935f4f5f8cc80c4338e621ad8b99c50ec1a642e203e5fa69834fd6158bc614fdb5f54cd486a49a2b936a4e0c31677b7,ba,left,common_voice_en_23883731.mp3,Marsh did not appear in the witness box to give evidence.,common_voice_en_23883730.mp3,2.386,centre,106,common_voice_en_23883719.mp3,2.316,south,640,common_voice_en_23883730.mp3,2.386,centre,106,common_voice_en_23883719.mp3,south,ok,epoch=1-step=24679-v1.ckpt,cpu,center,other,0.468319684267044,2.113577284035273e-05,centre,1,center,0,0,baseline_and_dichotic_error,0.020548639265387178,0.01847208964735748,0.9253408101090459,0.9253408101090459,0.035175879396984924,0.05527638190954774,0.029711611480978527,0.20603015075376885,0.8333333333333334,1,1,3
pair_086_ba_right,pair_086,b779db7939aed133ee10cd7bc8f5c6791935f4f5f8cc80c4338e621ad8b99c50ec1a642e203e5fa69834fd6158bc614fdb5f54cd486a49a2b936a4e0c31677b7,ba,right,common_voice_en_23883731.mp3,Marsh did not appear in the witness box to give evidence.,common_voice_en_23883730.mp3,2.386,centre,106,common_voice_en_23883719.mp3,2.316,south,640,common_voice_en_23883719.mp3,2.316,south,640,common_voice_en_23883730.mp3,centre,ok,epoch=1-step=24679-v1.ckpt,cpu,sound,other,0.1513504981994629,0.0013290104689076,sound,0,south,1,0,dichotic_specific_error,0.01847208964735748,0.020548639265387178,-0.925340810109045,0.925340810109045,0.05527638190954774,0.035175879396984924,0.029711611480978527,0.20603015075376885,0.6,0,0,3
pair_087_ab_left,pair_087,b8d9f89e1fba8d2f36d6f603d76061626b7e1f80064ba2f15dcacafac8c7375cf2e02addf2a14ccb9c14c53f8ce2ad84d428088b5eaa626895ec1e75f766a8f6,ab,left,common_voice_en_14473.mp3,And don't bump into anything.,common_voice_en_14474.mp3,1.597,that's,696,common_voice_en_14477.mp3,1.478,could,155,common_voice_en_14474.mp3,1.597,that's,696,common_voice_en_14477.mp3,could,ok,epoch=1-step=24679-v1.ckpt,cpu,that's,hit,0.9143957495689392,2.0918781956424937e-05,that's,1,that's,1,1,hit,0.022360659622869598,0.022360652527347067,2.756221706434631e-06,2.756221706434631e-06,0.542713567839196,0.3768844221105528,0.03162032975812276,0.2864321608040201,1.0,1,0,2
pair_087_ab_right,pair_087,b8d9f89e1fba8d2f36d6f603d76061626b7e1f80064ba2f15dcacafac8c7375cf2e02addf2a14ccb9c14c53f8ce2ad84d428088b5eaa626895ec1e75f766a8f6,ab,right,common_voice_en_14473.mp3,And don't bump into anything.,common_voice_en_14474.mp3,1.597,that's,696,common_voice_en_14477.mp3,1.478,could,155,common_voice_en_14477.mp3,1.478,could,155,common_voice_en_14474.mp3,that's,ok,epoch=1-step=24679-v1.ckpt,cpu,paper,other,0.012084811925888,2.0211757146171298e-05,paper,0,peter,0,0,baseline_and_dichotic_error,0.022360652527347067,0.022360659622869598,-2.7562217054343884e-06,2.7562217054343884e-06,0.3768844221105528,0.542713567839196,0.03162032975812276,0.2864321608040201,0.0,0,0,2
pair_087_ba_left,pair_087,b8d9f89e1fba8d2f36d6f603d76061626b7e1f80064ba2f15dcacafac8c7375cf2e02addf2a14ccb9c14c53f8ce2ad84d428088b5eaa626895ec1e75f766a8f6,ba,left,common_voice_en_14473.mp3,And don't bump into anything.,common_voice_en_14477.mp3,1.478,could,155,common_voice_en_14474.mp3,1.597,that's,696,common_voice_en_14477.mp3,1.478,could,155,common_voice_en_14474.mp3,that's,ok,epoch=1-step=24679-v1.ckpt,cpu,paper,other,0.0437782779335975,1.162042190117063e-05,taken,0,peter,0,0,baseline_and_dichotic_error,0.022360652527347067,0.022360659622869598,-2.7562217054343884e-06,2.7562217054343884e-06,0.3768844221105528,0.542713567839196,0.03162032975812276,0.2864321608040201,0.0,0,0,2
pair_087_ba_right,pair_087,b8d9f89e1fba8d2f36d6f603d76061626b7e1f80064ba2f15dcacafac8c7375cf2e02addf2a14ccb9c14c53f8ce2ad84d428088b5eaa626895ec1e75f766a8f6,ba,right,common_voice_en_14473.mp3,And don't bump into anything.,common_voice_en_14477.mp3,1.478,could,155,common_voice_en_14474.mp3,1.597,that's,696,common_voice_en_14474.mp3,1.597,that's,696,common_voice_en_14477.mp3,could,ok,epoch=1-step=24679-v1.ckpt,cpu,that's,hit,0.6486034393310547,7.225218723760918e-05,that's,1,that's,1,1,hit,0.022360659622869598,0.022360652527347067,2.756221706434631e-06,2.756221706434631e-06,0.542713567839196,0.3768844221105528,0.03162032975812276,0.2864321608040201,1.0,1,0,2
pair_088_ab_left,pair_088,b8ed47c13f200f2aa65db96ef876d699cdad279553768ef33205e4623ac59c8fd73b3428ade578ef91075da8ea4d133c410db89525a8f512a1a7b26bbb6d9fdf,ab,left,common_voice_en_23695794.mp3,This transfer of energy redshifts the radiation it emits.,common_voice_en_23695793.mp3,1.556,different,187,common_voice_en_23695796.mp3,1.664,album,19,common_voice_en_23695793.mp3,1.556,different,187,common_voice_en_23695796.mp3,album,ok,epoch=1-step=24679-v1.ckpt,cpu,different,hit,0.1362245082855224,2.730775850068312e-05,australia,0,different,1,1,hit,0.021761467788133152,0.019971256506937495,0.7456559003877794,0.7456559003877794,0.27638190954773867,0.11055276381909548,0.023608586021700937,0.2914572864321608,1.0,1,0,2
pair_088_ab_right,pair_088,b8ed47c13f200f2aa65db96ef876d699cdad279553768ef33205e4623ac59c8fd73b3428ade578ef91075da8ea4d133c410db89525a8f512a1a7b26bbb6d9fdf,ab,right,common_voice_en_23695794.mp3,This transfer of energy redshifts the radiation it emits.,common_voice_en_23695793.mp3,1.556,different,187,common_voice_en_23695796.mp3,1.664,album,19,common_voice_en_23695796.mp3,1.664,album,19,common_voice_en_23695793.mp3,different,ok,epoch=1-step=24679-v1.ckpt,cpu,owned,other,0.0035039368085563,0.0001128258663811,owned,0,album,1,0,dichotic_specific_error,0.019971256506937495,0.021761467788133152,-0.7456559003877805,0.7456559003877805,0.11055276381909548,0.27638190954773867,0.023608586021700937,0.2914572864321608,0.0,0,0,2
pair_088_ba_left,pair_088,b8ed47c13f200f2aa65db96ef876d699cdad279553768ef33205e4623ac59c8fd73b3428ade578ef91075da8ea4d133c410db89525a8f512a1a7b26bbb6d9fdf,ba,left,common_voice_en_23695794.mp3,This transfer of energy redshifts the radiation it emits.,common_voice_en_23695796.mp3,1.664,album,19,common_voice_en_23695793.mp3,1.556,different,187,common_voice_en_23695796.mp3,1.664,album,19,common_voice_en_23695793.mp3,different,ok,epoch=1-step=24679-v1.ckpt,cpu,owned,other,0.0123260328546166,0.0001398491003783,owned,0,album,1,0,dichotic_specific_error,0.019971256506937495,0.021761467788133152,-0.7456559003877805,0.7456559003877805,0.11055276381909548,0.27638190954773867,0.023608586021700937,0.2914572864321608,0.0,0,0,2
pair_088_ba_right,pair_088,b8ed47c13f200f2aa65db96ef876d699cdad279553768ef33205e4623ac59c8fd73b3428ade578ef91075da8ea4d133c410db89525a8f512a1a7b26bbb6d9fdf,ba,right,common_voice_en_23695794.mp3,This transfer of energy redshifts the radiation it emits.,common_voice_en_23695796.mp3,1.664,album,19,common_voice_en_23695793.mp3,1.556,different,187,common_voice_en_23695793.mp3,1.556,different,187,common_voice_en_23695796.mp3,album,ok,epoch=1-step=24679-v1.ckpt,cpu,different,hit,0.2398512065410614,1.3883692190574948e-05,different,1,different,1,1,hit,0.021761467788133152,0.019971256506937495,0.7456559003877794,0.7456559003877794,0.27638190954773867,0.11055276381909548,0.023608586021700937,0.2914572864321608,1.0,1,0,2
pair_089_ab_left,pair_089,bbb931b71c9f86a9d55f858e249d3ef726b84a760c7e82a42046ad85c62e84472b16c19863d2ab9fbbce370116523fafe1b80a750db5e736f78b12fcf438b2db,ab,left,common_voice_en_122505.mp3,She refilled her vessel and left.,common_voice_en_122512.mp3,1.415,could,155,common_voice_en_122532.mp3,2.29,stone,660,common_voice_en_122512.mp3,1.415,could,155,common_voice_en_122532.mp3,stone,ok,epoch=1-step=24679-v1.ckpt,cpu,working,other,0.0655564665794372,1.7598067643120885e-06,could,1,could,1,0,dichotic_specific_error,0.018717548944487197,0.020873988606006453,-0.9471292927141112,0.9471292927141112,0.1457286432160804,0.04020100502512563,0.030223593883298608,0.1407035175879397,0.16666666666666666,0,0,2
pair_089_ab_right,pair_089,bbb931b71c9f86a9d55f858e249d3ef726b84a760c7e82a42046ad85c62e84472b16c19863d2ab9fbbce370116523fafe1b80a750db5e736f78b12fcf438b2db,ab,right,common_voice_en_122505.mp3,She refilled her vessel and left.,common_voice_en_122512.mp3,1.415,could,155,common_voice_en_122532.mp3,2.29,stone,660,common_voice_en_122532.mp3,2.29,stone,660,common_voice_en_122512.mp3,could,ok,epoch=1-step=24679-v1.ckpt,cpu,stone,hit,0.9802164435386658,6.326549168989004e-07,stone,1,stone,1,1,hit,0.020873988606006453,0.018717548944487197,0.947129292714112,0.947129292714112,0.04020100502512563,0.1457286432160804,0.030223593883298608,0.1407035175879397,1.0,1,0,2
pair_089_ba_left,pair_089,bbb931b71c9f86a9d55f858e249d3ef726b84a760c7e82a42046ad85c62e84472b16c19863d2ab9fbbce370116523fafe1b80a750db5e736f78b12fcf438b2db,ba,left,common_voice_en_122505.mp3,She refilled her vessel and left.,common_voice_en_122532.mp3,2.29,stone,660,common_voice_en_122512.mp3,1.415,could,155,common_voice_en_122532.mp3,2.29,stone,660,common_voice_en_122512.mp3,could,ok,epoch=1-step=24679-v1.ckpt,cpu,stone,hit,0.9812834858894348,4.6074927695372025e-07,stone,1,stone,1,1,hit,0.020873988606006453,0.018717548944487197,0.947129292714112,0.947129292714112,0.04020100502512563,0.1457286432160804,0.030223593883298608,0.1407035175879397,1.0,1,0,2
pair_089_ba_right,pair_089,bbb931b71c9f86a9d55f858e249d3ef726b84a760c7e82a42046ad85c62e84472b16c19863d2ab9fbbce370116523fafe1b80a750db5e736f78b12fcf438b2db,ba,right,common_voice_en_122505.mp3,She refilled her vessel and left.,common_voice_en_122532.mp3,2.29,stone,660,common_voice_en_122512.mp3,1.415,could,155,common_voice_en_122512.mp3,1.415,could,155,common_voice_en_122532.mp3,stone,ok,epoch=1-step=24679-v1.ckpt,cpu,working,other,0.0039179157465696,9.999997701015673e-07,water,0,could,1,0,dichotic_specific_error,0.018717548944487197,0.020873988606006453,-0.9471292927141112,0.9471292927141112,0.1457286432160804,0.04020100502512563,0.030223593883298608,0.1407035175879397,0.16666666666666666,0,0,2
pair_090_ab_left,pair_090,bd05e15dd9ce4d89e3eda63c896ed2e68dbe7b1f9162acacc3d848464f4ded9ee7874511673982ada274c627bca216a568c5a6dc29eb0d0cdacd1073415a0d12,ab,left,common_voice_en_19621151.mp3,"""Maser"", spot, marking, especially on wood; ""cf.",common_voice_en_19621008.mp3,2.524,himself,311,common_voice_en_19621009.mp3,1.474,isn't,346,common_voice_en_19621008.mp3,2.524,himself,311,common_voice_en_19621009.mp3,isn't,ok,epoch=1-step=24679-v1.ckpt,cpu,located,other,0.0035843485966324,0.0010012775892391,interest,0,himself,1,0,dichotic_specific_error,0.020344699487307365,0.021402854557717572,-0.44040842031871275,0.44040842031871275,0.0,0.0,0.029137636895294132,0.0,0.14285714285714285,0,0,2
pair_090_ab_right,pair_090,bd05e15dd9ce4d89e3eda63c896ed2e68dbe7b1f9162acacc3d848464f4ded9ee7874511673982ada274c627bca216a568c5a6dc29eb0d0cdacd1073415a0d12,ab,right,common_voice_en_19621151.mp3,"""Maser"", spot, marking, especially on wood; ""cf.",common_voice_en_19621008.mp3,2.524,himself,311,common_voice_en_19621009.mp3,1.474,isn't,346,common_voice_en_19621009.mp3,1.474,isn't,346,common_voice_en_19621008.mp3,himself,ok,epoch=1-step=24679-v1.ckpt,cpu,isn't,hit,0.6835280656814575,1.5129707207961474e-05,isn't,1,isn't,1,1,hit,0.021402854557717572,0.020344699487307365,0.44040842031871247,0.44040842031871247,0.0,0.0,0.029137636895294132,0.0,1.0,1,0,2
pair_090_ba_left,pair_090,bd05e15dd9ce4d89e3eda63c896ed2e68dbe7b1f9162acacc3d848464f4ded9ee7874511673982ada274c627bca216a568c5a6dc29eb0d0cdacd1073415a0d12,ba,left,common_voice_en_19621151.mp3,"""Maser"", spot, marking, especially on wood; ""cf.",common_voice_en_19621009.mp3,1.474,isn't,346,common_voice_en_19621008.mp3,2.524,himself,311,common_voice_en_19621009.mp3,1.474,isn't,346,common_voice_en_19621008.mp3,himself,ok,epoch=1-step=24679-v1.ckpt,cpu,isn't,hit,0.2033466696739196,0.0008046171278692,isn't,1,isn't,1,1,hit,0.021402854557717572,0.020344699487307365,0.44040842031871247,0.44040842031871247,0.0,0.0,0.029137636895294132,0.0,1.0,1,0,2
pair_090_ba_right,pair_090,bd05e15dd9ce4d89e3eda63c896ed2e68dbe7b1f9162acacc3d848464f4ded9ee7874511673982ada274c627bca216a568c5a6dc29eb0d0cdacd1073415a0d12,ba,right,common_voice_en_19621151.mp3,"""Maser"", spot, marking, especially on wood; ""cf.",common_voice_en_19621009.mp3,1.474,isn't,346,common_voice_en_19621008.mp3,2.524,himself,311,common_voice_en_19621008.mp3,2.524,himself,311,common_voice_en_19621009.mp3,isn't,ok,epoch=1-step=24679-v1.ckpt,cpu,include,other,0.0013416148722171,0.000264864298515,located,0,himself,1,0,dichotic_specific_error,0.020344699487307365,0.021402854557717572,-0.44040842031871275,0.44040842031871275,0.0,0.0,0.029137636895294132,0.0,0.2857142857142857,0,0,2
pair_091_ab_left,pair_091,bd6960e88aeb2934020ae1021cfcf01d8189276528b0a6d96cbb8215facb432dd71291d9665abbd71c69b2ecd0d48ea5f3a9652ef0eca3c1b5a49bb9d12fe304,ab,left,common_voice_en_26724288.mp3,This gives the opportunity for all members to review the text.,common_voice_en_26724326.mp3,2.844,independent,331,common_voice_en_26724329.mp3,1.703,companies,139,common_voice_en_26724326.mp3,2.844,independent,331,common_voice_en_26724329.mp3,companies,ok,epoch=1-step=24679-v1.ckpt,cpu,independent,hit,0.895384669303894,6.34055277259904e-06,independent,1,independent,1,1,hit,0.017138608355728766,0.020361115666355553,-1.4965203291334703,1.4965203291334703,0.1457286432160804,0.35175879396984927,0.02881810089723538,0.12562814070351758,1.0,1,0,0
pair_091_ab_right,pair_091,bd6960e88aeb2934020ae1021cfcf01d8189276528b0a6d96cbb8215facb432dd71291d9665abbd71c69b2ecd0d48ea5f3a9652ef0eca3c1b5a49bb9d12fe304,ab,right,common_voice_en_26724288.mp3,This gives the opportunity for all members to review the text.,common_voice_en_26724326.mp3,2.844,independent,331,common_voice_en_26724329.mp3,1.703,companies,139,common_voice_en_26724329.mp3,1.703,companies,139,common_voice_en_26724326.mp3,independent,ok,epoch=1-step=24679-v1.ckpt,cpu,companies,hit,0.646133303642273,1.89733509614598e-06,companies,1,companies,1,1,hit,0.020361115666355553,0.017138608355728766,1.4965203291334697,1.4965203291334697,0.35175879396984927,0.1457286432160804,0.02881810089723538,0.12562814070351758,1.0,1,0,0
pair_091_ba_left,pair_091,bd6960e88aeb2934020ae1021cfcf01d8189276528b0a6d96cbb8215facb432dd71291d9665abbd71c69b2ecd0d48ea5f3a9652ef0eca3c1b5a49bb9d12fe304,ba,left,common_voice_en_26724288.mp3,This gives the opportunity for all members to review the text.,common_voice_en_26724329.mp3,1.703,companies,139,common_voice_en_26724326.mp3,2.844,independent,331,common_voice_en_26724329.mp3,1.703,companies,139,common_voice_en_26724326.mp3,independent,ok,epoch=1-step=24679-v1.ckpt,cpu,companies,hit,0.6347758173942566,1.1091550732089672e-05,companies,1,companies,1,1,hit,0.020361115666355553,0.017138608355728766,1.4965203291334697,1.4965203291334697,0.35175879396984927,0.1457286432160804,0.02881810089723538,0.12562814070351758,1.0,1,0,0
pair_091_ba_right,pair_091,bd6960e88aeb2934020ae1021cfcf01d8189276528b0a6d96cbb8215facb432dd71291d9665abbd71c69b2ecd0d48ea5f3a9652ef0eca3c1b5a49bb9d12fe304,ba,right,common_voice_en_26724288.mp3,This gives the opportunity for all members to review the text.,common_voice_en_26724329.mp3,1.703,companies,139,common_voice_en_26724326.mp3,2.844,independent,331,common_voice_en_26724326.mp3,2.844,independent,331,common_voice_en_26724329.mp3,companies,ok,epoch=1-step=24679-v1.ckpt,cpu,independent,hit,0.7072098851203918,4.818271463591373e-06,independent,1,independent,1,1,hit,0.017138608355728766,0.020361115666355553,-1.4965203291334703,1.4965203291334703,0.1457286432160804,0.35175879396984927,0.02881810089723538,0.12562814070351758,1.0,1,0,0
pair_092_ab_left,pair_092,bef66748153cfebe9b6fa68f6169d46fc97e1047b5cf98a0fc702eee2e02365cc162af0246a8eff724087a05535792b3e87fa986b7ac8c990e101a4f9c79c385,ab,left,common_voice_en_19768598.mp3,"McMahon had underestimated two major factors, however.",common_voice_en_19768597.mp3,1.722,finished,251,common_voice_en_19768599.mp3,6.459,research,579,common_voice_en_19768597.mp3,1.722,finished,251,common_voice_en_19768599.mp3,research,ok,epoch=1-step=24679-v1.ckpt,cpu,finished,hit,0.8363553285598755,2.754965316853486e-05,seven,0,finished,1,1,hit,0.021795283043337756,0.02199195771353988,-0.07802756869608818,0.07802756869608818,0.36180904522613067,0.15577889447236182,0.029492066487997202,0.04020100502512563,1.0,1,0,0
pair_092_ab_right,pair_092,bef66748153cfebe9b6fa68f6169d46fc97e1047b5cf98a0fc702eee2e02365cc162af0246a8eff724087a05535792b3e87fa986b7ac8c990e101a4f9c79c385,ab,right,common_voice_en_19768598.mp3,"McMahon had underestimated two major factors, however.",common_voice_en_19768597.mp3,1.722,finished,251,common_voice_en_19768599.mp3,6.459,research,579,common_voice_en_19768599.mp3,6.459,research,579,common_voice_en_19768597.mp3,finished,ok,epoch=1-step=24679-v1.ckpt,cpu,research,hit,0.6487442851066589,1.7838278409954e-08,research,1,research,1,1,hit,0.02199195771353988,0.021795283043337756,0.07802756869608843,0.07802756869608843,0.15577889447236182,0.36180904522613067,0.029492066487997202,0.04020100502512563,1.0,1,0,0
pair_092_ba_left,pair_092,bef66748153cfebe9b6fa68f6169d46fc97e1047b5cf98a0fc702eee2e02365cc162af0246a8eff724087a05535792b3e87fa986b7ac8c990e101a4f9c79c385,ba,left,common_voice_en_19768598.mp3,"McMahon had underestimated two major factors, however.",common_voice_en_19768599.mp3,6.459,research,579,common_voice_en_19768597.mp3,1.722,finished,251,common_voice_en_19768599.mp3,6.459,research,579,common_voice_en_19768597.mp3,finished,ok,epoch=1-step=24679-v1.ckpt,cpu,research,hit,0.8340451717376709,8.217268643306852e-09,research,1,research,1,1,hit,0.02199195771353988,0.021795283043337756,0.07802756869608843,0.07802756869608843,0.15577889447236182,0.36180904522613067,0.029492066487997202,0.04020100502512563,1.0,1,0,0
pair_092_ba_right,pair_092,bef66748153cfebe9b6fa68f6169d46fc97e1047b5cf98a0fc702eee2e02365cc162af0246a8eff724087a05535792b3e87fa986b7ac8c990e101a4f9c79c385,ba,right,common_voice_en_19768598.mp3,"McMahon had underestimated two major factors, however.",common_voice_en_19768599.mp3,6.459,research,579,common_voice_en_19768597.mp3,1.722,finished,251,common_voice_en_19768597.mp3,1.722,finished,251,common_voice_en_19768599.mp3,research,ok,epoch=1-step=24679-v1.ckpt,cpu,finished,hit,0.969125747680664,1.0582153890936752e-06,finished,1,finished,1,1,hit,0.021795283043337756,0.02199195771353988,-0.07802756869608818,0.07802756869608818,0.36180904522613067,0.15577889447236182,0.029492066487997202,0.04020100502512563,1.0,1,0,0
pair_093_ab_left,pair_093,c11c9fdccbc3a99967bb74572864767d4504616e08dffd12988736c6aa0b7624ade55e3e58bd7db4a74a484b3519b8420216e3a3f7106bf6e79037d0b303c202,ab,left,common_voice_en_21362499.mp3,"He cultivated the acquaintance of Franz Grillparzer, Heinrich Laube, and other intellectuals in Vienna.",common_voice_en_21362498.mp3,3.995,cross,168,common_voice_en_21362501.mp3,3.745,believe,65,common_voice_en_21362498.mp3,3.995,cross,168,common_voice_en_21362501.mp3,believe,ok,epoch=1-step=24679-v1.ckpt,cpu,cross,hit,0.6607497334480286,1.2362109946817412e-10,cross,1,cross,1,1,hit,0.01738047125668024,0.018924684980233256,-0.7393422236261058,0.7393422236261058,0.08542713567839195,0.0,0.028881958271365988,0.17587939698492464,1.0,1,0,0
pair_093_ab_right,pair_093,c11c9fdccbc3a99967bb74572864767d4504616e08dffd12988736c6aa0b7624ade55e3e58bd7db4a74a484b3519b8420216e3a3f7106bf6e79037d0b303c202,ab,right,common_voice_en_21362499.mp3,"He cultivated the acquaintance of Franz Grillparzer, Heinrich Laube, and other intellectuals in Vienna.",common_voice_en_21362498.mp3,3.995,cross,168,common_voice_en_21362501.mp3,3.745,believe,65,common_voice_en_21362501.mp3,3.745,believe,65,common_voice_en_21362498.mp3,cross,ok,epoch=1-step=24679-v1.ckpt,cpu,believe,hit,0.3786260783672333,2.3587170289829373e-05,believe,1,believe,1,1,hit,0.018924684980233256,0.01738047125668024,0.7393422236261051,0.7393422236261051,0.0,0.08542713567839195,0.028881958271365988,0.17587939698492464,1.0,1,0,0
pair_093_ba_left,pair_093,c11c9fdccbc3a99967bb74572864767d4504616e08dffd12988736c6aa0b7624ade55e3e58bd7db4a74a484b3519b8420216e3a3f7106bf6e79037d0b303c202,ba,left,common_voice_en_21362499.mp3,"He cultivated the acquaintance of Franz Grillparzer, Heinrich Laube, and other intellectuals in Vienna.",common_voice_en_21362501.mp3,3.745,believe,65,common_voice_en_21362498.mp3,3.995,cross,168,common_voice_en_21362501.mp3,3.745,believe,65,common_voice_en_21362498.mp3,cross,ok,epoch=1-step=24679-v1.ckpt,cpu,believe,hit,0.674359142780304,3.9576619315084827e-07,believe,1,believe,1,1,hit,0.018924684980233256,0.01738047125668024,0.7393422236261051,0.7393422236261051,0.0,0.08542713567839195,0.028881958271365988,0.17587939698492464,1.0,1,0,0
pair_093_ba_right,pair_093,c11c9fdccbc3a99967bb74572864767d4504616e08dffd12988736c6aa0b7624ade55e3e58bd7db4a74a484b3519b8420216e3a3f7106bf6e79037d0b303c202,ba,right,common_voice_en_21362499.mp3,"He cultivated the acquaintance of Franz Grillparzer, Heinrich Laube, and other intellectuals in Vienna.",common_voice_en_21362501.mp3,3.745,believe,65,common_voice_en_21362498.mp3,3.995,cross,168,common_voice_en_21362498.mp3,3.995,cross,168,common_voice_en_21362501.mp3,believe,ok,epoch=1-step=24679-v1.ckpt,cpu,cross,hit,0.6056654453277588,1.6095487442857603e-10,cross,1,cross,1,1,hit,0.01738047125668024,0.018924684980233256,-0.7393422236261058,0.7393422236261058,0.08542713567839195,0.0,0.028881958271365988,0.17587939698492464,1.0,1,0,0
pair_094_ab_left,pair_094,c432ede42d1ecb921effab5e51da3a9b88b4a2ad703a7c9e176ba97e6dc142b2ada3f29de21c90a65a95907ebca4455e32c75a14579e3a45bd7d587ccacc1040,ab,left,common_voice_en_25867967.mp3,"Roy Eldridge stated, I'd listened to him all kinds of ways.",common_voice_en_25867965.mp3,4.449,noted,458,common_voice_en_25867966.mp3,1.494,single,625,common_voice_en_25867965.mp3,4.449,noted,458,common_voice_en_25867966.mp3,single,ok,epoch=1-step=24679-v1.ckpt,cpu,noted,hit,0.9771789312362672,6.240820638048206e-10,noted,1,noted,1,1,hit,0.01851108920499662,0.022360630942208026,-1.641041600786282,1.641041600786282,0.22613065326633167,0.5125628140703518,0.028641924653450262,0.2663316582914573,1.0,1,0,0
pair_094_ab_right,pair_094,c432ede42d1ecb921effab5e51da3a9b88b4a2ad703a7c9e176ba97e6dc142b2ada3f29de21c90a65a95907ebca4455e32c75a14579e3a45bd7d587ccacc1040,ab,right,common_voice_en_25867967.mp3,"Roy Eldridge stated, I'd listened to him all kinds of ways.",common_voice_en_25867965.mp3,4.449,noted,458,common_voice_en_25867966.mp3,1.494,single,625,common_voice_en_25867966.mp3,1.494,single,625,common_voice_en_25867965.mp3,noted,ok,epoch=1-step=24679-v1.ckpt,cpu,single,hit,0.999923825263977,5.028355769959303e-12,single,1,single,1,1,hit,0.022360630942208026,0.01851108920499662,1.6410416007862811,1.6410416007862811,0.5125628140703518,0.22613065326633167,0.028641924653450262,0.2663316582914573,1.0,1,0,0
pair_094_ba_left,pair_094,c432ede42d1ecb921effab5e51da3a9b88b4a2ad703a7c9e176ba97e6dc142b2ada3f29de21c90a65a95907ebca4455e32c75a14579e3a45bd7d587ccacc1040,ba,left,common_voice_en_25867967.mp3,"Roy Eldridge stated, I'd listened to him all kinds of ways.",common_voice_en_25867966.mp3,1.494,single,625,common_voice_en_25867965.mp3,4.449,noted,458,common_voice_en_25867966.mp3,1.494,single,625,common_voice_en_25867965.mp3,noted,ok,epoch=1-step=24679-v1.ckpt,cpu,single,hit,0.999913454055786,2.644130791054633e-12,single,1,single,1,1,hit,0.022360630942208026,0.01851108920499662,1.6410416007862811,1.6410416007862811,0.5125628140703518,0.22613065326633167,0.028641924653450262,0.2663316582914573,1.0,1,0,0
pair_094_ba_right,pair_094,c432ede42d1ecb921effab5e51da3a9b88b4a2ad703a7c9e176ba97e6dc142b2ada3f29de21c90a65a95907ebca4455e32c75a14579e3a45bd7d587ccacc1040,ba,right,common_voice_en_25867967.mp3,"Roy Eldridge stated, I'd listened to him all kinds of ways.",common_voice_en_25867966.mp3,1.494,single,625,common_voice_en_25867965.mp3,4.449,noted,458,common_voice_en_25867965.mp3,4.449,noted,458,common_voice_en_25867966.mp3,single,ok,epoch=1-step=24679-v1.ckpt,cpu,noted,hit,0.9550353288650512,2.9976078508298094e-08,noted,1,noted,1,1,hit,0.01851108920499662,0.022360630942208026,-1.641041600786282,1.641041600786282,0.22613065326633167,0.5125628140703518,0.028641924653450262,0.2663316582914573,1.0,1,0,0
pair_095_ab_left,pair_095,c8be5e5160748bb5ce3a1138dd5d4bc07d0becf12c2e205ad421fa202038dffe6c5ad264beb25a399cbaab9608a40cc9bcd11e4ab698281673c6f7227dcf6dbe,ab,left,common_voice_en_26532248.mp3,Murphy was the son of Irish immigrants Dennis Murphy and Mary Prendergrass.,common_voice_en_26532250.mp3,1.875,there,700,common_voice_en_26532253.mp3,5.068,called,90,common_voice_en_26532250.mp3,1.875,there,700,common_voice_en_26532253.mp3,called,ok,epoch=1-step=24679-v1.ckpt,cpu,there,hit,0.5422462224960327,4.4266124632486026e-07,various,0,there,1,1,hit,0.019743468076201344,0.018968809934664797,0.347667137592835,0.347667137592835,0.1407035175879397,0.1457286432160804,0.026731299749370243,0.135678391959799,1.0,1,0,2
pair_095_ab_right,pair_095,c8be5e5160748bb5ce3a1138dd5d4bc07d0becf12c2e205ad421fa202038dffe6c5ad264beb25a399cbaab9608a40cc9bcd11e4ab698281673c6f7227dcf6dbe,ab,right,common_voice_en_26532248.mp3,Murphy was the son of Irish immigrants Dennis Murphy and Mary Prendergrass.,common_voice_en_26532250.mp3,1.875,there,700,common_voice_en_26532253.mp3,5.068,called,90,common_voice_en_26532253.mp3,5.068,called,90,common_voice_en_26532250.mp3,there,ok,epoch=1-step=24679-v1.ckpt,cpu,current,other,0.0195159465074539,5.023060111852828e-06,closed,0,called,1,0,dichotic_specific_error,0.018968809934664797,0.019743468076201344,-0.34766713759283496,0.34766713759283496,0.1457286432160804,0.1407035175879397,0.026731299749370243,0.135678391959799,0.3076923076923077,0,0,2
pair_095_ba_left,pair_095,c8be5e5160748bb5ce3a1138dd5d4bc07d0becf12c2e205ad421fa202038dffe6c5ad264beb25a399cbaab9608a40cc9bcd11e4ab698281673c6f7227dcf6dbe,ba,left,common_voice_en_26532248.mp3,Murphy was the son of Irish immigrants Dennis Murphy and Mary Prendergrass.,common_voice_en_26532253.mp3,5.068,called,90,common_voice_en_26532250.mp3,1.875,there,700,common_voice_en_26532253.mp3,5.068,called,90,common_voice_en_26532250.mp3,there,ok,epoch=1-step=24679-v1.ckpt,cpu,includes,other,0.0245840195566415,2.5298593300249195e-06,closed,0,called,1,0,dichotic_specific_error,0.018968809934664797,0.019743468076201344,-0.34766713759283496,0.34766713759283496,0.1457286432160804,0.1407035175879397,0.026731299749370243,0.135678391959799,0.42857142857142855,0,0,2
pair_095_ba_right,pair_095,c8be5e5160748bb5ce3a1138dd5d4bc07d0becf12c2e205ad421fa202038dffe6c5ad264beb25a399cbaab9608a40cc9bcd11e4ab698281673c6f7227dcf6dbe,ba,right,common_voice_en_26532248.mp3,Murphy was the son of Irish immigrants Dennis Murphy and Mary Prendergrass.,common_voice_en_26532253.mp3,5.068,called,90,common_voice_en_26532250.mp3,1.875,there,700,common_voice_en_26532250.mp3,1.875,there,700,common_voice_en_26532253.mp3,called,ok,epoch=1-step=24679-v1.ckpt,cpu,there,hit,0.6444389820098877,5.023717335461697e-07,there,1,there,1,1,hit,0.019743468076201344,0.018968809934664797,0.347667137592835,0.347667137592835,0.1407035175879397,0.1457286432160804,0.026731299749370243,0.135678391959799,1.0,1,0,2
pair_096_ab_left,pair_096,c947abaa955f8c89270cee73697a380e9e9998f27ea4c567af2be4b719d07945ce46aae51432a4f2832574635acda37fc02d2d5087c7459ceea10fe99e611d56,ab,left,common_voice_en_209232.mp3,"""I'll be back,"" the boy said.",common_voice_en_209233.mp3,2.849,dream,199,common_voice_en_209244.mp3,2.107,south,640,common_voice_en_209233.mp3,2.849,dream,199,common_voice_en_209244.mp3,south,ok,epoch=1-step=24679-v1.ckpt,cpu,dream,hit,0.6981109976768494,9.773633014020786e-10,dream,1,dream,1,1,hit,0.021594659886932672,0.01757256099189907,1.7902261797899834,1.7902261797899834,0.010050251256281407,0.19597989949748743,0.01996976784151925,0.3768844221105528,1.0,1,0,0
pair_096_ab_right,pair_096,c947abaa955f8c89270cee73697a380e9e9998f27ea4c567af2be4b719d07945ce46aae51432a4f2832574635acda37fc02d2d5087c7459ceea10fe99e611d56,ab,right,common_voice_en_209232.mp3,"""I'll be back,"" the boy said.",common_voice_en_209233.mp3,2.849,dream,199,common_voice_en_209244.mp3,2.107,south,640,common_voice_en_209244.mp3,2.107,south,640,common_voice_en_209233.mp3,dream,ok,epoch=1-step=24679-v1.ckpt,cpu,south,hit,0.6011248230934143,2.502634117718117e-07,south,1,south,1,1,hit,0.01757256099189907,0.021594659886932672,-1.7902261797899826,1.7902261797899826,0.19597989949748743,0.010050251256281407,0.01996976784151925,0.3768844221105528,1.0,1,0,0
pair_096_ba_left,pair_096,c947abaa955f8c89270cee73697a380e9e9998f27ea4c567af2be4b719d07945ce46aae51432a4f2832574635acda37fc02d2d5087c7459ceea10fe99e611d56,ba,left,common_voice_en_209232.mp3,"""I'll be back,"" the boy said.",common_voice_en_209244.mp3,2.107,south,640,common_voice_en_209233.mp3,2.849,dream,199,common_voice_en_209244.mp3,2.107,south,640,common_voice_en_209233.mp3,dream,ok,epoch=1-step=24679-v1.ckpt,cpu,south,hit,0.5927285552024841,1.6279052772461e-08,south,1,south,1,1,hit,0.01757256099189907,0.021594659886932672,-1.7902261797899826,1.7902261797899826,0.19597989949748743,0.010050251256281407,0.01996976784151925,0.3768844221105528,1.0,1,0,0
pair_096_ba_right,pair_096,c947abaa955f8c89270cee73697a380e9e9998f27ea4c567af2be4b719d07945ce46aae51432a4f2832574635acda37fc02d2d5087c7459ceea10fe99e611d56,ba,right,common_voice_en_209232.mp3,"""I'll be back,"" the boy said.",common_voice_en_209244.mp3,2.107,south,640,common_voice_en_209233.mp3,2.849,dream,199,common_voice_en_209233.mp3,2.849,dream,199,common_voice_en_209244.mp3,south,ok,epoch=1-step=24679-v1.ckpt,cpu,dream,hit,0.8940568566322327,1.3877442250898042e-10,dream,1,dream,1,1,hit,0.021594659886932672,0.01757256099189907,1.7902261797899834,1.7902261797899834,0.010050251256281407,0.19597989949748743,0.01996976784151925,0.3768844221105528,1.0,1,0,0
pair_097_ab_left,pair_097,ccfe72e294ce2b520f2ce5978a555a254ec8c298f9e3ddb3071c095f33c36b6409501a4921ae2fa8669700bb438ccaaa04289c6398e28a87800be361bb59c8e0,ab,left,common_voice_en_19869124.mp3,His son Colin Davis also became a driver.,common_voice_en_19869199.mp3,2.659,national,444,common_voice_en_19869213.mp3,2.817,strong,666,common_voice_en_19869199.mp3,2.659,national,444,common_voice_en_19869213.mp3,strong,ok,epoch=1-step=24679-v1.ckpt,cpu,national,hit,0.9837395548820496,7.168731164242104e-10,national,1,national,1,1,hit,0.019239637112255372,0.021110131617440908,-0.8058812941271962,0.8058812941271962,0.1457286432160804,0.09547738693467336,0.027914311871571847,0.10050251256281408,1.0,1,0,0
pair_097_ab_right,pair_097,ccfe72e294ce2b520f2ce5978a555a254ec8c298f9e3ddb3071c095f33c36b6409501a4921ae2fa8669700bb438ccaaa04289c6398e28a87800be361bb59c8e0,ab,right,common_voice_en_19869124.mp3,His son Colin Davis also became a driver.,common_voice_en_19869199.mp3,2.659,national,444,common_voice_en_19869213.mp3,2.817,strong,666,common_voice_en_19869213.mp3,2.817,strong,666,common_voice_en_19869199.mp3,national,ok,epoch=1-step=24679-v1.ckpt,cpu,strong,hit,0.9692685008049012,1.0225901405647164e-06,strong,1,strong,1,1,hit,0.021110131617440908,0.019239637112255372,0.805881294127197,0.805881294127197,0.09547738693467336,0.1457286432160804,0.027914311871571847,0.10050251256281408,1.0,1,0,0
pair_097_ba_left,pair_097,ccfe72e294ce2b520f2ce5978a555a254ec8c298f9e3ddb3071c095f33c36b6409501a4921ae2fa8669700bb438ccaaa04289c6398e28a87800be361bb59c8e0,ba,left,common_voice_en_19869124.mp3,His son Colin Davis also became a driver.,common_voice_en_19869213.mp3,2.817,strong,666,common_voice_en_19869199.mp3,2.659,national,444,common_voice_en_19869213.mp3,2.817,strong,666,common_voice_en_19869199.mp3,national,ok,epoch=1-step=24679-v1.ckpt,cpu,strong,hit,0.9825050234794616,4.2644863640362025e-08,strong,1,strong,1,1,hit,0.021110131617440908,0.019239637112255372,0.805881294127197,0.805881294127197,0.09547738693467336,0.1457286432160804,0.027914311871571847,0.10050251256281408,1.0,1,0,0
pair_097_ba_right,pair_097,ccfe72e294ce2b520f2ce5978a555a254ec8c298f9e3ddb3071c095f33c36b6409501a4921ae2fa8669700bb438ccaaa04289c6398e28a87800be361bb59c8e0,ba,right,common_voice_en_19869124.mp3,His son Colin Davis also became a driver.,common_voice_en_19869213.mp3,2.817,strong,666,common_voice_en_19869199.mp3,2.659,national,444,common_voice_en_19869199.mp3,2.659,national,444,common_voice_en_19869213.mp3,strong,ok,epoch=1-step=24679-v1.ckpt,cpu,national,hit,0.9832842946052552,4.716199653032048e-10,national,1,national,1,1,hit,0.019239637112255372,0.021110131617440908,-0.8058812941271962,0.8058812941271962,0.1457286432160804,0.09547738693467336,0.027914311871571847,0.10050251256281408,1.0,1,0,0
pair_098_ab_left,pair_098,d1239589424ff80f61ff7526def05de2eaefed32e56cf23c876b06852c8a92f661b40661272a7ea0494b6484dbcf1b14e73c8693d54e7110539e43397bc2465d,ab,left,common_voice_en_18800378.mp3,Current board member at The New York Women's Foundation.,common_voice_en_18800383.mp3,2.83,established,223,common_voice_en_18800415.mp3,2.418,however,320,common_voice_en_18800383.mp3,2.83,established,223,common_voice_en_18800415.mp3,however,ok,epoch=1-step=24679-v1.ckpt,cpu,established,hit,0.9910714626312256,2.808179466740057e-09,established,1,established,1,1,hit,0.018964035376021295,0.0176958857358877,0.6011690288344802,0.6011690288344802,0.08542713567839195,0.32663316582914576,0.02636740314442429,0.04522613065326633,1.0,1,0,0
pair_098_ab_right,pair_098,d1239589424ff80f61ff7526def05de2eaefed32e56cf23c876b06852c8a92f661b40661272a7ea0494b6484dbcf1b14e73c8693d54e7110539e43397bc2465d,ab,right,common_voice_en_18800378.mp3,Current board member at The New York Women's Foundation.,common_voice_en_18800383.mp3,2.83,established,223,common_voice_en_18800415.mp3,2.418,however,320,common_voice_en_18800415.mp3,2.418,however,320,common_voice_en_18800383.mp3,established,ok,epoch=1-step=24679-v1.ckpt,cpu,however,hit,0.9968984127044678,1.1001945188215956e-10,however,1,however,1,1,hit,0.0176958857358877,0.018964035376021295,-0.6011690288344805,0.6011690288344805,0.32663316582914576,0.08542713567839195,0.02636740314442429,0.04522613065326633,1.0,1,0,0
pair_098_ba_left,pair_098,d1239589424ff80f61ff7526def05de2eaefed32e56cf23c876b06852c8a92f661b40661272a7ea0494b6484dbcf1b14e73c8693d54e7110539e43397bc2465d,ba,left,common_voice_en_18800378.mp3,Current board member at The New York Women's Foundation.,common_voice_en_18800415.mp3,2.418,however,320,common_voice_en_18800383.mp3,2.83,established,223,common_voice_en_18800415.mp3,2.418,however,320,common_voice_en_18800383.mp3,established,ok,epoch=1-step=24679-v1.ckpt,cpu,however,hit,0.9909906387329102,7.583993433257773e-10,however,1,however,1,1,hit,0.0176958857358877,0.018964035376021295,-0.6011690288344805,0.6011690288344805,0.32663316582914576,0.08542713567839195,0.02636740314442429,0.04522613065326633,1.0,1,0,0
pair_098_ba_right,pair_098,d1239589424ff80f61ff7526def05de2eaefed32e56cf23c876b06852c8a92f661b40661272a7ea0494b6484dbcf1b14e73c8693d54e7110539e43397bc2465d,ba,right,common_voice_en_18800378.mp3,Current board member at The New York Women's Foundation.,common_voice_en_18800415.mp3,2.418,however,320,common_voice_en_18800383.mp3,2.83,established,223,common_voice_en_18800383.mp3,2.83,established,223,common_voice_en_18800415.mp3,however,ok,epoch=1-step=24679-v1.ckpt,cpu,established,hit,0.9880850911140442,7.829857651131533e-08,established,1,established,1,1,hit,0.018964035376021295,0.0176958857358877,0.6011690288344802,0.6011690288344802,0.08542713567839195,0.32663316582914576,0.02636740314442429,0.04522613065326633,1.0,1,0,0
pair_099_ab_left,pair_099,d18c467a83ec3a64ca6d5a6f371e18808b86ce70628835bf4ba503cd26b9e4bfe4dc75978f9e7a2fc1ca030ab0c00b35247979f8d8530b34ac559df8d2185713,ab,left,common_voice_en_637058.mp3,The top had certainly ceased to rotate.,common_voice_en_637061.mp3,1.55,would,788,common_voice_en_637071.mp3,1.509,fight,247,common_voice_en_637061.mp3,1.55,would,788,common_voice_en_637071.mp3,fight,ok,epoch=1-step=24679-v1.ckpt,cpu,looked,other,0.113776184618473,6.4606103933329e-07,looked,0,would,1,0,dichotic_specific_error,0.021339500499802242,0.022000228886002057,-0.2648589923008957,0.2648589923008957,0.04522613065326633,0.1306532663316583,0.03152839250976163,0.01507537688442211,0.36363636363636365,0,0,4
pair_099_ab_right,pair_099,d18c467a83ec3a64ca6d5a6f371e18808b86ce70628835bf4ba503cd26b9e4bfe4dc75978f9e7a2fc1ca030ab0c00b35247979f8d8530b34ac559df8d2185713,ab,right,common_voice_en_637058.mp3,The top had certainly ceased to rotate.,common_voice_en_637061.mp3,1.55,would,788,common_voice_en_637071.mp3,1.509,fight,247,common_voice_en_637071.mp3,1.509,fight,247,common_voice_en_637061.mp3,would,ok,epoch=1-step=24679-v1.ckpt,cpu,white,other,0.0706849545240402,3.211193688912317e-05,point,0,fight,1,0,dichotic_specific_error,0.022000228886002057,0.021339500499802242,0.2648589923008958,0.2648589923008958,0.1306532663316583,0.04522613065326633,0.03152839250976163,0.01507537688442211,0.4,0,0,4
pair_099_ba_left,pair_099,d18c467a83ec3a64ca6d5a6f371e18808b86ce70628835bf4ba503cd26b9e4bfe4dc75978f9e7a2fc1ca030ab0c00b35247979f8d8530b34ac559df8d2185713,ba,left,common_voice_en_637058.mp3,The top had certainly ceased to rotate.,common_voice_en_637071.mp3,1.509,fight,247,common_voice_en_637061.mp3,1.55,would,788,common_voice_en_637071.mp3,1.509,fight,247,common_voice_en_637061.mp3,would,ok,epoch=1-step=24679-v1.ckpt,cpu,quite,other,0.1273470968008041,3.245916741434485e-05,fight,1,fight,1,0,dichotic_specific_error,0.022000228886002057,0.021339500499802242,0.2648589923008958,0.2648589923008958,0.1306532663316583,0.04522613065326633,0.03152839250976163,0.01507537688442211,0.4,0,0,4
pair_099_ba_right,pair_099,d18c467a83ec3a64ca6d5a6f371e18808b86ce70628835bf4ba503cd26b9e4bfe4dc75978f9e7a2fc1ca030ab0c00b35247979f8d8530b34ac559df8d2185713,ba,right,common_voice_en_637058.mp3,The top had certainly ceased to rotate.,common_voice_en_637071.mp3,1.509,fight,247,common_voice_en_637061.mp3,1.55,would,788,common_voice_en_637061.mp3,1.55,would,788,common_voice_en_637071.mp3,fight,ok,epoch=1-step=24679-v1.ckpt,cpu,looked,other,0.0585793107748031,1.211975927617459e-06,looked,0,would,1,0,dichotic_specific_error,0.021339500499802242,0.022000228886002057,-0.2648589923008957,0.2648589923008957,0.04522613065326633,0.1306532663316583,0.03152839250976163,0.01507537688442211,0.36363636363636365,0,0,4
pair_100_ab_left,pair_100,d6a158cfd02cf2acbdfafa494f36145d069f0c6afb4ef5606ebad63b5b8f9a0192318b677bc689086c52b11be52f6646f4d4d1611b9a33f1988f53c0649d352b,ab,left,common_voice_en_21281338.mp3,She finds he is not there and that he had left a tape behind.,common_voice_en_21281335.mp3,4.027,natural,446,common_voice_en_21281452.mp3,1.605,chinese,119,common_voice_en_21281335.mp3,4.027,natural,446,common_voice_en_21281452.mp3,chinese,ok,epoch=1-step=24679-v1.ckpt,cpu,natural,hit,0.9980227947235109,1.8877028828967472e-09,natural,1,natural,1,1,hit,0.0208918673660479,0.020242117503757796,0.2744263688666584,0.2744263688666584,0.06532663316582915,0.010050251256281407,0.028499001826758956,0.005025125628140704,1.0,1,0,0
pair_100_ab_right,pair_100,d6a158cfd02cf2acbdfafa494f36145d069f0c6afb4ef5606ebad63b5b8f9a0192318b677bc689086c52b11be52f6646f4d4d1611b9a33f1988f53c0649d352b,ab,right,common_voice_en_21281338.mp3,She finds he is not there and that he had left a tape behind.,common_voice_en_21281335.mp3,4.027,natural,446,common_voice_en_21281452.mp3,1.605,chinese,119,common_voice_en_21281452.mp3,1.605,chinese,119,common_voice_en_21281335.mp3,natural,ok,epoch=1-step=24679-v1.ckpt,cpu,chinese,hit,0.9428836107254028,5.488006991072325e-07,chinese,1,chinese,1,1,hit,0.020242117503757796,0.0208918673660479,-0.2744263688666583,0.2744263688666583,0.010050251256281407,0.06532663316582915,0.028499001826758956,0.005025125628140704,1.0,1,0,0
pair_100_ba_left,pair_100,d6a158cfd02cf2acbdfafa494f36145d069f0c6afb4ef5606ebad63b5b8f9a0192318b677bc689086c52b11be52f6646f4d4d1611b9a33f1988f53c0649d352b,ba,left,common_voice_en_21281338.mp3,She finds he is not there and that he had left a tape behind.,common_voice_en_21281452.mp3,1.605,chinese,119,common_voice_en_21281335.mp3,4.027,natural,446,common_voice_en_21281452.mp3,1.605,chinese,119,common_voice_en_21281335.mp3,natural,ok,epoch=1-step=24679-v1.ckpt,cpu,chinese,hit,0.7512061595916748,1.3581894791059312e-06,chinese,1,chinese,1,1,hit,0.020242117503757796,0.0208918673660479,-0.2744263688666583,0.2744263688666583,0.010050251256281407,0.06532663316582915,0.028499001826758956,0.005025125628140704,1.0,1,0,0
pair_100_ba_right,pair_100,d6a158cfd02cf2acbdfafa494f36145d069f0c6afb4ef5606ebad63b5b8f9a0192318b677bc689086c52b11be52f6646f4d4d1611b9a33f1988f53c0649d352b,ba,right,common_voice_en_21281338.mp3,She finds he is not there and that he had left a tape behind.,common_voice_en_21281452.mp3,1.605,chinese,119,common_voice_en_21281335.mp3,4.027,natural,446,common_voice_en_21281335.mp3,4.027,natural,446,common_voice_en_21281452.mp3,chinese,ok,epoch=1-step=24679-v1.ckpt,cpu,natural,hit,0.998979389667511,1.8920499889052422e-10,natural,1,natural,1,1,hit,0.0208918673660479,0.020242117503757796,0.2744263688666584,0.2744263688666584,0.06532663316582915,0.010050251256281407,0.028499001826758956,0.005025125628140704,1.0,1,0,0
pair_101_ab_left,pair_101,dcb71f68dfa7c11babdb9f24739bd736d5b738c7617bafeeb00d74473839c3f8dc5fa41c7426856cb055128412d565bcede764d3d615b9c551b189ffbd8a0252,ab,left,common_voice_en_22150195.mp3,yes,common_voice_en_22150601.mp3,1.696,capital,96,common_voice_en_22151148.mp3,2.9,international,341,common_voice_en_22150601.mp3,1.696,capital,96,common_voice_en_22151148.mp3,international,ok,epoch=1-step=24679-v1.ckpt,cpu,capital,hit,0.9894975423812866,3.5484177374200954e-07,capital,1,capital,1,1,hit,0.0209685558248334,0.019946932179333406,0.43384818242125783,0.43384818242125783,0.1507537688442211,0.02512562814070352,0.031622675511517935,0.7537688442211056,1.0,1,0,0
pair_101_ab_right,pair_101,dcb71f68dfa7c11babdb9f24739bd736d5b738c7617bafeeb00d74473839c3f8dc5fa41c7426856cb055128412d565bcede764d3d615b9c551b189ffbd8a0252,ab,right,common_voice_en_22150195.mp3,yes,common_voice_en_22150601.mp3,1.696,capital,96,common_voice_en_22151148.mp3,2.9,international,341,common_voice_en_22151148.mp3,2.9,international,341,common_voice_en_22150601.mp3,capital,ok,epoch=1-step=24679-v1.ckpt,cpu,international,hit,0.9991928935050964,1.586587458635158e-11,international,1,international,1,1,hit,0.019946932179333406,0.0209685558248334,-0.4338481824212581,0.4338481824212581,0.02512562814070352,0.1507537688442211,0.031622675511517935,0.7537688442211056,1.0,1,0,0
pair_101_ba_left,pair_101,dcb71f68dfa7c11babdb9f24739bd736d5b738c7617bafeeb00d74473839c3f8dc5fa41c7426856cb055128412d565bcede764d3d615b9c551b189ffbd8a0252,ba,left,common_voice_en_22150195.mp3,yes,common_voice_en_22151148.mp3,2.9,international,341,common_voice_en_22150601.mp3,1.696,capital,96,common_voice_en_22151148.mp3,2.9,international,341,common_voice_en_22150601.mp3,capital,ok,epoch=1-step=24679-v1.ckpt,cpu,international,hit,0.999687910079956,1.5924074558970602e-11,international,1,international,1,1,hit,0.019946932179333406,0.0209685558248334,-0.4338481824212581,0.4338481824212581,0.02512562814070352,0.1507537688442211,0.031622675511517935,0.7537688442211056,1.0,1,0,0
pair_101_ba_right,pair_101,dcb71f68dfa7c11babdb9f24739bd736d5b738c7617bafeeb00d74473839c3f8dc5fa41c7426856cb055128412d565bcede764d3d615b9c551b189ffbd8a0252,ba,right,common_voice_en_22150195.mp3,yes,common_voice_en_22151148.mp3,2.9,international,341,common_voice_en_22150601.mp3,1.696,capital,96,common_voice_en_22150601.mp3,1.696,capital,96,common_voice_en_22151148.mp3,international,ok,epoch=1-step=24679-v1.ckpt,cpu,capital,hit,0.9820144176483154,6.723536216668435e-07,capital,1,capital,1,1,hit,0.0209685558248334,0.019946932179333406,0.43384818242125783,0.43384818242125783,0.1507537688442211,0.02512562814070352,0.031622675511517935,0.7537688442211056,1.0,1,0,0
pair_102_ab_left,pair_102,e520c471ea6f134d2af8f0ab63e5df686a6cff2436688015b7a891d25e47d7adef6f72184a9004a13f04f6ee55e406c4b528f112746a563adb914d52a5a0e281,ab,left,common_voice_en_25835051.mp3,Treatment of uncompensated metabolic acidosis is focused upon correcting the underlying problem.,common_voice_en_25835199.mp3,3.721,notable,457,common_voice_en_25835338.mp3,1.884,first,253,common_voice_en_25835199.mp3,3.721,notable,457,common_voice_en_25835338.mp3,first,ok,epoch=1-step=24679-v1.ckpt,cpu,notable,hit,0.6484317183494568,1.2759933269990142e-06,notable,1,notable,1,1,hit,0.021851008854028617,0.02175734447304217,0.03731210491827268,0.03731210491827268,0.15577889447236182,0.3065326633165829,0.02872607619052247,0.06532663316582915,1.0,1,0,0
pair_102_ab_right,pair_102,e520c471ea6f134d2af8f0ab63e5df686a6cff2436688015b7a891d25e47d7adef6f72184a9004a13f04f6ee55e406c4b528f112746a563adb914d52a5a0e281,ab,right,common_voice_en_25835051.mp3,Treatment of uncompensated metabolic acidosis is focused upon correcting the underlying problem.,common_voice_en_25835199.mp3,3.721,notable,457,common_voice_en_25835338.mp3,1.884,first,253,common_voice_en_25835338.mp3,1.884,first,253,common_voice_en_25835199.mp3,notable,ok,epoch=1-step=24679-v1.ckpt,cpu,first,hit,0.8851515054702759,1.0175989473282243e-06,first,1,first,1,1,hit,0.02175734447304217,0.021851008854028617,-0.037312104918271596,0.037312104918271596,0.3065326633165829,0.15577889447236182,0.02872607619052247,0.06532663316582915,1.0,1,0,0
pair_102_ba_left,pair_102,e520c471ea6f134d2af8f0ab63e5df686a6cff2436688015b7a891d25e47d7adef6f72184a9004a13f04f6ee55e406c4b528f112746a563adb914d52a5a0e281,ba,left,common_voice_en_25835051.mp3,Treatment of uncompensated metabolic acidosis is focused upon correcting the underlying problem.,common_voice_en_25835338.mp3,1.884,first,253,common_voice_en_25835199.mp3,3.721,notable,457,common_voice_en_25835338.mp3,1.884,first,253,common_voice_en_25835199.mp3,notable,ok,epoch=1-step=24679-v1.ckpt,cpu,first,hit,0.7966582775115967,2.814304707499105e-06,first,1,first,1,1,hit,0.02175734447304217,0.021851008854028617,-0.037312104918271596,0.037312104918271596,0.3065326633165829,0.15577889447236182,0.02872607619052247,0.06532663316582915,1.0,1,0,0
pair_102_ba_right,pair_102,e520c471ea6f134d2af8f0ab63e5df686a6cff2436688015b7a891d25e47d7adef6f72184a9004a13f04f6ee55e406c4b528f112746a563adb914d52a5a0e281,ba,right,common_voice_en_25835051.mp3,Treatment of uncompensated metabolic acidosis is focused upon correcting the underlying problem.,common_voice_en_25835338.mp3,1.884,first,253,common_voice_en_25835199.mp3,3.721,notable,457,common_voice_en_25835199.mp3,3.721,notable,457,common_voice_en_25835338.mp3,first,ok,epoch=1-step=24679-v1.ckpt,cpu,notable,hit,0.7669948935508728,8.681273584443261e-07,notable,1,notable,1,1,hit,0.021851008854028617,0.02175734447304217,0.03731210491827268,0.03731210491827268,0.15577889447236182,0.3065326633165829,0.02872607619052247,0.06532663316582915,1.0,1,0,0
pair_103_ab_left,pair_103,eeb442ce8ae7e272b69866ee62ce733e1ecf9bb721fca69bf7d42623bd4ecb1fd6a558a2611bed921f19ec2856431af2d333cb0cb288033130b5741c4c4be77e,ab,left,common_voice_en_219102.mp3,"If you start your emails with ""Greetings"" let me be the first to welcome you to Earth.",common_voice_en_219108.mp3,5.587,green,294,common_voice_en_219110.mp3,1.833,seemed,603,common_voice_en_219108.mp3,5.587,green,294,common_voice_en_219110.mp3,seemed,ok,epoch=1-step=24679-v1.ckpt,cpu,created,other,0.0075499680824577,7.638803367626679e-07,railroad,0,today,0,0,baseline_and_dichotic_error,0.020188435815512763,0.02214756710168069,-0.8044670943942298,0.8044670943942298,0.2864321608040201,0.10552763819095477,0.02637027797777833,0.01507537688442211,0.5,0,0,2
pair_103_ab_right,pair_103,eeb442ce8ae7e272b69866ee62ce733e1ecf9bb721fca69bf7d42623bd4ecb1fd6a558a2611bed921f19ec2856431af2d333cb0cb288033130b5741c4c4be77e,ab,right,common_voice_en_219102.mp3,"If you start your emails with ""Greetings"" let me be the first to welcome you to Earth.",common_voice_en_219108.mp3,5.587,green,294,common_voice_en_219110.mp3,1.833,seemed,603,common_voice_en_219110.mp3,1.833,seemed,603,common_voice_en_219108.mp3,green,ok,epoch=1-step=24679-v1.ckpt,cpu,seemed,hit,0.5113232135772705,5.6465847592335194e-05,seemed,1,seemed,1,1,hit,0.02214756710168069,0.020188435815512763,0.8044670943942289,0.8044670943942289,0.10552763819095477,0.2864321608040201,0.02637027797777833,0.01507537688442211,1.0,1,0,2
pair_103_ba_left,pair_103,eeb442ce8ae7e272b69866ee62ce733e1ecf9bb721fca69bf7d42623bd4ecb1fd6a558a2611bed921f19ec2856431af2d333cb0cb288033130b5741c4c4be77e,ba,left,common_voice_en_219102.mp3,"If you start your emails with ""Greetings"" let me be the first to welcome you to Earth.",common_voice_en_219110.mp3,1.833,seemed,603,common_voice_en_219108.mp3,5.587,green,294,common_voice_en_219110.mp3,1.833,seemed,603,common_voice_en_219108.mp3,green,ok,epoch=1-step=24679-v1.ckpt,cpu,seemed,hit,0.3681648373603821,0.0001465221866965,seemed,1,seemed,1,1,hit,0.02214756710168069,0.020188435815512763,0.8044670943942289,0.8044670943942289,0.10552763819095477,0.2864321608040201,0.02637027797777833,0.01507537688442211,1.0,1,0,2
pair_103_ba_right,pair_103,eeb442ce8ae7e272b69866ee62ce733e1ecf9bb721fca69bf7d42623bd4ecb1fd6a558a2611bed921f19ec2856431af2d333cb0cb288033130b5741c4c4be77e,ba,right,common_voice_en_219102.mp3,"If you start your emails with ""Greetings"" let me be the first to welcome you to Earth.",common_voice_en_219110.mp3,1.833,seemed,603,common_voice_en_219108.mp3,5.587,green,294,common_voice_en_219108.mp3,5.587,green,294,common_voice_en_219110.mp3,seemed,ok,epoch=1-step=24679-v1.ckpt,cpu,david,other,0.0174058433622121,4.188701950624818e-06,where,0,today,0,0,baseline_and_dichotic_error,0.020188435815512763,0.02214756710168069,-0.8044670943942298,0.8044670943942298,0.2864321608040201,0.10552763819095477,0.02637027797777833,0.01507537688442211,0.0,0,0,2
pair_104_ab_left,pair_104,f210601ed1ac94f08bac97cb0849fda881621456006568b293019d1279a343427c6185178a41ac1a5d9f37e735507df4e2e75102a42dc1e685185f79c7404c89,ab,left,common_voice_en_536787.mp3,The Englishman said nothing.,common_voice_en_536785.mp3,2.583,hands,299,common_voice_en_536786.mp3,1.929,never,452,common_voice_en_536785.mp3,2.583,hands,299,common_voice_en_536786.mp3,never,ok,epoch=1-step=24679-v1.ckpt,cpu,hands,hit,0.99897038936615,6.185514600520747e-11,hands,1,hands,1,1,hit,0.020990268160404772,0.021843148931911312,-0.34594519951599595,0.34594519951599595,0.2914572864321608,0.1306532663316583,0.03160757488757857,0.10050251256281408,1.0,1,0,0
pair_104_ab_right,pair_104,f210601ed1ac94f08bac97cb0849fda881621456006568b293019d1279a343427c6185178a41ac1a5d9f37e735507df4e2e75102a42dc1e685185f79c7404c89,ab,right,common_voice_en_536787.mp3,The Englishman said nothing.,common_voice_en_536785.mp3,2.583,hands,299,common_voice_en_536786.mp3,1.929,never,452,common_voice_en_536786.mp3,1.929,never,452,common_voice_en_536785.mp3,hands,ok,epoch=1-step=24679-v1.ckpt,cpu,never,hit,0.9895381927490234,3.014609433193982e-07,never,1,never,1,1,hit,0.021843148931911312,0.020990268160404772,0.34594519951599645,0.34594519951599645,0.1306532663316583,0.2914572864321608,0.03160757488757857,0.10050251256281408,1.0,1,0,0
pair_104_ba_left,pair_104,f210601ed1ac94f08bac97cb0849fda881621456006568b293019d1279a343427c6185178a41ac1a5d9f37e735507df4e2e75102a42dc1e685185f79c7404c89,ba,left,common_voice_en_536787.mp3,The Englishman said nothing.,common_voice_en_536786.mp3,1.929,never,452,common_voice_en_536785.mp3,2.583,hands,299,common_voice_en_536786.mp3,1.929,never,452,common_voice_en_536785.mp3,hands,ok,epoch=1-step=24679-v1.ckpt,cpu,never,hit,0.9262577295303344,4.79654499940807e-06,never,1,never,1,1,hit,0.021843148931911312,0.020990268160404772,0.34594519951599645,0.34594519951599645,0.1306532663316583,0.2914572864321608,0.03160757488757857,0.10050251256281408,1.0,1,0,0
pair_104_ba_right,pair_104,f210601ed1ac94f08bac97cb0849fda881621456006568b293019d1279a343427c6185178a41ac1a5d9f37e735507df4e2e75102a42dc1e685185f79c7404c89,ba,right,common_voice_en_536787.mp3,The Englishman said nothing.,common_voice_en_536786.mp3,1.929,never,452,common_voice_en_536785.mp3,2.583,hands,299,common_voice_en_536785.mp3,2.583,hands,299,common_voice_en_536786.mp3,never,ok,epoch=1-step=24679-v1.ckpt,cpu,hands,hit,0.9972424507141112,3.08059446008091e-11,hands,1,hands,1,1,hit,0.020990268160404772,0.021843148931911312,-0.34594519951599595,0.34594519951599595,0.2914572864321608,0.1306532663316583,0.03160757488757857,0.10050251256281408,1.0,1,0,0
pair_105_ab_left,pair_105,f270c77b7426e139617567552ccdc36e180deabf3783b7c6433abdf2a0eb267fa157f6a0fbfd28a4243138eba24a69c17c7d9974d7da9c56a2f3911b342d0d62,ab,left,common_voice_en_25264191.mp3,The album was produced by Ontronik.,common_voice_en_25264190.mp3,3.112,system,684,common_voice_en_25264192.mp3,1.538,change,108,common_voice_en_25264190.mp3,3.112,system,684,common_voice_en_25264192.mp3,change,ok,epoch=1-step=24679-v1.ckpt,cpu,systems,other,0.1418846100568771,2.7223032716960915e-08,systems,0,systems,0,0,baseline_and_dichotic_error,0.019459778365841483,0.02105508494031764,-0.6843821631652867,0.6843821631652867,0.01507537688442211,0.04020100502512563,0.03155954424857648,0.07035175879396985,0.9230769230769231,1,1,2
pair_105_ab_right,pair_105,f270c77b7426e139617567552ccdc36e180deabf3783b7c6433abdf2a0eb267fa157f6a0fbfd28a4243138eba24a69c17c7d9974d7da9c56a2f3911b342d0d62,ab,right,common_voice_en_25264191.mp3,The album was produced by Ontronik.,common_voice_en_25264190.mp3,3.112,system,684,common_voice_en_25264192.mp3,1.538,change,108,common_voice_en_25264192.mp3,1.538,change,108,common_voice_en_25264190.mp3,system,ok,epoch=1-step=24679-v1.ckpt,cpu,change,hit,0.5704067349433899,4.858247051181541e-13,changed,0,change,1,1,hit,0.02105508494031764,0.019459778365841483,0.6843821631652871,0.6843821631652871,0.04020100502512563,0.01507537688442211,0.03155954424857648,0.07035175879396985,1.0,1,0,2
pair_105_ba_left,pair_105,f270c77b7426e139617567552ccdc36e180deabf3783b7c6433abdf2a0eb267fa157f6a0fbfd28a4243138eba24a69c17c7d9974d7da9c56a2f3911b342d0d62,ba,left,common_voice_en_25264191.mp3,The album was produced by Ontronik.,common_voice_en_25264192.mp3,1.538,change,108,common_voice_en_25264190.mp3,3.112,system,684,common_voice_en_25264192.mp3,1.538,change,108,common_voice_en_25264190.mp3,system,ok,epoch=1-step=24679-v1.ckpt,cpu,change,hit,0.5134507417678833,2.448652825642883e-12,changed,0,change,1,1,hit,0.02105508494031764,0.019459778365841483,0.6843821631652871,0.6843821631652871,0.04020100502512563,0.01507537688442211,0.03155954424857648,0.07035175879396985,1.0,1,0,2
pair_105_ba_right,pair_105,f270c77b7426e139617567552ccdc36e180deabf3783b7c6433abdf2a0eb267fa157f6a0fbfd28a4243138eba24a69c17c7d9974d7da9c56a2f3911b342d0d62,ba,right,common_voice_en_25264191.mp3,The album was produced by Ontronik.,common_voice_en_25264192.mp3,1.538,change,108,common_voice_en_25264190.mp3,3.112,system,684,common_voice_en_25264190.mp3,3.112,system,684,common_voice_en_25264192.mp3,change,ok,epoch=1-step=24679-v1.ckpt,cpu,systems,other,0.0756317973136901,2.1170926345348562e-08,systems,0,systems,0,0,baseline_and_dichotic_error,0.019459778365841483,0.02105508494031764,-0.6843821631652867,0.6843821631652867,0.01507537688442211,0.04020100502512563,0.03155954424857648,0.07035175879396985,0.9230769230769231,1,1,2
pair_106_ab_left,pair_106,f7b9011213f8b0b95ef92533acf8d2728fb6e0b59e373b5d7d987075dc500e461f67a879ac9109c3db3591b7e02aad697fe5159d5cdc718d93b33f02db0cd9c2,ab,left,common_voice_en_18628706.mp3,I found a cold egg which I had overlooked.,common_voice_en_18628701.mp3,1.653,therefore,702,common_voice_en_18628703.mp3,3.136,football,258,common_voice_en_18628701.mp3,1.653,therefore,702,common_voice_en_18628703.mp3,football,ok,epoch=1-step=24679-v1.ckpt,cpu,therefore,hit,0.8468996286392212,0.0001646924647502,therefore,1,therefore,1,1,hit,0.021691138190592447,0.01810810096872952,1.5681886753838814,1.5681886753838814,0.0,0.07035175879396985,0.030630102388230458,0.03015075376884422,1.0,1,0,0
pair_106_ab_right,pair_106,f7b9011213f8b0b95ef92533acf8d2728fb6e0b59e373b5d7d987075dc500e461f67a879ac9109c3db3591b7e02aad697fe5159d5cdc718d93b33f02db0cd9c2,ab,right,common_voice_en_18628706.mp3,I found a cold egg which I had overlooked.,common_voice_en_18628701.mp3,1.653,therefore,702,common_voice_en_18628703.mp3,3.136,football,258,common_voice_en_18628703.mp3,3.136,football,258,common_voice_en_18628701.mp3,therefore,ok,epoch=1-step=24679-v1.ckpt,cpu,football,hit,0.0619788765907287,0.0007929237326607,force,0,football,1,1,hit,0.01810810096872952,0.021691138190592447,-1.5681886753838818,1.5681886753838818,0.07035175879396985,0.0,0.030630102388230458,0.03015075376884422,1.0,1,0,0
pair_106_ba_left,pair_106,f7b9011213f8b0b95ef92533acf8d2728fb6e0b59e373b5d7d987075dc500e461f67a879ac9109c3db3591b7e02aad697fe5159d5cdc718d93b33f02db0cd9c2,ba,left,common_voice_en_18628706.mp3,I found a cold egg which I had overlooked.,common_voice_en_18628703.mp3,3.136,football,258,common_voice_en_18628701.mp3,1.653,therefore,702,common_voice_en_18628703.mp3,3.136,football,258,common_voice_en_18628701.mp3,therefore,ok,epoch=1-step=24679-v1.ckpt,cpu,football,hit,0.3401380777359009,0.000309929222567,football,1,football,1,1,hit,0.01810810096872952,0.021691138190592447,-1.5681886753838818,1.5681886753838818,0.07035175879396985,0.0,0.030630102388230458,0.03015075376884422,1.0,1,0,0
pair_106_ba_right,pair_106,f7b9011213f8b0b95ef92533acf8d2728fb6e0b59e373b5d7d987075dc500e461f67a879ac9109c3db3591b7e02aad697fe5159d5cdc718d93b33f02db0cd9c2,ba,right,common_voice_en_18628706.mp3,I found a cold egg which I had overlooked.,common_voice_en_18628703.mp3,3.136,football,258,common_voice_en_18628701.mp3,1.653,therefore,702,common_voice_en_18628701.mp3,1.653,therefore,702,common_voice_en_18628703.mp3,football,ok,epoch=1-step=24679-v1.ckpt,cpu,therefore,hit,0.9650357365608216,8.026440627872944e-05,therefore,1,therefore,1,1,hit,0.021691138190592447,0.01810810096872952,1.5681886753838814,1.5681886753838814,0.0,0.07035175879396985,0.030630102388230458,0.03015075376884422,1.0,1,0,0
pair_107_ab_left,pair_107,f91af799e6f128f501e63d9621bc161c55f288bf4af1e3991aad357a0162b31dd5d68b706e0470b0d220d0b60f56851585afe46b43599485c3b25853d995c7d2,ab,left,common_voice_en_680871.mp3,"Ouch, that was uncalled for.",common_voice_en_680878.mp3,1.418,where,768,common_voice_en_680880.mp3,2.337,through,714,common_voice_en_680878.mp3,1.418,where,768,common_voice_en_680880.mp3,through,ok,epoch=1-step=24679-v1.ckpt,cpu,where,hit,0.615551233291626,0.0004175083013251,where,1,where,1,1,hit,0.022246733739423263,0.022094969398629836,0.05945705145038588,0.05945705145038588,0.4271356783919598,0.15577889447236182,0.02968797387805968,0.16080402010050251,1.0,1,0,2
pair_107_ab_right,pair_107,f91af799e6f128f501e63d9621bc161c55f288bf4af1e3991aad357a0162b31dd5d68b706e0470b0d220d0b60f56851585afe46b43599485c3b25853d995c7d2,ab,right,common_voice_en_680871.mp3,"Ouch, that was uncalled for.",common_voice_en_680878.mp3,1.418,where,768,common_voice_en_680880.mp3,2.337,through,714,common_voice_en_680880.mp3,2.337,through,714,common_voice_en_680878.mp3,where,ok,epoch=1-step=24679-v1.ckpt,cpu,culture,other,0.0009284205152653,2.004757152462844e-05,culture,0,culture,0,0,baseline_and_dichotic_error,0.022094969398629836,0.022246733739423263,-0.05945705145038513,0.05945705145038513,0.15577889447236182,0.4271356783919598,0.02968797387805968,0.16080402010050251,0.2857142857142857,0,1,2
pair_107_ba_left,pair_107,f91af799e6f128f501e63d9621bc161c55f288bf4af1e3991aad357a0162b31dd5d68b706e0470b0d220d0b60f56851585afe46b43599485c3b25853d995c7d2,ba,left,common_voice_en_680871.mp3,"Ouch, that was uncalled for.",common_voice_en_680880.mp3,2.337,through,714,common_voice_en_680878.mp3,1.418,where,768,common_voice_en_680880.mp3,2.337,through,714,common_voice_en_680878.mp3,where,ok,epoch=1-step=24679-v1.ckpt,cpu,culture,other,0.0010459402110427,1.7237516658497043e-05,culture,0,culture,0,0,baseline_and_dichotic_error,0.022094969398629836,0.022246733739423263,-0.05945705145038513,0.05945705145038513,0.15577889447236182,0.4271356783919598,0.02968797387805968,0.16080402010050251,0.2857142857142857,0,1,2
pair_107_ba_right,pair_107,f91af799e6f128f501e63d9621bc161c55f288bf4af1e3991aad357a0162b31dd5d68b706e0470b0d220d0b60f56851585afe46b43599485c3b25853d995c7d2,ba,right,common_voice_en_680871.mp3,"Ouch, that was uncalled for.",common_voice_en_680880.mp3,2.337,through,714,common_voice_en_680878.mp3,1.418,where,768,common_voice_en_680878.mp3,1.418,where,768,common_voice_en_680880.mp3,through,ok,epoch=1-step=24679-v1.ckpt,cpu,where,hit,0.5699655413627625,0.0001199844409711,shall,0,where,1,1,hit,0.022246733739423263,0.022094969398629836,0.05945705145038588,0.05945705145038588,0.4271356783919598,0.15577889447236182,0.02968797387805968,0.16080402010050251,1.0,1,0,2
pair_108_ab_left,pair_108,fb39d657f421e8a4a8adc46fbcaf8cba76f21bda4ad49070bb93de743092bc4adfeadc37ee7e05c208478d1507de334cc7e5898a89ae581a8a9872781dc49cfa,ab,left,common_voice_en_20440352.mp3,Nothing but this manna to look at.,common_voice_en_20440357.mp3,1.978,these,703,common_voice_en_20440359.mp3,2.093,election,212,common_voice_en_20440357.mp3,1.978,these,703,common_voice_en_20440359.mp3,election,ok,epoch=1-step=24679-v1.ckpt,cpu,these,hit,0.8286907076835632,4.048992536809237e-07,these,1,these,1,1,hit,0.021714317824262565,0.01774940241486904,1.7512490857820386,1.7512490857820386,0.005025125628140704,0.10050251256281408,0.03162167729008827,0.22110552763819097,1.0,1,0,0
pair_108_ab_right,pair_108,fb39d657f421e8a4a8adc46fbcaf8cba76f21bda4ad49070bb93de743092bc4adfeadc37ee7e05c208478d1507de334cc7e5898a89ae581a8a9872781dc49cfa,ab,right,common_voice_en_20440352.mp3,Nothing but this manna to look at.,common_voice_en_20440357.mp3,1.978,these,703,common_voice_en_20440359.mp3,2.093,election,212,common_voice_en_20440359.mp3,2.093,election,212,common_voice_en_20440357.mp3,these,ok,epoch=1-step=24679-v1.ckpt,cpu,election,hit,0.9973278045654296,5.276762533867885e-12,election,1,election,1,1,hit,0.01774940241486904,0.021714317824262565,-1.7512490857820386,1.7512490857820386,0.10050251256281408,0.005025125628140704,0.03162167729008827,0.22110552763819097,1.0,1,0,0
pair_108_ba_left,pair_108,fb39d657f421e8a4a8adc46fbcaf8cba76f21bda4ad49070bb93de743092bc4adfeadc37ee7e05c208478d1507de334cc7e5898a89ae581a8a9872781dc49cfa,ba,left,common_voice_en_20440352.mp3,Nothing but this manna to look at.,common_voice_en_20440359.mp3,2.093,election,212,common_voice_en_20440357.mp3,1.978,these,703,common_voice_en_20440359.mp3,2.093,election,212,common_voice_en_20440357.mp3,these,ok,epoch=1-step=24679-v1.ckpt,cpu,election,hit,0.9968022108078004,4.757208516004141e-12,election,1,election,1,1,hit,0.01774940241486904,0.021714317824262565,-1.7512490857820386,1.7512490857820386,0.10050251256281408,0.005025125628140704,0.03162167729008827,0.22110552763819097,1.0,1,0,0
pair_108_ba_right,pair_108,fb39d657f421e8a4a8adc46fbcaf8cba76f21bda4ad49070bb93de743092bc4adfeadc37ee7e05c208478d1507de334cc7e5898a89ae581a8a9872781dc49cfa,ba,right,common_voice_en_20440352.mp3,Nothing but this manna to look at.,common_voice_en_20440359.mp3,2.093,election,212,common_voice_en_20440357.mp3,1.978,these,703,common_voice_en_20440357.mp3,1.978,these,703,common_voice_en_20440359.mp3,election,ok,epoch=1-step=24679-v1.ckpt,cpu,these,hit,0.8283960819244385,7.686270464546396e-07,these,1,these,1,1,hit,0.021714317824262565,0.01774940241486904,1.7512490857820386,1.7512490857820386,0.005025125628140704,0.10050251256281408,0.03162167729008827,0.22110552763819097,1.0,1,0,0
pair_109_ab_left,pair_109,fc6cc3625c64e94c1d5f025c0b6d3235eb59d8b230f2c9e50268fb548560e6b9468818c7acaa68180fe1c546cbd09f8b018fdd0fd35e1e9d47a021e15478e875,ab,left,common_voice_en_645238.mp3,"It was, however, still so hot from its flight through the air.",common_voice_en_645258.mp3,2.135,don't,198,common_voice_en_645260.mp3,1.604,seemed,603,common_voice_en_645258.mp3,2.135,don't,198,common_voice_en_645260.mp3,seemed,ok,epoch=1-step=24679-v1.ckpt,cpu,didn't,other,0.2311701476573944,5.1584494940470904e-05,don't,1,don't,1,0,dichotic_specific_error,0.022337276239724358,0.02001399881641571,0.9539269058169186,0.9539269058169186,0.457286432160804,0.40703517587939697,0.03068710147692676,0.21608040201005024,0.7272727272727273,0,0,1
pair_109_ab_right,pair_109,fc6cc3625c64e94c1d5f025c0b6d3235eb59d8b230f2c9e50268fb548560e6b9468818c7acaa68180fe1c546cbd09f8b018fdd0fd35e1e9d47a021e15478e875,ab,right,common_voice_en_645238.mp3,"It was, however, still so hot from its flight through the air.",common_voice_en_645258.mp3,2.135,don't,198,common_voice_en_645260.mp3,1.604,seemed,603,common_voice_en_645260.mp3,1.604,seemed,603,common_voice_en_645258.mp3,don't,ok,epoch=1-step=24679-v1.ckpt,cpu,seemed,hit,0.181477889418602,0.0032114584464579,seemed,1,seemed,1,1,hit,0.02001399881641571,0.022337276239724358,-0.9539269058169191,0.9539269058169191,0.40703517587939697,0.457286432160804,0.03068710147692676,0.21608040201005024,1.0,1,0,1
pair_109_ba_left,pair_109,fc6cc3625c64e94c1d5f025c0b6d3235eb59d8b230f2c9e50268fb548560e6b9468818c7acaa68180fe1c546cbd09f8b018fdd0fd35e1e9d47a021e15478e875,ba,left,common_voice_en_645238.mp3,"It was, however, still so hot from its flight through the air.",common_voice_en_645260.mp3,1.604,seemed,603,common_voice_en_645258.mp3,2.135,don't,198,common_voice_en_645260.mp3,1.604,seemed,603,common_voice_en_645258.mp3,don't,ok,epoch=1-step=24679-v1.ckpt,cpu,seemed,hit,0.1244508251547813,0.0056933984160423,seemed,1,seemed,1,1,hit,0.02001399881641571,0.022337276239724358,-0.9539269058169191,0.9539269058169191,0.40703517587939697,0.457286432160804,0.03068710147692676,0.21608040201005024,1.0,1,0,1
pair_109_ba_right,pair_109,fc6cc3625c64e94c1d5f025c0b6d3235eb59d8b230f2c9e50268fb548560e6b9468818c7acaa68180fe1c546cbd09f8b018fdd0fd35e1e9d47a021e15478e875,ba,right,common_voice_en_645238.mp3,"It was, however, still so hot from its flight through the air.",common_voice_en_645260.mp3,1.604,seemed,603,common_voice_en_645258.mp3,2.135,don't,198,common_voice_en_645258.mp3,2.135,don't,198,common_voice_en_645260.mp3,seemed,ok,epoch=1-step=24679-v1.ckpt,cpu,don't,hit,0.2637864053249359,7.277480472112074e-05,don't,1,don't,1,1,hit,0.022337276239724358,0.02001399881641571,0.9539269058169186,0.9539269058169186,0.457286432160804,0.40703517587939697,0.03068710147692676,0.21608040201005024,1.0,1,0,1
