trial_id,target_gender,target_word,target_norm,target_label,target_center_s,target_path,target_sentence,target_speaker,cue_path,cue_mid_word,cue_speaker,same_dist_path,same_dist_sentence,same_dist_speaker,diff_dist_path,diff_dist_sentence,diff_dist_speaker
t0000,female,around,around,42,2.554,common_voice_en_25135530.mp3,It happens once a year around the first week of September.,2b9ade25e9d22a8de438a32a1e21e004c2a4b52871822bfc1287483ff8d9d83127dfdac9538f6d45ac74ec975d2e156e172d59f7e1ac02ea8f80d923f4bd858f,common_voice_en_25135533.mp3,insects,2b9ade25e9d22a8de438a32a1e21e004c2a4b52871822bfc1287483ff8d9d83127dfdac9538f6d45ac74ec975d2e156e172d59f7e1ac02ea8f80d923f4bd858f,common_voice_en_17245678.mp3,Fast-food is convenient but often unhealthy.,b5e288ad7f2d9539237e645bcb23dc72b035b3b57ccb7406470a43f913261c2f633697c4299dbb05de6b8429ad41d877cedce398de0f4820fad3b25f7855e92b,common_voice_en_22471057.mp3,"It involves the surreal adventures of ""the boy with unfeasibly large testicles"".",4ee06352238f3271984b2617d0b21542e5b53832a3a3c72fc734639aa0fd35f3f6a6a119b9321d40a849042a29c6f540ea3c9a1ef2c66b05a931f983c75ec30e
t0001,female,first,first,253,2.985,common_voice_en_25135530.mp3,It happens once a year around the first week of September.,2b9ade25e9d22a8de438a32a1e21e004c2a4b52871822bfc1287483ff8d9d83127dfdac9538f6d45ac74ec975d2e156e172d59f7e1ac02ea8f80d923f4bd858f,common_voice_en_25135533.mp3,insects,2b9ade25e9d22a8de438a32a1e21e004c2a4b52871822bfc1287483ff8d9d83127dfdac9538f6d45ac74ec975d2e156e172d59f7e1ac02ea8f80d923f4bd858f,common_voice_en_27203399.mp3,The nominally east-west route followed a northwestern-southeastern route for most of its length.,af294a21d920e11013661f4735c1ebd5df298b0c73074b35ae4c3ea490ee8e630766fc629741346f123353256859ef7d055ee8dcce07e48a091cc8bedec671e3,common_voice_en_19499610.mp3,Parts of the park contain traditional aboriginal lands.,96ce6a86930b7b17a7e238e7ad337d5d44a58d20674415588a98ef48599459d00fbb2bfa83ace37aeac4f11c756019b3590f889772440c1f0264f66a9fd671df
t0002,male,effect,effect,208,4.261,common_voice_en_17255898.mp3,"Wow, the stroboscope effect on the ball is really astonishing!",fbe73c2a2f9db9d98276995f91d5be3a4d1cb76223604f6d8462787d62bdbefae3de6f8a02c3a6e4a581d8616e2628e79f859ad59582240f8617417523e93f57,common_voice_en_17255897.mp3,top,fbe73c2a2f9db9d98276995f91d5be3a4d1cb76223604f6d8462787d62bdbefae3de6f8a02c3a6e4a581d8616e2628e79f859ad59582240f8617417523e93f57,common_voice_en_19549287.mp3,Gretchen is the mother of transman Thammy Miranda.,bbdc814e9e35a69a41f79ce7454b0d8fef10cbbaa322e3a9b96ec97bc71c47292483666375e31cd599677be352539aba885ed342d45ddf7e5e52cfaff4f39bef,common_voice_en_905.mp3,That's why I want you to continue toward your goal.,781b4da7bb2e28f77de505dba32c433e05e3d9597e013c81caeff89458c32661e172a019b3faef2ba2143ac300de6c85f95e4220f1b2392146aac213d37a8e8d
t0003,male,really,really,558,6.034,common_voice_en_17255898.mp3,"Wow, the stroboscope effect on the ball is really astonishing!",fbe73c2a2f9db9d98276995f91d5be3a4d1cb76223604f6d8462787d62bdbefae3de6f8a02c3a6e4a581d8616e2628e79f859ad59582240f8617417523e93f57,common_voice_en_17255897.mp3,top,fbe73c2a2f9db9d98276995f91d5be3a4d1cb76223604f6d8462787d62bdbefae3de6f8a02c3a6e4a581d8616e2628e79f859ad59582240f8617417523e93f57,common_voice_en_28755925.mp3,"Wightman was born in Nesbitt, Manitoba.",5455b01c2f30e8e28ba7f19b635013e2d5d781458457eb542123a3dcb9e8b6ce1bb5b0fc8b07ffc789b68a5c55917c67b0c9527fc594ada736bf831204eb4798,common_voice_en_52783.mp3,We visited a concert in the famous opera house in Sydney.,820ec36419594a6c63791c5e5067df07b7962e7082a7b3e5b7039d847a74ea98b5ea1b50a33ebdda55d994fb764885ef4cce4af154dc886cc0d8465529b345dd
t0004,female,makes,makes,396,1.652,common_voice_en_529798.mp3,A waxed floor makes us lose balance.,00b194326078ca48aa55ff8bde2474658cc427bd4cf8e5ef443b4e2d6ec7612e21fab4382d7b4fbe761220b0ea16b5881b410dea175930648f439f7067afc3a4,common_voice_en_529787.mp3,,00b194326078ca48aa55ff8bde2474658cc427bd4cf8e5ef443b4e2d6ec7612e21fab4382d7b4fbe761220b0ea16b5881b410dea175930648f439f7067afc3a4,common_voice_en_573081.mp3,They could barely see the boy.,1c4f779fcec8fd70e6cbc5ac867140c01f11dadcae85ef217f9535e36a15b65c921a806a58b9394a61225891235146347234efd441a1830af133375cb807df8e,common_voice_en_21291181.mp3,Bartica Airport is southwest of the town.,19728bddc3e0903390b00843fd2a36de417a05a09e912c8b5f713d6289222f79e39c234ff8b13c8d33725db62c4e069782f947f4faa741569047ec2215707546
t0005,male,football,football,258,3.136,common_voice_en_18628703.mp3,Samuel collects shiny football stickers.,f7b9011213f8b0b95ef92533acf8d2728fb6e0b59e373b5d7d987075dc500e461f67a879ac9109c3db3591b7e02aad697fe5159d5cdc718d93b33f02db0cd9c2,common_voice_en_18628706.mp3,cold,f7b9011213f8b0b95ef92533acf8d2728fb6e0b59e373b5d7d987075dc500e461f67a879ac9109c3db3591b7e02aad697fe5159d5cdc718d93b33f02db0cd9c2,common_voice_en_21109590.mp3,She fought at the Battle of Trafalgar.,6e1c73a1d583dbd460273a18c82c7b4c88e4892900bc439daab784892347523f343856446e999c32c265291ebdd63c6710cdd34feaec69861544246774be1bab,common_voice_en_29247027.mp3,"It causes one form of ""overexpansion"" of the lung.",1144baca61daccd11801ab6a33aff52b9fe2eadda4b12091848c90c4172e6a83959aadcaa51fb74daf632100d84b1abe5e3ed8c1d4e23d37db2652a2be91db9e
t0006,male,found,found,267,1.494,common_voice_en_18628706.mp3,I found a cold egg which I had overlooked.,f7b9011213f8b0b95ef92533acf8d2728fb6e0b59e373b5d7d987075dc500e461f67a879ac9109c3db3591b7e02aad697fe5159d5cdc718d93b33f02db0cd9c2,common_voice_en_18628703.mp3,,f7b9011213f8b0b95ef92533acf8d2728fb6e0b59e373b5d7d987075dc500e461f67a879ac9109c3db3591b7e02aad697fe5159d5cdc718d93b33f02db0cd9c2,common_voice_en_21669818.mp3,"Hempstead also strongly opposed banks, which was reflected in his actions while in office.",9b6c1b27a0b779c3b7267a56a4211b9983b6b7901b24d9029807b454bf08a2a5538fdad896c9d2e8c36e93e2f0751142a68405560cdba1e8b9177ab263ccc14d,common_voice_en_27441723.mp3,The tax was abolished shortly before decimalisation.,feb89c0e74bc87a6cc167702339c9460470d5a76cfd0e1a1e8e14b1868670162559c23a8552e42eb5c59deea79833ce2c0363900cf6151ad29de5088a89d0a88
t0007,male,which,which,770,3.71,common_voice_en_18628706.mp3,I found a cold egg which I had overlooked.,f7b9011213f8b0b95ef92533acf8d2728fb6e0b59e373b5d7d987075dc500e461f67a879ac9109c3db3591b7e02aad697fe5159d5cdc718d93b33f02db0cd9c2,common_voice_en_18628703.mp3,,f7b9011213f8b0b95ef92533acf8d2728fb6e0b59e373b5d7d987075dc500e461f67a879ac9109c3db3591b7e02aad697fe5159d5cdc718d93b33f02db0cd9c2,common_voice_en_19024257.mp3,"At present, it is owned and operated by Wake Forest University.",aa308a6660bba7cbeccf02b5d203d0bb01e43d9526e64699e7a05d7fa61950840ee499dbd298f88c874ea183fad157665a2091e3b298ae06bf95a8de9b96618e,common_voice_en_20794016.mp3,Trolling rods are designed to drag bait or lures behind moving boats.,7eff9a54bdb0619deffda7609d5b8565278e3328de99e63908be2a37c1ad16516240b9c92bc6b68d8130b20dc556f57005dc053f4874a49589f5971a31b97e98
t0008,male,Therefore,therefore,702,1.653,common_voice_en_18628701.mp3,Therefore I recommend your turning him out before he gets still worse.,f7b9011213f8b0b95ef92533acf8d2728fb6e0b59e373b5d7d987075dc500e461f67a879ac9109c3db3591b7e02aad697fe5159d5cdc718d93b33f02db0cd9c2,common_voice_en_18628703.mp3,,f7b9011213f8b0b95ef92533acf8d2728fb6e0b59e373b5d7d987075dc500e461f67a879ac9109c3db3591b7e02aad697fe5159d5cdc718d93b33f02db0cd9c2,common_voice_en_17292016.mp3,"Using script blockers is generally a good idea, but it requires the user to learn a bit.",c0b583476807fc51401c6064438fc25a4a8d35703ad4c82b6e3aba4165b1b4d8e96499310ae12e59865be5cca5131ce9ae42e9973df62e522e152764929f38f2,common_voice_en_27213997.mp3,Indian Heights is on the southern loop for the Red Line.,8e113a62d59ae29f19f0e423fbcf978aaa9eefc16913ce4901b0aa105ff590bb7c6ea13da0c5583c0772d6905c0a964d355e8667edd35c7a08442c2312439d79
t0009,male,before,before,60,5.05,common_voice_en_18628701.mp3,Therefore I recommend your turning him out before he gets still worse.,f7b9011213f8b0b95ef92533acf8d2728fb6e0b59e373b5d7d987075dc500e461f67a879ac9109c3db3591b7e02aad697fe5159d5cdc718d93b33f02db0cd9c2,common_voice_en_18628703.mp3,,f7b9011213f8b0b95ef92533acf8d2728fb6e0b59e373b5d7d987075dc500e461f67a879ac9109c3db3591b7e02aad697fe5159d5cdc718d93b33f02db0cd9c2,common_voice_en_20073778.mp3,The San Francisco Peaks themselves contain four of the six life zones.,e4181f16d2d0e94b31bb2890b6e5146e555e45e6b37020974e4af65417ddabdd98a7e1db258eaaea33faacaf1f4f88f896f42c30c13437216a1c15de39dff430,common_voice_en_27616860.mp3,Six of these stories were released electronically under a Creative Commons license.,fd52910d24299328945044ddd49dd2d79ef95c7b0d6e38d06d65a1d9330f64f45a8426cf556ed10a705307dcf622e1fe152ee48d5bd2e38b89b4da815b5c38a6
t0010,male,still,still,659,6.021,common_voice_en_18628701.mp3,Therefore I recommend your turning him out before he gets still worse.,f7b9011213f8b0b95ef92533acf8d2728fb6e0b59e373b5d7d987075dc500e461f67a879ac9109c3db3591b7e02aad697fe5159d5cdc718d93b33f02db0cd9c2,common_voice_en_18628703.mp3,,f7b9011213f8b0b95ef92533acf8d2728fb6e0b59e373b5d7d987075dc500e461f67a879ac9109c3db3591b7e02aad697fe5159d5cdc718d93b33f02db0cd9c2,common_voice_en_26236846.mp3,Look at you.,468d6a3b83f807ed964c180ed893ac7c39f9ea1860213261ed075ce3f8c1403d77bc8157c3ab2548bfbc7885be878a423b004a77cf28a7289421937952069126,common_voice_en_19722775.mp3,A tiny portion extends into adjacent Town of Oasis.,8eab0d61a8abf9b0ab4cf5189cedea57161e3b9175600e974bcd84bd32c81bd5062128b0a063600ec8760c8f08c4a5a176b532f3e58a0547810e7c017e0ba64b
t0011,female,created,created,166,2.583,common_voice_en_18708663.mp3,"While at Chaosium he also created ""Stormbringer"", and contributed to ""Call of Cthulhu"".",34f2f98b0235d44b2b93ca5c9daf7c23889d876ee0ffc50951d0180d269e85ce1de9b276d4c2394a45522a8d5384768122dbdc2a1791e0fc25d9e06eabb1ca54,common_voice_en_18708650.mp3,,34f2f98b0235d44b2b93ca5c9daf7c23889d876ee0ffc50951d0180d269e85ce1de9b276d4c2394a45522a8d5384768122dbdc2a1791e0fc25d9e06eabb1ca54,common_voice_en_27292675.mp3,Distilling was an ideal industry with whisky much in demand overseas.,8e113a62d59ae29f19f0e423fbcf978aaa9eefc16913ce4901b0aa105ff590bb7c6ea13da0c5583c0772d6905c0a964d355e8667edd35c7a08442c2312439d79,common_voice_en_24994701.mp3,"Parsons is a lifelong Liberal, having supported the Liberal Party and the Liberal Democrats.",0836f0e74bc679636d4af10bddb747580e93145ef1b540a10021633965e5ed659ace0a7aa85de967a03a3fb1e4ec8e43a3441c7504bf7589e6f106c8b2c0a091
t0012,female,owned,owned,482,2.794,common_voice_en_18708650.mp3,Each year internationally bred or owned horses compete in the race.,34f2f98b0235d44b2b93ca5c9daf7c23889d876ee0ffc50951d0180d269e85ce1de9b276d4c2394a45522a8d5384768122dbdc2a1791e0fc25d9e06eabb1ca54,common_voice_en_18708663.mp3,,34f2f98b0235d44b2b93ca5c9daf7c23889d876ee0ffc50951d0180d269e85ce1de9b276d4c2394a45522a8d5384768122dbdc2a1791e0fc25d9e06eabb1ca54,common_voice_en_23865637.mp3,"Quadraphonic vinyl albums appeared, using several different and incompatible recording modes.",da3e262a28d2da934d128bdb06b2e126f20019b1a64eee1ec20a144c10b6e08c2105cbca1aea5e0d7c29669bc3d5dc799d5709e07bab2195e7248f316983c9bf,common_voice_en_18932754.mp3,"It has a sister company, Xepa Technologies.",aca0bdcf684b98ad2c10f99a1eb37d2704da5b88e9c84077d1d11256dfa4b24808f6b1e69d6ac065c4ff7cb8bc824052efa4d338d528f3a2ca81d2a57b330c6c
t0013,female,"Paris,",paris,485,5.032,common_voice_en_18708628.mp3,"Meanwhile, Jaune Tom and his sidekick Robespierre arrive in Paris, searching for Mewsette.",34f2f98b0235d44b2b93ca5c9daf7c23889d876ee0ffc50951d0180d269e85ce1de9b276d4c2394a45522a8d5384768122dbdc2a1791e0fc25d9e06eabb1ca54,common_voice_en_18708663.mp3,,34f2f98b0235d44b2b93ca5c9daf7c23889d876ee0ffc50951d0180d269e85ce1de9b276d4c2394a45522a8d5384768122dbdc2a1791e0fc25d9e06eabb1ca54,common_voice_en_22386553.mp3,"Where specific named values are required, these are introduced as quote types.",e2b25b63d51bc81dc2c9a756699f1535212beb8c61b684eae202243d5dbfd4efb2a7fabe022f1d7458169ad56cebd5da6c5cd935d2fd29ed9dfb192934e4f223,common_voice_en_18401181.mp3,"‘Oh, you foolish Alice!’ she answered herself.",5cd95c7c22c6fd21f386f93b700187d1559ab9a63eab1b44b4af4717e61bee61dbf54a0de0d35e3014a441bc557f5a0a4d36ad4e3a815d4bd3c395c9e98daade
t0014,female,member,member,409,1.84,common_voice_en_18708655.mp3,He was also a member of the Washington Redskins.,34f2f98b0235d44b2b93ca5c9daf7c23889d876ee0ffc50951d0180d269e85ce1de9b276d4c2394a45522a8d5384768122dbdc2a1791e0fc25d9e06eabb1ca54,common_voice_en_18708663.mp3,,34f2f98b0235d44b2b93ca5c9daf7c23889d876ee0ffc50951d0180d269e85ce1de9b276d4c2394a45522a8d5384768122dbdc2a1791e0fc25d9e06eabb1ca54,common_voice_en_21783409.mp3,"She is interred in Valhalla Memorial Park Cemetery, North Hollywood, California.",7eff9a54bdb0619deffda7609d5b8565278e3328de99e63908be2a37c1ad16516240b9c92bc6b68d8130b20dc556f57005dc053f4874a49589f5971a31b97e98,common_voice_en_106404.mp3,"The girl dropped the container, and the water spilled.",36e204cdbe7435aac7ac8d8f000d344ab0f5b8d39ade5f2689abe89962db7681f46e6f3bb9f7a05437262bd2c5e4b6150e1b45cc6b5a51e307b427e703d7b982
t0015,male,alone.,alone,23,2.736,common_voice_en_619698.mp3,But now I'm sad and alone.,10d77551d4b7f6c2b0528baba0f24a8a2aaada7f9a5e70dec98d0f43568c82acc3706630082d1204b1e9a20a47f1b843580d7f95c9f1e60d800a47d1ce735796,common_voice_en_619669.mp3,few,10d77551d4b7f6c2b0528baba0f24a8a2aaada7f9a5e70dec98d0f43568c82acc3706630082d1204b1e9a20a47f1b843580d7f95c9f1e60d800a47d1ce735796,common_voice_en_26004840.mp3,The coat basically consists of long hairs.,ea6af2f035b41b076462b218d20822bcf91a491c7b894e6ae5df8721003d07e28894b3ef0b8093e857238a3d7fb363ec6687af9548cda5437399c30804eb5b67,common_voice_en_19733311.mp3,"He edited its public appeal ""To the Friends of Russian Freedom"".",7cbf197695734dc82496550a5fbeb46d23378a16671b190f0556f7fc8185ee4c28ab92565fbd17f913675a17b0fb3a5da8496a551780ed24266e7da98057333c
t0016,female,"County,",county,160,2.958,common_voice_en_20398188.mp3,"He moved to Clayton County, Iowa when he was seventeen and started farming.",39b7c006f29120df6842681ef4335fe162f3d77492d81699c827fcdd997b6aba3d2dcbbcd7af106b79489b9c1ef40d52eb1c37af2323eee047621ab80bce922e,common_voice_en_20398189.mp3,to,39b7c006f29120df6842681ef4335fe162f3d77492d81699c827fcdd997b6aba3d2dcbbcd7af106b79489b9c1ef40d52eb1c37af2323eee047621ab80bce922e,common_voice_en_20381725.mp3,The town was named from the hilltop Beulah Presbyterian Church.,57d9be2eeda5fbaad0290c45f4e95813da95e09633d5fd84df35a758151788abec644a351cdf610c7b792561d1db0ac6f122dbc94404646941967bd6f0befd44,common_voice_en_71397.mp3,"Kenneth reacted badly to the steroids, he's under observation for the next hour.",fad6f55cd2205aad241217308ce4cfb6aa64f6ce037d12dd39c99fe15c0fc158984c89ef4504579319aec8f91a274ec0d255c5da4d3f732d673a24d53198217f
t0017,male,distance,distance,191,1.839,common_voice_en_178515.mp3,"From the railway station in the distance came the sound of trains, ringing and rumbling.",cb9c2d7cc6dbad2c8f6c935323e456ae4079405e71f9f184a8486bbf632c6ee6e9f1ad49f53e090b637862f35f09df096653b72b782a29bbdc3d2267ec512dfe,common_voice_en_178511.mp3,was,cb9c2d7cc6dbad2c8f6c935323e456ae4079405e71f9f184a8486bbf632c6ee6e9f1ad49f53e090b637862f35f09df096653b72b782a29bbdc3d2267ec512dfe,common_voice_en_18066662.mp3,"As students, they founded an a capella group and now they're commercially successful.",2f986d70190ac87022911453b4d96e423e18e7eb11b6f8198ae825bd4e78cce4857e5416004e7a504b50aca2248a06c2cb86df5318abbdf2a4de37997ad9f6a4,common_voice_en_18708073.mp3,Field delivered the Court's unanimous opinion which upheld the West Virginia statute.,e0477bf42207226162f444e114088cfa20593163fcd5f6769a49e87addba08e05d8f201da65dd663ff9c11620803ba01531a1af44b990ef7f2c930882e54f2aa
t0018,male,sound,sound,638,2.502,common_voice_en_178515.mp3,"From the railway station in the distance came the sound of trains, ringing and rumbling.",cb9c2d7cc6dbad2c8f6c935323e456ae4079405e71f9f184a8486bbf632c6ee6e9f1ad49f53e090b637862f35f09df096653b72b782a29bbdc3d2267ec512dfe,common_voice_en_178511.mp3,was,cb9c2d7cc6dbad2c8f6c935323e456ae4079405e71f9f184a8486bbf632c6ee6e9f1ad49f53e090b637862f35f09df096653b72b782a29bbdc3d2267ec512dfe,common_voice_en_25326567.mp3,"They had three sons: Anthony, Adrian and David.",5f4b06ce8fd2a77cf069ec9f47842e3073510f72e790df16f52b4c05eced9b4cbf93868f5ba38edc9a2b922675b2b43a4c28040cccb869a473f491f95c9b37bf,common_voice_en_19427230.mp3,"All night tugs worked to haul her off, but to no avail.",a438a3dd88adcbaf4e6f5d0d090fcd05886a60a8636676cee823526c3dc9ed45cf24d824b2833dabfbf0ac26b259b901c4099fc4984a34c6c45a9239d41ddbdb
t0019,male,"trains,",trains,729,3.014,common_voice_en_178515.mp3,"From the railway station in the distance came the sound of trains, ringing and rumbling.",cb9c2d7cc6dbad2c8f6c935323e456ae4079405e71f9f184a8486bbf632c6ee6e9f1ad49f53e090b637862f35f09df096653b72b782a29bbdc3d2267ec512dfe,common_voice_en_178511.mp3,was,cb9c2d7cc6dbad2c8f6c935323e456ae4079405e71f9f184a8486bbf632c6ee6e9f1ad49f53e090b637862f35f09df096653b72b782a29bbdc3d2267ec512dfe,common_voice_en_27269592.mp3,It offers passenger service from affiliates of Delta Air Lines and United Airlines.,b15e81b74f3a01152401371744ce17a419c45a9415478075dd9d5dab5818374ad025c732871b55b1d5242f40357f577ab2dfd02950081c195bf04dd7b8aa7910,common_voice_en_20733519.mp3,He gained a First Class Honours in Mathematics.,70c21ca1cc3de05f3c23b11615cd7d5dd078e03cda0cd46224c802cb358d2bddc9df76042f0f15fe5c3d655d19f20193db107b130128af209e229afabf047b54
t0020,female,countries,countries,158,3.289,common_voice_en_20512048.mp3,"Increasingly, some universities in Commonwealth countries have adopted the American hierarchy of titles.",83e383fc3bd5dd92c39954da6c23a08a08d0f2b5e68f7f30f58c0e1e9a8d449374ce26319b237da55a11a088d20194ef58d47f8b8765091b0f014d4c261c553d,common_voice_en_20512041.mp3,,83e383fc3bd5dd92c39954da6c23a08a08d0f2b5e68f7f30f58c0e1e9a8d449374ce26319b237da55a11a088d20194ef58d47f8b8765091b0f014d4c261c553d,common_voice_en_18840637.mp3,There were almost no characters to the women.,01a923085487529bef30ecc51bbc91ce1c325e02fe836624f8aee2377a645c67fedaa988c9245735b7b67f3135148893303aff3df956f4ce708c7489250eeb5a,common_voice_en_17277100.mp3,Please do not mess up with the buttons on this machine.,129c064e7e06fd052e50dd8e8603e1c105d3180e01ceb2506b5efcf7e144d009377ae9d7b3873f7235ebd2dbf9d8afd4f420facbef7d02b6cd7b2b675425c73e
t0021,female,American,american,29,4.514,common_voice_en_20512048.mp3,"Increasingly, some universities in Commonwealth countries have adopted the American hierarchy of titles.",83e383fc3bd5dd92c39954da6c23a08a08d0f2b5e68f7f30f58c0e1e9a8d449374ce26319b237da55a11a088d20194ef58d47f8b8765091b0f014d4c261c553d,common_voice_en_20512041.mp3,,83e383fc3bd5dd92c39954da6c23a08a08d0f2b5e68f7f30f58c0e1e9a8d449374ce26319b237da55a11a088d20194ef58d47f8b8765091b0f014d4c261c553d,common_voice_en_21928768.mp3,"In an emotional monologue, she urges her sister to leave Stanley.",ffd03652a70b878ae536ed6bb2209e7f5099247c237dcf3ed888e4a33a999bf1ad306de1df0c5b74bd6b3b7f74851586487277caf5f2edc192317cbb26c20ac9,common_voice_en_27608078.mp3,Roberts then became automatic first choice left-back.,d7b8bd57a847b9f6a92eb975f2fe0a8686ee95a9e71b0168d5ee36090c94b373186a93d864491807465a14b0cb0cd867c6a52509095f73cb3c58490f0fb7f149
t0022,female,matter,matter,403,3.704,common_voice_en_20512047.mp3,"Doniach is the mother of Sebastian Doniach, a condensed matter physicist at Stanford University.",83e383fc3bd5dd92c39954da6c23a08a08d0f2b5e68f7f30f58c0e1e9a8d449374ce26319b237da55a11a088d20194ef58d47f8b8765091b0f014d4c261c553d,common_voice_en_20512048.mp3,countries,83e383fc3bd5dd92c39954da6c23a08a08d0f2b5e68f7f30f58c0e1e9a8d449374ce26319b237da55a11a088d20194ef58d47f8b8765091b0f014d4c261c553d,common_voice_en_19343516.mp3,"In the kolkhoz, farmers are busy reaping cotton.",7eff9a54bdb0619deffda7609d5b8565278e3328de99e63908be2a37c1ad16516240b9c92bc6b68d8130b20dc556f57005dc053f4874a49589f5971a31b97e98,common_voice_en_566296.mp3,Two men spar against each other in a martial arts match with one man wearing blue and the other white,96901e015b2865f7718de95ac1dd517b95c436adec9d7e35b8dbf286182746916c6376f9ed96ed8d29edb62df6522eaead214b26238a0c8c932ae71bec833f75
t0023,male,State,state,655,2.837,common_voice_en_20294778.mp3,Much of Ricketts Glen State Park is within Fairmount Township.,4f7d8003ecde8b531425a66114dea855c47b1b3f20f5afe8f50a7b22cefe7fe592a31e109475dcd2f03a8dccd6a744b2a0079d3a5d3062df150ed372753c21df,common_voice_en_20294784.mp3,,4f7d8003ecde8b531425a66114dea855c47b1b3f20f5afe8f50a7b22cefe7fe592a31e109475dcd2f03a8dccd6a744b2a0079d3a5d3062df150ed372753c21df,common_voice_en_17353796.mp3,"I like the avenger of the new episode, he really is a badass.",822615f9eee2a8c3acbd3fd8b0848665de18ae6e742184d20b206fb868f7460bfbfaf62db23a7ffb7168d232018f685527ecdfb9ee8f2a3b56127abece57f6b5,common_voice_en_19194412.mp3,Confirmation that the Monarchs were to close down came in July that year.,7eff9a54bdb0619deffda7609d5b8565278e3328de99e63908be2a37c1ad16516240b9c92bc6b68d8130b20dc556f57005dc053f4874a49589f5971a31b97e98
t0024,male,within,within,778,3.92,common_voice_en_20294778.mp3,Much of Ricketts Glen State Park is within Fairmount Township.,4f7d8003ecde8b531425a66114dea855c47b1b3f20f5afe8f50a7b22cefe7fe592a31e109475dcd2f03a8dccd6a744b2a0079d3a5d3062df150ed372753c21df,common_voice_en_20294784.mp3,,4f7d8003ecde8b531425a66114dea855c47b1b3f20f5afe8f50a7b22cefe7fe592a31e109475dcd2f03a8dccd6a744b2a0079d3a5d3062df150ed372753c21df,common_voice_en_20073852.mp3,"Around this period Steen appeared in the Ben Elton comedy ""Happy Families"".",e4181f16d2d0e94b31bb2890b6e5146e555e45e6b37020974e4af65417ddabdd98a7e1db258eaaea33faacaf1f4f88f896f42c30c13437216a1c15de39dff430,common_voice_en_18729626.mp3,A machine gun school was also opened in France.,639f341eacc1ebecbcda2739f4c39f629c2d933bfb79318de6d0e38b56a8592be82fb9854d31d1579adbb9af91cd711a9b7f9dabf053cf5bdf0acbf33edb3640
t0025,male,music,music,440,4.008,common_voice_en_20294784.mp3,Dean was to attribute his music interest to the Seth Ward Baptist Church.,4f7d8003ecde8b531425a66114dea855c47b1b3f20f5afe8f50a7b22cefe7fe592a31e109475dcd2f03a8dccd6a744b2a0079d3a5d3062df150ed372753c21df,common_voice_en_20294778.mp3,park,4f7d8003ecde8b531425a66114dea855c47b1b3f20f5afe8f50a7b22cefe7fe592a31e109475dcd2f03a8dccd6a744b2a0079d3a5d3062df150ed372753c21df,common_voice_en_17274746.mp3,There's a surprise within the gift.,a637fce689634fda13b91bc697c7b639cc5786caf14faf5843b9f30c297e791921794655e2d0f1e86cf7dcd2197bd2a82da1c5c48ce2b119b11216d967426067,common_voice_en_20106580.mp3,"His first name, Gal, means ""wave"" in Hebrew.",344bf332f298134d3880f9e38710e4c7e7037157bd63a3f5334f3c0d627ff61645ffff180419eb666587109a9a7638148728a3c5765f76296fd68c957088b428
t0026,male,interest,interest,340,4.418,common_voice_en_20294784.mp3,Dean was to attribute his music interest to the Seth Ward Baptist Church.,4f7d8003ecde8b531425a66114dea855c47b1b3f20f5afe8f50a7b22cefe7fe592a31e109475dcd2f03a8dccd6a744b2a0079d3a5d3062df150ed372753c21df,common_voice_en_20294778.mp3,park,4f7d8003ecde8b531425a66114dea855c47b1b3f20f5afe8f50a7b22cefe7fe592a31e109475dcd2f03a8dccd6a744b2a0079d3a5d3062df150ed372753c21df,common_voice_en_532133.mp3,"You can find it here, or linked from the navigation sidebar on every page.",d4b72cfc9a9859c6da31546914e1bafa39270d58151c769179048333f64602b9a7c7b77e2f19b49c659b25e6b720a0eeb709b08f4c06d76a3d8efd46ab78aec3,common_voice_en_27134379.mp3,"He continued to perform there, and was a regular visitor to Rhodesia.",8449194e8b74b81d761d7a3786cdd5d099aff4f33737c7f476edf3435c3eb483ff6d6515d153c7cfb9193821f01a3a0bd6b049740b029acd7b1488df9bd579d8
t0027,male,Church.,church,121,6.843,common_voice_en_20294784.mp3,Dean was to attribute his music interest to the Seth Ward Baptist Church.,4f7d8003ecde8b531425a66114dea855c47b1b3f20f5afe8f50a7b22cefe7fe592a31e109475dcd2f03a8dccd6a744b2a0079d3a5d3062df150ed372753c21df,common_voice_en_20294778.mp3,park,4f7d8003ecde8b531425a66114dea855c47b1b3f20f5afe8f50a7b22cefe7fe592a31e109475dcd2f03a8dccd6a744b2a0079d3a5d3062df150ed372753c21df,common_voice_en_20309468.mp3,"There are also many, many furniture stores.",73aee4c550b16b53b5f67691c69005e40a777651ea33b4b1efff1be1ecb138ea843efc9890f76f3694eb25a1b1edf60415a10c1380958500e5854f27e465255f,common_voice_en_24784127.mp3,Then the memory hierarchy will be assessed during code refactoring.,f138d75a743543591fb23c61bbb2cfc4a204866aa791fdddc2a868be75a3f5851013ee0e9036241396a08fce890ff0911b3218224b0b11dc917eb7b4fa2e8cec
t0028,male,lives,lives,381,3.192,common_voice_en_20294780.mp3,These batteries have extremely long lives with some still in use today.,4f7d8003ecde8b531425a66114dea855c47b1b3f20f5afe8f50a7b22cefe7fe592a31e109475dcd2f03a8dccd6a744b2a0079d3a5d3062df150ed372753c21df,common_voice_en_20294778.mp3,park,4f7d8003ecde8b531425a66114dea855c47b1b3f20f5afe8f50a7b22cefe7fe592a31e109475dcd2f03a8dccd6a744b2a0079d3a5d3062df150ed372753c21df,common_voice_en_23423032.mp3,"The emigrants took game, plants and water that the Sioux needed for survival.",72404613ee6ef1e254dcd8b23b7802c2b9f3e6d2d56c789f5b785ccd01a64b876c459381c88654dba45ad81824e034f9e2ee24580147c3a9b56bf167524568d5,common_voice_en_18832085.mp3,"Butler herself rejects the term ""postmodernism"" as too vague to be meaningful.",7eff9a54bdb0619deffda7609d5b8565278e3328de99e63908be2a37c1ad16516240b9c92bc6b68d8130b20dc556f57005dc053f4874a49589f5971a31b97e98
t0029,female,career.,career,97,4.505,common_voice_en_24510947.mp3,After they got divorced Dellfina embarked on her solo career.,00629ef5283de6396fb220d873d360b001eee93946c70473d949026bc9473a79275502f92d1000fedafed7fd5770c8cec6e425b53d3602ea2b49cb5dc5ff4fb0,common_voice_en_24535868.mp3,during,00629ef5283de6396fb220d873d360b001eee93946c70473d949026bc9473a79275502f92d1000fedafed7fd5770c8cec6e425b53d3602ea2b49cb5dc5ff4fb0,common_voice_en_19627630.mp3,Two judges found his actions legal and released him.,d59a7a01b11dde4fd31dfb423919fbfb07dcc3961deb9bde1350eaaa5394794b1fc9d3f718f36fc6cba87b016d058ee6cd4c02d145bd4c7fcbb324d3ce847beb,common_voice_en_19760853.mp3,The people have no power to resist.,ed6394edfaff8ea435b23e5b8b3c1ec7e36500e30d55ff3e9d170e8420c58bd578311d8448094517113e85fb893b77dbe50677588950e72dfc6ac8c31180e877
t0030,female,trains,trains,729,1.727,common_voice_en_24535868.mp3,Additional trains run during the weekday business peaks.,00629ef5283de6396fb220d873d360b001eee93946c70473d949026bc9473a79275502f92d1000fedafed7fd5770c8cec6e425b53d3602ea2b49cb5dc5ff4fb0,common_voice_en_24510947.mp3,,00629ef5283de6396fb220d873d360b001eee93946c70473d949026bc9473a79275502f92d1000fedafed7fd5770c8cec6e425b53d3602ea2b49cb5dc5ff4fb0,common_voice_en_27358045.mp3,A glomerulus is enclosed in the sac.,e31822077e104d2f1781db7ce098c016abca0314515a35f564b26c30e59c0d2a0206cdf020dfbfe4e7340388f898c34d51e2d625681694a797c49581af656fba,common_voice_en_23766379.mp3,It crosses the Neville Island Bridge and the Mansfield Bridge.,faa00ac4fc9d5b91f82c288e097fccec54c3ffe517a1e914d44b61e84a98fca7778f13a6f570422b79135fd52d4708807910af377fe1bfcafa1539a92f8ee5c1
t0031,female,during,during,200,2.6,common_voice_en_24535868.mp3,Additional trains run during the weekday business peaks.,00629ef5283de6396fb220d873d360b001eee93946c70473d949026bc9473a79275502f92d1000fedafed7fd5770c8cec6e425b53d3602ea2b49cb5dc5ff4fb0,common_voice_en_24510947.mp3,,00629ef5283de6396fb220d873d360b001eee93946c70473d949026bc9473a79275502f92d1000fedafed7fd5770c8cec6e425b53d3602ea2b49cb5dc5ff4fb0,common_voice_en_25938192.mp3,"With the aid of the onion grater, grate the chocolate over it evenly.",7f5947e063f77f5baf77af5641e0a9b745f32dde91ef934aeee7f366c44d7ec93c5e4b0392c3725b45da2001ae439519fd1ba76068c178bb2b5284aa9b134dd9,common_voice_en_657862.mp3,The wind approached the boy and touched his face.,59de81d6d5b122523be7be1842a6602f16bb14e8f2aec83f31fdcd971afb4ffa8b4f003237b3e6768254305de396ef83de08db18fb3a0a918a2d461f471930bd
t0032,female,business,business,88,3.684,common_voice_en_24535868.mp3,Additional trains run during the weekday business peaks.,00629ef5283de6396fb220d873d360b001eee93946c70473d949026bc9473a79275502f92d1000fedafed7fd5770c8cec6e425b53d3602ea2b49cb5dc5ff4fb0,common_voice_en_24510947.mp3,,00629ef5283de6396fb220d873d360b001eee93946c70473d949026bc9473a79275502f92d1000fedafed7fd5770c8cec6e425b53d3602ea2b49cb5dc5ff4fb0,common_voice_en_25616910.mp3,It has long white whiskers on the cheeks.,50defefa0aac8287e21d9316f073029371516790fe0af3ae00f7d07bff888fdb7131a9235a29de809bb67da2ede8ffcef4e4af45eaa5aa235b986805a38e1cf3,common_voice_en_24356132.mp3,There is a dim aura of good if detected for.,372293e65cdab88771e028a4351651ab2eff64438ddafc211e089247dcdccca350153465eb5409ce708081d9ad384af45d1dc57bbe030ae1a2c0edd561322fb8
t0033,female,there,there,700,1.688,common_voice_en_30099091.mp3,She became noted there for her powerful slapshot.,00629ef5283de6396fb220d873d360b001eee93946c70473d949026bc9473a79275502f92d1000fedafed7fd5770c8cec6e425b53d3602ea2b49cb5dc5ff4fb0,common_voice_en_24510947.mp3,,00629ef5283de6396fb220d873d360b001eee93946c70473d949026bc9473a79275502f92d1000fedafed7fd5770c8cec6e425b53d3602ea2b49cb5dc5ff4fb0,common_voice_en_19743917.mp3,Some of its current residents began coming to Higgins Beach in this way.,e6dbbe39377aa0fe2851852b2c695c9c31094c80c9ccd244bac8dfdc8a523b2a114362d4c717bd9d628499fe1d3c11971221be5ec4dadce15c9ff8c5254ae368,common_voice_en_27608744.mp3,"The nearest station is Sandhurst, with trains towards Reading and Guildford.",509e3f7b9360a7e857f2190487f812855cc64f2776ff3802c108b9b2f7ef90f075183f297b84bad64d8a6958766e1b965ebf2741c1f1aa933502acd5f2d33e8c
t0034,female,released,released,573,4.931,common_voice_en_24535943.mp3,"""Untold Stories"" and ""Life as We Knew It"" were also released from the album.",00629ef5283de6396fb220d873d360b001eee93946c70473d949026bc9473a79275502f92d1000fedafed7fd5770c8cec6e425b53d3602ea2b49cb5dc5ff4fb0,common_voice_en_24510947.mp3,,00629ef5283de6396fb220d873d360b001eee93946c70473d949026bc9473a79275502f92d1000fedafed7fd5770c8cec6e425b53d3602ea2b49cb5dc5ff4fb0,common_voice_en_539144.mp3,But I found it difficult to get to work because of the investigations.,ef3dc79f63af761f36770fb88ae117a277f82da76545be340f76b982731c4377228fc89ddb41914a52b5d4c3cfc4ab84bf2ac0174e47d3c4f0b13a9ace9b760e,common_voice_en_217917.mp3,A girl jumps into a swimming pool with a guy in black.,2616e7a9595a9e57c4be59e468a0197c41afc6508ecc5c8487cad9c1e12624016b262e0d8086bc485d6d7b8ce02e5d333c7681c7086e7bea2fc37d9c051a09e9
t0035,male,names,names,443,2.665,common_voice_en_18710315.mp3,"Many varietal and sub-specific names have been coined, as the plant is morphologically variable.",aff4f57ff2330fdb895b1aca0bb305f1af9f4b45ee65435840d17919badc3a675fdb9918154163e552974decbf52bad126bc7bfd5b68c39f3abd32ce84525d41,common_voice_en_18710312.mp3,displayed,aff4f57ff2330fdb895b1aca0bb305f1af9f4b45ee65435840d17919badc3a675fdb9918154163e552974decbf52bad126bc7bfd5b68c39f3abd32ce84525d41,common_voice_en_492728.mp3,"They went in to drink the tea, which was served in beautiful crystal glasses.",b1cfe7bd0c89f16b287a84ffe12b1172ee2cc291350cda065633e367e077e2dc5bf0ed6f367d83cf8d04c041de30e50dfed695ceb5e763c09f2215ac737d5e7f,common_voice_en_20585735.mp3,Earle subsequently took little part in political affairs.,4875a5fc17c3936321a179429a287bc6971775f7f8b5d2fc4cdc8c41127630df834c7c17d0fadc0f1edaddd613e3ba72a6210204569770f02199369b4748b669
t0036,male,plant,plant,506,5.139,common_voice_en_18710315.mp3,"Many varietal and sub-specific names have been coined, as the plant is morphologically variable.",aff4f57ff2330fdb895b1aca0bb305f1af9f4b45ee65435840d17919badc3a675fdb9918154163e552974decbf52bad126bc7bfd5b68c39f3abd32ce84525d41,common_voice_en_18710312.mp3,displayed,aff4f57ff2330fdb895b1aca0bb305f1af9f4b45ee65435840d17919badc3a675fdb9918154163e552974decbf52bad126bc7bfd5b68c39f3abd32ce84525d41,common_voice_en_19578706.mp3,Stationers' Hall is at Avenue Maria Lane near Ludgate Hill.,80ba55eaf61f0919078a9b739949f8258577b23e7f58216194a46e8e76c7c08261e6b07adc2dc6b2e6a248eea2e3766dd46fb69ec6470edd687325d2853ca680,common_voice_en_19596718.mp3,Ontario has the most independent schools in Canada.,291b26e4dbf84d858408a7ecc87072b2286d30b8c9f5dc8877f50af60e928199731d58439e24d6421eb01d974b93f73a94404b3306cf0465a70c993e3b8ace8a
t0037,male,games,games,279,3.066,common_voice_en_18710312.mp3,Dealers of card or dice games often displayed these full-body tattoos shirtless while playing.,aff4f57ff2330fdb895b1aca0bb305f1af9f4b45ee65435840d17919badc3a675fdb9918154163e552974decbf52bad126bc7bfd5b68c39f3abd32ce84525d41,common_voice_en_18710315.mp3,coined,aff4f57ff2330fdb895b1aca0bb305f1af9f4b45ee65435840d17919badc3a675fdb9918154163e552974decbf52bad126bc7bfd5b68c39f3abd32ce84525d41,common_voice_en_514958.mp3,The shirt off my back.,0ab507dc8e6d79ca9c917d8d582d877d974fbbfe1efe42fffc6537253610135ecf586f28388f4147704fefdff5af9aca2471d9cd7f770bdb6620f4d3b4504860,common_voice_en_18645115.mp3,But all at once Wethermill's luck deserted him.,3df789eb6659356886bcd8590150de0c5c2d4285db1685b039033938dedaa1b1e361eb196e73eecb81c6917aaf1ea41fa16e3075ba14a457ab5b08b08d0cc0e2
t0038,male,often,often,469,3.756,common_voice_en_18710312.mp3,Dealers of card or dice games often displayed these full-body tattoos shirtless while playing.,aff4f57ff2330fdb895b1aca0bb305f1af9f4b45ee65435840d17919badc3a675fdb9918154163e552974decbf52bad126bc7bfd5b68c39f3abd32ce84525d41,common_voice_en_18710315.mp3,coined,aff4f57ff2330fdb895b1aca0bb305f1af9f4b45ee65435840d17919badc3a675fdb9918154163e552974decbf52bad126bc7bfd5b68c39f3abd32ce84525d41,common_voice_en_22069189.mp3,These factors make Jordan Road an important transportation access point.,e790d1a6d652b49b74172d96fca249c1d46c38806613534de93e324492059b41bb491639158ff5b5efe117d167447b1dca743bff0b32dcfe07b12a43fb13a86e,common_voice_en_18152547.mp3,"""That homicide case is giving me headaches"", the police officer said.",666d8a75b930da2206db122b9d213c565802c88080a92d1d4c31581ebc51c3c7e8df6c7e8c448e3ed85b88c2e5aaf23eb3a58c7e14d82dce0f7ae66b0ca65431
t0039,male,these,these,703,4.708,common_voice_en_18710312.mp3,Dealers of card or dice games often displayed these full-body tattoos shirtless while playing.,aff4f57ff2330fdb895b1aca0bb305f1af9f4b45ee65435840d17919badc3a675fdb9918154163e552974decbf52bad126bc7bfd5b68c39f3abd32ce84525d41,common_voice_en_18710315.mp3,coined,aff4f57ff2330fdb895b1aca0bb305f1af9f4b45ee65435840d17919badc3a675fdb9918154163e552974decbf52bad126bc7bfd5b68c39f3abd32ce84525d41,common_voice_en_22930357.mp3,The specification for Freesat boxes includes having an Ethernet port.,2134733445f856c7d6161f960e52847456ca512f5871f9cc13502495007f4cf93b8c43ee98fe52ba44102b5616352bc716bb164a5d442ca7a6a7639ce09fec9a,common_voice_en_25985251.mp3,The successful bidder has the right to be heard before the aforementioned Commission decides on their case.,b5280ec725b93c9f7a5011f77706d2c187de5d666deeeca8d9fe6c21f6d1ca800d40c522a94836ea61e1b1bb6078481e0adb673c64f4be5d8e11be110d341acd
t0040,male,while,while,771,7.563,common_voice_en_18710312.mp3,Dealers of card or dice games often displayed these full-body tattoos shirtless while playing.,aff4f57ff2330fdb895b1aca0bb305f1af9f4b45ee65435840d17919badc3a675fdb9918154163e552974decbf52bad126bc7bfd5b68c39f3abd32ce84525d41,common_voice_en_18710315.mp3,coined,aff4f57ff2330fdb895b1aca0bb305f1af9f4b45ee65435840d17919badc3a675fdb9918154163e552974decbf52bad126bc7bfd5b68c39f3abd32ce84525d41,common_voice_en_22010131.mp3,"It borders Saughton, Wester Hailes, Slateford, Kingsknowe and Parkhead.",201ed0a6148e0a1408d9ba211d9f39e21fb15fa6ab060364581d47b2a65cf99b1d788f50e0d6751dd5c235d2239561353f84f17e6b9bfdf7744c03a5a27299d7,common_voice_en_20351636.mp3,The train has now been replaced by a bus service.,43ccf9f4dce9e8a86359088edc0a6ad414149544108d0808cdc9202df371b2b86d161e18e04a894f22c07b77f99de3869f3982eb5f23d03d31efb261e49da923
t0041,female,across,across,4,2.288,common_voice_en_17406903.mp3,"The penguin waddles across the ice, joining her companions.",15150f4b108fe8d1cf63c8e6cad9cd6f01593ed81218a57394108625b1f5dc2d48c42c752114006e98c0e33f5d3da2bc2b9bf9e563d3de886775adaa96d6fb09,common_voice_en_17406892.mp3,but,15150f4b108fe8d1cf63c8e6cad9cd6f01593ed81218a57394108625b1f5dc2d48c42c752114006e98c0e33f5d3da2bc2b9bf9e563d3de886775adaa96d6fb09,common_voice_en_23832688.mp3,Upon his death the throne passed to his brother Ceolwulf.,cf658764e695270837ad8af4462cb4fdaeec21a451e3c9ee585dcec3b999e0ac6f0a5f2de7548e919d2ffa1cc94d7f78fb8dbc1eba8bfe3cf0875c9c50235b63,common_voice_en_27643621.mp3,Freedman was also a biographer and wrote about industry insiders.,909eb302776bcc3cf6545ec96c3eb8fa30dd081b5139f2b34a43c982e319e88ce857a0cbb0dddd58a3d9d4fdb9bbae766c47faa268c66ddc938871fd39b7b9d0
t0042,male,largest,largest,362,1.603,common_voice_en_18709567.mp3,Its largest population centre is the city of Sherbrooke.,15a22f0c0e1dd85bdeda7f733a831454f10c38f6da86b6c258157e616996b120ecdd47cf96cfbeeefbd455c03725780ef1ba4d4351013b20a20553c55db492dd,common_voice_en_18709453.mp3,,15a22f0c0e1dd85bdeda7f733a831454f10c38f6da86b6c258157e616996b120ecdd47cf96cfbeeefbd455c03725780ef1ba4d4351013b20a20553c55db492dd,common_voice_en_18717409.mp3,She also won four New Zealand national titles.,ab72e9ab22713aec03a3189202a0713e56016ea07569b3041fcd65d77c9eb3f8c692f7ccaec75c16bbc62476d528f434d829193994cf07fcde9e3b1e4a2fa93a,common_voice_en_531368.mp3,I'm just your little rent collector.,243c0d90f6145edce7803731bbd3baff7cb887a5290c10c1c5897e24248e249752883be23dbe58e59668ad96307fa0666e76dde82a2dd55ac2c624acbdb1d919
t0043,male,population,population,518,2.115,common_voice_en_18709567.mp3,Its largest population centre is the city of Sherbrooke.,15a22f0c0e1dd85bdeda7f733a831454f10c38f6da86b6c258157e616996b120ecdd47cf96cfbeeefbd455c03725780ef1ba4d4351013b20a20553c55db492dd,common_voice_en_18709453.mp3,,15a22f0c0e1dd85bdeda7f733a831454f10c38f6da86b6c258157e616996b120ecdd47cf96cfbeeefbd455c03725780ef1ba4d4351013b20a20553c55db492dd,common_voice_en_626806.mp3,His t-shirt was drenched in sweat.,3d991a61b3e56ce4eb15b087913bd913b882bcff1630bf1dd235fb7deb36ebe53574d1706060d52bd2641ee53d5e5852ea24a5b1f229b49dc137d01223ee1829,common_voice_en_24770605.mp3,"After flowering, the stems stretch considerably, reaching far above the basal leaves.",bd6585469462c87c50f7a8c3462fee77d2ac01e211dacd5d34949eb718608a4dc66fa00b6d425b3c7794b736dede710dc4cae647f6904f89cdaf7d0e1d61a502
t0044,male,centre,centre,106,2.646,common_voice_en_18709567.mp3,Its largest population centre is the city of Sherbrooke.,15a22f0c0e1dd85bdeda7f733a831454f10c38f6da86b6c258157e616996b120ecdd47cf96cfbeeefbd455c03725780ef1ba4d4351013b20a20553c55db492dd,common_voice_en_18709453.mp3,,15a22f0c0e1dd85bdeda7f733a831454f10c38f6da86b6c258157e616996b120ecdd47cf96cfbeeefbd455c03725780ef1ba4d4351013b20a20553c55db492dd,common_voice_en_207001.mp3,But you know that I'm not going to go to Mecca.,9d297ead773991ed676b2dd6dcc2a36c02cb5ce2d272e8bf4a66e43147f46a6d1f001e6de886f5c63ca4b899edd17a516e35fa7aaf811756b6a3631310e1368f,common_voice_en_27476981.mp3,The process is also much more formal than western tattooing.,6a843c39e5353b2d88d6fa0846bbf4a417f37f45a1e5c3225f8a6e3f813cf8347bde413594dacca8baf47e3442f63b6b8a54ed32f29efde81dbf360043a59218
t0045,male,would,would,788,1.774,common_voice_en_18709453.mp3,Later variants would have been fitted with variable-geometry wings.,15a22f0c0e1dd85bdeda7f733a831454f10c38f6da86b6c258157e616996b120ecdd47cf96cfbeeefbd455c03725780ef1ba4d4351013b20a20553c55db492dd,common_voice_en_18709567.mp3,,15a22f0c0e1dd85bdeda7f733a831454f10c38f6da86b6c258157e616996b120ecdd47cf96cfbeeefbd455c03725780ef1ba4d4351013b20a20553c55db492dd,common_voice_en_18744012.mp3,Its county seat is Adel.,ab72e9ab22713aec03a3189202a0713e56016ea07569b3041fcd65d77c9eb3f8c692f7ccaec75c16bbc62476d528f434d829193994cf07fcde9e3b1e4a2fa93a,common_voice_en_20154136.mp3,"Then she encounters Rachael, an ardent fan from the future.",29b8505586cd43382cd695da6b943f401104be710a5b60e814ac5fe7e06b39459cf8fe1701ca83f8154b3ccd749df7c2aef33ff23950bb1a135b1e1c393dbcf6
t0046,male,typically,typically,739,3.927,common_voice_en_18709565.mp3,Bottle variation that increases over time typically comes from the packaging.,15a22f0c0e1dd85bdeda7f733a831454f10c38f6da86b6c258157e616996b120ecdd47cf96cfbeeefbd455c03725780ef1ba4d4351013b20a20553c55db492dd,common_voice_en_18709567.mp3,,15a22f0c0e1dd85bdeda7f733a831454f10c38f6da86b6c258157e616996b120ecdd47cf96cfbeeefbd455c03725780ef1ba4d4351013b20a20553c55db492dd,common_voice_en_23342448.mp3,"The public library in Alice Springs, Northern Territory is the Nevil Shute Memorial Library.",51b2771333aee3c5b1f25421377564e5ea17337c6c9f2155bfba6aabe7e25871354490f65b9daafb4195c3e6e32f61df398b92cf2da8a475ba38e5b3bacb6096,common_voice_en_18738427.mp3,"Analysis and original text of the poem from ""A Book of German Lyrics"", ed.",f8f76b94170a19421464ac1a3b62a926edae4cb12a0a39c93e1d901682e617a1bfd98290e239f07c670bca0d654f2582e1deae7517dc98b9b8e7a7b326874d25
t0047,male,comes,comes,133,4.348,common_voice_en_18709565.mp3,Bottle variation that increases over time typically comes from the packaging.,15a22f0c0e1dd85bdeda7f733a831454f10c38f6da86b6c258157e616996b120ecdd47cf96cfbeeefbd455c03725780ef1ba4d4351013b20a20553c55db492dd,common_voice_en_18709567.mp3,,15a22f0c0e1dd85bdeda7f733a831454f10c38f6da86b6c258157e616996b120ecdd47cf96cfbeeefbd455c03725780ef1ba4d4351013b20a20553c55db492dd,common_voice_en_21944716.mp3,"Bradykinin is also released by carcinoid tumors, and results in asthma-like symptoms.",7f20652f07285797cb87427eb22fe4cf8b124bdf2be6343f63c8c59ffb969df937179f3effb7a1527a28ae96ec7f725e5a8988529c22aac43d7fe354c08fc85e,common_voice_en_24624006.mp3,The weapon was carried by British soldiers in Siegfried Sassoon's fictionalised autobiography.,4e358312b706cfb97871101ee9a2b1a12c136fa8905a9af09169a4fde28474379bc7ca01d6b5e2dce41a64acde8928e9edddf39ac5199ffafd9c860fc7ed6c16
t0048,female,"Islands,",islands,345,4.088,common_voice_en_24666513.mp3,"The Andaman Islands were renamed Shaheed Islands, and the Nicobars were renamed Swaraj Islands.",08c7e75f653982c4a0169f785183225f8cd88e724991c62cd32bd3a35644b87c643412f00b6a1ad4e8bb03928be87b955d0af0ccc34e67f40e8b702be76d04ff,common_voice_en_24666516.mp3,weeknights,08c7e75f653982c4a0169f785183225f8cd88e724991c62cd32bd3a35644b87c643412f00b6a1ad4e8bb03928be87b955d0af0ccc34e67f40e8b702be76d04ff,common_voice_en_21335673.mp3,Pantheon is currently part of Bertelsmann.,90d6d58e3bac55d4668e79580473286d7d5be658e533ce74db1a82f7e7bd86cdad0593235270da5bcfc5d4e022d90be9f28e4e6a6f3ecf8247ab766c5d8ba0f6,common_voice_en_17307907.mp3,"We need to be confident, all of us.",dd3e11113b7967b86545f439ea5f4121fca0c41f47ce29f0e0c8246979969607c24ef53879dde135226ab3d6ef8a2f1fa5416e502abb8e8fce62f9584d8658c6
t0049,female,worked,worked,784,1.845,common_voice_en_24666508.mp3,"His mother worked as a telephone operator, and his father was a meat-packer.",08c7e75f653982c4a0169f785183225f8cd88e724991c62cd32bd3a35644b87c643412f00b6a1ad4e8bb03928be87b955d0af0ccc34e67f40e8b702be76d04ff,common_voice_en_24666516.mp3,weeknights,08c7e75f653982c4a0169f785183225f8cd88e724991c62cd32bd3a35644b87c643412f00b6a1ad4e8bb03928be87b955d0af0ccc34e67f40e8b702be76d04ff,common_voice_en_27679352.mp3,"This is a simpler bridge, further up the Shannon.",16407ab9e237bd10bf45338224524ebc08d8748b00256d2b2f58b738cf237296062fc8554a0a63e83d9f34c3ef22004134cffa980958f4fb1f375a565ab77796,common_voice_en_29169835.mp3,Bifenthrin will stay longer in the system of the fish.,ac033bcb388b843d9826ed30f7b6bcbce5f9e8202097f796c10aff8c58d5e766bbb828804ce3d725b5354221db9b376d486fc0248be1e565d70f6a9bf77701de
t0050,female,father,father,240,5.094,common_voice_en_24666508.mp3,"His mother worked as a telephone operator, and his father was a meat-packer.",08c7e75f653982c4a0169f785183225f8cd88e724991c62cd32bd3a35644b87c643412f00b6a1ad4e8bb03928be87b955d0af0ccc34e67f40e8b702be76d04ff,common_voice_en_24666516.mp3,weeknights,08c7e75f653982c4a0169f785183225f8cd88e724991c62cd32bd3a35644b87c643412f00b6a1ad4e8bb03928be87b955d0af0ccc34e67f40e8b702be76d04ff,common_voice_en_142154.mp3,He must know how to deal with the snakes of the desert.,3f15e2fece31ee9305b7c1949128fad62cf72c2f4602217adaa39de119034476f3d567d6428b08fa5cded2f5220e8ec2908a86f35621a6825433b3393d59d942,common_voice_en_21847762.mp3,"Eventually Jake's foul-mouthed grandmother, Claire, becomes the on-screen co-host.",ab9f2980a35d2d522c9602a5dd5988598b12afdc76bb335deb60dee74cf4493cb886733e1a7cce4a427aa71c5c2649e78d307821f40ce3ca8f6976bdedde917d
t0051,female,within,within,778,1.994,common_voice_en_24666512.mp3,Almost all men within the community are seen as prophets or priests.,08c7e75f653982c4a0169f785183225f8cd88e724991c62cd32bd3a35644b87c643412f00b6a1ad4e8bb03928be87b955d0af0ccc34e67f40e8b702be76d04ff,common_voice_en_24666516.mp3,weeknights,08c7e75f653982c4a0169f785183225f8cd88e724991c62cd32bd3a35644b87c643412f00b6a1ad4e8bb03928be87b955d0af0ccc34e67f40e8b702be76d04ff,common_voice_en_19889990.mp3,"In Daniel Gorenstein's text, ""Finite Groups"", this group is called the semidihedral group.",493ebbbb9c7e3b6d3f0ae40c703b3e9469fc09b16b4f4da3a3e61e6203aa4066f02a3eab9e3af48743ebcaa9b272a76252fababd6b9a788bdb1e50ff29d560f6,common_voice_en_557134.mp3,A young woman in jeans and a tank top standing on railroad tracks.,953a3564f8fa1cb0c50ea4e70ac2da2fac97ade018853a7e40fef00579843460282083d1143b3d95fef49c55f4518dcfe45a66f61b205655356b75430045fe18
t0052,female,community,community,138,2.957,common_voice_en_24666512.mp3,Almost all men within the community are seen as prophets or priests.,08c7e75f653982c4a0169f785183225f8cd88e724991c62cd32bd3a35644b87c643412f00b6a1ad4e8bb03928be87b955d0af0ccc34e67f40e8b702be76d04ff,common_voice_en_24666516.mp3,weeknights,08c7e75f653982c4a0169f785183225f8cd88e724991c62cd32bd3a35644b87c643412f00b6a1ad4e8bb03928be87b955d0af0ccc34e67f40e8b702be76d04ff,common_voice_en_27354643.mp3,The method is widely applied particularly by using automatic parallel synthesizers.,8449194e8b74b81d761d7a3786cdd5d099aff4f33737c7f476edf3435c3eb483ff6d6515d153c7cfb9193821f01a3a0bd6b049740b029acd7b1488df9bd579d8,common_voice_en_21102514.mp3,See also stress and vowel reduction in English.,372293e65cdab88771e028a4351651ab2eff64438ddafc211e089247dcdccca350153465eb5409ce708081d9ad384af45d1dc57bbe030ae1a2c0edd561322fb8
t0053,female,Church,church,121,1.865,common_voice_en_22606945.mp3,Rose Baptist Church adult choir at the age of twelve.,6dca5c769f1b6c8fe708ec3f25bfdd5794038b5f55652747e6229200eeca682b15493a35c943ac8762b3146475de16553984275d6056120afd45bb5959930511,common_voice_en_22606993.mp3,'showbusiness,6dca5c769f1b6c8fe708ec3f25bfdd5794038b5f55652747e6229200eeca682b15493a35c943ac8762b3146475de16553984275d6056120afd45bb5959930511,common_voice_en_18648623.mp3,"Are you a pessimist, Bertie?",3df789eb6659356886bcd8590150de0c5c2d4285db1685b039033938dedaa1b1e361eb196e73eecb81c6917aaf1ea41fa16e3075ba14a457ab5b08b08d0cc0e2,common_voice_en_18125762.mp3,The marsh will freeze when cold enough.,939991dfcf12d8250739f3b4e5ed47e0dc4bf8ffb69810f4ab853aa12872a811941be35b7e91af5df8350d75d3c61d1301aba694c41deb3f38f1414703bc0461
t0054,female,black,black,71,3.042,common_voice_en_22606976.mp3,Pomona High School's colors were black and red with the Pirate as their mascot.,6dca5c769f1b6c8fe708ec3f25bfdd5794038b5f55652747e6229200eeca682b15493a35c943ac8762b3146475de16553984275d6056120afd45bb5959930511,common_voice_en_22606993.mp3,'showbusiness,6dca5c769f1b6c8fe708ec3f25bfdd5794038b5f55652747e6229200eeca682b15493a35c943ac8762b3146475de16553984275d6056120afd45bb5959930511,common_voice_en_18404990.mp3,"""I feel wise, indeed,"" he answered, earnestly.",f748c3446cc12be48e26ebea896c3422ed8c447593cb4ebea1b829cb299d1bd5fb6d9d0b08be0d399a19a66dc5241d83603859cc01caa939d3dff5059e02abce,common_voice_en_19808301.mp3,They were originally a business school.,6a73ae9bb069a9fdb93c84dc741a6ca9fb864cd4266d7d301c5fe6d04a2ba3fcfc692d306a42d7ce18bfa6b46e8370655e5fc3126b7acb76fcafaf57d9b241a0
t0055,female,their,their,697,4.998,common_voice_en_22606976.mp3,Pomona High School's colors were black and red with the Pirate as their mascot.,6dca5c769f1b6c8fe708ec3f25bfdd5794038b5f55652747e6229200eeca682b15493a35c943ac8762b3146475de16553984275d6056120afd45bb5959930511,common_voice_en_22606993.mp3,'showbusiness,6dca5c769f1b6c8fe708ec3f25bfdd5794038b5f55652747e6229200eeca682b15493a35c943ac8762b3146475de16553984275d6056120afd45bb5959930511,common_voice_en_535001.mp3,The homemade chili dip by your stepmother is really tasty.,aa75410de786f3718345c3e133792c143d28c7ae9f60a977e630dff7e2e07136b0adf35555af263c78447133226af4bf0bd5ac21c62befbf26335fc203e6bc3f,common_voice_en_18751967.mp3,"However, there have been several conflicting classifications in grouping them together.",ab72e9ab22713aec03a3189202a0713e56016ea07569b3041fcd65d77c9eb3f8c692f7ccaec75c16bbc62476d528f434d829193994cf07fcde9e3b1e4a2fa93a
t0056,female,other,other,479,3.992,common_voice_en_22606977.mp3,It also has responsibility for monitoring other volcanoes on New Britain and nearby islands.,6dca5c769f1b6c8fe708ec3f25bfdd5794038b5f55652747e6229200eeca682b15493a35c943ac8762b3146475de16553984275d6056120afd45bb5959930511,common_voice_en_22606993.mp3,'showbusiness,6dca5c769f1b6c8fe708ec3f25bfdd5794038b5f55652747e6229200eeca682b15493a35c943ac8762b3146475de16553984275d6056120afd45bb5959930511,common_voice_en_20971224.mp3,This was the first nighttime launch in the Saturn One series.,1534d6ca32e51550cde95ba74837dbf959471e9eef8607ee5ad785848d64fe6353dcc5007f3a6a5757ccb39b21296a7a9b2558eae9e00bf1e863a6810fc528f7,common_voice_en_18093894.mp3,War to the knife bitter end.,ebd039b47fc09ee5330033742c2aa55544542fe0de5918dec1fd5b14e5b88c5761e57efd467f82d0735517137eba19e04f83e4cb2c722cb9f85f63b9266c09cf
t0057,female,nearby,nearby,448,6.86,common_voice_en_22606977.mp3,It also has responsibility for monitoring other volcanoes on New Britain and nearby islands.,6dca5c769f1b6c8fe708ec3f25bfdd5794038b5f55652747e6229200eeca682b15493a35c943ac8762b3146475de16553984275d6056120afd45bb5959930511,common_voice_en_22606993.mp3,'showbusiness,6dca5c769f1b6c8fe708ec3f25bfdd5794038b5f55652747e6229200eeca682b15493a35c943ac8762b3146475de16553984275d6056120afd45bb5959930511,common_voice_en_20162412.mp3,You need to check that out.,54dc820077b05bf576973afed1f32e6af12c378296b118c651a9e42efdbddac8ddeb0604771e9034aea18ea46f907d253ef8ca45e6d51eb6d3e4e1c56dd4bf4b,common_voice_en_23342037.mp3,This caused compatibility problems.,8080c018d60bea81a409c5369de8a32f2e62c26ddb934c4d3e41676914d07096045347b4fac0dacccdae8da4d01f83f5001ebb56f74adad9cbc399a7ef385b3a
t0058,male,anything,anything,35,1.902,common_voice_en_533311.mp3,Is anything the matter?,c593fa18561380756b5c212a44419b7a9eaebeac8127ba1f5477f1622ac50269f92ba5322c50ece3c71a1ccb3ddeee8f5f83a17349c5c495269f7e77d04a0efb,common_voice_en_533327.mp3,was,c593fa18561380756b5c212a44419b7a9eaebeac8127ba1f5477f1622ac50269f92ba5322c50ece3c71a1ccb3ddeee8f5f83a17349c5c495269f7e77d04a0efb,common_voice_en_17923619.mp3,"Read some books, won't you?",eff65d0ec7a2c29f7d0a0999b683aed9d1270382844dbd6b6578c1d304ee5ae1852c492b5b776a52664a29cbd2cc893e112a0b046b4b8db173c292c6d9b1c508,common_voice_en_27213622.mp3,"Featherstone subsequently said she would be putting in place ""better office procedures"".",0b3d55acf115fdf88131d7324fa9a7e1a26542405b0671d5ec0d9ed34b40fa0158576fd51ee9cc937a41b1c529f49cfb23fec693ae1382f21ec8fed796a9dece
t0059,female,located,located,384,2.537,common_voice_en_19373305.mp3,The headquarters were located at Eagle Base in the town of Tuzla.,13ada2de7f139b690e62974e6c8ba1baa2b248a1f2ed6196d90f09c4383981f2280ef10adae419d40d74d79c9b1fbf64079b53d24dcb8ec04362b8d804c24b26,common_voice_en_19373318.mp3,,13ada2de7f139b690e62974e6c8ba1baa2b248a1f2ed6196d90f09c4383981f2280ef10adae419d40d74d79c9b1fbf64079b53d24dcb8ec04362b8d804c24b26,common_voice_en_18356067.mp3,You have associated with some of these men.,050b7c721443d809e30fded1216d66a37326bcd2eec6f21d98806665fcef15452d9561f9dd3c4a70c7487009ae87e1f4266bfaa0f9e49c3b823929e8f078b5bc,common_voice_en_28269037.mp3,Rolf Illig provided narration.,8494f9f2eddeb9adfafac23d80cf68c57b672a301aef2f5b5d3727e8f74076f703c4af3546df299c6d4f1c098217b035475550a507e37af414eb3ad02a622281
t0060,male,these,these,703,1.744,common_voice_en_17273496.mp3,How long have you been experiencing these symptoms?,887026cdd89f57c257a53322e3a2e35084b8420f19516ee50d138cdba44369bf6a48a0c06b6cc6e4fcd2b3cb53a74be0d50ac543d5a65911ca0accb857b97422,common_voice_en_17273497.mp3,shot,887026cdd89f57c257a53322e3a2e35084b8420f19516ee50d138cdba44369bf6a48a0c06b6cc6e4fcd2b3cb53a74be0d50ac543d5a65911ca0accb857b97422,common_voice_en_27863765.mp3,The females are overall brownish with hints of the brilliant colors of the males.,c4f0a9bad08b93ec9fda58d00ee76db06dfee64a92d8b3dc08ed8570d02472295a88a8595c197c3cdfad0f2fad9a94594ae1bf84083ae64072ac0c62c855ece5,common_voice_en_20286208.mp3,"The band's second single, ""Fade to Grey"", was released at the same time.",57d9be2eeda5fbaad0290c45f4e95813da95e09633d5fd84df35a758151788abec644a351cdf610c7b792561d1db0ac6f122dbc94404646941967bd6f0befd44
t0061,female,Please,please,512,1.447,common_voice_en_488429.mp3,"Please find me the work, Earth Intruders.",3e96a0c27ed10f32deae244f11297bb8cbd2bc90dcb27479afed866abec0b0ab954f88d82d1ec1ad0a8e5ab2c58b6d7eccd2eedf198083d9811a56160adcccc9,common_voice_en_488433.mp3,photograph,3e96a0c27ed10f32deae244f11297bb8cbd2bc90dcb27479afed866abec0b0ab954f88d82d1ec1ad0a8e5ab2c58b6d7eccd2eedf198083d9811a56160adcccc9,common_voice_en_22133277.mp3,yes,7e0ce87acccc44fd40619f40ab8cffb3d5c282be2279e33f3e5343a6aeb5af094c925889a7a828d5fb1ea4c0280efbdf99b17e63f0824b1d748bb32306a73227,common_voice_en_21994295.mp3,Dahl briefly attended the University of Minnesota.,0cdc720ad26f12315dbec1433655b89019768e7b53a2dc86722cfdf542bbc5301fe4a56546bf89d4073aa34eabc1a8e64593ef1fa36e2413c2fbd36890ac465b
t0062,female,Earth,earth,203,2.894,common_voice_en_488429.mp3,"Please find me the work, Earth Intruders.",3e96a0c27ed10f32deae244f11297bb8cbd2bc90dcb27479afed866abec0b0ab954f88d82d1ec1ad0a8e5ab2c58b6d7eccd2eedf198083d9811a56160adcccc9,common_voice_en_488433.mp3,photograph,3e96a0c27ed10f32deae244f11297bb8cbd2bc90dcb27479afed866abec0b0ab954f88d82d1ec1ad0a8e5ab2c58b6d7eccd2eedf198083d9811a56160adcccc9,common_voice_en_20103563.mp3,The applicant filed another patent application two years later.,29b8505586cd43382cd695da6b943f401104be710a5b60e814ac5fe7e06b39459cf8fe1701ca83f8154b3ccd749df7c2aef33ff23950bb1a135b1e1c393dbcf6,common_voice_en_25243366.mp3,"His army liberated many cities and towns in Czechoslovakia, most notably Ostrava.",df2b4284f3644ae4371da4e5e82c06ac7e11c32c61a42a505b63274e609bbb92abd137d96f84f4c8925e5999ab5eedb77139044d9fef324399373e6c67ddff17
t0063,female,never,never,452,2.34,common_voice_en_488428.mp3,I said I wish I'd never been born.,3e96a0c27ed10f32deae244f11297bb8cbd2bc90dcb27479afed866abec0b0ab954f88d82d1ec1ad0a8e5ab2c58b6d7eccd2eedf198083d9811a56160adcccc9,common_voice_en_488429.mp3,,3e96a0c27ed10f32deae244f11297bb8cbd2bc90dcb27479afed866abec0b0ab954f88d82d1ec1ad0a8e5ab2c58b6d7eccd2eedf198083d9811a56160adcccc9,common_voice_en_18696949.mp3,The delegation proceeded to issue a final ultimatum to the dictator.,18ae3b317f15a738e98fc195f953e7f975a9f2ec9bd739e3cdf054c7bafdded24be9b549f9fffa5cc1a9446ae31619cfbd832c74597b9e1e5bc97cef15cc5081,common_voice_en_18330225.mp3,His post was delivered through the letterbox in his front door,e790d1a6d652b49b74172d96fca249c1d46c38806613534de93e324492059b41bb491639158ff5b5efe117d167447b1dca743bff0b32dcfe07b12a43fb13a86e
t0064,female,would,would,788,2.026,common_voice_en_488431.mp3,The xylophone would just be a glockenspiel if it wasn't so metal.,3e96a0c27ed10f32deae244f11297bb8cbd2bc90dcb27479afed866abec0b0ab954f88d82d1ec1ad0a8e5ab2c58b6d7eccd2eedf198083d9811a56160adcccc9,common_voice_en_488429.mp3,,3e96a0c27ed10f32deae244f11297bb8cbd2bc90dcb27479afed866abec0b0ab954f88d82d1ec1ad0a8e5ab2c58b6d7eccd2eedf198083d9811a56160adcccc9,common_voice_en_22927935.mp3,He currently lives in a gated community in the Bahamas.,7eff9a54bdb0619deffda7609d5b8565278e3328de99e63908be2a37c1ad16516240b9c92bc6b68d8130b20dc556f57005dc053f4874a49589f5971a31b97e98,common_voice_en_670416.mp3,The fence post shattered.,d01b59cc37997624af25f38eac7686b7333c99ab24b1396a881fecbf655427978d2a3ee8dce2c948273d2f7e21a97d1549bf43121af9dadec286bacae6387b93
t0065,female,wasn't,wasn't,762,3.973,common_voice_en_488431.mp3,The xylophone would just be a glockenspiel if it wasn't so metal.,3e96a0c27ed10f32deae244f11297bb8cbd2bc90dcb27479afed866abec0b0ab954f88d82d1ec1ad0a8e5ab2c58b6d7eccd2eedf198083d9811a56160adcccc9,common_voice_en_488429.mp3,,3e96a0c27ed10f32deae244f11297bb8cbd2bc90dcb27479afed866abec0b0ab954f88d82d1ec1ad0a8e5ab2c58b6d7eccd2eedf198083d9811a56160adcccc9,common_voice_en_19373318.mp3,Open halfspaces are such examples.,13ada2de7f139b690e62974e6c8ba1baa2b248a1f2ed6196d90f09c4383981f2280ef10adae419d40d74d79c9b1fbf64079b53d24dcb8ec04362b8d804c24b26,common_voice_en_684130.mp3,They were all standing around when she wrote it.,0c839b95cd614bd2891a8e8a7b3aa0573a07defd2c4232443d69de919974a75dbd8005aea848d844213b177e75019ce6ea180457ce9b79a8cb1513d7eb68bea6
t0066,female,metal.,metal,411,4.585,common_voice_en_488431.mp3,The xylophone would just be a glockenspiel if it wasn't so metal.,3e96a0c27ed10f32deae244f11297bb8cbd2bc90dcb27479afed866abec0b0ab954f88d82d1ec1ad0a8e5ab2c58b6d7eccd2eedf198083d9811a56160adcccc9,common_voice_en_488429.mp3,,3e96a0c27ed10f32deae244f11297bb8cbd2bc90dcb27479afed866abec0b0ab954f88d82d1ec1ad0a8e5ab2c58b6d7eccd2eedf198083d9811a56160adcccc9,common_voice_en_25026646.mp3,The project took many years to complete.,f71a789982bffe6fbcc6240da694b76a9a6f66f9bf81720f94e0a8ec0298cee0312fb0977a6cca58b9404f8aa2722cb4b2ca95006d7c5471dc75a0c60dbaf244,common_voice_en_621986.mp3,"Of course, this only reduces the severity of the problem.",5f406fabe1cb7260a093afd5fc1b342d50eedd1a98a74fe3181718f6d9db599adf48261e5ec98894bb4ec0d9feb2769117512e6d6fda348b8fc7198dbe00f249
t0067,male,years,years,794,2.022,common_voice_en_20410156.mp3,For the next two years he showed no discernible career path or ambition.,51ae697fce5d6e0c1a98b8ee3da53ce279c3ba2198e11bb4879c9b382ce3a6d06b3ff1e6fc239bb45e7dc896e2c265794f8aca15db492923d1db1bd99af9140b,common_voice_en_20410127.mp3,functions,51ae697fce5d6e0c1a98b8ee3da53ce279c3ba2198e11bb4879c9b382ce3a6d06b3ff1e6fc239bb45e7dc896e2c265794f8aca15db492923d1db1bd99af9140b,common_voice_en_28073648.mp3,It is the sister channel of Sky Living.,372293e65cdab88771e028a4351651ab2eff64438ddafc211e089247dcdccca350153465eb5409ce708081d9ad384af45d1dc57bbe030ae1a2c0edd561322fb8,common_voice_en_30890.mp3,What have you done with my keys?,c948b5166ffa7f0a17b7d067f7f99418cfe1cf101ee9b845047cdcb43911af6bc2c5f775f5099e60052e8edf9d59a2a0fdd906095c9ea0f02c8af763b2088235
t0068,male,showed,showed,618,2.732,common_voice_en_20410156.mp3,For the next two years he showed no discernible career path or ambition.,51ae697fce5d6e0c1a98b8ee3da53ce279c3ba2198e11bb4879c9b382ce3a6d06b3ff1e6fc239bb45e7dc896e2c265794f8aca15db492923d1db1bd99af9140b,common_voice_en_20410127.mp3,functions,51ae697fce5d6e0c1a98b8ee3da53ce279c3ba2198e11bb4879c9b382ce3a6d06b3ff1e6fc239bb45e7dc896e2c265794f8aca15db492923d1db1bd99af9140b,common_voice_en_171231.mp3,Man smiling with a green cup in his hand driving an older model car,1c0d3a37d6012ae4b912c5d424621d41aa485f73d790a624e1fb4eedbd47b592efeabbdc853c8c86d3c39f7e5094495c757da9deb588bf86b832cc23c9aeb0b9,common_voice_en_20150965.mp3,"The first time he was forgiven and reinstated, only to abuse his trust again.",61bed3d96b12c08dfdaf232bb16e8553db6dc8dc88820507e96a016700e5666825efe59d8e3069affc60ce50f4d97d9166256446fc299bfc15b3c7cbe3968b5f
t0069,male,career,career,97,4.474,common_voice_en_20410156.mp3,For the next two years he showed no discernible career path or ambition.,51ae697fce5d6e0c1a98b8ee3da53ce279c3ba2198e11bb4879c9b382ce3a6d06b3ff1e6fc239bb45e7dc896e2c265794f8aca15db492923d1db1bd99af9140b,common_voice_en_20410127.mp3,functions,51ae697fce5d6e0c1a98b8ee3da53ce279c3ba2198e11bb4879c9b382ce3a6d06b3ff1e6fc239bb45e7dc896e2c265794f8aca15db492923d1db1bd99af9140b,common_voice_en_17250030.mp3,Why did you tell me?,c3d26657a4e04c705b5a3b6f1df4489a60ab7ae069d1a4c9eb2b5ba3c4daf5c64859c954403ca5619f72b7f19bab0a6de24f66f47caf311f2ac530fc2e72da2d,common_voice_en_19598169.mp3,"Later, in Gotham City, he attacks again, slaying both Marissa and Halo.",493ebbbb9c7e3b6d3f0ae40c703b3e9469fc09b16b4f4da3a3e61e6203aa4066f02a3eab9e3af48743ebcaa9b272a76252fababd6b9a788bdb1e50ff29d560f6
t0070,male,these,these,703,3.099,common_voice_en_20410127.mp3,NetWare integrated all these functions into eDirectory.,51ae697fce5d6e0c1a98b8ee3da53ce279c3ba2198e11bb4879c9b382ce3a6d06b3ff1e6fc239bb45e7dc896e2c265794f8aca15db492923d1db1bd99af9140b,common_voice_en_20410156.mp3,career,51ae697fce5d6e0c1a98b8ee3da53ce279c3ba2198e11bb4879c9b382ce3a6d06b3ff1e6fc239bb45e7dc896e2c265794f8aca15db492923d1db1bd99af9140b,common_voice_en_18729766.mp3,It has always received public funding.,ab72e9ab22713aec03a3189202a0713e56016ea07569b3041fcd65d77c9eb3f8c692f7ccaec75c16bbc62476d528f434d829193994cf07fcde9e3b1e4a2fa93a,common_voice_en_25969423.mp3,It takes part of the Court of Torres.,f4e4f200b5ec38bb9965ccdf8294b32e215565a0d20c1d35c0799a8d2ee80977b8ab466957a0e4d584dff982a678be8a212433e0aa33f81f62c807e7c67085dd
t0071,male,later,later,363,1.874,common_voice_en_20410142.mp3,"Stone later amalgamated a third screenplay, ""Playing Hurt"" by Daniel Pyne, into the project.",51ae697fce5d6e0c1a98b8ee3da53ce279c3ba2198e11bb4879c9b382ce3a6d06b3ff1e6fc239bb45e7dc896e2c265794f8aca15db492923d1db1bd99af9140b,common_voice_en_20410156.mp3,career,51ae697fce5d6e0c1a98b8ee3da53ce279c3ba2198e11bb4879c9b382ce3a6d06b3ff1e6fc239bb45e7dc896e2c265794f8aca15db492923d1db1bd99af9140b,common_voice_en_461060.mp3,I have not decided yet.,f5a76af72b8696c951712d2a336e7f9143cec1186fb2a1ef2b5a7c329db88d9767a2a7b472bc3fb8d3c97505ac0479833818b5d106b027661dacb50170d3c7c3,common_voice_en_19996880.mp3,"In this case, an agency adds a service fee to the net price.",cce5b9c441fd41f7dfb964675a5a7f21b1142fdcbdc24ef7a08287b78023c4305a61a65f4841fb61afca13e60e1b891c863caf099c01d0357ee025cafb1eac52
t0072,male,third,third,708,4.171,common_voice_en_20410142.mp3,"Stone later amalgamated a third screenplay, ""Playing Hurt"" by Daniel Pyne, into the project.",51ae697fce5d6e0c1a98b8ee3da53ce279c3ba2198e11bb4879c9b382ce3a6d06b3ff1e6fc239bb45e7dc896e2c265794f8aca15db492923d1db1bd99af9140b,common_voice_en_20410156.mp3,career,51ae697fce5d6e0c1a98b8ee3da53ce279c3ba2198e11bb4879c9b382ce3a6d06b3ff1e6fc239bb45e7dc896e2c265794f8aca15db492923d1db1bd99af9140b,common_voice_en_22334643.mp3,I wouldn't want everyone to come in and find it a mess.,f7d8f4abf2d3cb896c6b0ba2a6aa4349097000d1306b8220f56bad6f1018c0b1f7fbb3986dd433ce33d76f33cda7dcc213b306ddedab44d2b247ffb4863e9248,common_voice_en_442039.mp3,Don't bite the hand that feeds you.,bb13c0921674c788e0ca6b952b6bea32b7e99602f9f47ac126eff37faba2c439c1b0c3dde4d17101db20c6011925b2c0dd8849b614ae7957f7cff449b1af1fdd
t0073,female,public,public,546,1.567,common_voice_en_18854899.mp3,There is no public transportation in Barkhamsted.,031fea3fcf4ec12ef9a941c0bd2077837bdb72f9064cfe8ae8018ee17c25f8ba0fba867b365617cf2334c23d1d22400ca4991a597cf595664b35f8723ae42de0,common_voice_en_18854895.mp3,,031fea3fcf4ec12ef9a941c0bd2077837bdb72f9064cfe8ae8018ee17c25f8ba0fba867b365617cf2334c23d1d22400ca4991a597cf595664b35f8723ae42de0,common_voice_en_24091366.mp3,The landmark Saint George Hotel is listed on the National Register of Historic Places.,57d9be2eeda5fbaad0290c45f4e95813da95e09633d5fd84df35a758151788abec644a351cdf610c7b792561d1db0ac6f122dbc94404646941967bd6f0befd44,common_voice_en_26080586.mp3,Gargoyles Bloodline Books.,3447120ac93b7c7788687c259b7f55058804e4982c36174a9a0af762495a6c2310915d2b10562a1f75255d5b0a18eefb304ef7b042006d96d83158f22d238de8
t0074,male,outside,outside,481,1.974,common_voice_en_18066736.mp3,Can you do your babysitting from outside my office?,2f986d70190ac87022911453b4d96e423e18e7eb11b6f8198ae825bd4e78cce4857e5416004e7a504b50aca2248a06c2cb86df5318abbdf2a4de37997ad9f6a4,common_voice_en_18066725.mp3,young,2f986d70190ac87022911453b4d96e423e18e7eb11b6f8198ae825bd4e78cce4857e5416004e7a504b50aca2248a06c2cb86df5318abbdf2a4de37997ad9f6a4,common_voice_en_22634268.mp3,"There, they stored weapons, horses, chickens, and cattle.",444d0fa7d140a61fbb031de7af88504ded7c0998fa41e015ce8afdbbf6f7e91c03cd2b9a14b7cf50cc1b270d59f1b76cbe4618b10a3a6e09f90280124cbd1655,common_voice_en_22981743.mp3,Trains are less frequent on Sundays and in the evenings.,7eff9a54bdb0619deffda7609d5b8565278e3328de99e63908be2a37c1ad16516240b9c92bc6b68d8130b20dc556f57005dc053f4874a49589f5971a31b97e98
t0075,male,young,young,798,1.772,common_voice_en_18066725.mp3,"Three for a dime, the young peddler cried.",2f986d70190ac87022911453b4d96e423e18e7eb11b6f8198ae825bd4e78cce4857e5416004e7a504b50aca2248a06c2cb86df5318abbdf2a4de37997ad9f6a4,common_voice_en_18066736.mp3,outside,2f986d70190ac87022911453b4d96e423e18e7eb11b6f8198ae825bd4e78cce4857e5416004e7a504b50aca2248a06c2cb86df5318abbdf2a4de37997ad9f6a4,common_voice_en_20447998.mp3,His novels have been translated into several languages.,d5b28e82248cc60874122a105c59b321ae86446bcf0c453efbab7c7ec4fda515bf9c52e11cd11eddaa61bfdb620d562c421f957690c624b7f973ba1515bdce63,common_voice_en_22248416.mp3,A green figure carrying a bundle is shown crossing the foreground.,a5fd1e48f68ab0552f3fb3df9586d8cfd77fbfe345a5a5320ababc56cd5d78c5f9d282a8538c0c1c329e54a477757cb7e98b9092c5520e7d570dd701544dc364
t0076,female,include,include,326,1.704,common_voice_en_25151433.mp3,His books include Who's Gonna Take the Weight?,39cef583a76ec72c2f34e188a49b55efbb90d94db4670ea6103bca9b3f001f10749b728118c3b298fd2f2a7b6b103c97ff7f9506236604178b4808cb21b1bdaf,common_voice_en_25151435.mp3,member,39cef583a76ec72c2f34e188a49b55efbb90d94db4670ea6103bca9b3f001f10749b728118c3b298fd2f2a7b6b103c97ff7f9506236604178b4808cb21b1bdaf,common_voice_en_680387.mp3,"On the seventh day, the alchemist decided to make camp earlier than usual.",6ce3160d18ffa2cbdf36f5a344fd907f051a5ce096511a1f6cff9433ea3dbb202f3ecb2e4643cedd344e08bfbb4a577d60de08059da87349ba1d1bc8ad7fa127,common_voice_en_22189236.mp3,"This outing saw him come back with some heavier, even lower-fi guitars and vocals.",74fec9e56978aae89f46ff5628e072334515f2bab7e070060e8dc2ed1095c3adcff81ee29af20cdaef385741be7f937e9d8440a24178a40c03c1d69862075a08
t0077,female,member,member,409,1.954,common_voice_en_25151435.mp3,He has remained a member ever since.,39cef583a76ec72c2f34e188a49b55efbb90d94db4670ea6103bca9b3f001f10749b728118c3b298fd2f2a7b6b103c97ff7f9506236604178b4808cb21b1bdaf,common_voice_en_25151433.mp3,,39cef583a76ec72c2f34e188a49b55efbb90d94db4670ea6103bca9b3f001f10749b728118c3b298fd2f2a7b6b103c97ff7f9506236604178b4808cb21b1bdaf,common_voice_en_18407039.mp3,The villagers worshipped a brazen idol,7dd1dabe9dd040d8798a44ed5f726c27bdcb90382b184d2bf745d38d24984a8124a78650c5568fe7631fbda74d24e04344a27d879cb7ce8f965344e828ebf9dd,common_voice_en_149477.mp3,"In those days, very few of the people had any idea about astronomy.",44a775a2292181986e9cc35d5c1b6e3577ef93d5b9dc0c8052a85aa92b08a0fcd73e54d4b6c500fb141d5e2dea4cb9e4108029d64acccc9118a99a7dfed99224
t0078,female,continued,continued,152,4.672,common_voice_en_25151438.mp3,"The merchant Pieter Pietersen took over command and continued the voyage, returning to Banda.",39cef583a76ec72c2f34e188a49b55efbb90d94db4670ea6103bca9b3f001f10749b728118c3b298fd2f2a7b6b103c97ff7f9506236604178b4808cb21b1bdaf,common_voice_en_25151433.mp3,,39cef583a76ec72c2f34e188a49b55efbb90d94db4670ea6103bca9b3f001f10749b728118c3b298fd2f2a7b6b103c97ff7f9506236604178b4808cb21b1bdaf,common_voice_en_19632942.mp3,The resulting solid macrostructure from a eutectic reaction depends on a few factors.,f02bbc4fae711e06aebf22bea4613e4daed4446ea9e3599a5d8082fda4196aa3cc0dede8d1f54a6ccd0f6b85883346e9322f35f9752a29c0c715a25c9c75dd5f,common_voice_en_27183799.mp3,"The locality was photographed from the air, which revealed German gun emplacements and entrenchments.",15f4b2d89fd6ef677ad0cf16118393247db64e892060c2b238c09fa625e31ed5d5c4b4e05b0de21c6fc2202db2a2ebf567b2fd032758dbfbeb9897aecb2ab555
t0079,female,began,began,61,3.072,common_voice_en_25151431.mp3,"At an early age, MacMaster began to play the fiddle.",39cef583a76ec72c2f34e188a49b55efbb90d94db4670ea6103bca9b3f001f10749b728118c3b298fd2f2a7b6b103c97ff7f9506236604178b4808cb21b1bdaf,common_voice_en_25151433.mp3,,39cef583a76ec72c2f34e188a49b55efbb90d94db4670ea6103bca9b3f001f10749b728118c3b298fd2f2a7b6b103c97ff7f9506236604178b4808cb21b1bdaf,common_voice_en_51372.mp3,"""Will I learn to do that someday?"" the boy asked.",ee0dd2cf4383159aea5f7d2d6919e6311cc2ea9bb1b6c7cd2a5d289c96d7aeab2e6540a57700b8f7438ca48842e58c3c6e6b01160d638bfe2003c0017e32cdbb,common_voice_en_15735673.mp3,A deputy representative in parliament.,de2afcd83f933c3e522155d695166bcfcb771cc6ffe43194d84f70dd93f031b6367f3f7280721bb933d7842a0cdc0a306ec36cac2b29f7e106b13df56c6f828d
t0080,male,independent,independent,331,2.844,common_voice_en_26724326.mp3,"He is the co-founder of the independent theatre company, Angels and Heroes.",bd6960e88aeb2934020ae1021cfcf01d8189276528b0a6d96cbb8215facb432dd71291d9665abbd71c69b2ecd0d48ea5f3a9652ef0eca3c1b5a49bb9d12fe304,common_voice_en_26724325.mp3,,bd6960e88aeb2934020ae1021cfcf01d8189276528b0a6d96cbb8215facb432dd71291d9665abbd71c69b2ecd0d48ea5f3a9652ef0eca3c1b5a49bb9d12fe304,common_voice_en_18719156.mp3,Its county seat is Fulton.,6be12cebc533014ea1ea0864153dd22c493f191a14c9662ce7463af157cff8cadbf6f505e07439ae717fa4f8d1893c4f8dfd0cc3ba72bf559bf32ded9661d464,common_voice_en_20164737.mp3,"Steve has played in Cerebral Fix, Drown, Helvis and Raven's Creed.",344bf332f298134d3880f9e38710e4c7e7037157bd63a3f5334f3c0d627ff61645ffff180419eb666587109a9a7638148728a3c5765f76296fd68c957088b428
t0081,male,"company,",company,140,3.825,common_voice_en_26724326.mp3,"He is the co-founder of the independent theatre company, Angels and Heroes.",bd6960e88aeb2934020ae1021cfcf01d8189276528b0a6d96cbb8215facb432dd71291d9665abbd71c69b2ecd0d48ea5f3a9652ef0eca3c1b5a49bb9d12fe304,common_voice_en_26724325.mp3,,bd6960e88aeb2934020ae1021cfcf01d8189276528b0a6d96cbb8215facb432dd71291d9665abbd71c69b2ecd0d48ea5f3a9652ef0eca3c1b5a49bb9d12fe304,common_voice_en_23646026.mp3,"The carrier, her escorts, and the attacking destroyer had disappeared.",0061fc0c7be3c9aac7d84b1d4f0820893527bd43e09a3f7f9f739aa051e80780a3140a2dad890542f8a79346e295c993c3777699e89452c31798dc805001650c,common_voice_en_554679.mp3,"The horse reared again, raising a cloud of dust.",ac8383de61de99e2726c0135474b12a84ab0505d27fa893da13a34dea1800bab2eaddc1fcdcc5149afb2318b9a4d9c43d390730a8adab28c7c0e56b7ccbab2cc
t0082,male,companies,companies,139,1.703,common_voice_en_26724329.mp3,Both companies built several railways from their own networks into each other's intended territory.,bd6960e88aeb2934020ae1021cfcf01d8189276528b0a6d96cbb8215facb432dd71291d9665abbd71c69b2ecd0d48ea5f3a9652ef0eca3c1b5a49bb9d12fe304,common_voice_en_26724326.mp3,theatre,bd6960e88aeb2934020ae1021cfcf01d8189276528b0a6d96cbb8215facb432dd71291d9665abbd71c69b2ecd0d48ea5f3a9652ef0eca3c1b5a49bb9d12fe304,common_voice_en_21098430.mp3,Trout Creek is the birthplace of baseball player Dick Pole.,b419faab633f2099c6405ff157b4d9fb5675219570f2683a4d08cbadeac4431e9d9b30dfa9b04f79aad9d8e3f75fda964809f3aa72ae9d0a4a025c59417f3dd1,common_voice_en_18667810.mp3,The outside panels of the car were painted a dark grey.,af792daf088a6aa1fe797ed9793ff64bae6feab7df9efc503e33556123aa608867aec343997bb6a4444c377e718f5178d37f9205a9c2a3b2d14ae3491132b3ed
t0083,male,built,built,86,2.133,common_voice_en_26724329.mp3,Both companies built several railways from their own networks into each other's intended territory.,bd6960e88aeb2934020ae1021cfcf01d8189276528b0a6d96cbb8215facb432dd71291d9665abbd71c69b2ecd0d48ea5f3a9652ef0eca3c1b5a49bb9d12fe304,common_voice_en_26724326.mp3,theatre,bd6960e88aeb2934020ae1021cfcf01d8189276528b0a6d96cbb8215facb432dd71291d9665abbd71c69b2ecd0d48ea5f3a9652ef0eca3c1b5a49bb9d12fe304,common_voice_en_17376416.mp3,"Don't knock on death's door, ring the doorbell and run.",1a0446d48b2fe1114209fcb872c1ca88b6eb43d420aeb81255ee4ff9d6e295c56257b7cf2ff2dde3905f1675a0a29c728187cc03b0423d68ddf7fb1539e8f399,common_voice_en_22174850.mp3,"Prater, then with the Denver Broncos, hit the field goal against the Tennessee Titans.",335aab6ea4289e5c2b3f7b843cffbaf75a0a38ed3c18e13d6bd70eb260f1fcbc186bfef6b93991ac69b03a1bea9e84edfc4ac80a7b4e20e32171fd91d57a9812
t0084,male,several,several,611,2.604,common_voice_en_26724329.mp3,Both companies built several railways from their own networks into each other's intended territory.,bd6960e88aeb2934020ae1021cfcf01d8189276528b0a6d96cbb8215facb432dd71291d9665abbd71c69b2ecd0d48ea5f3a9652ef0eca3c1b5a49bb9d12fe304,common_voice_en_26724326.mp3,theatre,bd6960e88aeb2934020ae1021cfcf01d8189276528b0a6d96cbb8215facb432dd71291d9665abbd71c69b2ecd0d48ea5f3a9652ef0eca3c1b5a49bb9d12fe304,common_voice_en_18670672.mp3,"Nonetheless, they played an important role in setting up the institution.",226455dd4e5576e6f63c9fdc21c8dc226fb62ea949fa85ea2c2df22eeb1eb2baee79d4ebe1fc8739336ed43ca886f1b606f14e41fbb0b8659f0a68f24d7278f8,common_voice_en_27230966.mp3,This guarantee should not have been open-ended and all-encompassing.,8449194e8b74b81d761d7a3786cdd5d099aff4f33737c7f476edf3435c3eb483ff6d6515d153c7cfb9193821f01a3a0bd6b049740b029acd7b1488df9bd579d8
t0085,male,their,their,697,3.696,common_voice_en_26724329.mp3,Both companies built several railways from their own networks into each other's intended territory.,bd6960e88aeb2934020ae1021cfcf01d8189276528b0a6d96cbb8215facb432dd71291d9665abbd71c69b2ecd0d48ea5f3a9652ef0eca3c1b5a49bb9d12fe304,common_voice_en_26724326.mp3,theatre,bd6960e88aeb2934020ae1021cfcf01d8189276528b0a6d96cbb8215facb432dd71291d9665abbd71c69b2ecd0d48ea5f3a9652ef0eca3c1b5a49bb9d12fe304,common_voice_en_21793287.mp3,"Likewise, currents are mapped to voltages.",372293e65cdab88771e028a4351651ab2eff64438ddafc211e089247dcdccca350153465eb5409ce708081d9ad384af45d1dc57bbe030ae1a2c0edd561322fb8,common_voice_en_21901913.mp3,Both Caren and the Cebalrai fall into the abyss - much to Patrick's dismay.,7eff9a54bdb0619deffda7609d5b8565278e3328de99e63908be2a37c1ad16516240b9c92bc6b68d8130b20dc556f57005dc053f4874a49589f5971a31b97e98
t0086,female,served,served,606,2.484,common_voice_en_26984956.mp3,"Traditionally, sangrita is served with tequila blanco, but it can also accompany tequila ""reposado"".",2432927a3acd24b583f0f759819eb4e1b7150bf681b9385c26d0f36d14031ca1f7e8e76bfb5e217d7e7be940bb9aff98906b51bf2949ac1cfc5ca7c113f74794,common_voice_en_26984951.mp3,republican,2432927a3acd24b583f0f759819eb4e1b7150bf681b9385c26d0f36d14031ca1f7e8e76bfb5e217d7e7be940bb9aff98906b51bf2949ac1cfc5ca7c113f74794,common_voice_en_19545904.mp3,It is one of the highest-grossing films in Malayalam film history.,87292ddd7c099996d4f9c735fcde6f9a04341182975d2a5c9bd6480f9a1ca7d2dca49d46c74113d8f0467660062266ce5d35a4dff9525d9fffbe125a253b45cc,common_voice_en_23634063.mp3,He was the first of the monarchs in the German Empire to be deposed.,bbbcb732e0f422150c30ff3654bbab572e2a617da107bca22ff8b89ab2e4f124d03b6a92c48322862f60bd0179ae07baf0f9b4f9c4e11d581e0cec70f703ba54
t0087,female,might,might,415,4.285,common_voice_en_26984947.mp3,"However, this sail plan is not as old-world as it might first appear.",2432927a3acd24b583f0f759819eb4e1b7150bf681b9385c26d0f36d14031ca1f7e8e76bfb5e217d7e7be940bb9aff98906b51bf2949ac1cfc5ca7c113f74794,common_voice_en_26984951.mp3,republican,2432927a3acd24b583f0f759819eb4e1b7150bf681b9385c26d0f36d14031ca1f7e8e76bfb5e217d7e7be940bb9aff98906b51bf2949ac1cfc5ca7c113f74794,common_voice_en_23801575.mp3,"The Deosai National Park is located between kharmang, Astore and Skardu in Gilgit Baltistan.",57d9be2eeda5fbaad0290c45f4e95813da95e09633d5fd84df35a758151788abec644a351cdf610c7b792561d1db0ac6f122dbc94404646941967bd6f0befd44,common_voice_en_23711351.mp3,Items can be collected and every important encounter is stored in a memory log.,89b1e63cda0cd36535305ac30387533e606ac1ce08bec82183e90e34fca095d2f47ed411424dd1544a30ecc196c97c398107fb20fa40700b6cc23147a51d61c3
t0088,female,first,first,253,4.616,common_voice_en_26984947.mp3,"However, this sail plan is not as old-world as it might first appear.",2432927a3acd24b583f0f759819eb4e1b7150bf681b9385c26d0f36d14031ca1f7e8e76bfb5e217d7e7be940bb9aff98906b51bf2949ac1cfc5ca7c113f74794,common_voice_en_26984951.mp3,republican,2432927a3acd24b583f0f759819eb4e1b7150bf681b9385c26d0f36d14031ca1f7e8e76bfb5e217d7e7be940bb9aff98906b51bf2949ac1cfc5ca7c113f74794,common_voice_en_27478018.mp3,Descriptions of such sites have been found all across the Celtic world.,6a843c39e5353b2d88d6fa0846bbf4a417f37f45a1e5c3225f8a6e3f813cf8347bde413594dacca8baf47e3442f63b6b8a54ed32f29efde81dbf360043a59218,common_voice_en_20881201.mp3,Various line-up changes occurred as well.,c4215a63594a310a1f1003e4cc4a990ad4c7475e8cb46582a77860e27dc59993062e0d817ccd56b5eea9c8f436b1ab5140e7b4a616264571c5836dfd87080ca9
t0089,female,small,small,629,2.248,common_voice_en_26984975.mp3,"They feed primarily on small fish and squid, although they can take larger prey.",2432927a3acd24b583f0f759819eb4e1b7150bf681b9385c26d0f36d14031ca1f7e8e76bfb5e217d7e7be940bb9aff98906b51bf2949ac1cfc5ca7c113f74794,common_voice_en_26984951.mp3,republican,2432927a3acd24b583f0f759819eb4e1b7150bf681b9385c26d0f36d14031ca1f7e8e76bfb5e217d7e7be940bb9aff98906b51bf2949ac1cfc5ca7c113f74794,common_voice_en_22498700.mp3,"Loisy recognizes two eye-witness documents, as utilized by all three Gospels.",a812084d7919d7e01556e659b0fb05fb5771a2104fe3861eff6a4c730670ef4a5b5cbe683a47827f8743f06e7ad919fc71cb04520025843bdda29475bfee6dee,common_voice_en_163826.mp3,I couldn't work in the city.,cc7e6dc7797985d7c5d09a8db7f72f5e4ab65de1872d8e3e311560227b0d2bf1ccf82e612b6192616a2af4c76c051dc634cb94928c0bba49d2d5027c96decf1b
t0090,female,although,although,26,3.591,common_voice_en_26984975.mp3,"They feed primarily on small fish and squid, although they can take larger prey.",2432927a3acd24b583f0f759819eb4e1b7150bf681b9385c26d0f36d14031ca1f7e8e76bfb5e217d7e7be940bb9aff98906b51bf2949ac1cfc5ca7c113f74794,common_voice_en_26984951.mp3,republican,2432927a3acd24b583f0f759819eb4e1b7150bf681b9385c26d0f36d14031ca1f7e8e76bfb5e217d7e7be940bb9aff98906b51bf2949ac1cfc5ca7c113f74794,common_voice_en_18934548.mp3,Later on he was even given the Oak Leaves.,7eff9a54bdb0619deffda7609d5b8565278e3328de99e63908be2a37c1ad16516240b9c92bc6b68d8130b20dc556f57005dc053f4874a49589f5971a31b97e98,common_voice_en_18943507.mp3,"Joseph Olivier, Jean Collas, and Jean-Guy Gauthier each added a try.",c7fa9b2502b716b516b076ca89ff79e29d183ac0c006ce10ce33b61b0cd08542049535c83a89ff71168375d4a3bbbca2bcc25ecf5cc5f0653563862b73121cd2
t0091,female,larger,larger,361,4.544,common_voice_en_26984975.mp3,"They feed primarily on small fish and squid, although they can take larger prey.",2432927a3acd24b583f0f759819eb4e1b7150bf681b9385c26d0f36d14031ca1f7e8e76bfb5e217d7e7be940bb9aff98906b51bf2949ac1cfc5ca7c113f74794,common_voice_en_26984951.mp3,republican,2432927a3acd24b583f0f759819eb4e1b7150bf681b9385c26d0f36d14031ca1f7e8e76bfb5e217d7e7be940bb9aff98906b51bf2949ac1cfc5ca7c113f74794,common_voice_en_20132619.mp3,Both groups continued to use the Greek version of Saint James.,344bf332f298134d3880f9e38710e4c7e7037157bd63a3f5334f3c0d627ff61645ffff180419eb666587109a9a7638148728a3c5765f76296fd68c957088b428,common_voice_en_21877624.mp3,Cross Gates' development however had always been attributable to its proximity to Leeds.,b4114163d201648cf53ce6a9ab272fb0eb9c67a2de937c78927bec4f05255e832b35286dfc10af1010441343139aaf20761175f488ad27462b6d76135eafdda2
t0092,male,spent,spent,648,1.967,common_voice_en_18584790.mp3,The playwright spent many years refining his craft.,50475c1f484e6dcdf24a902ff49459df5479bc81bc50dbd2a06f4ca464399baf1366b2f70eb2791f97169ad5ef3b088a2d3fa428fd8171f51347e31ac481413d,common_voice_en_18584785.mp3,,50475c1f484e6dcdf24a902ff49459df5479bc81bc50dbd2a06f4ca464399baf1366b2f70eb2791f97169ad5ef3b088a2d3fa428fd8171f51347e31ac481413d,common_voice_en_21753269.mp3,Using an incorrect fuel is usually a strong contributing factor.,c2369f2ab0cc3df0539b41a29c843aa8eb89b3a8e561ac36979c7dc2b2d557562162ca2ff58733c03b12f427b545435d50164272d26e4e5a395fa4ccc188d18d,common_voice_en_18672193.mp3,The mandibular symphysis is unfused and this was most likely a diurnal species.,2260012da3141f7794e6d0c1bb750d1b9cf0b861e1e69a858f8e7da7e617c49f8333d56ceba58fe645e0cfacfe5c296712c399faecd319d4bdedc7c1134f2014
t0093,male,years,years,794,2.468,common_voice_en_18584790.mp3,The playwright spent many years refining his craft.,50475c1f484e6dcdf24a902ff49459df5479bc81bc50dbd2a06f4ca464399baf1366b2f70eb2791f97169ad5ef3b088a2d3fa428fd8171f51347e31ac481413d,common_voice_en_18584785.mp3,,50475c1f484e6dcdf24a902ff49459df5479bc81bc50dbd2a06f4ca464399baf1366b2f70eb2791f97169ad5ef3b088a2d3fa428fd8171f51347e31ac481413d,common_voice_en_552835.mp3,The rocking motion was nauseating.,0dcf2dc616724a347acdd6d0ab80ecb8676bd1ff9d123bc5ca4adea526fcf0b691e207fe1179e18cd7abe2a07b9a55c42365f73ae4915ed8404f174c07a38e37,common_voice_en_146679.mp3,This will help you effectively collaborate with developers and coordinate cross-team projects throughout your career.,0b7daebb0bb04c71365f6a4bf996eaa957e0865518cba268a92524290cbd89230420767068d3c89d2a873dd331bf2692108ea27b59f41cc4b34910661ddb132b
t0094,male,would,would,788,1.379,common_voice_en_18584789.mp3,I would rather be hanged in my own way.,50475c1f484e6dcdf24a902ff49459df5479bc81bc50dbd2a06f4ca464399baf1366b2f70eb2791f97169ad5ef3b088a2d3fa428fd8171f51347e31ac481413d,common_voice_en_18584785.mp3,,50475c1f484e6dcdf24a902ff49459df5479bc81bc50dbd2a06f4ca464399baf1366b2f70eb2791f97169ad5ef3b088a2d3fa428fd8171f51347e31ac481413d,common_voice_en_20294346.mp3,"This additional ""control grid"" modulates the current that flows between cathode and anode.",73aee4c550b16b53b5f67691c69005e40a777651ea33b4b1efff1be1ecb138ea843efc9890f76f3694eb25a1b1edf60415a10c1380958500e5854f27e465255f,common_voice_en_24921492.mp3,He was nominated for four Academy Awards for his work.,1fc06ae2858fe60314b607d8728ce36d5dcd8f22f6f13b106b6c4a346da6e0d00fa406883a1bfa9a0973fa46de07b02b471559048f76b07fd708d71dbac8907c
t0095,male,rather,rather,555,1.579,common_voice_en_18584789.mp3,I would rather be hanged in my own way.,50475c1f484e6dcdf24a902ff49459df5479bc81bc50dbd2a06f4ca464399baf1366b2f70eb2791f97169ad5ef3b088a2d3fa428fd8171f51347e31ac481413d,common_voice_en_18584785.mp3,,50475c1f484e6dcdf24a902ff49459df5479bc81bc50dbd2a06f4ca464399baf1366b2f70eb2791f97169ad5ef3b088a2d3fa428fd8171f51347e31ac481413d,common_voice_en_18717349.mp3,"Shortly after, they got lucky again with the Frisbee.",4d53b79846aa15c5d9c955828baef5f1c6db360ecb5a4512c4ca62d3247e031a2f51d57a511fc912cd7b3f5a4991d49648e031109f8121056e9b3cb781074fb9,common_voice_en_29278.mp3,"Diesel is the cheapest one, because of lower taxes.",c948b5166ffa7f0a17b7d067f7f99418cfe1cf101ee9b845047cdcb43911af6bc2c5f775f5099e60052e8edf9d59a2a0fdd906095c9ea0f02c8af763b2088235
t0096,female,noted,noted,458,4.449,common_voice_en_25867965.mp3,"Krastyu Pishurka, a noted educator, also worked in Lom.",c432ede42d1ecb921effab5e51da3a9b88b4a2ad703a7c9e176ba97e6dc142b2ada3f29de21c90a65a95907ebca4455e32c75a14579e3a45bd7d587ccacc1040,common_voice_en_25867967.mp3,listened,c432ede42d1ecb921effab5e51da3a9b88b4a2ad703a7c9e176ba97e6dc142b2ada3f29de21c90a65a95907ebca4455e32c75a14579e3a45bd7d587ccacc1040,common_voice_en_19692448.mp3,I have no peace in my life.,a0943abcca5cf1f21bec8f174677f8f60ed966fe5a86f617937e7c74d5fb52c1f668d157c56e11e5286a051336bf4691cb97657808699ad6d7752b7ac5eff147,common_voice_en_18793991.mp3,"Conversely, soft letters are ignored.",8cd87e8a7a0af54183d5155c7d4e74398dc99a4ec63e03ca7ba284691df6451331ddcd93da036090889d4039e578a150f2d78da47822df6311b5ca48a1c2666a
t0097,female,worked,worked,784,6.042,common_voice_en_25867965.mp3,"Krastyu Pishurka, a noted educator, also worked in Lom.",c432ede42d1ecb921effab5e51da3a9b88b4a2ad703a7c9e176ba97e6dc142b2ada3f29de21c90a65a95907ebca4455e32c75a14579e3a45bd7d587ccacc1040,common_voice_en_25867967.mp3,listened,c432ede42d1ecb921effab5e51da3a9b88b4a2ad703a7c9e176ba97e6dc142b2ada3f29de21c90a65a95907ebca4455e32c75a14579e3a45bd7d587ccacc1040,common_voice_en_19428434.mp3,"Local landmarks include Christie Park, and the Fountain in the town centre.",2941e3b04231b3889c20c0f678db67317a0797f182de6fb683b9ef882e93a2adaa73da9b6291ca7c7ef1c8209d9486b720af5aa9811419d27d6b989875d6030f,common_voice_en_20778766.mp3,Other services can easily be included.,cf5d5763e4da7f2128047c0de821ac4d8c3db9aa7bc97522a798db1fd97c6eea76aadd7c95227f7e392a4833da119c84cd3df689a346b0e689398689bbf0760f
t0098,female,"single,",single,625,1.494,common_voice_en_25867966.mp3,"Its first single, ""Neopolitan"", got a great amount of airplay on Canadian radio.",c432ede42d1ecb921effab5e51da3a9b88b4a2ad703a7c9e176ba97e6dc142b2ada3f29de21c90a65a95907ebca4455e32c75a14579e3a45bd7d587ccacc1040,common_voice_en_25867965.mp3,,c432ede42d1ecb921effab5e51da3a9b88b4a2ad703a7c9e176ba97e6dc142b2ada3f29de21c90a65a95907ebca4455e32c75a14579e3a45bd7d587ccacc1040,common_voice_en_17443304.mp3,"Before you get too excited, keep in mind that it only applies to low-dimensional problems.",407dca8e26b24cca70cea86cd4ddd75ab6e62a18c9a03d2b700ff21e5a676501cde1f5efb9438c4d7e9d7bb8200b791e1027cb5b1004ed24ecb5e1a76925cebf,common_voice_en_18129402.mp3,Whitings are small fish caught in nets.,64b9623abc2396d296ea4a014a54d7eb8ab53b36957d346fa2785f7400443f55816b226ad1ed09ad13379588b5082312f78e1ed167207d960c4eb51ab6491ebb
t0099,female,great,great,292,4.921,common_voice_en_25867966.mp3,"Its first single, ""Neopolitan"", got a great amount of airplay on Canadian radio.",c432ede42d1ecb921effab5e51da3a9b88b4a2ad703a7c9e176ba97e6dc142b2ada3f29de21c90a65a95907ebca4455e32c75a14579e3a45bd7d587ccacc1040,common_voice_en_25867965.mp3,,c432ede42d1ecb921effab5e51da3a9b88b4a2ad703a7c9e176ba97e6dc142b2ada3f29de21c90a65a95907ebca4455e32c75a14579e3a45bd7d587ccacc1040,common_voice_en_20975537.mp3,"Following his death, friends from university established the 'Nick Clarke Prize'.",94ab786f72a037281a4977e8c1ed24eabb76c88d90e96c9324ef5dc5f0b480a77eeae13c77d124d0cc4c996ed2ec968502ec782f32131aa48aa70100474a83a8,common_voice_en_19526558.mp3,He was the first Financial Secretary who was not a civil servant.,3fea5eb846b20fccd6757d53620af49683c4f4052106472afa5709355c7138b5ecf1c381260c369ac7daa22832ab4720be949bf5c11d940a4378bacb3b0390ef
t0100,male,international,international,341,2.9,common_voice_en_22151148.mp3,This established Bahrain as an international stage.,dcb71f68dfa7c11babdb9f24739bd736d5b738c7617bafeeb00d74473839c3f8dc5fa41c7426856cb055128412d565bcede764d3d615b9c551b189ffbd8a0252,common_voice_en_22150601.mp3,,dcb71f68dfa7c11babdb9f24739bd736d5b738c7617bafeeb00d74473839c3f8dc5fa41c7426856cb055128412d565bcede764d3d615b9c551b189ffbd8a0252,common_voice_en_19798365.mp3,You are only trustee of money and it always changes hands.,f7600721354d2e02d29e85dae637150e20fe23971aaeeb952564188aa178be54c4e39ab129cb57b70f6f25d947ba3ade863d7069fafab861a11c57cef1128998,common_voice_en_23640706.mp3,The city have a huge number of hospital around the city.,a27ad50fa7a360954684b456e7eedfcbb7327a3a20c7c9036e3a896cf2a571aa446d96ea1e00201f93c7705150c36a5863bb5df51739919a4320850bee11208c
t0101,male,"capital,",capital,96,1.696,common_voice_en_22150601.mp3,"Outside the capital, the national language of Turkmen is the most widely encountered.",dcb71f68dfa7c11babdb9f24739bd736d5b738c7617bafeeb00d74473839c3f8dc5fa41c7426856cb055128412d565bcede764d3d615b9c551b189ffbd8a0252,common_voice_en_22151148.mp3,as,dcb71f68dfa7c11babdb9f24739bd736d5b738c7617bafeeb00d74473839c3f8dc5fa41c7426856cb055128412d565bcede764d3d615b9c551b189ffbd8a0252,common_voice_en_18320321.mp3,"It was pitch black, and they needed a torch to see where they were",e790d1a6d652b49b74172d96fca249c1d46c38806613534de93e324492059b41bb491639158ff5b5efe117d167447b1dca743bff0b32dcfe07b12a43fb13a86e,common_voice_en_696295.mp3,YOU WANNA TAKE THIS OUTSIDE?,c4ac47588dc5cdf9820a6dad022bc49f7648c4f18948124db8ff3ee19a69e411047df7594cffe1b38f797c5fa2dfbebf0e1d1703fd3a3973a3234abfda5a93c0
t0102,male,national,national,444,2.317,common_voice_en_22150601.mp3,"Outside the capital, the national language of Turkmen is the most widely encountered.",dcb71f68dfa7c11babdb9f24739bd736d5b738c7617bafeeb00d74473839c3f8dc5fa41c7426856cb055128412d565bcede764d3d615b9c551b189ffbd8a0252,common_voice_en_22151148.mp3,as,dcb71f68dfa7c11babdb9f24739bd736d5b738c7617bafeeb00d74473839c3f8dc5fa41c7426856cb055128412d565bcede764d3d615b9c551b189ffbd8a0252,common_voice_en_23828457.mp3,"At the castle, Osric recognizes a familiar box.",aa308a6660bba7cbeccf02b5d203d0bb01e43d9526e64699e7a05d7fa61950840ee499dbd298f88c874ea183fad157665a2091e3b298ae06bf95a8de9b96618e,common_voice_en_17256476.mp3,"We need to be confident, all of us.",f3997bc872cacec993a59eb1edeb7c352413b7dbbfa0c7aafb9b1b146996bfdae1b66a3312a0692b26007a650394e1b9d26e2a8fd0c66678f3191783913e2637
t0103,male,language,language,358,2.719,common_voice_en_22150601.mp3,"Outside the capital, the national language of Turkmen is the most widely encountered.",dcb71f68dfa7c11babdb9f24739bd736d5b738c7617bafeeb00d74473839c3f8dc5fa41c7426856cb055128412d565bcede764d3d615b9c551b189ffbd8a0252,common_voice_en_22151148.mp3,as,dcb71f68dfa7c11babdb9f24739bd736d5b738c7617bafeeb00d74473839c3f8dc5fa41c7426856cb055128412d565bcede764d3d615b9c551b189ffbd8a0252,common_voice_en_518517.mp3,"A group of people, one of them with a guitar, were sitting by the campfire and singing songs.",0501269e71a7ef5402b86be7900fb2380ada870597ea1cc1fb82384ff12190b0af523297c28ecdb1bbb075f831983faa469b5715799fecfbf5d46fadfb350726,common_voice_en_22324269.mp3,"Flynn later played for Doncaster Rovers, Bury, Limerick City and Wrexham.",fd52910d24299328945044ddd49dd2d79ef95c7b0d6e38d06d65a1d9330f64f45a8426cf556ed10a705307dcf622e1fe152ee48d5bd2e38b89b4da815b5c38a6
t0104,male,widely,widely,774,4.405,common_voice_en_22150601.mp3,"Outside the capital, the national language of Turkmen is the most widely encountered.",dcb71f68dfa7c11babdb9f24739bd736d5b738c7617bafeeb00d74473839c3f8dc5fa41c7426856cb055128412d565bcede764d3d615b9c551b189ffbd8a0252,common_voice_en_22151148.mp3,as,dcb71f68dfa7c11babdb9f24739bd736d5b738c7617bafeeb00d74473839c3f8dc5fa41c7426856cb055128412d565bcede764d3d615b9c551b189ffbd8a0252,common_voice_en_567886.mp3,They wanted to save the oasis.,4417b6fe5ab5ec6917a02e54cb397f60035c721ab1da6c891edf6eee6ca4ef743c04e448ce01de8e44904c3a992127362c334fdaf3291f687bbf838f5d66d41a,common_voice_en_19707218.mp3,"Sinead Conway currently performs with Dublin-based dance, disco and funk band, Red Shoes.",472e7e02847b3faee8d6bafd7e83e10c54f2b429cfd8c3fe593f4cc16615ceb97fd417602604ca0d2f48473507ab2078a5ac0200087614b1cfd6b8bd31f4a1cb
t0105,female,generally,generally,282,1.842,common_voice_en_24860588.mp3,"The birds are generally inconspicuous, avoiding the open for extended periods of time.",7204cb22c75d8716f50b8f0cd23224e559bb94b6a7dc38bbb9f7561c1903fbe3a35b43976fdf1cc4019ea2472026a5cd911b39a241abf0f8902e2d2d52bc7967,common_voice_en_24860603.mp3,thiet,7204cb22c75d8716f50b8f0cd23224e559bb94b6a7dc38bbb9f7561c1903fbe3a35b43976fdf1cc4019ea2472026a5cd911b39a241abf0f8902e2d2d52bc7967,common_voice_en_27223932.mp3,"The hilly region of Tandil and Ventana offers golf courses, paragliding rides and trekking.",af294a21d920e11013661f4735c1ebd5df298b0c73074b35ae4c3ea490ee8e630766fc629741346f123353256859ef7d055ee8dcce07e48a091cc8bedec671e3,common_voice_en_20975066.mp3,He graduated from Phillips Exeter Academy and attended Princeton University.,a373b21afa7ae52bd7215335430ebd8c6e20ed9810b5cafcba0f0095d93222337770d00f0e5060dc36388ab5e72eb866410b0d428c4595eeaa2f85431e194d6e
t0106,female,River,river,588,2.578,common_voice_en_24860604.mp3,Across the Magdalena River to the east is Magdalena Department.,7204cb22c75d8716f50b8f0cd23224e559bb94b6a7dc38bbb9f7561c1903fbe3a35b43976fdf1cc4019ea2472026a5cd911b39a241abf0f8902e2d2d52bc7967,common_voice_en_24860588.mp3,,7204cb22c75d8716f50b8f0cd23224e559bb94b6a7dc38bbb9f7561c1903fbe3a35b43976fdf1cc4019ea2472026a5cd911b39a241abf0f8902e2d2d52bc7967,common_voice_en_494759.mp3,Still after that first million before you're thirty.,185a19520056bd31c0b7613af5d9eb45e5b9eb8061127fc839233aac463eee2c687007a5977d117e7301d2c959de1b27d9331f7cb0bab85f776e64120795c77e,common_voice_en_18758235.mp3,These are the trains used on the Thunderbolt today.,ab72e9ab22713aec03a3189202a0713e56016ea07569b3041fcd65d77c9eb3f8c692f7ccaec75c16bbc62476d528f434d829193994cf07fcde9e3b1e4a2fa93a
t0107,female,means,means,406,1.556,common_voice_en_630979.mp3,"""It means only that the heart does what it can,"" the alchemist said.",90f344fe8ea041a321373f83cf8c87ba0cf66276043a3fbd21db3b670cafcfddb5838468dd0b08786925c64eadc20a752712a937f192b32c29ca2a31ee70f1b9,common_voice_en_631008.mp3,found,90f344fe8ea041a321373f83cf8c87ba0cf66276043a3fbd21db3b670cafcfddb5838468dd0b08786925c64eadc20a752712a937f192b32c29ca2a31ee70f1b9,common_voice_en_22911783.mp3,"In this phase, they fulfilled all the norms of the American Sesame Street.",fc005e21bf8421aa51c20e901277f66704cf58c73e30c4b2f3ec7f7d2a3ca610f73cda39ef3c78789cdf08007565c79d35c2dc0b7897ae65aa768b44dad40430,common_voice_en_20470301.mp3,The label's official approvals came quickly.,372293e65cdab88771e028a4351651ab2eff64438ddafc211e089247dcdccca350153465eb5409ce708081d9ad384af45d1dc57bbe030ae1a2c0edd561322fb8
t0108,female,heart,heart,306,2.872,common_voice_en_630979.mp3,"""It means only that the heart does what it can,"" the alchemist said.",90f344fe8ea041a321373f83cf8c87ba0cf66276043a3fbd21db3b670cafcfddb5838468dd0b08786925c64eadc20a752712a937f192b32c29ca2a31ee70f1b9,common_voice_en_631008.mp3,found,90f344fe8ea041a321373f83cf8c87ba0cf66276043a3fbd21db3b670cafcfddb5838468dd0b08786925c64eadc20a752712a937f192b32c29ca2a31ee70f1b9,common_voice_en_27516811.mp3,Vogel was a proponent of research into plant consciousness.,7e7af1fe1d62d243888ac08cae4cbc0007c7eb49465f3c2b0523d1c06d0c3ed37b9ae004c44435cab01709473f93ea6290f9baf21e5e88bb7af71ab65c314584,common_voice_en_25359259.mp3,There are currently no rail links to adjacent countries.,abc6656344660316e9a0946061af5597a8961f118ef1292d1802420b40ca61d5a7e4d22ee9cfad3e47a3c19a445077275be636337db3805284ee8f5cc4991be3
t0109,female,found,found,267,2.646,common_voice_en_631008.mp3,The two men hurried back and found the cylinder still lying in the same position.,90f344fe8ea041a321373f83cf8c87ba0cf66276043a3fbd21db3b670cafcfddb5838468dd0b08786925c64eadc20a752712a937f192b32c29ca2a31ee70f1b9,common_voice_en_630979.mp3,,90f344fe8ea041a321373f83cf8c87ba0cf66276043a3fbd21db3b670cafcfddb5838468dd0b08786925c64eadc20a752712a937f192b32c29ca2a31ee70f1b9,common_voice_en_17979485.mp3,Port is a strong wine with a smoky taste.,97b5754c2b7322d08cc69d621f60a6be00d50a86ef476e6a240529cb2dc06025626beddbcafff75d80ec8871a4b8cae6dd253dfa7009ee443b82423108973e01,common_voice_en_24975499.mp3,"There is no real plot, focus, direction or point.",0836f0e74bc679636d4af10bddb747580e93145ef1b540a10021633965e5ed659ace0a7aa85de967a03a3fb1e4ec8e43a3441c7504bf7589e6f106c8b2c0a091
t0110,female,still,still,659,3.798,common_voice_en_631008.mp3,The two men hurried back and found the cylinder still lying in the same position.,90f344fe8ea041a321373f83cf8c87ba0cf66276043a3fbd21db3b670cafcfddb5838468dd0b08786925c64eadc20a752712a937f192b32c29ca2a31ee70f1b9,common_voice_en_630979.mp3,,90f344fe8ea041a321373f83cf8c87ba0cf66276043a3fbd21db3b670cafcfddb5838468dd0b08786925c64eadc20a752712a937f192b32c29ca2a31ee70f1b9,common_voice_en_25256688.mp3,Soon after the tournament Johnstone departed for Italy.,8d1e3bad7a0d94254550489eb82c748fa76786f8231ff92b5dbbbdbdfdbc42ea8baeea14e93e966ca5d3a41cd2fd13f4c4f55b24a2db28c970df6b1098538bf3,common_voice_en_18598103.mp3,It seemed as if she would never get to the nub.,54f9cae62d751c7996678797a9d20d045c969b422cc56ce7bc51969b211dd873974e366b36aef80a90c6a8ad605aff03d49feb60ebb934a97e94b613e77bb2fe
t0111,female,can't,can't,92,3.407,common_voice_en_631009.mp3,"""We don't know when the war will end, so we can't continue our journey,"" he said.",90f344fe8ea041a321373f83cf8c87ba0cf66276043a3fbd21db3b670cafcfddb5838468dd0b08786925c64eadc20a752712a937f192b32c29ca2a31ee70f1b9,common_voice_en_630979.mp3,,90f344fe8ea041a321373f83cf8c87ba0cf66276043a3fbd21db3b670cafcfddb5838468dd0b08786925c64eadc20a752712a937f192b32c29ca2a31ee70f1b9,common_voice_en_28132656.mp3,He believed him to be imprudent and extravagant.,92e8b507ff4a88d51da949d74f56adc905a4b28d39eb9b022f4170676eab6c7d6d253f8760608c03151bb2aca21276991ea50e8062221f72fc3c8268ea8757fd,common_voice_en_18898340.mp3,"During the nighttime raid, their bomber is hit, disabling one of their two engines.",fd812acdfbec4b716edf4d76efdab44e425b577e9ed4825e5e79b83f52ea55d941ef22701ba5172137e09322de1e565a8e4c0693dd6e8dd84ec475156acef4b3
t0112,female,continue,continue,151,3.877,common_voice_en_631009.mp3,"""We don't know when the war will end, so we can't continue our journey,"" he said.",90f344fe8ea041a321373f83cf8c87ba0cf66276043a3fbd21db3b670cafcfddb5838468dd0b08786925c64eadc20a752712a937f192b32c29ca2a31ee70f1b9,common_voice_en_630979.mp3,,90f344fe8ea041a321373f83cf8c87ba0cf66276043a3fbd21db3b670cafcfddb5838468dd0b08786925c64eadc20a752712a937f192b32c29ca2a31ee70f1b9,common_voice_en_17822158.mp3,"Let what must be, happen.",fed78628d711215d4bd7cef76811ecceb00f22e1d3807211dceda0df3546a3def35a55ff1dd81383902305f78c1db72b3bc4c77407629819e52e73d9bbb842b9,common_voice_en_23841378.mp3,This dangerous incident apparently had a serious effect upon him.,372293e65cdab88771e028a4351651ab2eff64438ddafc211e089247dcdccca350153465eb5409ce708081d9ad384af45d1dc57bbe030ae1a2c0edd561322fb8
t0113,male,successful,successful,677,2.117,common_voice_en_21762342.mp3,This was her most successful album recorded with Universal Music.,48ea9cb17dff834dc79d7106663269f6ec23d65c1a0d46a185ab1d35eaffe41976f275c3d3fc858bc03282ab4198fa113a105354c6947f0e21554cb59b8c3071,common_voice_en_21762339.mp3,permanent,48ea9cb17dff834dc79d7106663269f6ec23d65c1a0d46a185ab1d35eaffe41976f275c3d3fc858bc03282ab4198fa113a105354c6947f0e21554cb59b8c3071,common_voice_en_130753.mp3,"As he looked at the stones, he felt relieved for some reason.",63e6b057fdbade521e3dd0b05e0fa33ed21e626ab91b20e887f88c58edbd821663ac3c0da546a631430f18ca8aabba5370e50981a4ea24aefcee168e3f19dca5,common_voice_en_23649878.mp3,The name was used twice for tropical cyclones in the Australian region.,70c21ca1cc3de05f3c23b11615cd7d5dd078e03cda0cd46224c802cb358d2bddc9df76042f0f15fe5c3d655d19f20193db107b130128af209e229afabf047b54
t0114,male,album,album,19,2.607,common_voice_en_21762342.mp3,This was her most successful album recorded with Universal Music.,48ea9cb17dff834dc79d7106663269f6ec23d65c1a0d46a185ab1d35eaffe41976f275c3d3fc858bc03282ab4198fa113a105354c6947f0e21554cb59b8c3071,common_voice_en_21762339.mp3,permanent,48ea9cb17dff834dc79d7106663269f6ec23d65c1a0d46a185ab1d35eaffe41976f275c3d3fc858bc03282ab4198fa113a105354c6947f0e21554cb59b8c3071,common_voice_en_23958818.mp3,In the past it was known as a meal for poor people.,b5c6eb9fcb6cf714c4cef913529d45f8ffe4214e6c43059d302183ac6572827107567074785ecd44838f473179905fd8e89583596c574a0a16abd81d2db3126d,common_voice_en_25476838.mp3,California Trail is the only part of this initiative open to the public.,41030596d1c6d78555e9f6b65eca018ed393c317c6b3e305e89d759d891e07b3dcd0e647e9e5db2ee2c32e747e20f0681ad85ee29a4fc8883d5625774c713624
t0115,male,recorded,recorded,564,2.958,common_voice_en_21762342.mp3,This was her most successful album recorded with Universal Music.,48ea9cb17dff834dc79d7106663269f6ec23d65c1a0d46a185ab1d35eaffe41976f275c3d3fc858bc03282ab4198fa113a105354c6947f0e21554cb59b8c3071,common_voice_en_21762339.mp3,permanent,48ea9cb17dff834dc79d7106663269f6ec23d65c1a0d46a185ab1d35eaffe41976f275c3d3fc858bc03282ab4198fa113a105354c6947f0e21554cb59b8c3071,common_voice_en_23591743.mp3,Language or tribal differences are not a political or social issue.,c855f42fc6d2b8fac90142a46f73c2edad774bd8a1c8eb6932dfcd88b5e9dcf585cd828451e8df47ecbf33c4cfb2a7e0eb7133f22e906437671fff46ab44fc3b,common_voice_en_20514064.mp3,"He played Doctor Clarkson in the television drama series ""Downton Abbey"".",57d9be2eeda5fbaad0290c45f4e95813da95e09633d5fd84df35a758151788abec644a351cdf610c7b792561d1db0ac6f122dbc94404646941967bd6f0befd44
t0116,male,Music.,music,440,3.891,common_voice_en_21762342.mp3,This was her most successful album recorded with Universal Music.,48ea9cb17dff834dc79d7106663269f6ec23d65c1a0d46a185ab1d35eaffe41976f275c3d3fc858bc03282ab4198fa113a105354c6947f0e21554cb59b8c3071,common_voice_en_21762339.mp3,permanent,48ea9cb17dff834dc79d7106663269f6ec23d65c1a0d46a185ab1d35eaffe41976f275c3d3fc858bc03282ab4198fa113a105354c6947f0e21554cb59b8c3071,common_voice_en_25768998.mp3,"He now lives in Toronto, Ontario.",746bd7c2bd64e7fde7dda173976ca80e97a1875f7571a836827b832c1609da3c16be48a0bbf11e310ba7f262e77841dc8e70360283da6a0100631e2ac4760956,common_voice_en_111725.mp3,"Maybe the church, with the sycamore growing from within, had been haunted.",feebcc1ef5770a2fd026c2c1c61275c65cced1bfb14d7d0de38460ce8e3b01329900bb5d02acb46214affbd5ad649610ac8602ed3fb34ec36089349f32373df5
t0117,male,during,during,200,2.175,common_voice_en_21762339.mp3,Jerboas hibernate during the winter and use the permanent winter burrow for this.,48ea9cb17dff834dc79d7106663269f6ec23d65c1a0d46a185ab1d35eaffe41976f275c3d3fc858bc03282ab4198fa113a105354c6947f0e21554cb59b8c3071,common_voice_en_21762342.mp3,album,48ea9cb17dff834dc79d7106663269f6ec23d65c1a0d46a185ab1d35eaffe41976f275c3d3fc858bc03282ab4198fa113a105354c6947f0e21554cb59b8c3071,common_voice_en_18631048.mp3,We charge a call out fee of five dollars.,f1eb76a5e7dd1c7ffeb45215e3da870ce38ba0e337f76fdb6539d48ed4c31b2e00766c845ea2aeacb99e5281cc9fe27485ae2c87f1ebed00b74d9b86e25101b6,common_voice_en_27195584.mp3,Municipalities are further divided into local communities and districts.,e31822077e104d2f1781db7ce098c016abca0314515a35f564b26c30e59c0d2a0206cdf020dfbfe4e7340388f898c34d51e2d625681694a797c49581af656fba
t0118,male,winter,winter,777,2.516,common_voice_en_21762339.mp3,Jerboas hibernate during the winter and use the permanent winter burrow for this.,48ea9cb17dff834dc79d7106663269f6ec23d65c1a0d46a185ab1d35eaffe41976f275c3d3fc858bc03282ab4198fa113a105354c6947f0e21554cb59b8c3071,common_voice_en_21762342.mp3,album,48ea9cb17dff834dc79d7106663269f6ec23d65c1a0d46a185ab1d35eaffe41976f275c3d3fc858bc03282ab4198fa113a105354c6947f0e21554cb59b8c3071,common_voice_en_23619282.mp3,"Gas-operated, and to a lesser extent recoil-operated, designs will recoil less than either.",bbbcb732e0f422150c30ff3654bbab572e2a617da107bca22ff8b89ab2e4f124d03b6a92c48322862f60bd0179ae07baf0f9b4f9c4e11d581e0cec70f703ba54,common_voice_en_17280389.mp3,"This was a lie, and they all knew it.",b564618fe7179102fcb51aeb5f6e4367edb90b81963b1923c7ab8ae5db4559ccc50b9482d436f8530ad8e6046b15d819115e0a6329fc6ee392f90355f69704ec
t0119,female,village,village,757,1.607,common_voice_en_26978394.mp3,The village was once on high ground next to the Sacandaga River valley.,0e584e386170c15476f57f463c00da3ed67ce550d45e03c276a338896c2192e52280e48c8be65f5112bd152923602c524038f0bb3e49529b7b2e2972172de821,common_voice_en_26978406.mp3,harbour,0e584e386170c15476f57f463c00da3ed67ce550d45e03c276a338896c2192e52280e48c8be65f5112bd152923602c524038f0bb3e49529b7b2e2972172de821,common_voice_en_22375118.mp3,It was Baez' eleventh album to date.,b41887200545da7538ea45fd16bfb07faa7155a4ee0f56ecb6a1cfe1019dfcbdd85f3ba8fbd3934f73ac0ed774450785b97ccb0dac861bcd6765a2a9f0e00fc7,common_voice_en_23665360.mp3,This ultimately caused the War of the Quadruple Alliance against Spain.,bbbcb732e0f422150c30ff3654bbab572e2a617da107bca22ff8b89ab2e4f124d03b6a92c48322862f60bd0179ae07baf0f9b4f9c4e11d581e0cec70f703ba54
t0120,female,ground,ground,295,3.002,common_voice_en_26978394.mp3,The village was once on high ground next to the Sacandaga River valley.,0e584e386170c15476f57f463c00da3ed67ce550d45e03c276a338896c2192e52280e48c8be65f5112bd152923602c524038f0bb3e49529b7b2e2972172de821,common_voice_en_26978406.mp3,harbour,0e584e386170c15476f57f463c00da3ed67ce550d45e03c276a338896c2192e52280e48c8be65f5112bd152923602c524038f0bb3e49529b7b2e2972172de821,common_voice_en_19402554.mp3,The second hand leaves the wall to be moved to the front over water.,29b8505586cd43382cd695da6b943f401104be710a5b60e814ac5fe7e06b39459cf8fe1701ca83f8154b3ccd749df7c2aef33ff23950bb1a135b1e1c393dbcf6,common_voice_en_24299454.mp3,He revised the rubrics to the Order of Mass and the Breviary.,372293e65cdab88771e028a4351651ab2eff64438ddafc211e089247dcdccca350153465eb5409ce708081d9ad384af45d1dc57bbe030ae1a2c0edd561322fb8
t0121,female,Middle,middle,414,2.571,common_voice_en_26978406.mp3,The Spit is the site of the Middle Harbour Yacht Club and a marina.,0e584e386170c15476f57f463c00da3ed67ce550d45e03c276a338896c2192e52280e48c8be65f5112bd152923602c524038f0bb3e49529b7b2e2972172de821,common_voice_en_26978394.mp3,ground,0e584e386170c15476f57f463c00da3ed67ce550d45e03c276a338896c2192e52280e48c8be65f5112bd152923602c524038f0bb3e49529b7b2e2972172de821,common_voice_en_19627729.mp3,"""Leathers"", ""Tempest"" and ""Swerve City"" came out as its singles.",d59a7a01b11dde4fd31dfb423919fbfb07dcc3961deb9bde1350eaaa5394794b1fc9d3f718f36fc6cba87b016d058ee6cd4c02d145bd4c7fcbb324d3ce847beb,common_voice_en_27391539.mp3,"In the process, he slowly goes insane.",11dfd3ad9266ae7fc6f30c471b78d95eb7dc7d2bfc02f2e536a48dc314714cf2dee3707ebb0747982a62ced8a1ecf21a5ffb0eaded1d00be299f9f3f337a217e
t0122,female,featured,featured,242,3.385,common_voice_en_26978396.mp3,"Rogue Wave is featured on the performing a cover of Buddy Holly's ""'Everyday'"".",0e584e386170c15476f57f463c00da3ed67ce550d45e03c276a338896c2192e52280e48c8be65f5112bd152923602c524038f0bb3e49529b7b2e2972172de821,common_voice_en_26978394.mp3,ground,0e584e386170c15476f57f463c00da3ed67ce550d45e03c276a338896c2192e52280e48c8be65f5112bd152923602c524038f0bb3e49529b7b2e2972172de821,common_voice_en_19967403.mp3,She would merely see.,46dbf9a0c47c06f902f7bd587a74fd7d659af54f7190b3e44afa332dca9ede259286cdbbfd8c99362a4205c08c2500d98051d603af0c57a2996da7b94d534f9b,common_voice_en_27072465.mp3,"""Eversholt"" comes from Anglo-Saxon meaning ""wood of the wild boar"".",aa308a6660bba7cbeccf02b5d203d0bb01e43d9526e64699e7a05d7fa61950840ee499dbd298f88c874ea183fad157665a2091e3b298ae06bf95a8de9b96618e
t0123,female,cover,cover,164,5.287,common_voice_en_26978396.mp3,"Rogue Wave is featured on the performing a cover of Buddy Holly's ""'Everyday'"".",0e584e386170c15476f57f463c00da3ed67ce550d45e03c276a338896c2192e52280e48c8be65f5112bd152923602c524038f0bb3e49529b7b2e2972172de821,common_voice_en_26978394.mp3,ground,0e584e386170c15476f57f463c00da3ed67ce550d45e03c276a338896c2192e52280e48c8be65f5112bd152923602c524038f0bb3e49529b7b2e2972172de821,common_voice_en_23384595.mp3,It was the band's first album with Hugh McMillan.,7eff9a54bdb0619deffda7609d5b8565278e3328de99e63908be2a37c1ad16516240b9c92bc6b68d8130b20dc556f57005dc053f4874a49589f5971a31b97e98,common_voice_en_26645320.mp3,"The bay is a sidewater of Sansum Narrows, which separates Saltspring from Vancouver Island.",ef8fbeac756a6a2141ae62c4bf1111c213cc054a6fc099958996a257602b370bb58939503364b21b3651f98fa0df1ea7e217c17ab2f12fd52f5145f9054ec36b
t0124,female,operated,operated,472,1.8,common_voice_en_26978395.mp3,He owned and operated an electrical store in the city.,0e584e386170c15476f57f463c00da3ed67ce550d45e03c276a338896c2192e52280e48c8be65f5112bd152923602c524038f0bb3e49529b7b2e2972172de821,common_voice_en_26978394.mp3,ground,0e584e386170c15476f57f463c00da3ed67ce550d45e03c276a338896c2192e52280e48c8be65f5112bd152923602c524038f0bb3e49529b7b2e2972172de821,common_voice_en_19725997.mp3,It was thought to include battery.,3c1898a1da75b527a778bc6cd314d434b70e03531e5fe820f3295c2ba00c19d1589d4f8c1449c869753e07c3eaee9796a0e591aad8e4eba3ec50ed5cec5022f5,common_voice_en_24170267.mp3,"The twelfth Viscount was succeeded by his son, the thirteenth Viscount.",20c5cd198dcc6e43db686dafc1a07bc7a382c2df9922373c675cc42a664a5d672bda22a9c2fb63f6bb4e53a1695cebddf14ec061e16257a832bbbc70bcf9a072
t0125,male,still,still,659,1.591,common_voice_en_17329303.mp3,Is he not still in the area then?,0af632e80c890a454a534a68b1f1f491d2c8f6f78af490695ebaf667aaa5acbd42e2b0f294998b21bc9b1d9d9441ea0022d27335383f4e26d30134e3201b4077,common_voice_en_17329293.mp3,,0af632e80c890a454a534a68b1f1f491d2c8f6f78af490695ebaf667aaa5acbd42e2b0f294998b21bc9b1d9d9441ea0022d27335383f4e26d30134e3201b4077,common_voice_en_17358384.mp3,It's a shame that soliloquies are no longer a large part of modern literature.,c084baba1bda5cd9bc26c12b228072b727ae26201bc70ac6f7c3d45063fc25cd19535d6d0480dd6d0c5617a5d468a0c0d8da57b500f5f7f26923ad1c09307745,common_voice_en_27188400.mp3,"He owns a condominium in the Brighton Beach neighborhood of Brooklyn, New York.",8449194e8b74b81d761d7a3786cdd5d099aff4f33737c7f476edf3435c3eb483ff6d6515d153c7cfb9193821f01a3a0bd6b049740b029acd7b1488df9bd579d8
t0126,male,cause,cause,101,1.566,common_voice_en_17329285.mp3,"""Jellyfish can cause serious injuries"", the physician explained to the patient.",0af632e80c890a454a534a68b1f1f491d2c8f6f78af490695ebaf667aaa5acbd42e2b0f294998b21bc9b1d9d9441ea0022d27335383f4e26d30134e3201b4077,common_voice_en_17329303.mp3,,0af632e80c890a454a534a68b1f1f491d2c8f6f78af490695ebaf667aaa5acbd42e2b0f294998b21bc9b1d9d9441ea0022d27335383f4e26d30134e3201b4077,common_voice_en_604474.mp3,I feel I ought to take care of her.,56fe7487ce852a3c2fbddf789b8fd2fa2d2bbd20fe37b400ec73e161adb04c692026e06a4200dd2890d2968edf5bdd29fb167be737af2ef1cf8846db7aa09c09,common_voice_en_25837326.mp3,"She was, at one time, Australia's richest woman.",5fb78c3239268c52eac5fbc0953bc0a858dcac53f294e072fc312174f31dd69bd03cefcb5b712747656283c7bb8999a0ce53e00088424940245a88b320b477e8
t0127,female,child,child,116,2.964,common_voice_en_17896664.mp3,A burnt child dreads the fire.,3324d4a2db8999e9b636e2041b663b46afecad306f002fe04ca30528003f0657612999686896885576eecf1750fc768044a669d44ef909c41502dea093176e8c,common_voice_en_17896663.mp3,like,3324d4a2db8999e9b636e2041b663b46afecad306f002fe04ca30528003f0657612999686896885576eecf1750fc768044a669d44ef909c41502dea093176e8c,common_voice_en_25947271.mp3,"Even with explosives, they can hardly make a granite burn.",a10753df0e8ac187b68b6199cee91ad2ad6428ddc405bd87720f8b9a89db37549e9f3e38154b426aaaa9afa03c94f6db66062225cd3c0e22a47fb52f2cc2cf39,common_voice_en_23438035.mp3,"He returned home ill, and died at Danville five weeks later.",1b3926baec025c02cadcf9816c13268ced2a32f97cedf810bf21d819ae338bbff4fe8cf77d8eb2c85de9e78e9b2011ff14f07fc6cc05efff2f74351b7563af1c
t0128,female,group,group,296,1.526,common_voice_en_17857617.mp3,A group of doctors examined the patient's medical charts.,292554dc2992a6cfa71015bc5446130ac34a3f9f7f846aa81977cff97cd6decbeff8ee37ff93244608f699828708f3a35e02e30dfca08527e35bfa987279aade,common_voice_en_17857620.mp3,funds,292554dc2992a6cfa71015bc5446130ac34a3f9f7f846aa81977cff97cd6decbeff8ee37ff93244608f699828708f3a35e02e30dfca08527e35bfa987279aade,common_voice_en_22324031.mp3,Filmation decided to expand and reformat the film to a Christmas television special.,fd52910d24299328945044ddd49dd2d79ef95c7b0d6e38d06d65a1d9330f64f45a8426cf556ed10a705307dcf622e1fe152ee48d5bd2e38b89b4da815b5c38a6,common_voice_en_23903141.mp3,Ready and willing in the discharge of his duty.,372293e65cdab88771e028a4351651ab2eff64438ddafc211e089247dcdccca350153465eb5409ce708081d9ad384af45d1dc57bbe030ae1a2c0edd561322fb8
t0129,female,medical,medical,408,3.887,common_voice_en_17857617.mp3,A group of doctors examined the patient's medical charts.,292554dc2992a6cfa71015bc5446130ac34a3f9f7f846aa81977cff97cd6decbeff8ee37ff93244608f699828708f3a35e02e30dfca08527e35bfa987279aade,common_voice_en_17857620.mp3,funds,292554dc2992a6cfa71015bc5446130ac34a3f9f7f846aa81977cff97cd6decbeff8ee37ff93244608f699828708f3a35e02e30dfca08527e35bfa987279aade,common_voice_en_18073309.mp3,What did your books tell you about this epoch of the city?,050b7c721443d809e30fded1216d66a37326bcd2eec6f21d98806665fcef15452d9561f9dd3c4a70c7487009ae87e1f4266bfaa0f9e49c3b823929e8f078b5bc,common_voice_en_24953795.mp3,She was sold to a private party.,00309ae51fe07824676d5a3b39837b0a8927c064b7a054f3083f6f9cf7741987f8c92cb60c4c93e86a4e1be11dad46b92285584802bbe6a0fd618ca0f44b2959
t0130,female,level,level,373,1.703,common_voice_en_17857619.mp3,At that high level the air is pure.,292554dc2992a6cfa71015bc5446130ac34a3f9f7f846aa81977cff97cd6decbeff8ee37ff93244608f699828708f3a35e02e30dfca08527e35bfa987279aade,common_voice_en_17857617.mp3,examined,292554dc2992a6cfa71015bc5446130ac34a3f9f7f846aa81977cff97cd6decbeff8ee37ff93244608f699828708f3a35e02e30dfca08527e35bfa987279aade,common_voice_en_20072374.mp3,She starred alongside Adrienne King and Caroline Williams.,eeb001abc2922936dd6d3ba7684e71d09048351bcb2739c5c8da3c9bdd00ea1d6dc801815de929b33a20b0b2c7d5860f7ad34906e1091d6a9e1a284b1cd1f877,common_voice_en_27766513.mp3,Construction of townhomes and condominiums in the area was a result of the station.,5e1a3a4f618a6fbea466e432536fa518882f4be8ba2c3a55a06b1895b0f79bd0866e174556d818c0020a0ab28bdb45bf1e207d3343c9c76785fab40f04940735
t0131,male,let's,let's,372,4.806,common_voice_en_17545387.mp3,"Before we begin with the actual baptism, let's renew our creed.",7685fd43e6c49351aa2bbc2146ae5d0e43171317ad5b7586f183cb811c9b81b3f1db78aa9b3c39348c051d1e89f74be6a76905820aacc5850348517f601619ab,common_voice_en_17545385.mp3,,7685fd43e6c49351aa2bbc2146ae5d0e43171317ad5b7586f183cb811c9b81b3f1db78aa9b3c39348c051d1e89f74be6a76905820aacc5850348517f601619ab,common_voice_en_17840380.mp3,After the storm comes the calm.,b419faab633f2099c6405ff157b4d9fb5675219570f2683a4d08cbadeac4431e9d9b30dfa9b04f79aad9d8e3f75fda964809f3aa72ae9d0a4a025c59417f3dd1,common_voice_en_18544066.mp3,Celia heard Harry behind her draw a long breath of relief.,81f6c6f90817a8f196da1843163f8aeebc92a3ab259c95b0fa8803dcab26b190ccc5ff9531baae3a70e4523c599892277801a3de49d96e30c62c48d1d71287fd
t0132,male,would,would,788,1.468,common_voice_en_17545385.mp3,Why would I want to do that?,7685fd43e6c49351aa2bbc2146ae5d0e43171317ad5b7586f183cb811c9b81b3f1db78aa9b3c39348c051d1e89f74be6a76905820aacc5850348517f601619ab,common_voice_en_17545387.mp3,,7685fd43e6c49351aa2bbc2146ae5d0e43171317ad5b7586f183cb811c9b81b3f1db78aa9b3c39348c051d1e89f74be6a76905820aacc5850348517f601619ab,common_voice_en_19153689.mp3,Sunni Muslims live in specific areas.,f648ef524f600983bfa37cf3c0bd86c8cb925bfa35c3a1f04e797af662cac3a36263ea70a738b66556e2638db51fe00cbe2af226c6731001e91765de64ae5821,common_voice_en_22294059.mp3,Each team will visit every other team three times during the season.,e17543e8707555aca0f74ab59a0fc6b202cf3d77a3a16b187cd08c46112728f6f45a8a06457734dc552fa5747ad29639fd2f387d1a503e4ec5e9bf663baa86f0
t0133,female,south,south,640,2.316,common_voice_en_23883719.mp3,It is bordered to the south by Attala County.,b779db7939aed133ee10cd7bc8f5c6791935f4f5f8cc80c4338e621ad8b99c50ec1a642e203e5fa69834fd6158bc614fdb5f54cd486a49a2b936a4e0c31677b7,common_voice_en_23883732.mp3,not,b779db7939aed133ee10cd7bc8f5c6791935f4f5f8cc80c4338e621ad8b99c50ec1a642e203e5fa69834fd6158bc614fdb5f54cd486a49a2b936a4e0c31677b7,common_voice_en_22307391.mp3,The old Angadanan town was part of the Cagayan Valley province.,fd52910d24299328945044ddd49dd2d79ef95c7b0d6e38d06d65a1d9330f64f45a8426cf556ed10a705307dcf622e1fe152ee48d5bd2e38b89b4da815b5c38a6,common_voice_en_24782973.mp3,"With no drive letter prefixed, access was to files on the current default drive.",b0058552fe8bf052c08a228af2231131bcd6e3a10819d4c52749e9525ba65afe4d8e22179cc1e19cbaacf35a4b5d87d0eec3d68d5e13a5d8b59433a2577abcfd
t0134,female,direction,direction,189,1.646,common_voice_en_23883733.mp3,The reading direction of the painting should be made from top to bottom.,b779db7939aed133ee10cd7bc8f5c6791935f4f5f8cc80c4338e621ad8b99c50ec1a642e203e5fa69834fd6158bc614fdb5f54cd486a49a2b936a4e0c31677b7,common_voice_en_23883732.mp3,not,b779db7939aed133ee10cd7bc8f5c6791935f4f5f8cc80c4338e621ad8b99c50ec1a642e203e5fa69834fd6158bc614fdb5f54cd486a49a2b936a4e0c31677b7,common_voice_en_20173649.mp3,But it's also no step backward.,0b93e3ca92f789efee5ddf320b062016fb8ec40f4f62eb3244dc578a75b2a5bd5792f600ceeb51de2f8ba2fb97d10e6fc2e04721e11b8a5a304ca6982dfeb599,common_voice_en_19368405.mp3,Charles Pettit McIlvaine succeeded him as Ohio's bishop and Kenyon College's president.,5560ae0e93452df2f8353dd42742da027f402a9d1142eff76ee3fb4499c137d360da4b0283da3eb997753c8931ad5371fa004291735f9969aaf4dfb893f11cd3
t0135,female,should,should,617,3.181,common_voice_en_23883733.mp3,The reading direction of the painting should be made from top to bottom.,b779db7939aed133ee10cd7bc8f5c6791935f4f5f8cc80c4338e621ad8b99c50ec1a642e203e5fa69834fd6158bc614fdb5f54cd486a49a2b936a4e0c31677b7,common_voice_en_23883732.mp3,not,b779db7939aed133ee10cd7bc8f5c6791935f4f5f8cc80c4338e621ad8b99c50ec1a642e203e5fa69834fd6158bc614fdb5f54cd486a49a2b936a4e0c31677b7,common_voice_en_20218609.mp3,"Other alternatives are 'dirty place', from the old English ""scite"".",1dcdedbe135ec7be714cfd2845fda08de01e759ee5cdb67bd5e6d84079be42dba7ee2337644680d79784f7ba5e63dc2ad89088d38857bd27d81c11dea60d338b,common_voice_en_20744274.mp3,The department has MoUs with design studios abroad as well as in India.,372293e65cdab88771e028a4351651ab2eff64438ddafc211e089247dcdccca350153465eb5409ce708081d9ad384af45d1dc57bbe030ae1a2c0edd561322fb8
t0136,female,centre,centre,106,2.386,common_voice_en_23883730.mp3,It may differ from the centre of gravity.,b779db7939aed133ee10cd7bc8f5c6791935f4f5f8cc80c4338e621ad8b99c50ec1a642e203e5fa69834fd6158bc614fdb5f54cd486a49a2b936a4e0c31677b7,common_voice_en_23883732.mp3,not,b779db7939aed133ee10cd7bc8f5c6791935f4f5f8cc80c4338e621ad8b99c50ec1a642e203e5fa69834fd6158bc614fdb5f54cd486a49a2b936a4e0c31677b7,common_voice_en_19632048.mp3,"Proline, a naturally occurring chiral compound, is readily and cheaply available.",5f2259dc27770b4e782d869bcb4543899daafe0d6a889da6f43bffdd6afcd12d87cadb1446cbd014afb92f8822b3585b93aefaef61cc98d9e7ca300e2f77eb3e,common_voice_en_17833625.mp3,Samuel wrote in his testament that his grandchildren should inherit all his money.,b419faab633f2099c6405ff157b4d9fb5675219570f2683a4d08cbadeac4431e9d9b30dfa9b04f79aad9d8e3f75fda964809f3aa72ae9d0a4a025c59417f3dd1
t0137,male,without,without,779,4.567,common_voice_en_19616191.mp3,Hongi was able to uplift the guns without them being paid for.,11645b59ec56e6b2ab82803d8f834498c17aea3246696c1ceb7944c44ff7291e10fa777dd38d4b418ddfb32c2a6a319872afd27338f8df93b8a9c8298a84d1d5,common_voice_en_19616192.mp3,books,11645b59ec56e6b2ab82803d8f834498c17aea3246696c1ceb7944c44ff7291e10fa777dd38d4b418ddfb32c2a6a319872afd27338f8df93b8a9c8298a84d1d5,common_voice_en_23802649.mp3,"“You’re only a bird!” “Quite true,” said the parrot.",2c1ac3407d9096add6e97c9e922e59fc83e9dc1cea58088c734ecf1e702ba41edda207c822111c275fccdc9b0117fa41f644597d8832c97da191446134db91b8,common_voice_en_50880.mp3,The display was underwhelming.,ee0dd2cf4383159aea5f7d2d6919e6311cc2ea9bb1b6c7cd2a5d289c96d7aeab2e6540a57700b8f7438ca48842e58c3c6e6b01160d638bfe2003c0017e32cdbb
t0138,male,being,being,64,5.369,common_voice_en_19616191.mp3,Hongi was able to uplift the guns without them being paid for.,11645b59ec56e6b2ab82803d8f834498c17aea3246696c1ceb7944c44ff7291e10fa777dd38d4b418ddfb32c2a6a319872afd27338f8df93b8a9c8298a84d1d5,common_voice_en_19616192.mp3,books,11645b59ec56e6b2ab82803d8f834498c17aea3246696c1ceb7944c44ff7291e10fa777dd38d4b418ddfb32c2a6a319872afd27338f8df93b8a9c8298a84d1d5,common_voice_en_19467280.mp3,The fine altar rails are now in the Guard Room.,0e5663cd280e946751fd167d00b1111965de49b2c93734c336e6ba12aa818a8a4eefc1cca362b4a9802172f549575b8907688284feab9bde4cbeabcffbd6598d,common_voice_en_20743527.mp3,Dalence has represented Sweden at youth levels.,7eff9a54bdb0619deffda7609d5b8565278e3328de99e63908be2a37c1ad16516240b9c92bc6b68d8130b20dc556f57005dc053f4874a49589f5971a31b97e98
t0139,male,"limited,",limited,376,1.815,common_voice_en_19616192.mp3,"The editions were limited, and the books are now rare.",11645b59ec56e6b2ab82803d8f834498c17aea3246696c1ceb7944c44ff7291e10fa777dd38d4b418ddfb32c2a6a319872afd27338f8df93b8a9c8298a84d1d5,common_voice_en_19616191.mp3,guns,11645b59ec56e6b2ab82803d8f834498c17aea3246696c1ceb7944c44ff7291e10fa777dd38d4b418ddfb32c2a6a319872afd27338f8df93b8a9c8298a84d1d5,common_voice_en_165026.mp3,You're through deciding anything!,cc7e6dc7797985d7c5d09a8db7f72f5e4ab65de1872d8e3e311560227b0d2bf1ccf82e612b6192616a2af4c76c051dc634cb94928c0bba49d2d5027c96decf1b,common_voice_en_156626.mp3,There was hardly any movement from the pit.,8c112feaa4966eaed91fce05b6f44caa9827ac2a7810ec9f4309b36fbbb94ca8971d97622c2f426957fb6c5069d35f836633e37787b58d2b606b9d7e187ff8f2
t0140,male,books,books,74,2.938,common_voice_en_19616192.mp3,"The editions were limited, and the books are now rare.",11645b59ec56e6b2ab82803d8f834498c17aea3246696c1ceb7944c44ff7291e10fa777dd38d4b418ddfb32c2a6a319872afd27338f8df93b8a9c8298a84d1d5,common_voice_en_19616191.mp3,guns,11645b59ec56e6b2ab82803d8f834498c17aea3246696c1ceb7944c44ff7291e10fa777dd38d4b418ddfb32c2a6a319872afd27338f8df93b8a9c8298a84d1d5,common_voice_en_22953644.mp3,Perkin Warbeck's personal history has been fraught with many unreliable and varying statements.,49518b0d6dc530fcb03351c761b8b69aba18a29400ec4510ccfc214f1905114cc6fb992128c51bbba73e54db9cb9e534446ebc5f27748ea922d1913e0635ac2e,common_voice_en_532624.mp3,What time was it?,3a38f5ce9b27a4d2d0ab43cfb976ae040660ddb9d310bd0e0492118e0f09ec9730755ec3e959ddc332b877c3db8ac93349d9499aae98b641161d81b83dd66380
t0141,male,title,title,717,2.034,common_voice_en_19616193.mp3,"The working title for the novel was ""The Four Gifts"".",11645b59ec56e6b2ab82803d8f834498c17aea3246696c1ceb7944c44ff7291e10fa777dd38d4b418ddfb32c2a6a319872afd27338f8df93b8a9c8298a84d1d5,common_voice_en_19616191.mp3,guns,11645b59ec56e6b2ab82803d8f834498c17aea3246696c1ceb7944c44ff7291e10fa777dd38d4b418ddfb32c2a6a319872afd27338f8df93b8a9c8298a84d1d5,common_voice_en_26761216.mp3,The special geometry of the sticks increase the pain during locks and blocks.,fc1a65bc38b6573393f0caeb9f52ee20621d4626b2215579878924856e1f6877689fa1b08d2b990b9c62f0c06875675934deb5af7596d0ebd7b20537fc4b7cfd,common_voice_en_20443428.mp3,"In Canada, one label is that of the Environmental Choice Program.",43ccf9f4dce9e8a86359088edc0a6ad414149544108d0808cdc9202df371b2b86d161e18e04a894f22c07b77f99de3869f3982eb5f23d03d31efb261e49da923
t0142,male,novel,novel,460,2.995,common_voice_en_19616193.mp3,"The working title for the novel was ""The Four Gifts"".",11645b59ec56e6b2ab82803d8f834498c17aea3246696c1ceb7944c44ff7291e10fa777dd38d4b418ddfb32c2a6a319872afd27338f8df93b8a9c8298a84d1d5,common_voice_en_19616191.mp3,guns,11645b59ec56e6b2ab82803d8f834498c17aea3246696c1ceb7944c44ff7291e10fa777dd38d4b418ddfb32c2a6a319872afd27338f8df93b8a9c8298a84d1d5,common_voice_en_20506382.mp3,"Fuld expressed confusion at the expression, apparently unfamiliar with the term.",0492b10d28c463b8e0c46474b913fa6548ef9e994f6bc90053026d6255406868706e902420c3ae252c6683779c69ce025158f950dff9a35d8c91deacd209eff3,common_voice_en_26638250.mp3,"It is most famous for the ""Ultima"" and ""Wing Commander"" series.",7b3bd826b4ea163e018ca7c7e6f8944576116a7aa1f2bdce71ddf65d265d3148dca22ad2a9601b8f2244f34bf7f3edb0fa7c2977865f433d813587d22a4f49c4
t0143,female,serves,serves,607,1.887,common_voice_en_21702621.mp3,"He or she also serves as the Commissioner of Firearms under the ""Firearms Act"".",e31ad34a1ebf3c9dd9634fccbb4eae00258820dabc3a03778bf2df9fd14e8da57851b9aa4352ff96a029e94f4655ae47aa5567e1c859672ca40c981ac878b236,common_voice_en_21702623.mp3,pray,e31ad34a1ebf3c9dd9634fccbb4eae00258820dabc3a03778bf2df9fd14e8da57851b9aa4352ff96a029e94f4655ae47aa5567e1c859672ca40c981ac878b236,common_voice_en_204927.mp3,"He was twenty minutes from his tent, and began to make his way there.",a2342240a3c3dda9b73309f89d40bf7e8f49474806dd29def8e521746d6a70e014214c2ca1aa983cbb6e34c040018a561a30fe074929c6f62f323622597362e8,common_voice_en_23353795.mp3,"Milwaukee's roster still boasted Hall of Famers Henry Aaron, Eddie Mathews and Warren Spahn.",51b2771333aee3c5b1f25421377564e5ea17337c6c9f2155bfba6aabe7e25871354490f65b9daafb4195c3e6e32f61df398b92cf2da8a475ba38e5b3bacb6096
t0144,female,under,under,740,3.793,common_voice_en_21702621.mp3,"He or she also serves as the Commissioner of Firearms under the ""Firearms Act"".",e31ad34a1ebf3c9dd9634fccbb4eae00258820dabc3a03778bf2df9fd14e8da57851b9aa4352ff96a029e94f4655ae47aa5567e1c859672ca40c981ac878b236,common_voice_en_21702623.mp3,pray,e31ad34a1ebf3c9dd9634fccbb4eae00258820dabc3a03778bf2df9fd14e8da57851b9aa4352ff96a029e94f4655ae47aa5567e1c859672ca40c981ac878b236,common_voice_en_20077154.mp3,"It is a significant component of soil organic matter, particularly in temperate deciduous woodland.",c9f1d445301711a7d53a76f506ae07c496fe91176f637909bc4a5d00ef9a81cc523d0f4451b91a544f9850fd379734b6dc1e916fd351b87728a1bd95c8bd3b55,common_voice_en_18869343.mp3,"He suffered from writers' palsy for several years, but eventually recovered.",c7fa9b2502b716b516b076ca89ff79e29d183ac0c006ce10ce33b61b0cd08542049535c83a89ff71168375d4a3bbbca2bcc25ecf5cc5f0653563862b73121cd2
t0145,male,floor,floor,255,1.635,common_voice_en_19345592.mp3,"The interior floor has been flooded by basaltic lava, leaving a dark, level interior.",2cabcb2c2e02e505f4c252aea1dda5bce10e9e995ec97f6bf2191ae07e171124bc12b9994309ff0fae3c8cc0823f96c715ede068c5e0b9ab0816ffe3fffbaa79,common_voice_en_24174809.mp3,,2cabcb2c2e02e505f4c252aea1dda5bce10e9e995ec97f6bf2191ae07e171124bc12b9994309ff0fae3c8cc0823f96c715ede068c5e0b9ab0816ffe3fffbaa79,common_voice_en_26976342.mp3,His research is primarily concerned with the early modern French emblem books.,35876b023422c554cdf604507d64a2a5213fbb57750d8440a0cc218da76b0767cb50fa768bc6daadd522697fa874490d751c1da12d77cb06e2b2a180bc04a8b9,common_voice_en_27993350.mp3,The lounge is also providing selected foods and beverages.,65e4db551f3892e439dcc7a1714efccd1166701f881a09dcebdaef42e6a24e97212d4a2af1416e119fd1747bf6a9d7c6e8a82f08e5833b11bbb3595e15c42ee4
t0146,male,leaving,leaving,371,4.827,common_voice_en_19345592.mp3,"The interior floor has been flooded by basaltic lava, leaving a dark, level interior.",2cabcb2c2e02e505f4c252aea1dda5bce10e9e995ec97f6bf2191ae07e171124bc12b9994309ff0fae3c8cc0823f96c715ede068c5e0b9ab0816ffe3fffbaa79,common_voice_en_24174809.mp3,,2cabcb2c2e02e505f4c252aea1dda5bce10e9e995ec97f6bf2191ae07e171124bc12b9994309ff0fae3c8cc0823f96c715ede068c5e0b9ab0816ffe3fffbaa79,common_voice_en_138401.mp3,"If you start your emails with ""Greetings"" let me be the first to welcome you to Earth.",a1808c8cf685c72a28cf6515bc48725a389b14c2971e691c2d7455ab8b2f01f23dd7685aee40b61c536140d684cfa4ea89a4e9a3e118b16a3fa0a9c2d789dffe,common_voice_en_27294925.mp3,"Nevertheless, O'Brien successfully sued Ohio State for improper termination.",e31822077e104d2f1781db7ce098c016abca0314515a35f564b26c30e59c0d2a0206cdf020dfbfe4e7340388f898c34d51e2d625681694a797c49581af656fba
t0147,male,Canadian,canadian,94,2.272,common_voice_en_24174809.mp3,"It appears in the Canadian political maxim Peace, order and good government.",2cabcb2c2e02e505f4c252aea1dda5bce10e9e995ec97f6bf2191ae07e171124bc12b9994309ff0fae3c8cc0823f96c715ede068c5e0b9ab0816ffe3fffbaa79,common_voice_en_19345592.mp3,,2cabcb2c2e02e505f4c252aea1dda5bce10e9e995ec97f6bf2191ae07e171124bc12b9994309ff0fae3c8cc0823f96c715ede068c5e0b9ab0816ffe3fffbaa79,common_voice_en_18355932.mp3,"Count the people on the bus, and don't forget to include yourself.",fa72a606e1ad4a1794d1f306aca94fb84aaeb416a131142da884097bb49516d15fa644e5935901ce5205c8c11d9dcd314eb5f79f875e5c5b838f17d15129594b,common_voice_en_25116820.mp3,Klara was buried in Leonding near Linz.,4fa8a461efce3c04d90515450f1c28ecbc425533c2393d23d398d8d8087c667f291a47dcb16d56b1d5257e5080f69b30f912335dde217987641c2d5e655a600a
t0148,male,political,political,515,2.863,common_voice_en_24174809.mp3,"It appears in the Canadian political maxim Peace, order and good government.",2cabcb2c2e02e505f4c252aea1dda5bce10e9e995ec97f6bf2191ae07e171124bc12b9994309ff0fae3c8cc0823f96c715ede068c5e0b9ab0816ffe3fffbaa79,common_voice_en_19345592.mp3,,2cabcb2c2e02e505f4c252aea1dda5bce10e9e995ec97f6bf2191ae07e171124bc12b9994309ff0fae3c8cc0823f96c715ede068c5e0b9ab0816ffe3fffbaa79,common_voice_en_654022.mp3,"It has a few basic functions to connect to the eye tracker, get position data, and activate the current gaze point.",a81792474a5b6778edfe08390bbc2b2e8ecc471ef28cebfe159d3bfb7120e001d2b50be91522df66f4f279fa975d92cc6d409e53a1d7ed92f93cb131fc13ad15,common_voice_en_165510.mp3,"""Why did you want to see me?"" the boy asked.",dd203085253d2225a3d002b42923b93e13c924bd6787e631376ced8314ee82afa1c7ecb09e5bb3dca330f571f326c251ed7476f31cb7f3c27adaceccb513e41d
t0149,male,order,order,475,5.726,common_voice_en_24174809.mp3,"It appears in the Canadian political maxim Peace, order and good government.",2cabcb2c2e02e505f4c252aea1dda5bce10e9e995ec97f6bf2191ae07e171124bc12b9994309ff0fae3c8cc0823f96c715ede068c5e0b9ab0816ffe3fffbaa79,common_voice_en_19345592.mp3,,2cabcb2c2e02e505f4c252aea1dda5bce10e9e995ec97f6bf2191ae07e171124bc12b9994309ff0fae3c8cc0823f96c715ede068c5e0b9ab0816ffe3fffbaa79,common_voice_en_20091580.mp3,"Although the fan was overhung, inlet guide vanes were still incorporated.",16daa53b3eb4df2b559fa5274f8f94d111d4070ee4a730957c6ee7d79a58455f5a68a706fdfbe34f3ea06dcfe08eecb29fae8fcb2adcde1d52e19457856647ec,common_voice_en_18865956.mp3,One part of the risk assessment is based on the patients' health.,235bc5e8cb4acbde21bcba2cfa878d502b820febf2e475c4158916ceb0fb78b72ed5485ad3973ae9fc1d671983b2d64beb53afaa83129fa4c0bb8bfdf06d8bd8
t0150,male,known,known,357,2.597,common_voice_en_19347758.mp3,"The Coral Gables Guard is well known for their intricate, innovative routines.",2cabcb2c2e02e505f4c252aea1dda5bce10e9e995ec97f6bf2191ae07e171124bc12b9994309ff0fae3c8cc0823f96c715ede068c5e0b9ab0816ffe3fffbaa79,common_voice_en_19345592.mp3,,2cabcb2c2e02e505f4c252aea1dda5bce10e9e995ec97f6bf2191ae07e171124bc12b9994309ff0fae3c8cc0823f96c715ede068c5e0b9ab0816ffe3fffbaa79,common_voice_en_18144325.mp3,Tight curls get limp on rainy days.,64b9623abc2396d296ea4a014a54d7eb8ab53b36957d346fa2785f7400443f55816b226ad1ed09ad13379588b5082312f78e1ed167207d960c4eb51ab6491ebb,common_voice_en_27274791.mp3,We firmly state our outrage on all the attacks on all journalists and citizens.,0b3d55acf115fdf88131d7324fa9a7e1a26542405b0671d5ec0d9ed34b40fa0158576fd51ee9cc937a41b1c529f49cfb23fec693ae1382f21ec8fed796a9dece
t0151,female,leave,leave,369,2.95,common_voice_en_617394.mp3,"Mrs. Travis, when I leave my kids in kindergarten, I expect you to supervise them.",11ec372417df77b07bb129cc7572637abe768dd9ba9a6cf66c66b5081a6016aa00fb0a31287220448ed090f18b89fb45ff7e35247c32e492909a9d08f7645c84,common_voice_en_16665979.mp3,almost,11ec372417df77b07bb129cc7572637abe768dd9ba9a6cf66c66b5081a6016aa00fb0a31287220448ed090f18b89fb45ff7e35247c32e492909a9d08f7645c84,common_voice_en_24387888.mp3,They include: Jericho Road and Touch of Love.,57d9be2eeda5fbaad0290c45f4e95813da95e09633d5fd84df35a758151788abec644a351cdf610c7b792561d1db0ac6f122dbc94404646941967bd6f0befd44,common_voice_en_17267437.mp3,"She was beautiful from behind, but he couldn't see her face yet.",fdcab9861a3de8913b99470efefdd496f7500e233d7a34a4bf246ca2321426334f7206282773114305bb5b045ee084a0c9e50c6160fc40ac34ba2009e1997f8f
t0152,female,almost,almost,22,1.661,common_voice_en_16665979.mp3,It almost retained its shape.,11ec372417df77b07bb129cc7572637abe768dd9ba9a6cf66c66b5081a6016aa00fb0a31287220448ed090f18b89fb45ff7e35247c32e492909a9d08f7645c84,common_voice_en_617394.mp3,kindergarten,11ec372417df77b07bb129cc7572637abe768dd9ba9a6cf66c66b5081a6016aa00fb0a31287220448ed090f18b89fb45ff7e35247c32e492909a9d08f7645c84,common_voice_en_15577793.mp3,Help the weak to preserve their strength.,2516b77f6c37c7316b25e1d3b2e37d5618e53085a330d35e3aa24739b2f8185cde4f789f44c2d08c3868e0c53a224385915174addaed1400a08d7b5745697370,common_voice_en_542331.mp3,Who's the ten for?,4401102bd840fcabbb70f8e918a9ac0bde7588264a8e3a3f970e43cbe97e6e6c22069af36b72e04cbf2ec4032cd9aad2bf9899a1808ae2136180ed683bd532f9
t0153,male,buried,buried,87,1.719,common_voice_en_19382251.mp3,"Baxter is buried at Bulawayo Town Cemetery, Bulawayo, Zimbabwe.",37fdc19866d71e0e39cd5f3aef5005324128085ab8ffa0480c5c137aef0b192bf2bf1a3f0bc370e7792e0f43df2087accb1d04125166929b60c0003c9e157681,common_voice_en_19382249.mp3,acquitted,37fdc19866d71e0e39cd5f3aef5005324128085ab8ffa0480c5c137aef0b192bf2bf1a3f0bc370e7792e0f43df2087accb1d04125166929b60c0003c9e157681,common_voice_en_18139327.mp3,"In addition, the feature axis is configurable.",64b9623abc2396d296ea4a014a54d7eb8ab53b36957d346fa2785f7400443f55816b226ad1ed09ad13379588b5082312f78e1ed167207d960c4eb51ab6491ebb,common_voice_en_23807064.mp3,Likewise the same group of people would change their name according to different circumstances.,d41f1040b1deb7817ec405888029a9b80e5d9d46200b7f0253140477c12b76fd93ce6a1ed5f7759ff47ca1baf988b8f0f388a96859aea49c6e251a5347c9a6d7
t0154,male,"Cemetery,",cemetery,103,2.914,common_voice_en_19382251.mp3,"Baxter is buried at Bulawayo Town Cemetery, Bulawayo, Zimbabwe.",37fdc19866d71e0e39cd5f3aef5005324128085ab8ffa0480c5c137aef0b192bf2bf1a3f0bc370e7792e0f43df2087accb1d04125166929b60c0003c9e157681,common_voice_en_19382249.mp3,acquitted,37fdc19866d71e0e39cd5f3aef5005324128085ab8ffa0480c5c137aef0b192bf2bf1a3f0bc370e7792e0f43df2087accb1d04125166929b60c0003c9e157681,common_voice_en_28831901.mp3,"It was conceived, written and directed by Gerard Alessandrini.",b4cf0fc121d6f1bb918eb98b924ddab496b472d7f1bac8678785a5191ab57bbfc775e3aa1822fe68443bcec1bb6c26fd76edaec69dcb17a6b8f67c30e702387b,common_voice_en_28258.mp3,You will get donuts as a bonus if you take a selfie with me.,c948b5166ffa7f0a17b7d067f7f99418cfe1cf101ee9b845047cdcb43911af6bc2c5f775f5099e60052e8edf9d59a2a0fdd906095c9ea0f02c8af763b2088235
t0155,female,given,given,287,2.242,common_voice_en_20273624.mp3,"He was given the name ""Jourdain"" after being baptised in the Jordan River.",aed91da51a4e9722a8c2a5d00393d9aa1da7de7bf01c641cbc48131b7226dc31e14529d0644062fc2c3c9e45c8ec02f865cdc58cf3f3e6468f8524e3da7ffc76,common_voice_en_20273621.mp3,because,aed91da51a4e9722a8c2a5d00393d9aa1da7de7bf01c641cbc48131b7226dc31e14529d0644062fc2c3c9e45c8ec02f865cdc58cf3f3e6468f8524e3da7ffc76,common_voice_en_12081042.mp3,Sigmund depicted the occurrence with all its obscene details.,70c21ca1cc3de05f3c23b11615cd7d5dd078e03cda0cd46224c802cb358d2bddc9df76042f0f15fe5c3d655d19f20193db107b130128af209e229afabf047b54,common_voice_en_19794576.mp3,It has also been visited by William Hague and Malcolm Rifkind.,1cd745a059804da8b927c8ac2190ca7d3042e456d969231a41327fceb7d0e5af8ec17e11d03de191b5b3b739b099bb07e1c7d0bff04e6b61d18a0df6035b1ff8
t0156,female,after,after,14,4.554,common_voice_en_20273624.mp3,"He was given the name ""Jourdain"" after being baptised in the Jordan River.",aed91da51a4e9722a8c2a5d00393d9aa1da7de7bf01c641cbc48131b7226dc31e14529d0644062fc2c3c9e45c8ec02f865cdc58cf3f3e6468f8524e3da7ffc76,common_voice_en_20273621.mp3,because,aed91da51a4e9722a8c2a5d00393d9aa1da7de7bf01c641cbc48131b7226dc31e14529d0644062fc2c3c9e45c8ec02f865cdc58cf3f3e6468f8524e3da7ffc76,common_voice_en_22448101.mp3,Mercury is based on the logic programming language Prolog.,e2b25b63d51bc81dc2c9a756699f1535212beb8c61b684eae202243d5dbfd4efb2a7fabe022f1d7458169ad56cebd5da6c5cd935d2fd29ed9dfb192934e4f223,common_voice_en_21244398.mp3,"This generally served with different types of vegetables, potatoes and salads.",6a8c1a14620661b745d0a2322f7003029fee9f696c0188791fae303cf14cccba44b8b7088d8b1ddd41c1ed07572d98d242f6a37a2283e7419f41632fa6e11a4c
t0157,female,being,being,64,4.934,common_voice_en_20273624.mp3,"He was given the name ""Jourdain"" after being baptised in the Jordan River.",aed91da51a4e9722a8c2a5d00393d9aa1da7de7bf01c641cbc48131b7226dc31e14529d0644062fc2c3c9e45c8ec02f865cdc58cf3f3e6468f8524e3da7ffc76,common_voice_en_20273621.mp3,because,aed91da51a4e9722a8c2a5d00393d9aa1da7de7bf01c641cbc48131b7226dc31e14529d0644062fc2c3c9e45c8ec02f865cdc58cf3f3e6468f8524e3da7ffc76,common_voice_en_20150560.mp3,Tega Cay is run under a manager-council government framework.,1f150fa72ab4ef621c4294d6a1ac26a477f4a8b88090c9560a07086a823090bd820852a2c23c96076c62baf2e5479183f58d0257aefc2fc8ee49d0ee724b6d6c,common_voice_en_213415.mp3,Looks like about ten years a piece for you birds.,6b3579133fec8726891750d1bac07a84fbee4acb18bfd7ece34c3771c6e08fc5f8a59a745c47ee8ea94f190b9bcd1037bf1eaf055a66769c435226807f61f8f6
t0158,female,because,because,58,3.405,common_voice_en_20273621.mp3,Volcanic stones are safe because they do not explode from the temperature.,aed91da51a4e9722a8c2a5d00393d9aa1da7de7bf01c641cbc48131b7226dc31e14529d0644062fc2c3c9e45c8ec02f865cdc58cf3f3e6468f8524e3da7ffc76,common_voice_en_20273624.mp3,,aed91da51a4e9722a8c2a5d00393d9aa1da7de7bf01c641cbc48131b7226dc31e14529d0644062fc2c3c9e45c8ec02f865cdc58cf3f3e6468f8524e3da7ffc76,common_voice_en_22145639.mp3,"Though identified as male, he is never depicted, and thought to be formless.",6e1206f16d7e7f28a968ead79bf084c9bb6029e181b78a9f25d38b9888b36dff77e03774661c26a531672f8f2428f9be8f38e5918efe27a0a9a1f212cbfb2fa5,common_voice_en_23713438.mp3,Musicians such as Lowell George and Wilton Felder worked with Cale on the release.,d6138d34031228608c885d090eee5fb1558121c7c5a65102e3d8f0e4f68b153df8f34682ce27a8c6ad9c1919d3abfbd652ab6f1ab1f14a5f4b0ed89afde7bb7f
t0159,female,member,member,409,4.085,common_voice_en_20273615.mp3,Osborne was a Freemason and a member of the York Rite.,aed91da51a4e9722a8c2a5d00393d9aa1da7de7bf01c641cbc48131b7226dc31e14529d0644062fc2c3c9e45c8ec02f865cdc58cf3f3e6468f8524e3da7ffc76,common_voice_en_20273624.mp3,,aed91da51a4e9722a8c2a5d00393d9aa1da7de7bf01c641cbc48131b7226dc31e14529d0644062fc2c3c9e45c8ec02f865cdc58cf3f3e6468f8524e3da7ffc76,common_voice_en_21868218.mp3,Later Surtur was imprisoned inside the Earth.,e0b7d7e4c71c7950805d23c4619f67d03166136ad4a186cee47fb91ad6d107ba7042b734e7d03ea8153c9d72b79333546dbc98e85408b608e5ef88fbae567294,common_voice_en_34039.mp3,Strike while the iron is hot,b23c9e5b3f705f41a8fa4f494eec0b394a004fe847add20283cdf9416970b2d6102de49eeba1008521b8178701c555518ab372c885f194532808b08d100c3a1a
t0160,female,route,route,592,1.845,common_voice_en_20273565.mp3,"The route runs through the districts of Fort Garry, Saint Vital, and Saint Boniface.",aed91da51a4e9722a8c2a5d00393d9aa1da7de7bf01c641cbc48131b7226dc31e14529d0644062fc2c3c9e45c8ec02f865cdc58cf3f3e6468f8524e3da7ffc76,common_voice_en_20273624.mp3,,aed91da51a4e9722a8c2a5d00393d9aa1da7de7bf01c641cbc48131b7226dc31e14529d0644062fc2c3c9e45c8ec02f865cdc58cf3f3e6468f8524e3da7ffc76,common_voice_en_17247499.mp3,Did the president just lie again?,329597f25495bcfc862d46e5ae53b8635d5b5cdba88f6ffd4946b9c7f6eb38d03e13c7ef20ba75b5f3db5fecfa6d5d7baef2191f1a41ad7b2c9441f567b3c4cd,common_voice_en_18896342.mp3,"She said that this awakening was a direct, mystical experience of the ""creator's"" love.",c033a40de471f73f610c8a4a9b8ff4095b320a298f9e9b1e5a5173c3d0a4a3087ffdb04b1e62a2ab553b1aed63ccea506adc67466fcb00a08436c317894b52ec
t0161,male,people,people,492,3.689,common_voice_en_16185418.mp3,Writing sentences that will be read by hundreds of people makes me feel so powerful!,cf09b894a9a826e4c33d56bd0572425aac4a65aad24e4ee812ecb9902787dc55929cf8d200696b7ea21a151c339118ef53b599a5ad71b1e3c24612bb1e14d18a,common_voice_en_16185417.mp3,told,cf09b894a9a826e4c33d56bd0572425aac4a65aad24e4ee812ecb9902787dc55929cf8d200696b7ea21a151c339118ef53b599a5ad71b1e3c24612bb1e14d18a,common_voice_en_17941116.mp3,"Lions hunt their prey with sprints, whereas wolves take advantage of their stamina.",f0ea206776edd98e6ab41801393839be2d3a3508647336452079b21ddc3ed6eafddd8489e7a79cf149c48136862b49b77c412f7721653750f051aa12c2858e0b,common_voice_en_18854475.mp3,He became Member of Parliament for King's Lynn in the Rump Parliament.,29b8505586cd43382cd695da6b943f401104be710a5b60e814ac5fe7e06b39459cf8fe1701ca83f8154b3ccd749df7c2aef33ff23950bb1a135b1e1c393dbcf6
t0162,male,makes,makes,396,4.12,common_voice_en_16185418.mp3,Writing sentences that will be read by hundreds of people makes me feel so powerful!,cf09b894a9a826e4c33d56bd0572425aac4a65aad24e4ee812ecb9902787dc55929cf8d200696b7ea21a151c339118ef53b599a5ad71b1e3c24612bb1e14d18a,common_voice_en_16185417.mp3,told,cf09b894a9a826e4c33d56bd0572425aac4a65aad24e4ee812ecb9902787dc55929cf8d200696b7ea21a151c339118ef53b599a5ad71b1e3c24612bb1e14d18a,common_voice_en_23920597.mp3,"Resellers, by the very nature of their business are retailers.",f86623298d3dbab0187cbb055721fd4596c8665c4e19fd49626680bad857630e33db565c426d2d648df7136e1e3374004d18f072ce5da469596f6a1ebe8f5e62,common_voice_en_17868898.mp3,"Grime, rust and residual particles polluted the air.",eb45c440ecc89c89c784fd3d5282d03636d09f085d8bf982d0c0922dfdf11a4254dd062d954288fdbd1aaba791c1fa5a75b5300b13e837cfc6cf84ef0b254544
t0163,female,three,three,713,2.465,common_voice_en_25641224.mp3,Landrum was incorporated as a town three years later.,4a31d3f26d2220235b114f379f20e2b8674e4af54e17769e4dc7118305a0fb1867b3add5742e53909b3ae14b35e21aa6cd703754a1bc72447d4799b7fc494d19,common_voice_en_25641263.mp3,of,4a31d3f26d2220235b114f379f20e2b8674e4af54e17769e4dc7118305a0fb1867b3add5742e53909b3ae14b35e21aa6cd703754a1bc72447d4799b7fc494d19,common_voice_en_24923756.mp3,Because of these statistics Grorud is a recurring theme in Norwegian immigration politics.,1fc06ae2858fe60314b607d8728ce36d5dcd8f22f6f13b106b6c4a346da6e0d00fa406883a1bfa9a0973fa46de07b02b471559048f76b07fd708d71dbac8907c,common_voice_en_24536147.mp3,Its county seat is Raeford.,a2576ccf04ad8c0dbe2b29f3843c1ed984d8bd91480766f4bf99c933d99ae8d2b32afc34c7e185b06c2b16deae4fbabb8030906be2455973e2d85d92b0afbc6e
t0164,female,after,after,14,3.125,common_voice_en_25641225.mp3,Total Immersion teaches propulsive methods after balance and streamlining.,4a31d3f26d2220235b114f379f20e2b8674e4af54e17769e4dc7118305a0fb1867b3add5742e53909b3ae14b35e21aa6cd703754a1bc72447d4799b7fc494d19,common_voice_en_25641224.mp3,,4a31d3f26d2220235b114f379f20e2b8674e4af54e17769e4dc7118305a0fb1867b3add5742e53909b3ae14b35e21aa6cd703754a1bc72447d4799b7fc494d19,common_voice_en_23436161.mp3,Clarkston is on the Eastern Continental Divide.,7eff9a54bdb0619deffda7609d5b8565278e3328de99e63908be2a37c1ad16516240b9c92bc6b68d8130b20dc556f57005dc053f4874a49589f5971a31b97e98,common_voice_en_19579335.mp3,The game had mediocre reception.,74491ccd3495e209ddd31169484962be9536d4e4861cd2cf8eecba0cc90549aa42b1e3b88baedd6a5e231f1580f0b656d378ba61130bc91a960034b174260ceb
t0165,female,attended,attended,48,1.593,common_voice_en_25641285.mp3,"Gambari attended King's College, Lagos.",4a31d3f26d2220235b114f379f20e2b8674e4af54e17769e4dc7118305a0fb1867b3add5742e53909b3ae14b35e21aa6cd703754a1bc72447d4799b7fc494d19,common_voice_en_25641224.mp3,,4a31d3f26d2220235b114f379f20e2b8674e4af54e17769e4dc7118305a0fb1867b3add5742e53909b3ae14b35e21aa6cd703754a1bc72447d4799b7fc494d19,common_voice_en_20110176.mp3,Lauren Hutton played Marjorie in the original Los Angeles production.,83ea7bf72cf6dbf761a5cc956e93f24622ab0a1f4f84086c03d3b8dcda396ba723cfdbe487e86a9378536c0b21897e1cc865589ce5ae4674549e1ec9d7ea8d7b,common_voice_en_20428380.mp3,"Terminology aside, Stevenson interprets ethical statements according to two patterns of analysis.",c4215a63594a310a1f1003e4cc4a990ad4c7475e8cb46582a77860e27dc59993062e0d817ccd56b5eea9c8f436b1ab5140e7b4a616264571c5836dfd87080ca9
t0166,female,"College,",college,131,2.484,common_voice_en_25641285.mp3,"Gambari attended King's College, Lagos.",4a31d3f26d2220235b114f379f20e2b8674e4af54e17769e4dc7118305a0fb1867b3add5742e53909b3ae14b35e21aa6cd703754a1bc72447d4799b7fc494d19,common_voice_en_25641224.mp3,,4a31d3f26d2220235b114f379f20e2b8674e4af54e17769e4dc7118305a0fb1867b3add5742e53909b3ae14b35e21aa6cd703754a1bc72447d4799b7fc494d19,common_voice_en_27163112.mp3,"It is the sequel to ""A Wizard Alone"".",e31822077e104d2f1781db7ce098c016abca0314515a35f564b26c30e59c0d2a0206cdf020dfbfe4e7340388f898c34d51e2d625681694a797c49581af656fba,common_voice_en_23950768.mp3,Gogarty became a World Champion after winning the fight on a ten-round decision.,372293e65cdab88771e028a4351651ab2eff64438ddafc211e089247dcdccca350153465eb5409ce708081d9ad384af45d1dc57bbe030ae1a2c0edd561322fb8
t0167,female,comes,comes,133,1.817,common_voice_en_477405.mp3,Treason is a blow that comes unexpectedly.,0ae84240d635ebb50f3b3445b3d9c7b29393d7d3573c38d90a6438d850788a9907e8fce4bcfda6461a46d2952b5cd5120e29ae4c743e8a4ac9bde825ec682ec3,common_voice_en_477424.mp3,,0ae84240d635ebb50f3b3445b3d9c7b29393d7d3573c38d90a6438d850788a9907e8fce4bcfda6461a46d2952b5cd5120e29ae4c743e8a4ac9bde825ec682ec3,common_voice_en_18666033.mp3,Not for many and many a day.,a0ea8412dec28aa4af465a75259e1f1795e3ba931052ecb943d2624bf18cbc232d514dbfc87c9690c8b21d4d8f857c396354b68e589da5f647cf1e10018cb828,common_voice_en_24923650.mp3,It is part of the Tungenes deanery in the Diocese of Stavanger.,685fc3f72e3273222217bf3247d0505b2ed51c35d929a095d5895b240a752f7817d14b444c96a0f2934b7db3675599fe5d162f698cc390c589250a31e1209c4f
t0168,female,began,began,61,1.644,common_voice_en_477452.mp3,"So he began to wander through the city, and found himself at the gates.",0ae84240d635ebb50f3b3445b3d9c7b29393d7d3573c38d90a6438d850788a9907e8fce4bcfda6461a46d2952b5cd5120e29ae4c743e8a4ac9bde825ec682ec3,common_voice_en_477405.mp3,,0ae84240d635ebb50f3b3445b3d9c7b29393d7d3573c38d90a6438d850788a9907e8fce4bcfda6461a46d2952b5cd5120e29ae4c743e8a4ac9bde825ec682ec3,common_voice_en_24671004.mp3,"The old slogan So Long, Folks!",0b07b11d44f1821e97bc7cca74fa7e2b4143f8fbbd27f936ce457769cfe00730b04d7208145382ec3b1155a9ce935b4b370a9ea376ee41c506ca77ca07e725f6,common_voice_en_20235989.mp3,The main criticism against industrial policy arises from the concept of government failure.,82d0e533baa1ed402a199bb3514f2b23f7148112ba3eeed71ab6528ccd9b2b8223c5d45a8264339ee99d71c1777dc7642113fef4144acbb028234ca4c0f3b462
t0169,female,through,through,714,2.487,common_voice_en_477452.mp3,"So he began to wander through the city, and found himself at the gates.",0ae84240d635ebb50f3b3445b3d9c7b29393d7d3573c38d90a6438d850788a9907e8fce4bcfda6461a46d2952b5cd5120e29ae4c743e8a4ac9bde825ec682ec3,common_voice_en_477405.mp3,,0ae84240d635ebb50f3b3445b3d9c7b29393d7d3573c38d90a6438d850788a9907e8fce4bcfda6461a46d2952b5cd5120e29ae4c743e8a4ac9bde825ec682ec3,common_voice_en_19942140.mp3,These are mostly the ground floor of residential tenement buildings.,5fb307b380477f7afec56f36d64ba9fc5dc663fcf74a66292a4be47f7735f230325de3ad4d28634a13983f8ced227811a80e566f92b431eac527f6e5171366c3,common_voice_en_536808.mp3,Just thirty short days.,3dafc5618440504cee75715e40ac5063a2a9d7c198b3465baef953f2c7b293001ba38fd8c66984626927b00cf1059791d89aee06c09e04213f3043dc8e64c023
t0170,female,found,found,267,3.499,common_voice_en_477452.mp3,"So he began to wander through the city, and found himself at the gates.",0ae84240d635ebb50f3b3445b3d9c7b29393d7d3573c38d90a6438d850788a9907e8fce4bcfda6461a46d2952b5cd5120e29ae4c743e8a4ac9bde825ec682ec3,common_voice_en_477405.mp3,,0ae84240d635ebb50f3b3445b3d9c7b29393d7d3573c38d90a6438d850788a9907e8fce4bcfda6461a46d2952b5cd5120e29ae4c743e8a4ac9bde825ec682ec3,common_voice_en_258159.mp3,You have developed a serious case of pneumonia.,a7342b9e04eb9f8b1ab61c9246045fcefcd0885376d8e6d9a04b6433cf11ad8f352c96c2b68d840c3e3ff1a872cee01804d5b3c43ceaf697290bddf5affd6f3c,common_voice_en_24606849.mp3,The Sovereign Council exercised considerable authority over New France's economic affairs.,a2576ccf04ad8c0dbe2b29f3843c1ed984d8bd91480766f4bf99c933d99ae8d2b32afc34c7e185b06c2b16deae4fbabb8030906be2455973e2d85d92b0afbc6e
t0171,female,himself,himself,311,3.8,common_voice_en_477452.mp3,"So he began to wander through the city, and found himself at the gates.",0ae84240d635ebb50f3b3445b3d9c7b29393d7d3573c38d90a6438d850788a9907e8fce4bcfda6461a46d2952b5cd5120e29ae4c743e8a4ac9bde825ec682ec3,common_voice_en_477405.mp3,,0ae84240d635ebb50f3b3445b3d9c7b29393d7d3573c38d90a6438d850788a9907e8fce4bcfda6461a46d2952b5cd5120e29ae4c743e8a4ac9bde825ec682ec3,common_voice_en_22981676.mp3,After that they decided to sail upstream until they reached the mouth of Dubysa.,7eff9a54bdb0619deffda7609d5b8565278e3328de99e63908be2a37c1ad16516240b9c92bc6b68d8130b20dc556f57005dc053f4874a49589f5971a31b97e98,common_voice_en_20035296.mp3,The governance structure of the California State University is largely determined by state law.,ef0d986858cbdabf2e3d1f2fdc13fee2bb8f275612b3676c4e8184d70ca29b80f9086577dacf2719512bf501ad859d3b77234072297d542825abee080211af1d
t0172,male,without,without,779,1.534,common_voice_en_614036.mp3,They climbed a tall crane without securing themselves and filmed it for their YouTube channel.,07103d2981a79a5ee51ca523d06a97d5de84fc25fe59efbadb10db4c8e918347ac75edd4a1868f6a870ba0b80ebabe76e97db30787253a8a59ad3eaa4eddf282,common_voice_en_614046.mp3,will,07103d2981a79a5ee51ca523d06a97d5de84fc25fe59efbadb10db4c8e918347ac75edd4a1868f6a870ba0b80ebabe76e97db30787253a8a59ad3eaa4eddf282,common_voice_en_143060.mp3,The lake was nestled in the ring of mountains.,a34aa4d99834a10d7ac42c67983355c1f58d6a24c227c048e0c3ba194c19f3fcf57c54b07a8bee94e95c4fa1aebc3adf6780d210ff62581eec1325236cc55e79,common_voice_en_21867428.mp3,Between the two World Wars he remained an active reserve and Territorial Army member.,e0b7d7e4c71c7950805d23c4619f67d03166136ad4a186cee47fb91ad6d107ba7042b734e7d03ea8153c9d72b79333546dbc98e85408b608e5ef88fbae567294
t0173,male,themselves,themselves,698,2.317,common_voice_en_614036.mp3,They climbed a tall crane without securing themselves and filmed it for their YouTube channel.,07103d2981a79a5ee51ca523d06a97d5de84fc25fe59efbadb10db4c8e918347ac75edd4a1868f6a870ba0b80ebabe76e97db30787253a8a59ad3eaa4eddf282,common_voice_en_614046.mp3,will,07103d2981a79a5ee51ca523d06a97d5de84fc25fe59efbadb10db4c8e918347ac75edd4a1868f6a870ba0b80ebabe76e97db30787253a8a59ad3eaa4eddf282,common_voice_en_682752.mp3,The ladder of the fire truck was not long enough.,3b1c4275d21927df653747359d2218e3a4b473d2d90711920128e9a0c682cfd30a096c3e5721c800b0635bdef0494bdbd6a74be8e27ca5171108070d2fb4fc72,common_voice_en_27617165.mp3,"It takes its name from George Hartsell, one of the railroad's owners.",fd52910d24299328945044ddd49dd2d79ef95c7b0d6e38d06d65a1d9330f64f45a8426cf556ed10a705307dcf622e1fe152ee48d5bd2e38b89b4da815b5c38a6
t0174,female,called,called,90,5.068,common_voice_en_26532253.mp3,"Together, the data and index components are called a cluster.",c8be5e5160748bb5ce3a1138dd5d4bc07d0becf12c2e205ad421fa202038dffe6c5ad264beb25a399cbaab9608a40cc9bcd11e4ab698281673c6f7227dcf6dbe,common_voice_en_26532258.mp3,enjoys,c8be5e5160748bb5ce3a1138dd5d4bc07d0becf12c2e205ad421fa202038dffe6c5ad264beb25a399cbaab9608a40cc9bcd11e4ab698281673c6f7227dcf6dbe,common_voice_en_20816260.mp3,Peter Karmel was the first Vice-Chancellor and Sir Mark Mitchell the first Chancellor.,7eff9a54bdb0619deffda7609d5b8565278e3328de99e63908be2a37c1ad16516240b9c92bc6b68d8130b20dc556f57005dc053f4874a49589f5971a31b97e98,common_voice_en_19111755.mp3,The plateau of Leng with its inhuman treacheries is too near.,530b14fc75dc12f6d611eb5992a13ee6380094aeae298d33381a0f141bb2d9dee46707dce29577ccab6480ee6e0c6afec1590620cc008db2a4b6ed699c2ae2fb
t0175,female,there,there,700,1.875,common_voice_en_26532250.mp3,He was told there was nothing wrong with the signal.,c8be5e5160748bb5ce3a1138dd5d4bc07d0becf12c2e205ad421fa202038dffe6c5ad264beb25a399cbaab9608a40cc9bcd11e4ab698281673c6f7227dcf6dbe,common_voice_en_26532258.mp3,enjoys,c8be5e5160748bb5ce3a1138dd5d4bc07d0becf12c2e205ad421fa202038dffe6c5ad264beb25a399cbaab9608a40cc9bcd11e4ab698281673c6f7227dcf6dbe,common_voice_en_645612.mp3,"On top of all that, the weeds keep growing and the garbage has to be taken out.",4d25a814abf402e8383e5ee561bfdaa32baf602eedeff371833d1412d2352dca355419018152daa9f6a62d598dea2f8eefe722b111318f00b28ae795ac0cfbb2,common_voice_en_32390.mp3,Did you want to see her about something important?,98cfd9f3c99239b59083d23821824b62cb9fc1b2ea62a69dcad91eace1b707116a987d0b012d6bf23a2326a895f58a1b3d9779bdac725e7257bca63f8a1ea2db
t0176,female,nothing,nothing,459,2.595,common_voice_en_26532250.mp3,He was told there was nothing wrong with the signal.,c8be5e5160748bb5ce3a1138dd5d4bc07d0becf12c2e205ad421fa202038dffe6c5ad264beb25a399cbaab9608a40cc9bcd11e4ab698281673c6f7227dcf6dbe,common_voice_en_26532258.mp3,enjoys,c8be5e5160748bb5ce3a1138dd5d4bc07d0becf12c2e205ad421fa202038dffe6c5ad264beb25a399cbaab9608a40cc9bcd11e4ab698281673c6f7227dcf6dbe,common_voice_en_17955651.mp3,This is such a large dim sum menu.,97b5754c2b7322d08cc69d621f60a6be00d50a86ef476e6a240529cb2dc06025626beddbcafff75d80ec8871a4b8cae6dd253dfa7009ee443b82423108973e01,common_voice_en_66058.mp3,Viral marketing is a buzzword used frequently by economists.,c2a11d0758de9c05d34a6fa331b70c7b7c02a53fd0474e5eafcdfa739574c3dc5875e59d705e6294e03c88400d1909d68d78dd70bfb5c8627a3c3cb4e5608730
t0177,male,members,members,410,1.683,common_voice_en_27586542.mp3,They were definitely members of the same genus.,44184f9dda2c364dcec98c57292917a3b8f60b3416f7b921f12e0f6fa0162476eac2378de5cdb0968692e34b99c9b922f279e15d10c6383fb0363970ce38fcc8,common_voice_en_26323318.mp3,assistant,44184f9dda2c364dcec98c57292917a3b8f60b3416f7b921f12e0f6fa0162476eac2378de5cdb0968692e34b99c9b922f279e15d10c6383fb0363970ce38fcc8,common_voice_en_25239332.mp3,Verdonk was strongly criticised for her actions in such a sensitive case.,372293e65cdab88771e028a4351651ab2eff64438ddafc211e089247dcdccca350153465eb5409ce708081d9ad384af45d1dc57bbe030ae1a2c0edd561322fb8,common_voice_en_28698207.mp3,And Queen Ermintrude was asleep.,8ddd7fd2a654d4d7b70b9b3f780b0e5d845e3bf05f4cd3495ef777ee0bfd70fcdde793e03a08a92e3e9f6a140df9a26f1cad706e34ba86bbeb2c42ad01c5ea95
t0178,male,appointed,appointed,40,2.503,common_voice_en_26323318.mp3,Max Zorn was appointed as an assistant at the University of Halle.,44184f9dda2c364dcec98c57292917a3b8f60b3416f7b921f12e0f6fa0162476eac2378de5cdb0968692e34b99c9b922f279e15d10c6383fb0363970ce38fcc8,common_voice_en_27586542.mp3,the,44184f9dda2c364dcec98c57292917a3b8f60b3416f7b921f12e0f6fa0162476eac2378de5cdb0968692e34b99c9b922f279e15d10c6383fb0363970ce38fcc8,common_voice_en_19131393.mp3,He devaluated the national currency and increased the prices on food and common items.,d7c73ae2de660adfdeb61aeb21afd7ac68d69e3651943b502c64697c81d8e01afb2c00e6b295f7015041007dac086776ab9778627a6fa3339e2b8e40c12cc8e6,common_voice_en_28165537.mp3,"In September, the one coin per person ordering restriction was removed.",fd52910d24299328945044ddd49dd2d79ef95c7b0d6e38d06d65a1d9330f64f45a8426cf556ed10a705307dcf622e1fe152ee48d5bd2e38b89b4da815b5c38a6
t0179,male,University,university,746,3.946,common_voice_en_26323318.mp3,Max Zorn was appointed as an assistant at the University of Halle.,44184f9dda2c364dcec98c57292917a3b8f60b3416f7b921f12e0f6fa0162476eac2378de5cdb0968692e34b99c9b922f279e15d10c6383fb0363970ce38fcc8,common_voice_en_27586542.mp3,the,44184f9dda2c364dcec98c57292917a3b8f60b3416f7b921f12e0f6fa0162476eac2378de5cdb0968692e34b99c9b922f279e15d10c6383fb0363970ce38fcc8,common_voice_en_27503958.mp3,The certificate then was issued by the state Ministry of Health and valid nationwide.,d5880664e0b201cf24b4972ea9890b801afe05af05cd4302d95952f06934198872328efbf6eb11bf51e169d4c62a0e8756088bbe001fc353a9b6d080ed9ee3dc,common_voice_en_373234.mp3,Let's have a look at the standard deviation.,ac9f10660745011df38550cb171d51f730c7cd72a7f0599d5cf8312d3e0201663f5a3eb23c6cf1627dd682163cc5414fef8a1ca2a01f365aab0e16a446c3e3f4
t0180,male,slowly,slowly,628,2.965,common_voice_en_26723455.mp3,Beginners are advised to build up slowly to a weight training program.,44184f9dda2c364dcec98c57292917a3b8f60b3416f7b921f12e0f6fa0162476eac2378de5cdb0968692e34b99c9b922f279e15d10c6383fb0363970ce38fcc8,common_voice_en_27586542.mp3,the,44184f9dda2c364dcec98c57292917a3b8f60b3416f7b921f12e0f6fa0162476eac2378de5cdb0968692e34b99c9b922f279e15d10c6383fb0363970ce38fcc8,common_voice_en_27025.mp3,But use them to buy your flock.,6fff940078be249138b0f7b502ed8778fe2ca88192d539b68a5bbf04ea7b3d92b95c370152f84231aebda9e17936f0eab6a3fc5786ac4816d69852d078a974b9,common_voice_en_20242637.mp3,Kerner retained Paul Connolly and Thomas Patton of Williams and Connolly to represent him.,34a6c90e78cd451d11d2154e7f038042233f87162758780458937dcf864b94631bbe04807c7bed0ca0991071d2e262263f60d7cd3688ea7e7ac11f7d8f5869ff
t0181,male,training,training,728,3.756,common_voice_en_26723455.mp3,Beginners are advised to build up slowly to a weight training program.,44184f9dda2c364dcec98c57292917a3b8f60b3416f7b921f12e0f6fa0162476eac2378de5cdb0968692e34b99c9b922f279e15d10c6383fb0363970ce38fcc8,common_voice_en_27586542.mp3,the,44184f9dda2c364dcec98c57292917a3b8f60b3416f7b921f12e0f6fa0162476eac2378de5cdb0968692e34b99c9b922f279e15d10c6383fb0363970ce38fcc8,common_voice_en_22204270.mp3,"At the request of Young and Duke, the moonwalk was extended by ten minutes.",0dc3da46dc4c38b30eeba7811fe5aa768d87a173a05a4f038975c3a288048b6f8e5270548f8f9012bf66cf0fdb9ddd3ecb4805a572df3da6cbce5b5ab1b2bb35,common_voice_en_23826165.mp3,The award is sponsored by the International Amateur Radio Union.,fd8233b9e60ba635cefb3d3130ae076b83e54d8e90e56e8ecb3319ade12af143709276ca2e455358d19c6c896abf9ffc87633d585548f1ee9fc52c6067fd1254
t0182,male,London,london,386,3.604,common_voice_en_27558904.mp3,"His brother, Frank, is a drama lecturer at a London university.",44184f9dda2c364dcec98c57292917a3b8f60b3416f7b921f12e0f6fa0162476eac2378de5cdb0968692e34b99c9b922f279e15d10c6383fb0363970ce38fcc8,common_voice_en_27586542.mp3,the,44184f9dda2c364dcec98c57292917a3b8f60b3416f7b921f12e0f6fa0162476eac2378de5cdb0968692e34b99c9b922f279e15d10c6383fb0363970ce38fcc8,common_voice_en_23768006.mp3,In his back yard I saw the red wheelbarrow surrounded by the white chickens.,bbbcb732e0f422150c30ff3654bbab572e2a617da107bca22ff8b89ab2e4f124d03b6a92c48322862f60bd0179ae07baf0f9b4f9c4e11d581e0cec70f703ba54,common_voice_en_590266.mp3,Maybe he'll give us one.,370c2a3db1b39f6673b310402fa4cf2afa85ae4d4bbdd978e7ef9c4b89f37eada17f7e2cba582262bb26a5d0d752a9bf7bdec43d15fb6ae54ceb869c286272cc
t0183,female,longer,longer,387,2.63,common_voice_en_19055652.mp3,Two-handed swords naturally had longer handles and were broad at the hilt.,b570d19edbda421e0975056b5fdf4cefbc3825b840aacaa337567ec1aa151a81633eb645a86c8c1c22b23e7f916c60c20cb115de29b670511fb9413611e8cc3b,common_voice_en_19055618.mp3,against,b570d19edbda421e0975056b5fdf4cefbc3825b840aacaa337567ec1aa151a81633eb645a86c8c1c22b23e7f916c60c20cb115de29b670511fb9413611e8cc3b,common_voice_en_27244086.mp3,They are also clustered.,fd52910d24299328945044ddd49dd2d79ef95c7b0d6e38d06d65a1d9330f64f45a8426cf556ed10a705307dcf622e1fe152ee48d5bd2e38b89b4da815b5c38a6,common_voice_en_18143210.mp3,May I borrow your bolster?,aa0f68e3a1ecd7edc3bee027c59d022e2c9c21c643d23c2dcb5ec38175531e30155b5b8b5783f5af0d1bbe4c99aaee82d28e4dc2e711c49f0b780b91ca0fa613
t0184,female,designed,designed,182,2.245,common_voice_en_19055618.mp3,The agreement included provisions designed to ensure against a similar shutdown in the future.,b570d19edbda421e0975056b5fdf4cefbc3825b840aacaa337567ec1aa151a81633eb645a86c8c1c22b23e7f916c60c20cb115de29b670511fb9413611e8cc3b,common_voice_en_19055652.mp3,handles,b570d19edbda421e0975056b5fdf4cefbc3825b840aacaa337567ec1aa151a81633eb645a86c8c1c22b23e7f916c60c20cb115de29b670511fb9413611e8cc3b,common_voice_en_22447877.mp3,"These wheeled devices introduce an additional limitation, however, since they cannot negotiate stairs.",e2b25b63d51bc81dc2c9a756699f1535212beb8c61b684eae202243d5dbfd4efb2a7fabe022f1d7458169ad56cebd5da6c5cd935d2fd29ed9dfb192934e4f223,common_voice_en_17850813.mp3,A wisp of cloud hung in the blue air.,3725bdd6c58300b16dc7e9ac75338b2c384dd2c5b76aff72e30b702c431191c118ae99518b3a6de964fe89ab20ae26fbd0071984a89beb013de02bbe80a3651c
t0185,female,against,against,16,3.138,common_voice_en_19055618.mp3,The agreement included provisions designed to ensure against a similar shutdown in the future.,b570d19edbda421e0975056b5fdf4cefbc3825b840aacaa337567ec1aa151a81633eb645a86c8c1c22b23e7f916c60c20cb115de29b670511fb9413611e8cc3b,common_voice_en_19055652.mp3,handles,b570d19edbda421e0975056b5fdf4cefbc3825b840aacaa337567ec1aa151a81633eb645a86c8c1c22b23e7f916c60c20cb115de29b670511fb9413611e8cc3b,common_voice_en_20106518.mp3,The lower court's ruling was upheld.,4a72051d75f8434000a9f74bd44d0c372f986c50ea5022967b322d3962563499e354a0779a59d910b52167d871c8ff9578f2a6c1da20d0712f37f455ac40f275,common_voice_en_19047230.mp3,"It was unique, as other flag proposals avoid the color blue altogether.",eea317aa3ade40e4e7b49267e99bd16d198902c702929d5c16604d507a593f87e8cfd71d12e6792374cf8e111143f031ece36fe6e013bb59e5b66fb9d068dd3d
t0186,female,similar,similar,621,3.569,common_voice_en_19055618.mp3,The agreement included provisions designed to ensure against a similar shutdown in the future.,b570d19edbda421e0975056b5fdf4cefbc3825b840aacaa337567ec1aa151a81633eb645a86c8c1c22b23e7f916c60c20cb115de29b670511fb9413611e8cc3b,common_voice_en_19055652.mp3,handles,b570d19edbda421e0975056b5fdf4cefbc3825b840aacaa337567ec1aa151a81633eb645a86c8c1c22b23e7f916c60c20cb115de29b670511fb9413611e8cc3b,common_voice_en_28095188.mp3,An old platform in poor condition remains at the former station.,af9c15b78f47fc932ee4a2fab15488dd4295f87b2a3359c855aad4f383b20bced882b0bb7ffa51fe7a08897bcd7370705108bb2cd7dd3919806d7d39f2209c7f,common_voice_en_632631.mp3,And I think it's terrific!,1f4a908155f75bb2372928047f65e3a170ba285bb7f207409874d9e0be634a645020ebe2437040a4b64ae4eac61ffdda8850284b738276572794f360721e540c
t0187,female,future.,future,278,4.652,common_voice_en_19055618.mp3,The agreement included provisions designed to ensure against a similar shutdown in the future.,b570d19edbda421e0975056b5fdf4cefbc3825b840aacaa337567ec1aa151a81633eb645a86c8c1c22b23e7f916c60c20cb115de29b670511fb9413611e8cc3b,common_voice_en_19055652.mp3,handles,b570d19edbda421e0975056b5fdf4cefbc3825b840aacaa337567ec1aa151a81633eb645a86c8c1c22b23e7f916c60c20cb115de29b670511fb9413611e8cc3b,common_voice_en_20179916.mp3,You love me.,29b8505586cd43382cd695da6b943f401104be710a5b60e814ac5fe7e06b39459cf8fe1701ca83f8154b3ccd749df7c2aef33ff23950bb1a135b1e1c393dbcf6,common_voice_en_60221.mp3,It was just ripe enough to eat.,fed9256c65cd48a2d4da7e34aa45be31129328ddcd07ede75ae4ccb0f890d77550d441e0fff05791be816ca2b3350a68229e42728b2273d517addf9eb0529cb4
t0188,female,eastern,eastern,204,1.782,common_voice_en_19055632.mp3,They are found in eastern Asia.,b570d19edbda421e0975056b5fdf4cefbc3825b840aacaa337567ec1aa151a81633eb645a86c8c1c22b23e7f916c60c20cb115de29b670511fb9413611e8cc3b,common_voice_en_19055652.mp3,handles,b570d19edbda421e0975056b5fdf4cefbc3825b840aacaa337567ec1aa151a81633eb645a86c8c1c22b23e7f916c60c20cb115de29b670511fb9413611e8cc3b,common_voice_en_39626.mp3,"It knew of the boy's talk with the desert, because the winds know everything.",c6d7188e8341684a6a559c901415673164000023989a187b3cf03acd18141c8e5cc402e81117324da8368e44a332ee738d648a426d7698d4db5b4eb5df227a81,common_voice_en_187525.mp3,"His new friend pushed the owner aside, and pulled the boy outside with him.",98fe805c3f4574a544a08ff69e80d35a16b966886f06c435f938123a931f7b6e3c0b716ac55763848295f9172076c25a7b53ea3e042e321389de7729baaf8a36
t0189,male,Following,following,257,1.554,common_voice_en_25136015.mp3,"Following the season, Patek signed as a free agent with the California Angels.",878309e007dc6fadd337b484eced6caa25dee79016f855bff5ff2fad6b3e6223fb27ffb080821ed406418864992eeccb32bfde180c95087f6349f189d8661465,common_voice_en_25136019.mp3,belongs,878309e007dc6fadd337b484eced6caa25dee79016f855bff5ff2fad6b3e6223fb27ffb080821ed406418864992eeccb32bfde180c95087f6349f189d8661465,common_voice_en_25438647.mp3,Her character appeared absolutely changed.,a2576ccf04ad8c0dbe2b29f3843c1ed984d8bd91480766f4bf99c933d99ae8d2b32afc34c7e185b06c2b16deae4fbabb8030906be2455973e2d85d92b0afbc6e,common_voice_en_23374897.mp3,"The concert was performed at the former Griffiss Air Force Base, a Superfund site.",7eff9a54bdb0619deffda7609d5b8565278e3328de99e63908be2a37c1ad16516240b9c92bc6b68d8130b20dc556f57005dc053f4874a49589f5971a31b97e98
t0190,male,"season,",season,600,2.106,common_voice_en_25136015.mp3,"Following the season, Patek signed as a free agent with the California Angels.",878309e007dc6fadd337b484eced6caa25dee79016f855bff5ff2fad6b3e6223fb27ffb080821ed406418864992eeccb32bfde180c95087f6349f189d8661465,common_voice_en_25136019.mp3,belongs,878309e007dc6fadd337b484eced6caa25dee79016f855bff5ff2fad6b3e6223fb27ffb080821ed406418864992eeccb32bfde180c95087f6349f189d8661465,common_voice_en_22708479.mp3,"Not as long as I live, Ellen: for no mortal creature.",ba1fbb56476c7290abd8fe390ca430767a01dc38fdcf43047efbe5c82dbf3452ba10a6a0370c159895d031290202a55af5c66db54a2da27f57d212d7fa929de1,common_voice_en_26665061.mp3,"Under the government of Jeff Kennett, the state government-run bus routes were privatised.",5eaa49f00193ae8a891fa69e0c5a5ddbaf415ec00f344e11d982c8ec02606e2c4af3b7d9e4dc96fc3f68a296ff841aabea06ee2177d4966adfaeb885a7031ced
t0191,male,California,california,89,4.643,common_voice_en_25136015.mp3,"Following the season, Patek signed as a free agent with the California Angels.",878309e007dc6fadd337b484eced6caa25dee79016f855bff5ff2fad6b3e6223fb27ffb080821ed406418864992eeccb32bfde180c95087f6349f189d8661465,common_voice_en_25136019.mp3,belongs,878309e007dc6fadd337b484eced6caa25dee79016f855bff5ff2fad6b3e6223fb27ffb080821ed406418864992eeccb32bfde180c95087f6349f189d8661465,common_voice_en_28775938.mp3,Saturday's afternoon qualifying session lasted for an hour.,d8dfd505efdb447a1db9abd9c89eaf88bd331c75cf4f506896bccb4f2abe8062aeb094efe87e3d75757636777ce215f353575aceb11a5293d582426c558708c1,common_voice_en_581023.mp3,You ought to stay over.,6f1a5c01a73c42d50b6c6e1734b1a57d00d1c0d042f0c1eef241a2d147a7187c1e631bffe03c8ef1fe4689d68953552a3169e5bbf9ae7e836442b7e78f7c0473
t0192,male,Canada.,canada,93,2.907,common_voice_en_25136017.mp3,"The headquarters is in Richmond Hill, Canada.",878309e007dc6fadd337b484eced6caa25dee79016f855bff5ff2fad6b3e6223fb27ffb080821ed406418864992eeccb32bfde180c95087f6349f189d8661465,common_voice_en_25136019.mp3,belongs,878309e007dc6fadd337b484eced6caa25dee79016f855bff5ff2fad6b3e6223fb27ffb080821ed406418864992eeccb32bfde180c95087f6349f189d8661465,common_voice_en_18985132.mp3,His paintings have a linear quality identified with his Umbrian contemporaries.,d84a5c1237232c89dd9c876e73fe68713daeb187b4656e12bfd57f8aae0be6150ec8963c162a9a8b84404cda523c9d2f6b4cbd88dd0b4a6f52ab71eb24ba0a75,common_voice_en_17773588.mp3,This was thanks to gold being discovered and the building of gold mines.,3883f719d95b1d18f1541e53f20fcd645d1cf454977e0c0d5fef0fce4e6ac6f8b334439b8f0c4f8d945fa2681a1cd3a8313011561d0f33566c65a71290f657b5
t0193,male,based,based,54,2.28,common_voice_en_25136016.mp3,The scholarship is now based on lottery revenue.,878309e007dc6fadd337b484eced6caa25dee79016f855bff5ff2fad6b3e6223fb27ffb080821ed406418864992eeccb32bfde180c95087f6349f189d8661465,common_voice_en_25136019.mp3,belongs,878309e007dc6fadd337b484eced6caa25dee79016f855bff5ff2fad6b3e6223fb27ffb080821ed406418864992eeccb32bfde180c95087f6349f189d8661465,common_voice_en_567310.mp3,The people will enjoy the tea and want to buy the glasses.,de73b861eec2dbe9837e2f33f948a33794bb9a36b79603a99702a1d17327af4a6b6309480300ff750518de44a608618faa3f3ae8cd055cc52ea6afeb425559c5,common_voice_en_27467926.mp3,Social status is indicated by the garment's decorative pattern.,f474bd63e75703ad9101af85035bd3528462f3b0198b79c0dc9af3d740c33d529c9c73af64ced164e22fb697787d9a17a5ddda9d7676e4c2e14efae0cc91caf0
t0194,female,recent,recent,561,1.736,common_voice_en_19745828.mp3,"In recent years, attempts have been made to shut down this library.",72e66217363d6b05c8b839d9f0afe925d1fe25beeff3390d83c925b673612cc271aa920d3c4a60355b4774fa31d300ba6c9555cb09f2c344a9b79b0f76457a12,common_voice_en_19745831.mp3,broadcast,72e66217363d6b05c8b839d9f0afe925d1fe25beeff3390d83c925b673612cc271aa920d3c4a60355b4774fa31d300ba6c9555cb09f2c344a9b79b0f76457a12,common_voice_en_22849080.mp3,The line forms a rough U-shape.,7eff9a54bdb0619deffda7609d5b8565278e3328de99e63908be2a37c1ad16516240b9c92bc6b68d8130b20dc556f57005dc053f4874a49589f5971a31b97e98,common_voice_en_27767853.mp3,Whole families and even neighborhoods left for America.,d7b8bd57a847b9f6a92eb975f2fe0a8686ee95a9e71b0168d5ee36090c94b373186a93d864491807465a14b0cb0cd867c6a52509095f73cb3c58490f0fb7f149
t0195,female,"years,",years,794,2.159,common_voice_en_19745828.mp3,"In recent years, attempts have been made to shut down this library.",72e66217363d6b05c8b839d9f0afe925d1fe25beeff3390d83c925b673612cc271aa920d3c4a60355b4774fa31d300ba6c9555cb09f2c344a9b79b0f76457a12,common_voice_en_19745831.mp3,broadcast,72e66217363d6b05c8b839d9f0afe925d1fe25beeff3390d83c925b673612cc271aa920d3c4a60355b4774fa31d300ba6c9555cb09f2c344a9b79b0f76457a12,common_voice_en_27093374.mp3,The bridge is at above sea level.,416dc03bdc0085ce8ea41524449ef5421eed43264a1c42a4fc14300111a73fbe13396d018c6972fa5ec859c678bb15e077675dc399e12f637812c624d6e993dc,common_voice_en_20043218.mp3,The Samaritan Pentateuch stands alongside the Hebrew in parallel columns.,edb99c219fc8a042af46dc0337e7b679fd158b42f722703e88d3e310502d0e41adeb0cbc28f021d109ba06e6a6e27f3a748cbebad3241a72330f5f0e049d021c
t0196,female,library.,library,374,4.708,common_voice_en_19745828.mp3,"In recent years, attempts have been made to shut down this library.",72e66217363d6b05c8b839d9f0afe925d1fe25beeff3390d83c925b673612cc271aa920d3c4a60355b4774fa31d300ba6c9555cb09f2c344a9b79b0f76457a12,common_voice_en_19745831.mp3,broadcast,72e66217363d6b05c8b839d9f0afe925d1fe25beeff3390d83c925b673612cc271aa920d3c4a60355b4774fa31d300ba6c9555cb09f2c344a9b79b0f76457a12,common_voice_en_365469.mp3,Hitting the delete and escape keys did nothing.,19cf97d68dc97bc588bc5aa0c1cb944269432c44cf7aeb10147c0409fabb5f25fb3896c4aaba8d4ae8df512d3db7d1e5cd4d50afbb45c7bb23e512d031fc6290,common_voice_en_27284721.mp3,"Kidd was born in New Orleans and raised in Mandeville, Louisiana.",9c08dc6149dbb8f8308a5c383d34ab4637ed7fe1a9609e59d193cedb16c652716b6615184dfc6897be7e21f904ce1f1a9b58db97f543075f88c128f2c24da8b2
t0197,female,Radio,radio,550,3.644,common_voice_en_19745831.mp3,She has also begun a weekly broadcast on Radio Ville-Marie.,72e66217363d6b05c8b839d9f0afe925d1fe25beeff3390d83c925b673612cc271aa920d3c4a60355b4774fa31d300ba6c9555cb09f2c344a9b79b0f76457a12,common_voice_en_19745828.mp3,made,72e66217363d6b05c8b839d9f0afe925d1fe25beeff3390d83c925b673612cc271aa920d3c4a60355b4774fa31d300ba6c9555cb09f2c344a9b79b0f76457a12,common_voice_en_172550.mp3,Don't they believe in angels?,173924b6a1d494aa02b256f05f7b09ec68f241981df9cdd825c1b3a20adb13c42f26c4be36795162e6bff9b8470d9aff4ad7bea45b4ec1fc56bd452af2ffa0be,common_voice_en_23541449.mp3,It is the sole species in the genus Ceratiola.,72692cfb7c9c67fc3f077597bb1ee8a9b85ed6c6b4d103f5c8a45aa1b5088ec33acbd46e7d130992c24b15fa60ff8ae3137bf7c28863a30637f1c50178ee6c5b
t0198,female,Educated,educated,206,1.774,common_voice_en_19745871.mp3,"Educated at a mission school, he later set up a flour mill in Warea.",72e66217363d6b05c8b839d9f0afe925d1fe25beeff3390d83c925b673612cc271aa920d3c4a60355b4774fa31d300ba6c9555cb09f2c344a9b79b0f76457a12,common_voice_en_19745828.mp3,made,72e66217363d6b05c8b839d9f0afe925d1fe25beeff3390d83c925b673612cc271aa920d3c4a60355b4774fa31d300ba6c9555cb09f2c344a9b79b0f76457a12,common_voice_en_18579354.mp3,No one noticed her.,a770aff89752f9e17b1f337e535912138ae0eb02ec948ab5efde2f60c9c65d6d349068ebffe7e256bae995006f2a7712b1ac5db6ecdf9a0ca307668a759da27c,common_voice_en_582840.mp3,Find me the soundtrack called Enter the Chicken,db76723cf741051a1b48414102a4f59bde584e80f899cb29a97d07e2c62b99a29e3a202720aaca9a42d8c9b3292eb7d6d419c2d990dbd60f330d51688357962a
t0199,female,"school,",school,596,2.995,common_voice_en_19745871.mp3,"Educated at a mission school, he later set up a flour mill in Warea.",72e66217363d6b05c8b839d9f0afe925d1fe25beeff3390d83c925b673612cc271aa920d3c4a60355b4774fa31d300ba6c9555cb09f2c344a9b79b0f76457a12,common_voice_en_19745828.mp3,made,72e66217363d6b05c8b839d9f0afe925d1fe25beeff3390d83c925b673612cc271aa920d3c4a60355b4774fa31d300ba6c9555cb09f2c344a9b79b0f76457a12,common_voice_en_27270771.mp3,The garden houses six impressive pavilions.,8449194e8b74b81d761d7a3786cdd5d099aff4f33737c7f476edf3435c3eb483ff6d6515d153c7cfb9193821f01a3a0bd6b049740b029acd7b1488df9bd579d8,common_voice_en_20048582.mp3,It is divided into two pints or four cups.,b419faab633f2099c6405ff157b4d9fb5675219570f2683a4d08cbadeac4431e9d9b30dfa9b04f79aad9d8e3f75fda964809f3aa72ae9d0a4a025c59417f3dd1
t0200,male,international,international,341,7.846,common_voice_en_25929867.mp3,"Fritz Witzel won nine gold medals, two silver medals and one bronze medal in the international six-day competition.",8bf99804111805163ccff57587e0e03d7807b269c1bc5bea3c10207c8b94d9754bfdb29186cebe100bb96d6ba04664968654057295010fa00f0b110200ac7d74,common_voice_en_25929865.mp3,defending,8bf99804111805163ccff57587e0e03d7807b269c1bc5bea3c10207c8b94d9754bfdb29186cebe100bb96d6ba04664968654057295010fa00f0b110200ac7d74,common_voice_en_217961.mp3,Several people are taking part in an organized run.,2616e7a9595a9e57c4be59e468a0197c41afc6508ecc5c8487cad9c1e12624016b262e0d8086bc485d6d7b8ce02e5d333c7681c7086e7bea2fc37d9c051a09e9,common_voice_en_540132.mp3,The boss sent me over with it.,adcdfe601c29b7ff4198113ed2248e5cc7ceb0495acabe1cac1d99edc9577608795684f49ebdd9f213f3529fa8731885a2e8058b169c5d21282c9e15f29514ee
t0201,male,living,living,382,1.816,common_voice_en_25929866.mp3,"Well, when a living organism is attacked, things happen like this.",8bf99804111805163ccff57587e0e03d7807b269c1bc5bea3c10207c8b94d9754bfdb29186cebe100bb96d6ba04664968654057295010fa00f0b110200ac7d74,common_voice_en_25929867.mp3,,8bf99804111805163ccff57587e0e03d7807b269c1bc5bea3c10207c8b94d9754bfdb29186cebe100bb96d6ba04664968654057295010fa00f0b110200ac7d74,common_voice_en_18296814.mp3,"Good thinking, thanks!",64b9623abc2396d296ea4a014a54d7eb8ab53b36957d346fa2785f7400443f55816b226ad1ed09ad13379588b5082312f78e1ed167207d960c4eb51ab6491ebb,common_voice_en_23980625.mp3,"Throughout the years, Beltram has continually toured at major festivals around the globe.",51d899caf0eb029af862d6f8a3248ded3f0ffb2787f7138f7b55dc802f01e338c2bac905cb7d94ac0db6b0af379b0a5d6b3a97da3e04dcb0e9cf790dc1b33e9e
t0202,male,things,things,706,4.274,common_voice_en_25929866.mp3,"Well, when a living organism is attacked, things happen like this.",8bf99804111805163ccff57587e0e03d7807b269c1bc5bea3c10207c8b94d9754bfdb29186cebe100bb96d6ba04664968654057295010fa00f0b110200ac7d74,common_voice_en_25929867.mp3,,8bf99804111805163ccff57587e0e03d7807b269c1bc5bea3c10207c8b94d9754bfdb29186cebe100bb96d6ba04664968654057295010fa00f0b110200ac7d74,common_voice_en_535909.mp3,I own my own house.,e93a430705a528b48c4250c2a3dd1784d8148e3293963d1c82696146c2ecc3db3d2aba83017481b2043db6f9a85c0725cd60494690524e954ad3990c580e9657,common_voice_en_652081.mp3,put my Family Road Trip playlist,0ec9a1cfbc88c025003cf9203e1924fc821b5a7c6a6fa6b0f8887d3588732faa654c872763a31860b01d7dcbfa6534a5c8414e0f348a07b337e0cd6576eb0d3c
t0203,male,happen,happen,300,4.604,common_voice_en_25929866.mp3,"Well, when a living organism is attacked, things happen like this.",8bf99804111805163ccff57587e0e03d7807b269c1bc5bea3c10207c8b94d9754bfdb29186cebe100bb96d6ba04664968654057295010fa00f0b110200ac7d74,common_voice_en_25929867.mp3,,8bf99804111805163ccff57587e0e03d7807b269c1bc5bea3c10207c8b94d9754bfdb29186cebe100bb96d6ba04664968654057295010fa00f0b110200ac7d74,common_voice_en_18078830.mp3,"Good afternoon sir, how may I be of service?",64b9623abc2396d296ea4a014a54d7eb8ab53b36957d346fa2785f7400443f55816b226ad1ed09ad13379588b5082312f78e1ed167207d960c4eb51ab6491ebb,common_voice_en_22173183.mp3,Urusemal rose to leadership positions during his parliamentary career.,f118bd71a1faaa660ed34f3db7d5900f97c3ac5b68181ebe6af8f70f2d3e71ff25ac07441a5ff4267717f138ff3f6214e60ce1e209a1245e3a5ae1733bb80050
t0204,female,community,community,138,4.381,common_voice_en_19591958.mp3,She is known for her ability to develop mutually beneficial community partnerships.,b0a9c1096f7298520bd303bd875557ffe42b8d88d8caf51081a38bd61a8c200f7ae582fd4517f62d7715fdf9e8b95d736660271c1d6fff2dc5feab734931e2a3,common_voice_en_19591962.mp3,to,b0a9c1096f7298520bd303bd875557ffe42b8d88d8caf51081a38bd61a8c200f7ae582fd4517f62d7715fdf9e8b95d736660271c1d6fff2dc5feab734931e2a3,common_voice_en_28547039.mp3,It is also the central area of the Manyika tribe.,7aabec5fb0737adb066f9afea87692e25539c5c5e121884974bdeacef4e0de0577d6009c93f8a7da01b7e34735972642a4bb0512bfa8ed436becd903f4d315cc,common_voice_en_22204320.mp3,His longest-running radio partnership was his nine seasons with veteran comedian Eddie Cantor.,4bf6a8447c3ff99dfd903adf11f2bcbd514fed0b77f26f4f616ada44fb86fbfa997a1540d148fb84a4dcb156451938398b05c74b838cb7988a5ed4813e08d059
t0205,female,television,television,694,4.177,common_voice_en_19591955.mp3,"Her first child, Thom Goddard, is a film and television producer.",b0a9c1096f7298520bd303bd875557ffe42b8d88d8caf51081a38bd61a8c200f7ae582fd4517f62d7715fdf9e8b95d736660271c1d6fff2dc5feab734931e2a3,common_voice_en_19591962.mp3,to,b0a9c1096f7298520bd303bd875557ffe42b8d88d8caf51081a38bd61a8c200f7ae582fd4517f62d7715fdf9e8b95d736660271c1d6fff2dc5feab734931e2a3,common_voice_en_25135533.mp3,The Cyber Insects.,2b9ade25e9d22a8de438a32a1e21e004c2a4b52871822bfc1287483ff8d9d83127dfdac9538f6d45ac74ec975d2e156e172d59f7e1ac02ea8f80d923f4bd858f,common_voice_en_21504372.mp3,Logging is another important industry.,f8cf8954a9c34df6ea10a0057dec69e17585ff6ec759044338a3952bae4f112c453e38bd99624f8de00b644ebd903a01ac1fc9d9d6832d892532343c3abe856f
t0206,female,there,there,700,1.625,common_voice_en_19591948.mp3,"First of all, there is the large dominating plant and the small room.",b0a9c1096f7298520bd303bd875557ffe42b8d88d8caf51081a38bd61a8c200f7ae582fd4517f62d7715fdf9e8b95d736660271c1d6fff2dc5feab734931e2a3,common_voice_en_19591962.mp3,to,b0a9c1096f7298520bd303bd875557ffe42b8d88d8caf51081a38bd61a8c200f7ae582fd4517f62d7715fdf9e8b95d736660271c1d6fff2dc5feab734931e2a3,common_voice_en_22171566.mp3,"Beach was a musical intellectual who wrote for journals, newspapers, and other publications.",05812a8b0aa7547db9c9e8ecf0fac06f46f8af06635de679967c68e0969dd9043f419933af71e6d5e922b855cda280640df7e6209d9cf4a009e61f033fab9eed,common_voice_en_18944243.mp3,Newton did not however immediately renounce working in the slave trade.,88b959241bdd074ceac2f26d90315693ba03628e482dfe795f12c4473298f8775745d0c53fc282d90c4f4e3eefe24ab004e80ebe51c86df7f4943d06cade8715
t0207,female,large,large,360,2.256,common_voice_en_19591948.mp3,"First of all, there is the large dominating plant and the small room.",b0a9c1096f7298520bd303bd875557ffe42b8d88d8caf51081a38bd61a8c200f7ae582fd4517f62d7715fdf9e8b95d736660271c1d6fff2dc5feab734931e2a3,common_voice_en_19591962.mp3,to,b0a9c1096f7298520bd303bd875557ffe42b8d88d8caf51081a38bd61a8c200f7ae582fd4517f62d7715fdf9e8b95d736660271c1d6fff2dc5feab734931e2a3,common_voice_en_23365027.mp3,"Access is solely by air, boat or walking.",7eff9a54bdb0619deffda7609d5b8565278e3328de99e63908be2a37c1ad16516240b9c92bc6b68d8130b20dc556f57005dc053f4874a49589f5971a31b97e98,common_voice_en_27444408.mp3,The city is governed by five council members each elected for four-year terms.,6ac8b1a295e2a4a5b11a602a368771530cd7b900ee5d8b552946eb8d32c21f4694c786c41ca996b12adb8a1d1e15160f84cb0632d9359cf84c6d99a18745692e
t0208,female,plant,plant,506,3.26,common_voice_en_19591948.mp3,"First of all, there is the large dominating plant and the small room.",b0a9c1096f7298520bd303bd875557ffe42b8d88d8caf51081a38bd61a8c200f7ae582fd4517f62d7715fdf9e8b95d736660271c1d6fff2dc5feab734931e2a3,common_voice_en_19591962.mp3,to,b0a9c1096f7298520bd303bd875557ffe42b8d88d8caf51081a38bd61a8c200f7ae582fd4517f62d7715fdf9e8b95d736660271c1d6fff2dc5feab734931e2a3,common_voice_en_25878908.mp3,"""The Zoo"" has an introduction with Williams playing a melody which resembles circus music.",09002d6897c2cffab12d17f1348faa863b81d275e6d850c4eda58a552eb4d716f9b4189cbfeeaa492b3fada96702835ba2ebf467d4d32520b03f24f633657087,common_voice_en_18422394.mp3,Katerina couldn't decide whether to have jam or marmalade.,c232270666ff7c25213d037282654243ecec60c9396ae381255c06346b11b158a6bd2f52b6d4b92532fdfc7ce53b21bb8bfb873eda8d4836921973a0d287edd0
t0209,male,working,working,785,2.418,common_voice_en_189609.mp3,An overhead view of two men working on a construction site of a building.,95346fcf81b1638e8780277bcb6b2fbd667e1ba0fd0caa7b72148fc29fcb3b14b1ed04f466a245d3609d825197ce48102f76b50f19aed75c5de1e223101fb52f,common_voice_en_189607.mp3,old,95346fcf81b1638e8780277bcb6b2fbd667e1ba0fd0caa7b72148fc29fcb3b14b1ed04f466a245d3609d825197ce48102f76b50f19aed75c5de1e223101fb52f,common_voice_en_21088589.mp3,Steve Crocker has worked in the Internet community since its inception.,372293e65cdab88771e028a4351651ab2eff64438ddafc211e089247dcdccca350153465eb5409ce708081d9ad384af45d1dc57bbe030ae1a2c0edd561322fb8,common_voice_en_50641.mp3,Image registration could be easily incorporated into low-power embedded devices.,ee0dd2cf4383159aea5f7d2d6919e6311cc2ea9bb1b6c7cd2a5d289c96d7aeab2e6540a57700b8f7438ca48842e58c3c6e6b01160d638bfe2003c0017e32cdbb
t0210,male,construction,construction,149,3.161,common_voice_en_189609.mp3,An overhead view of two men working on a construction site of a building.,95346fcf81b1638e8780277bcb6b2fbd667e1ba0fd0caa7b72148fc29fcb3b14b1ed04f466a245d3609d825197ce48102f76b50f19aed75c5de1e223101fb52f,common_voice_en_189607.mp3,old,95346fcf81b1638e8780277bcb6b2fbd667e1ba0fd0caa7b72148fc29fcb3b14b1ed04f466a245d3609d825197ce48102f76b50f19aed75c5de1e223101fb52f,common_voice_en_17795478.mp3,What have you got?,c19bdb86435609c4eee4f025bdce66db783c1f76c78f8d078f853c1a10035d551d069be735289e237c559cc07aebd3a5a65b15523248584868e6740154729c09,common_voice_en_22243900.mp3,Various orders and suborders have appeared and disappeared over the centuries.,a0d75390c8b41580383054729cf4122b26bc196620e3f9d916831c63001b3e0937f14efe9ffefffcd303017411d256bb1e93dccab3cc981b2b28c4cd4dc1c6e0
t0211,male,black,black,71,3.288,common_voice_en_189607.mp3,"An old black man, playing a guitar on the sidewalk.",95346fcf81b1638e8780277bcb6b2fbd667e1ba0fd0caa7b72148fc29fcb3b14b1ed04f466a245d3609d825197ce48102f76b50f19aed75c5de1e223101fb52f,common_voice_en_189609.mp3,working,95346fcf81b1638e8780277bcb6b2fbd667e1ba0fd0caa7b72148fc29fcb3b14b1ed04f466a245d3609d825197ce48102f76b50f19aed75c5de1e223101fb52f,common_voice_en_18542855.mp3,But she had to pay now; the moment for payment had come.,777c014d742cdcc2e612ea2ab56d64c9b5b50f5074fef5465a5ac998e17862b2caeb950f63594c77c7fd298c458efcf0a65bed17b65b873c49e22ef7431f74fd,common_voice_en_19159253.mp3,"The Something Else Press series of ""Great Bear Pamphlets,"" documented the earliest Fluxus performances.",6ab16e7b00340e34226f4077634ba9d5f243916f83d1f6fc221296c241d71080eb107c813520781d166f1d3ee4668b615c59bdb214d3726ef93a8af6ea2225eb
t0212,male,playing,playing,510,4.212,common_voice_en_189607.mp3,"An old black man, playing a guitar on the sidewalk.",95346fcf81b1638e8780277bcb6b2fbd667e1ba0fd0caa7b72148fc29fcb3b14b1ed04f466a245d3609d825197ce48102f76b50f19aed75c5de1e223101fb52f,common_voice_en_189609.mp3,working,95346fcf81b1638e8780277bcb6b2fbd667e1ba0fd0caa7b72148fc29fcb3b14b1ed04f466a245d3609d825197ce48102f76b50f19aed75c5de1e223101fb52f,common_voice_en_172054.mp3,I didn't want to marry anybody else in town.,616805717b33c1ea2fed7fde1ef4addacdb1c9c9e1f8dbc4373060e909b3480e3201f7da12401f4114ce0b0db2ff7380d0ddb9590eacb7e4d166170b0e04a023,common_voice_en_28473862.mp3,"The courtyard had arcades on the east and west sides, supported by columns.",3bfafc6226c012be0357e6c26fb88d65e3ab2a801ecf64abd44a2bba87853387e18bfba12d4afba23a83570820c071de52cb9ba3ac83b8c1949701be6a8b9020
t0213,male,young,young,798,1.476,common_voice_en_189611.mp3,a young person wearing a gray shirt and yellow shorts jumping into a river.,95346fcf81b1638e8780277bcb6b2fbd667e1ba0fd0caa7b72148fc29fcb3b14b1ed04f466a245d3609d825197ce48102f76b50f19aed75c5de1e223101fb52f,common_voice_en_189609.mp3,working,95346fcf81b1638e8780277bcb6b2fbd667e1ba0fd0caa7b72148fc29fcb3b14b1ed04f466a245d3609d825197ce48102f76b50f19aed75c5de1e223101fb52f,common_voice_en_22925909.mp3,The exertion causes a mild heart attack and they return home.,4a0c237958f8f6367de4d2e2224b2937c9b286b85507405e3d39639f64ebf8143ac478893c1a70560ace0fb6561eab051ceac09f0fe4032c33148c882c8ab17e,common_voice_en_20115406.mp3,The Augers were played by stuntmen.,81a3d33314bc9ab9c27c64bd296e0768cfc8c957b296bddebf76e8565f01f02ff24812eaf8c509f4eef3806f4f268951ad5448cf538973859720e4bd3c26c5e3
t0214,male,person,person,496,1.867,common_voice_en_189611.mp3,a young person wearing a gray shirt and yellow shorts jumping into a river.,95346fcf81b1638e8780277bcb6b2fbd667e1ba0fd0caa7b72148fc29fcb3b14b1ed04f466a245d3609d825197ce48102f76b50f19aed75c5de1e223101fb52f,common_voice_en_189609.mp3,working,95346fcf81b1638e8780277bcb6b2fbd667e1ba0fd0caa7b72148fc29fcb3b14b1ed04f466a245d3609d825197ce48102f76b50f19aed75c5de1e223101fb52f,common_voice_en_21517400.mp3,We found a group of cigar makers.,f8cf8954a9c34df6ea10a0057dec69e17585ff6ec759044338a3952bae4f112c453e38bd99624f8de00b644ebd903a01ac1fc9d9d6832d892532343c3abe856f,common_voice_en_18897747.mp3,Public education is provided at Payson-Seymour Elementary School and Payson-Seymour High School.,7eff9a54bdb0619deffda7609d5b8565278e3328de99e63908be2a37c1ad16516240b9c92bc6b68d8130b20dc556f57005dc053f4874a49589f5971a31b97e98
t0215,female,class,class,124,3.357,common_voice_en_19620310.mp3,"Only one spacecraft of this class was eventually constructed-the ""Mars Observer"".",231edcc0de6205701fb7b5a5188992280bafbaf9bdb48b511500c704fb4d42a54a010bf3eb2c8fdf7317d7d85933ef92ebf3a9580f2fa9f5d3989f35692fd04e,common_voice_en_19620314.mp3,primary,231edcc0de6205701fb7b5a5188992280bafbaf9bdb48b511500c704fb4d42a54a010bf3eb2c8fdf7317d7d85933ef92ebf3a9580f2fa9f5d3989f35692fd04e,common_voice_en_18796256.mp3,"Upon his return, he completed his National Service with the Royal Air Force.",639f341eacc1ebecbcda2739f4c39f629c2d933bfb79318de6d0e38b56a8592be82fb9854d31d1579adbb9af91cd711a9b7f9dabf053cf5bdf0acbf33edb3640,common_voice_en_668441.mp3,I don't know anything.,02718e6068e2d4292ebb32deaefc1cb424d3bf323c8fbd29225d1265b58089ef26ad1e5295382ecd05c48a150ff399f46d10059e2491b98ceb5b08c498afb1eb
t0216,female,eventually,eventually,228,4.048,common_voice_en_19620310.mp3,"Only one spacecraft of this class was eventually constructed-the ""Mars Observer"".",231edcc0de6205701fb7b5a5188992280bafbaf9bdb48b511500c704fb4d42a54a010bf3eb2c8fdf7317d7d85933ef92ebf3a9580f2fa9f5d3989f35692fd04e,common_voice_en_19620314.mp3,primary,231edcc0de6205701fb7b5a5188992280bafbaf9bdb48b511500c704fb4d42a54a010bf3eb2c8fdf7317d7d85933ef92ebf3a9580f2fa9f5d3989f35692fd04e,common_voice_en_486639.mp3,So how will we name all these hurricanes?,6aab797ac2fc291f120388b49c92b9ec0ee2c6f6bfbf07ad5b1745d3bb2b6331e928d06ac5914f496fd79efa901304eaf93233b403fb2297a7934230f16094a1,common_voice_en_23385869.mp3,"In football, he played defensive line, punted and place kicked.",468d6a3b83f807ed964c180ed893ac7c39f9ea1860213261ed075ce3f8c1403d77bc8157c3ab2548bfbc7885be878a423b004a77cf28a7289421937952069126
t0217,female,Community,community,138,2.526,common_voice_en_19620314.mp3,Kettlesing Felliscliffe Community Primary School is in Kettlesing.,231edcc0de6205701fb7b5a5188992280bafbaf9bdb48b511500c704fb4d42a54a010bf3eb2c8fdf7317d7d85933ef92ebf3a9580f2fa9f5d3989f35692fd04e,common_voice_en_19620310.mp3,eventually,231edcc0de6205701fb7b5a5188992280bafbaf9bdb48b511500c704fb4d42a54a010bf3eb2c8fdf7317d7d85933ef92ebf3a9580f2fa9f5d3989f35692fd04e,common_voice_en_20655732.mp3,There was no occasion on which police resorted to firing on this day.,29b8505586cd43382cd695da6b943f401104be710a5b60e814ac5fe7e06b39459cf8fe1701ca83f8154b3ccd749df7c2aef33ff23950bb1a135b1e1c393dbcf6,common_voice_en_27215527.mp3,"In the next week, over a thousand divers visited the site.",7c0d14e3385e52014f26ffdf47a2a747199f91c1f6f92cf887691df9c12f177fbd8695b112f174e3c20840cdb702e8ba708cbfe1e0959e046233193a977c3c86
t0218,female,Primary,primary,528,3.058,common_voice_en_19620314.mp3,Kettlesing Felliscliffe Community Primary School is in Kettlesing.,231edcc0de6205701fb7b5a5188992280bafbaf9bdb48b511500c704fb4d42a54a010bf3eb2c8fdf7317d7d85933ef92ebf3a9580f2fa9f5d3989f35692fd04e,common_voice_en_19620310.mp3,eventually,231edcc0de6205701fb7b5a5188992280bafbaf9bdb48b511500c704fb4d42a54a010bf3eb2c8fdf7317d7d85933ef92ebf3a9580f2fa9f5d3989f35692fd04e,common_voice_en_24231034.mp3,"He spoke fluent Persian, French, Russian, and German.",344bf332f298134d3880f9e38710e4c7e7037157bd63a3f5334f3c0d627ff61645ffff180419eb666587109a9a7638148728a3c5765f76296fd68c957088b428,common_voice_en_21714049.mp3,In many of these he collaborated with architect and engineer Roberto Narducci.,372293e65cdab88771e028a4351651ab2eff64438ddafc211e089247dcdccca350153465eb5409ce708081d9ad384af45d1dc57bbe030ae1a2c0edd561322fb8
t0219,female,School,school,596,3.489,common_voice_en_19620314.mp3,Kettlesing Felliscliffe Community Primary School is in Kettlesing.,231edcc0de6205701fb7b5a5188992280bafbaf9bdb48b511500c704fb4d42a54a010bf3eb2c8fdf7317d7d85933ef92ebf3a9580f2fa9f5d3989f35692fd04e,common_voice_en_19620310.mp3,eventually,231edcc0de6205701fb7b5a5188992280bafbaf9bdb48b511500c704fb4d42a54a010bf3eb2c8fdf7317d7d85933ef92ebf3a9580f2fa9f5d3989f35692fd04e,common_voice_en_23981229.mp3,He was also a distant relative of the Warner Brothers.,57d9be2eeda5fbaad0290c45f4e95813da95e09633d5fd84df35a758151788abec644a351cdf610c7b792561d1db0ac6f122dbc94404646941967bd6f0befd44,common_voice_en_125937.mp3,He should respect tradition.,b85d30dbdd9c14fc15fa70bd0396adf911be4d5594ce1141f46b34cf4ae05221ad913057caf794566dfc36aacfe694e92469235c27f2e518b1b64c68563ff435
t0220,female,still,still,659,1.687,common_voice_en_19620312.mp3,That still boggles my mind.,231edcc0de6205701fb7b5a5188992280bafbaf9bdb48b511500c704fb4d42a54a010bf3eb2c8fdf7317d7d85933ef92ebf3a9580f2fa9f5d3989f35692fd04e,common_voice_en_19620310.mp3,eventually,231edcc0de6205701fb7b5a5188992280bafbaf9bdb48b511500c704fb4d42a54a010bf3eb2c8fdf7317d7d85933ef92ebf3a9580f2fa9f5d3989f35692fd04e,common_voice_en_22298755.mp3,It comes under the Children and Families Department of the City of Edinburgh Council.,8449194e8b74b81d761d7a3786cdd5d099aff4f33737c7f476edf3435c3eb483ff6d6515d153c7cfb9193821f01a3a0bd6b049740b029acd7b1488df9bd579d8,common_voice_en_90685.mp3,I should say not!,c7e4469e820c62da6b46ecbe3075fdf1fa41f7b09d71a104590615c14a0b19d5e2de8aec3a3af14129ff39917bd07e78447a206a13c9c4b091933a770c0655ec
t0221,male,newspaper,newspaper,453,3.462,common_voice_en_24942530.mp3,"It is packaged with photos from the expedition, newspaper clippings and other feelies.",404ac25c7a9e3d33bb1bd06e7bba578d007f63ad20a73790ca71dea54be15c0306e9db2f1ab409c74b26bc5123d311ee2e611648f377e4d83f3256b56b098b07,common_voice_en_24942510.mp3,produced,404ac25c7a9e3d33bb1bd06e7bba578d007f63ad20a73790ca71dea54be15c0306e9db2f1ab409c74b26bc5123d311ee2e611648f377e4d83f3256b56b098b07,common_voice_en_27190795.mp3,Prominently overlooking the western side of Santee is Cowles Mountain.,15f4b2d89fd6ef677ad0cf16118393247db64e892060c2b238c09fa625e31ed5d5c4b4e05b0de21c6fc2202db2a2ebf567b2fd032758dbfbeb9897aecb2ab555,common_voice_en_27349457.mp3,"They are divided into four-player, one versus three, two versus two, and battle games.",8e113a62d59ae29f19f0e423fbcf978aaa9eefc16913ce4901b0aa105ff590bb7c6ea13da0c5583c0772d6905c0a964d355e8667edd35c7a08442c2312439d79
t0222,male,other,other,479,4.425,common_voice_en_24942530.mp3,"It is packaged with photos from the expedition, newspaper clippings and other feelies.",404ac25c7a9e3d33bb1bd06e7bba578d007f63ad20a73790ca71dea54be15c0306e9db2f1ab409c74b26bc5123d311ee2e611648f377e4d83f3256b56b098b07,common_voice_en_24942510.mp3,produced,404ac25c7a9e3d33bb1bd06e7bba578d007f63ad20a73790ca71dea54be15c0306e9db2f1ab409c74b26bc5123d311ee2e611648f377e4d83f3256b56b098b07,common_voice_en_18680974.mp3,"At the first Mothers of Invention concerts, audience members were invited to ""freak out!",4311ac2c9248c11f2c6a52cd2a2b3f7541c3058634ec391e4195c707bcfd2983f577468c8955ca622540e3c13a7a866839a8c84278e97eb2530e789a162231e9,common_voice_en_27374649.mp3,The national park of Stenshuvud is situated to the south of the village.,63a4e47b6d3cfd98330c334e868d3c41685834cfec2c5c38865472410ca2fe8e204cf0758be426b09c7785bddf1354610f63dd1d2ef4e4eac6e23e1455235417
t0223,male,since,since,624,2.067,common_voice_en_24942510.mp3,Versions of Rockbox have since been produced for more sophisticated devices.,404ac25c7a9e3d33bb1bd06e7bba578d007f63ad20a73790ca71dea54be15c0306e9db2f1ab409c74b26bc5123d311ee2e611648f377e4d83f3256b56b098b07,common_voice_en_24942530.mp3,expedition,404ac25c7a9e3d33bb1bd06e7bba578d007f63ad20a73790ca71dea54be15c0306e9db2f1ab409c74b26bc5123d311ee2e611648f377e4d83f3256b56b098b07,common_voice_en_11659334.mp3,Carbon monoxide is a very dangerous gas.,2530bcfed10b9c711c9fe03380b9a48d0b93089952355f6031b4c24961b43dc1acfee54c7285b3d7b3ebf14b7262f28981ff9055357c56b40a4e10216f0e85dc,common_voice_en_25214322.mp3,It is typically completed in seven days.,a801db743d751805e0e6f7f6290cfefdfcb2d8604bf3b37b60439d7cd1c58b9517a432384b135e9f66752c71b1391c1203f840d4e050b30b82e4434a111fb67c
t0224,male,produced,produced,534,2.54,common_voice_en_24942510.mp3,Versions of Rockbox have since been produced for more sophisticated devices.,404ac25c7a9e3d33bb1bd06e7bba578d007f63ad20a73790ca71dea54be15c0306e9db2f1ab409c74b26bc5123d311ee2e611648f377e4d83f3256b56b098b07,common_voice_en_24942530.mp3,expedition,404ac25c7a9e3d33bb1bd06e7bba578d007f63ad20a73790ca71dea54be15c0306e9db2f1ab409c74b26bc5123d311ee2e611648f377e4d83f3256b56b098b07,common_voice_en_27511360.mp3,"The Malay were not consulted in these agreements, and relations worsened.",d7b8bd57a847b9f6a92eb975f2fe0a8686ee95a9e71b0168d5ee36090c94b373186a93d864491807465a14b0cb0cd867c6a52509095f73cb3c58490f0fb7f149,common_voice_en_27295291.mp3,Marvuglia received his first training in his native home of Palermo.,e31822077e104d2f1781db7ce098c016abca0314515a35f564b26c30e59c0d2a0206cdf020dfbfe4e7340388f898c34d51e2d625681694a797c49581af656fba
t0225,male,William,william,775,2.579,common_voice_en_24942408.mp3,"The song was written by Morrison, William Maxwell, Pyramids in Paris, and Jonathan White.",404ac25c7a9e3d33bb1bd06e7bba578d007f63ad20a73790ca71dea54be15c0306e9db2f1ab409c74b26bc5123d311ee2e611648f377e4d83f3256b56b098b07,common_voice_en_24942530.mp3,expedition,404ac25c7a9e3d33bb1bd06e7bba578d007f63ad20a73790ca71dea54be15c0306e9db2f1ab409c74b26bc5123d311ee2e611648f377e4d83f3256b56b098b07,common_voice_en_18492031.mp3,Self-confidence seemed to ooze from the fellow's every pore.,939991dfcf12d8250739f3b4e5ed47e0dc4bf8ffb69810f4ab853aa12872a811941be35b7e91af5df8350d75d3c61d1301aba694c41deb3f38f1414703bc0461,common_voice_en_2474.mp3,Whom would I see regarding the return of stolen Government money?,bfcb49f84296926d9625e41320762647558cb5ed8e1b146c6bbbb82a45dfdb8e77457b79406434320387fc6464498e593e6bfaed9613a35b595082eca628010c
t0226,male,"Paris,",paris,485,4.323,common_voice_en_24942408.mp3,"The song was written by Morrison, William Maxwell, Pyramids in Paris, and Jonathan White.",404ac25c7a9e3d33bb1bd06e7bba578d007f63ad20a73790ca71dea54be15c0306e9db2f1ab409c74b26bc5123d311ee2e611648f377e4d83f3256b56b098b07,common_voice_en_24942530.mp3,expedition,404ac25c7a9e3d33bb1bd06e7bba578d007f63ad20a73790ca71dea54be15c0306e9db2f1ab409c74b26bc5123d311ee2e611648f377e4d83f3256b56b098b07,common_voice_en_579135.mp3,Everything you need to know you have learned through your journey.,9d28eaf215ec2789e2482a1b32398cb195a4222339c04c6b05b8bc8772670a241532581bfe20b69e6811424e76bc5cc499756d48cf46ad9cb515f47d8445eb03,common_voice_en_18466896.mp3,"Nope, not the slightest idea.",1c7c6c5c3989680a98b0f510260ce578accfff3e655fe70d4ea6f10b07ced55e0dbb8a295ede39bea85fff8a286c0c54bffb81bfea87287bf42e492bc69ab9c4
t0227,female,"table""",table,686,4.71,common_voice_en_19073679.mp3,"His objective in all his designs were to maintain his ""billiard table"" design philosophy.",1c3abdd589ad5bfb2edbec31028fa580e143ba9d5d05a26e28ffdc2f9d6d0ff5aa88eeb366e96f823c673fe54a13879cbaa606d6198de116b9ae18200601a8bd,common_voice_en_19073547.mp3,totalitarian,1c3abdd589ad5bfb2edbec31028fa580e143ba9d5d05a26e28ffdc2f9d6d0ff5aa88eeb366e96f823c673fe54a13879cbaa606d6198de116b9ae18200601a8bd,common_voice_en_24677038.mp3,Bobby is released from prison and goes to the boys home to visit Jimmy.,f138d75a743543591fb23c61bbb2cfc4a204866aa791fdddc2a868be75a3f5851013ee0e9036241396a08fce890ff0911b3218224b0b11dc917eb7b4fa2e8cec,common_voice_en_145758.mp3,I bet you she'd know how to say it all right.,d1413283d794651695ea5c4d311a88e302e13f64719c694e69fffa94701b09086152b973ea7651e30b8e981666bc10252f56a8b37bb15fdf3cf238f0c9a17446
t0228,female,design,design,181,5.191,common_voice_en_19073679.mp3,"His objective in all his designs were to maintain his ""billiard table"" design philosophy.",1c3abdd589ad5bfb2edbec31028fa580e143ba9d5d05a26e28ffdc2f9d6d0ff5aa88eeb366e96f823c673fe54a13879cbaa606d6198de116b9ae18200601a8bd,common_voice_en_19073547.mp3,totalitarian,1c3abdd589ad5bfb2edbec31028fa580e143ba9d5d05a26e28ffdc2f9d6d0ff5aa88eeb366e96f823c673fe54a13879cbaa606d6198de116b9ae18200601a8bd,common_voice_en_539175.mp3,This can arouse national interest!,ef3dc79f63af761f36770fb88ae117a277f82da76545be340f76b982731c4377228fc89ddb41914a52b5d4c3cfc4ab84bf2ac0174e47d3c4f0b13a9ace9b760e,common_voice_en_20704882.mp3,It resulted in Page dropping the lawsuit for an undisclosed amount of money.,a14577cddd217ee6f366191b2561f4effa5dead370e6e4b6ec0257ab03b50c4e62c50112c33a375dcbd2ab92aa078dcfaec09e95a0b3cbd456998fcc48212075
t0229,female,whole,whole,773,1.765,common_voice_en_19073677.mp3,Almost the whole German territories were under their control.,1c3abdd589ad5bfb2edbec31028fa580e143ba9d5d05a26e28ffdc2f9d6d0ff5aa88eeb366e96f823c673fe54a13879cbaa606d6198de116b9ae18200601a8bd,common_voice_en_19073547.mp3,totalitarian,1c3abdd589ad5bfb2edbec31028fa580e143ba9d5d05a26e28ffdc2f9d6d0ff5aa88eeb366e96f823c673fe54a13879cbaa606d6198de116b9ae18200601a8bd,common_voice_en_27453750.mp3,"In his teens, he worked as a racehorse jockey.",cfeff877cccff0af362791b70d74807862da77e349d083a3b710f9f7e69d2dc40be216c056cc7b5153934c29b74abbbeb11d3d0966546d6f2b985782ea01413e,common_voice_en_18166159.mp3,"Come on, just stop thinking about it.",01a4d12dcbcbf2b4b3f29a2045a5715b5d60c33e4ceb89441c1fe4e6a115d76111ed735594829df221fe11353f52cc33210d28a7329de2f1a1612de2a105ca3d
t0230,female,German,german,284,2.156,common_voice_en_19073677.mp3,Almost the whole German territories were under their control.,1c3abdd589ad5bfb2edbec31028fa580e143ba9d5d05a26e28ffdc2f9d6d0ff5aa88eeb366e96f823c673fe54a13879cbaa606d6198de116b9ae18200601a8bd,common_voice_en_19073547.mp3,totalitarian,1c3abdd589ad5bfb2edbec31028fa580e143ba9d5d05a26e28ffdc2f9d6d0ff5aa88eeb366e96f823c673fe54a13879cbaa606d6198de116b9ae18200601a8bd,common_voice_en_27224213.mp3,"Like several later television cartoons, ""Queer Duck"" was animated in Macromedia Flash.",af294a21d920e11013661f4735c1ebd5df298b0c73074b35ae4c3ea490ee8e630766fc629741346f123353256859ef7d055ee8dcce07e48a091cc8bedec671e3,common_voice_en_27010289.mp3,This is done through the character of merchandising and product placement.,b15e81b74f3a01152401371744ce17a419c45a9415478075dd9d5dab5818374ad025c732871b55b1d5242f40357f577ab2dfd02950081c195bf04dd7b8aa7910
t0231,female,under,under,740,3.561,common_voice_en_19073677.mp3,Almost the whole German territories were under their control.,1c3abdd589ad5bfb2edbec31028fa580e143ba9d5d05a26e28ffdc2f9d6d0ff5aa88eeb366e96f823c673fe54a13879cbaa606d6198de116b9ae18200601a8bd,common_voice_en_19073547.mp3,totalitarian,1c3abdd589ad5bfb2edbec31028fa580e143ba9d5d05a26e28ffdc2f9d6d0ff5aa88eeb366e96f823c673fe54a13879cbaa606d6198de116b9ae18200601a8bd,common_voice_en_27357630.mp3,"In the previous novel, China had conquered India and Indochina.",e31822077e104d2f1781db7ce098c016abca0314515a35f564b26c30e59c0d2a0206cdf020dfbfe4e7340388f898c34d51e2d625681694a797c49581af656fba,common_voice_en_579168.mp3,The boy was surprised.,c42a23f67177dda1636890108c1e4bdb0a076c2e6a863ba282eff5f7753b76902fb745b9e6b9ce2ffd2f7fe5c150228e15ba0bf7a36c23a5000470a494878d53
t0232,female,their,their,697,3.761,common_voice_en_19073677.mp3,Almost the whole German territories were under their control.,1c3abdd589ad5bfb2edbec31028fa580e143ba9d5d05a26e28ffdc2f9d6d0ff5aa88eeb366e96f823c673fe54a13879cbaa606d6198de116b9ae18200601a8bd,common_voice_en_19073547.mp3,totalitarian,1c3abdd589ad5bfb2edbec31028fa580e143ba9d5d05a26e28ffdc2f9d6d0ff5aa88eeb366e96f823c673fe54a13879cbaa606d6198de116b9ae18200601a8bd,common_voice_en_27089603.mp3,"They feuded with Tommy Gilbert and his son, Eddie Gilbert.",63a4e47b6d3cfd98330c334e868d3c41685834cfec2c5c38865472410ca2fe8e204cf0758be426b09c7785bddf1354610f63dd1d2ef4e4eac6e23e1455235417,common_voice_en_20975055.mp3,"Biochemical cascades exist in biology, where a small reaction can have system-wide implications.",372293e65cdab88771e028a4351651ab2eff64438ddafc211e089247dcdccca350153465eb5409ce708081d9ad384af45d1dc57bbe030ae1a2c0edd561322fb8
t0233,male,night,night,454,1.789,common_voice_en_18107714.mp3,Fly by night and you waste little time.,44f9c86943d5869fb29640270041cb640e15dcabdfff65e66ecad1188e07ee5f3dd0e5463613c5533a86be0013d33e30cce89d9d98042329a608de5f15015ffb,common_voice_en_18107716.mp3,city,44f9c86943d5869fb29640270041cb640e15dcabdfff65e66ecad1188e07ee5f3dd0e5463613c5533a86be0013d33e30cce89d9d98042329a608de5f15015ffb,common_voice_en_132556.mp3,Did you see his picture on the cover of Time?,ee2a5fc526dab6d951a1d21fc948b0701508c7ee13d16862531eeb55e92c3c5cf829c039b4ef3d585cd0827094f2ce0722f3673f85220a2af9fc4624c0fe17c6,common_voice_en_20244937.mp3,Dietler's theories on identity suggest that music and cultural identities have overlapped.,106b363322989896c26ced8949413ee3d2755d9904195be51e4799585c5bb827c79df51e43a9836eafd77d19b50813c10ef60d85833517de1bb0a7a033caf938
t0234,male,little,little,379,3.247,common_voice_en_18107714.mp3,Fly by night and you waste little time.,44f9c86943d5869fb29640270041cb640e15dcabdfff65e66ecad1188e07ee5f3dd0e5463613c5533a86be0013d33e30cce89d9d98042329a608de5f15015ffb,common_voice_en_18107716.mp3,city,44f9c86943d5869fb29640270041cb640e15dcabdfff65e66ecad1188e07ee5f3dd0e5463613c5533a86be0013d33e30cce89d9d98042329a608de5f15015ffb,common_voice_en_18888193.mp3,Other V-series boxes had orange and cream or green and yellow panels.,79151808150c2be5e42f758a99f5c9c62df187f6074334df3251cda1877c581df2dca083097b9ada4aaea2c870f59d5a732dd63d38033add9a792a37883f1db1,common_voice_en_18649726.mp3,Do not be so moved.,f261324bd60e7b8c88e987b4f328cb928ad4647ddf909276c5a34d9f1f96f9f9d3a838d7f991d0069a92488c38c83601c2f5d15e4a40f0dbe52ffddc3f23f9cd
t0235,male,would,would,788,3.553,common_voice_en_18107716.mp3,"After its demise, the city would never attain its old glory again.",44f9c86943d5869fb29640270041cb640e15dcabdfff65e66ecad1188e07ee5f3dd0e5463613c5533a86be0013d33e30cce89d9d98042329a608de5f15015ffb,common_voice_en_18107714.mp3,and,44f9c86943d5869fb29640270041cb640e15dcabdfff65e66ecad1188e07ee5f3dd0e5463613c5533a86be0013d33e30cce89d9d98042329a608de5f15015ffb,common_voice_en_21367791.mp3,"At this time, she developed a lifelong interest in the philosopher Constantin Brunner.",cb2961b03fd0569695c9f3278be5ce3594b77b94d4055a1625f9ddb313a664fd235b62d5e3d2fbd83c0f8038ffbc55d6cda1efe1aa594bb08808b45dfa4dd28b,common_voice_en_23948430.mp3,Carl McIntire and became part of his Cape May Bible Conference.,5975987d44274cba008a325627d6303ada3577a68838f2e8041d265d43675242731f5956d778eb81c805d1ba28131c9e4014b351684cbde4af32e80cc7d0c7fa
t0236,male,never,never,452,3.844,common_voice_en_18107716.mp3,"After its demise, the city would never attain its old glory again.",44f9c86943d5869fb29640270041cb640e15dcabdfff65e66ecad1188e07ee5f3dd0e5463613c5533a86be0013d33e30cce89d9d98042329a608de5f15015ffb,common_voice_en_18107714.mp3,and,44f9c86943d5869fb29640270041cb640e15dcabdfff65e66ecad1188e07ee5f3dd0e5463613c5533a86be0013d33e30cce89d9d98042329a608de5f15015ffb,common_voice_en_19056884.mp3,The reverse link has both open loop and closed loop power control.,c7fa9b2502b716b516b076ca89ff79e29d183ac0c006ce10ce33b61b0cd08542049535c83a89ff71168375d4a3bbbca2bcc25ecf5cc5f0653563862b73121cd2,common_voice_en_26911647.mp3,"The ideas of the French Revolution profoundly influenced him, wholly altering his career.",5eaa49f00193ae8a891fa69e0c5a5ddbaf415ec00f344e11d982c8ec02606e2c4af3b7d9e4dc96fc3f68a296ff841aabea06ee2177d4966adfaeb885a7031ced
t0237,male,decided,decided,176,2.795,common_voice_en_18107713.mp3,I have not decided yet.,44f9c86943d5869fb29640270041cb640e15dcabdfff65e66ecad1188e07ee5f3dd0e5463613c5533a86be0013d33e30cce89d9d98042329a608de5f15015ffb,common_voice_en_18107714.mp3,and,44f9c86943d5869fb29640270041cb640e15dcabdfff65e66ecad1188e07ee5f3dd0e5463613c5533a86be0013d33e30cce89d9d98042329a608de5f15015ffb,common_voice_en_21865103.mp3,The headwaters flow from Johnson Mesa west of Folsom in northeastern New Mexico.,372293e65cdab88771e028a4351651ab2eff64438ddafc211e089247dcdccca350153465eb5409ce708081d9ad384af45d1dc57bbe030ae1a2c0edd561322fb8,common_voice_en_172676.mp3,I beg your pardon?,173924b6a1d494aa02b256f05f7b09ec68f241981df9cdd825c1b3a20adb13c42f26c4be36795162e6bff9b8470d9aff4ad7bea45b4ec1fc56bd452af2ffa0be
t0238,female,again,again,15,2.423,common_voice_en_26974070.mp3,The following year Dover was raided again and Elizabeth Hanson wrote her captivity narrative.,4aa97f3abd28235a4681ec577ef5afc4e85427c5e6fffde45f7d727d8f7d42833a9feec081cbe70feb9f9ea5e43d136cd4e177f9bc8cdf37487369355593ea53,common_voice_en_26974071.mp3,verdict,4aa97f3abd28235a4681ec577ef5afc4e85427c5e6fffde45f7d727d8f7d42833a9feec081cbe70feb9f9ea5e43d136cd4e177f9bc8cdf37487369355593ea53,common_voice_en_17269205.mp3,"They placed it in a wooden box, and left it there for good.",d04be77638426a43fc49ca2753cc2d4f1295a72f9f625b56d6bb280f48785bce9100f40a2d0325c163a04ee13f83f47754bef986c0665b703455bfa3be502d73,common_voice_en_21411046.mp3,"Following Kings Norton, the river flows through Stirchley.",e790d1a6d652b49b74172d96fca249c1d46c38806613534de93e324492059b41bb491639158ff5b5efe117d167447b1dca743bff0b32dcfe07b12a43fb13a86e
t0239,female,wrote,wrote,793,3.665,common_voice_en_26974070.mp3,The following year Dover was raided again and Elizabeth Hanson wrote her captivity narrative.,4aa97f3abd28235a4681ec577ef5afc4e85427c5e6fffde45f7d727d8f7d42833a9feec081cbe70feb9f9ea5e43d136cd4e177f9bc8cdf37487369355593ea53,common_voice_en_26974071.mp3,verdict,4aa97f3abd28235a4681ec577ef5afc4e85427c5e6fffde45f7d727d8f7d42833a9feec081cbe70feb9f9ea5e43d136cd4e177f9bc8cdf37487369355593ea53,common_voice_en_19607776.mp3,Applying the torque to fasteners is commonly achieved using a torque wrench.,23b34622f60dc8e754eda972e58010c5a6e28b4919b475facfdb99e7658d8f84a1bf817a27be681cee634d0c4bc682c2801fe8da78665f0b3d1d0b43ae37de52,common_voice_en_22266648.mp3,The town includes the site of a Cold War airplane crash on Bald Mountain.,8d0a6af00251fed0765ac4e1c38eedd96cceaf8f86c4caa1c86ea8766ac4dbdb216203a66ba738c87310981edf87041aa09e16b273edb64e58cb6083a3cadaaa
t0240,female,Island,island,344,1.594,common_voice_en_26974034.mp3,The Willingdon Island is connected via the Venduruthy Bridge to Thevara.,4aa97f3abd28235a4681ec577ef5afc4e85427c5e6fffde45f7d727d8f7d42833a9feec081cbe70feb9f9ea5e43d136cd4e177f9bc8cdf37487369355593ea53,common_voice_en_26974070.mp3,elizabeth,4aa97f3abd28235a4681ec577ef5afc4e85427c5e6fffde45f7d727d8f7d42833a9feec081cbe70feb9f9ea5e43d136cd4e177f9bc8cdf37487369355593ea53,common_voice_en_20643129.mp3,Combat Records was later taken over by Relativity Records.,06d4c8ea454687bdedd25306e09983ce8a557b8858962ff0f2c32c81ee9116f066a0fa0bdf34f2bc5bb3a14653fe9ec726c968a411af42ea71b13b9bf2463d1f,common_voice_en_22176978.mp3,The artivist knows that to make an observation is to have an obligation.,00c32b9cc65b255055eab5edc82fff01304d6bc592750e66f67f22e232e3b4abe1fb2d0679f3cbe2ca512f2dd57e608c3596d3a758d8032e7c2bf06deb5af6a9
t0241,female,Bridge,bridge,76,3.598,common_voice_en_26974034.mp3,The Willingdon Island is connected via the Venduruthy Bridge to Thevara.,4aa97f3abd28235a4681ec577ef5afc4e85427c5e6fffde45f7d727d8f7d42833a9feec081cbe70feb9f9ea5e43d136cd4e177f9bc8cdf37487369355593ea53,common_voice_en_26974070.mp3,elizabeth,4aa97f3abd28235a4681ec577ef5afc4e85427c5e6fffde45f7d727d8f7d42833a9feec081cbe70feb9f9ea5e43d136cd4e177f9bc8cdf37487369355593ea53,common_voice_en_497431.mp3,"Neighbors moved away, and there remained only a few small shops on the hill.",b587085408b4a61bb0a78ccb9836ce1bde78d7c723a7990c34da56b0d7de25312d6ce1c31399df1bcda95bbb039a380e877d379290cad05c8b58fa28b9136dfb,common_voice_en_20374360.mp3,A railway line runs through the park.,b419faab633f2099c6405ff157b4d9fb5675219570f2683a4d08cbadeac4431e9d9b30dfa9b04f79aad9d8e3f75fda964809f3aa72ae9d0a4a025c59417f3dd1
t0242,female,Center,center,104,3.713,common_voice_en_26974072.mp3,The building strongly resembles that of the Creedmoor Psychiatric Center in Queens.,4aa97f3abd28235a4681ec577ef5afc4e85427c5e6fffde45f7d727d8f7d42833a9feec081cbe70feb9f9ea5e43d136cd4e177f9bc8cdf37487369355593ea53,common_voice_en_26974070.mp3,elizabeth,4aa97f3abd28235a4681ec577ef5afc4e85427c5e6fffde45f7d727d8f7d42833a9feec081cbe70feb9f9ea5e43d136cd4e177f9bc8cdf37487369355593ea53,common_voice_en_22082366.mp3,It is one of the least populated province centers of Turkey.,80f9b51673e2000a3897f9f0ed770887bddf93d05428f5a297b2f639530475a9c7c8cbc00e6ed2594e7171e135d82692db3e1ee1854e23f949c020afc0817dcd,common_voice_en_126382.mp3,I am always happy when I am eating ice-cream.,120ac332bef668233ecb1525262722dcf869cfb7c86365ae4088e5e131e9e3818f8df7b793f16c029680dc7b88aa58dd2e8941c8451608ed8d4e358a9ee6f7c6
t0243,male,would,would,788,1.55,common_voice_en_637061.mp3,I had seen all that it would presently bring me.,d18c467a83ec3a64ca6d5a6f371e18808b86ce70628835bf4ba503cd26b9e4bfe4dc75978f9e7a2fc1ca030ab0c00b35247979f8d8530b34ac559df8d2185713,common_voice_en_637071.mp3,is,d18c467a83ec3a64ca6d5a6f371e18808b86ce70628835bf4ba503cd26b9e4bfe4dc75978f9e7a2fc1ca030ab0c00b35247979f8d8530b34ac559df8d2185713,common_voice_en_20420244.mp3,"In the Ultimate Marvel reality, Genosha has made an appearance.",0528ed15eff55afab327a9d21ea1f865ebfa8a83bc2205e19827097b9b6e7fbb86991e4146144cc561dce5cc9dcd13fcd3df575658961f4e270e7350fe6b2060,common_voice_en_214878.mp3,No baselines or comparison to state of the art is provided.,f423e3bcaa299c37a26510090d7e7718d2776208de4214b6736c41cd03697f6b6f53d914812a0e8e5ac70c97d8f0585ffec88e307431acbbc2fafac9c481d344
t0244,male,fight,fight,247,1.509,common_voice_en_637071.mp3,The first rule of don't fight club is let's talk about it.,d18c467a83ec3a64ca6d5a6f371e18808b86ce70628835bf4ba503cd26b9e4bfe4dc75978f9e7a2fc1ca030ab0c00b35247979f8d8530b34ac559df8d2185713,common_voice_en_637061.mp3,presently,d18c467a83ec3a64ca6d5a6f371e18808b86ce70628835bf4ba503cd26b9e4bfe4dc75978f9e7a2fc1ca030ab0c00b35247979f8d8530b34ac559df8d2185713,common_voice_en_21093397.mp3,This album was originally intended to be front man Paul Westerberg's solo artist debut.,372293e65cdab88771e028a4351651ab2eff64438ddafc211e089247dcdccca350153465eb5409ce708081d9ad384af45d1dc57bbe030ae1a2c0edd561322fb8,common_voice_en_27076616.mp3,"As time went on, so did the expectations of the movie car chase.",e31822077e104d2f1781db7ce098c016abca0314515a35f564b26c30e59c0d2a0206cdf020dfbfe4e7340388f898c34d51e2d625681694a797c49581af656fba
t0245,male,slowly.,slowly,628,2.29,common_voice_en_637088.mp3,And then he perceived it very slowly.,d18c467a83ec3a64ca6d5a6f371e18808b86ce70628835bf4ba503cd26b9e4bfe4dc75978f9e7a2fc1ca030ab0c00b35247979f8d8530b34ac559df8d2185713,common_voice_en_637061.mp3,presently,d18c467a83ec3a64ca6d5a6f371e18808b86ce70628835bf4ba503cd26b9e4bfe4dc75978f9e7a2fc1ca030ab0c00b35247979f8d8530b34ac559df8d2185713,common_voice_en_4029340.mp3,Elena will be late.,690dfbd4bbd89327e921b6026693814c44d0d8c4d2ca62ae24b8b4b169b1512e56b0029063d53f67830497160cb613735ecc0e799b03b66875eec5215f4785c1,common_voice_en_22306545.mp3,As type is entered the editor will find text that matches.,7992ee59c8a9af9b74fd6f0cc12eaee3da35f588ff19c8859c39fb46d64da542518c2cbe3f8d7657ed6838f721781f9bbb0c82bc15bf31fb662c88b124ba6494
t0246,female,through,through,714,2.337,common_voice_en_680880.mp3,"As you go through life, make this your goal, watch the doughnut and not the hole.",f91af799e6f128f501e63d9621bc161c55f288bf4af1e3991aad357a0162b31dd5d68b706e0470b0d220d0b60f56851585afe46b43599485c3b25853d995c7d2,common_voice_en_680873.mp3,live,f91af799e6f128f501e63d9621bc161c55f288bf4af1e3991aad357a0162b31dd5d68b706e0470b0d220d0b60f56851585afe46b43599485c3b25853d995c7d2,common_voice_en_18770890.mp3,"Moreno's lyrics were described by ""Time"" as ""suggesting emotions rather than announcing them"".",e7dbf7f4ac96518681ef2d6e283c32cb5e416937d805afe4da4a8e8826553b733eef59050ec9edb98da07f032f09f947a1f58998e1950e4bad032a5648449505,common_voice_en_17474910.mp3,"She expects that her birthday cake should be pink, not purple.",bdab056214144f3d132af3018a0c307ed7732f383e95b3398dc7bd62564f661f7042ca1b4860f12827fb629af187d2ba48d744594b44433193fec184eca61e55
t0247,female,Where,where,768,1.418,common_voice_en_680878.mp3,Where have you been?,f91af799e6f128f501e63d9621bc161c55f288bf4af1e3991aad357a0162b31dd5d68b706e0470b0d220d0b60f56851585afe46b43599485c3b25853d995c7d2,common_voice_en_680873.mp3,live,f91af799e6f128f501e63d9621bc161c55f288bf4af1e3991aad357a0162b31dd5d68b706e0470b0d220d0b60f56851585afe46b43599485c3b25853d995c7d2,common_voice_en_17450784.mp3,Shall I meet you in the concourse then?,33fdaa56f23f43bb6e2362e5d720db9049749b6dafc2b4b48c59b0d143b124a2b27c475c15529cc1e5dd29b9b402210a39b07e5b328340a28c16f3a7964c1e7a,common_voice_en_27860365.mp3,"Brodie Merrill has largely dominated this award, winning it a record six consecutive times.",c101508a1b574ca2fbbd1365d2082b5a1d1d247f05fcb9963ab0c6af9a42c1854d00df8347ce0cdd18ee6aa8ccb03a747ab2628353c71a557dd3bd87568d2071
t0248,male,could,could,155,2.823,common_voice_en_19942710.mp3,"Within stored formulas, sub-formulas could be defined and later referred to by name.",93acc43e59d615bf308117939de619245f1b15324316a3311e19a40cd9a4b29760daa79f98ab93b1205495eb5ceec5fe3d3260f2029bf3175bb7ebadcf8a8e61,common_voice_en_19942731.mp3,blocked,93acc43e59d615bf308117939de619245f1b15324316a3311e19a40cd9a4b29760daa79f98ab93b1205495eb5ceec5fe3d3260f2029bf3175bb7ebadcf8a8e61,common_voice_en_18800440.mp3,The use of gold staters in coinage seems mostly of Macedonian origin.,d1239589424ff80f61ff7526def05de2eaefed32e56cf23c876b06852c8a92f661b40661272a7ea0494b6484dbcf1b14e73c8693d54e7110539e43397bc2465d,common_voice_en_20079342.mp3,"""Staff"" is more common in American English, ""stave"" in British English.",c0fe32bac63de60315d7b9a944bb68fc3e4c22a91b7623bb8e13a0fb945ed403938b4457a3f4a1ec9b50ae122047b72cc07530e2941da94a1ae6009c150cc859
t0249,male,later,later,363,3.677,common_voice_en_19942710.mp3,"Within stored formulas, sub-formulas could be defined and later referred to by name.",93acc43e59d615bf308117939de619245f1b15324316a3311e19a40cd9a4b29760daa79f98ab93b1205495eb5ceec5fe3d3260f2029bf3175bb7ebadcf8a8e61,common_voice_en_19942731.mp3,blocked,93acc43e59d615bf308117939de619245f1b15324316a3311e19a40cd9a4b29760daa79f98ab93b1205495eb5ceec5fe3d3260f2029bf3175bb7ebadcf8a8e61,common_voice_en_22023725.mp3,The Lighting Design was by Norman Coates.,f7ad1ef07b42ac1377af4ca16d1a578e9cab710d619207d1fa0f212297e2661d78a41da2edfe0cd91b20922540f1d95215e2b8cd9519fc35ec17fd30d2a084ad,common_voice_en_27160638.mp3,Amaymon is said to have a deadly poisonous breath.,af294a21d920e11013661f4735c1ebd5df298b0c73074b35ae4c3ea490ee8e630766fc629741346f123353256859ef7d055ee8dcce07e48a091cc8bedec671e3
t0250,male,English,english,216,3.065,common_voice_en_19942731.mp3,Another French supply convoy was blocked by the English fleet two months later.,93acc43e59d615bf308117939de619245f1b15324316a3311e19a40cd9a4b29760daa79f98ab93b1205495eb5ceec5fe3d3260f2029bf3175bb7ebadcf8a8e61,common_voice_en_19942710.mp3,subformulas,93acc43e59d615bf308117939de619245f1b15324316a3311e19a40cd9a4b29760daa79f98ab93b1205495eb5ceec5fe3d3260f2029bf3175bb7ebadcf8a8e61,common_voice_en_17274592.mp3,"When you're at a party and somebody says ""banana bread"", a sniper might be near you.",8195bc341f00dc726e995b5bcecdaf5686086b646024124ebbc15451e826a9b1546a68de82f60dba462551739b3e15f1e00d64a516a7d12e35fc20c8d27e30da,common_voice_en_17808124.mp3,Make a virtue of necessity.,dac9b1e1d8332584a76c9b3a95d00e60cfc6bec6ace19305831de9c69236e9c7a0167bebe18b05c28138229981bfc0ff013add0aebb33cffecaee113242acc9f
t0251,male,first,first,253,1.512,common_voice_en_19942743.mp3,He also made the first time bomb.,93acc43e59d615bf308117939de619245f1b15324316a3311e19a40cd9a4b29760daa79f98ab93b1205495eb5ceec5fe3d3260f2029bf3175bb7ebadcf8a8e61,common_voice_en_19942710.mp3,subformulas,93acc43e59d615bf308117939de619245f1b15324316a3311e19a40cd9a4b29760daa79f98ab93b1205495eb5ceec5fe3d3260f2029bf3175bb7ebadcf8a8e61,common_voice_en_18924061.mp3,Unforeseen uses arose for pastebins.,3764398d1ee3930d1e66a9cdce35b9b2dda28237ef4b781698d097a745be87787c015deb7129c6e0e095cffb5c7d7ccdadf7111c68bc8511b8d23bef8748f0c8,common_voice_en_17434844.mp3,"Palm oil is cheap, but workers on illegal plantations get exploited and huge areas of jungle get destroyed for its production.",e7fe5c7fc85b7bbb8b86acb13ab60d854ecdc9649e79c9c5297b93f195bb8210667b50acfd882c8527ed6848f604ba3c234c6acc2b71feb6b9c43792a9cdb4a6
t0252,male,never,never,452,2.295,common_voice_en_19942555.mp3,The Oneida goal was never crossed.,93acc43e59d615bf308117939de619245f1b15324316a3311e19a40cd9a4b29760daa79f98ab93b1205495eb5ceec5fe3d3260f2029bf3175bb7ebadcf8a8e61,common_voice_en_19942710.mp3,subformulas,93acc43e59d615bf308117939de619245f1b15324316a3311e19a40cd9a4b29760daa79f98ab93b1205495eb5ceec5fe3d3260f2029bf3175bb7ebadcf8a8e61,common_voice_en_23955062.mp3,"The brain contains a number of cholinergic areas, each with distinct functions.",74199ae3910ea8eeac883bf073fdfd04091bbac31ac04caeae6c40bc2bc43f73e8ab6e829332741e27895bdc8c4083c09831b1fdc00d978661495bab555f6816,common_voice_en_28520475.mp3,Brakes were drums.,af9c15b78f47fc932ee4a2fab15488dd4295f87b2a3359c855aad4f383b20bced882b0bb7ffa51fe7a08897bcd7370705108bb2cd7dd3919806d7d39f2209c7f
t0253,female,"future,""",future,278,2.972,common_voice_en_38625.mp3,"""But then they wouldn't be a part of your future,"" the seer had said.",b016ba0b8d65927f2a75714a9758ec2d98f64646715874f60e3e2be8383fd1f501fc025b9eee881a61a54c3319def476222b2e3519b228a0049c85dd2029abdd,common_voice_en_38635.mp3,chieftains,b016ba0b8d65927f2a75714a9758ec2d98f64646715874f60e3e2be8383fd1f501fc025b9eee881a61a54c3319def476222b2e3519b228a0049c85dd2029abdd,common_voice_en_23940339.mp3,"At this point, the character Jordan Kennedy is introduced.",3147a120d4f77e4d4a516ef0a7e82c86e9871fd71a2d533af75ab53987ae375720846e673a581cc1d6ac7567396c030dd19e5fc295c1537438cb1aa28e2be0b1,common_voice_en_18153985.mp3,"It would be very useful if my web browser could synchronize all of its preferences, not just some.",5ba7c06fc0b138856a71dbc330864c8708b73437e357f6e9d9a8e90249306b6bc3fe37bdcc43cb95a16d9b4da59ffdc220a655b7a674f422ebf7b220246b7787
t0254,female,asked,asked,44,3.97,common_voice_en_38636.mp3,"The Englishman prodded him, and the boy asked her about the man who cured people's illnesses.",b016ba0b8d65927f2a75714a9758ec2d98f64646715874f60e3e2be8383fd1f501fc025b9eee881a61a54c3319def476222b2e3519b228a0049c85dd2029abdd,common_voice_en_38635.mp3,chieftains,b016ba0b8d65927f2a75714a9758ec2d98f64646715874f60e3e2be8383fd1f501fc025b9eee881a61a54c3319def476222b2e3519b228a0049c85dd2029abdd,common_voice_en_23828440.mp3,"They are reviewed in their second, fourth, and sixth years of employment.",70c21ca1cc3de05f3c23b11615cd7d5dd078e03cda0cd46224c802cb358d2bddc9df76042f0f15fe5c3d655d19f20193db107b130128af209e229afabf047b54,common_voice_en_25889179.mp3,The coat of arms is normally a modern French coat of arms.,9e9081b9bdf3e0a0e94f318f3e7b554a6b04dfaa1ee799564e55a70099b461ece00fcef86aa34f02fc316ea91e1f1335ec8639cab1622560badf8924ea1fe858
t0255,female,about,about,0,4.531,common_voice_en_38636.mp3,"The Englishman prodded him, and the boy asked her about the man who cured people's illnesses.",b016ba0b8d65927f2a75714a9758ec2d98f64646715874f60e3e2be8383fd1f501fc025b9eee881a61a54c3319def476222b2e3519b228a0049c85dd2029abdd,common_voice_en_38635.mp3,chieftains,b016ba0b8d65927f2a75714a9758ec2d98f64646715874f60e3e2be8383fd1f501fc025b9eee881a61a54c3319def476222b2e3519b228a0049c85dd2029abdd,common_voice_en_27105257.mp3,Earlier versions were also sold separately.,cfeff877cccff0af362791b70d74807862da77e349d083a3b710f9f7e69d2dc40be216c056cc7b5153934c29b74abbbeb11d3d0966546d6f2b985782ea01413e,common_voice_en_25224534.mp3,The tickets were not honored on some premium trains.,816ca4167d878d888a8cb22e0bef05e733251b401a8dbc5b1593bab9a4b0314ded516569b8e3b7a4c20b4670c86c59a28cf42d70af3da06fc1edb658d215409a
t0256,male,great,great,292,2.703,common_voice_en_20157930.mp3,He achieved steepling bounce from his great height and was very accurate.,335f9068818b6e54fa054d11d0b9e705918e8e046fad34f15d9314c9348d93017c4449c3a1987ec0992aae753696accb2cf0f7e11a7e8c64667c01fa2275d955,common_voice_en_20157928.mp3,impact,335f9068818b6e54fa054d11d0b9e705918e8e046fad34f15d9314c9348d93017c4449c3a1987ec0992aae753696accb2cf0f7e11a7e8c64667c01fa2275d955,common_voice_en_19965100.mp3,"Japanese singer Immi included a cover of the song on her debut album ""Switch"".",323dad2cece67f8ca5576a6227f15fc630c7f84448241660a4b38fb52e46ce9b4d140ec5365401c3fb87917b071991918c73a07f17b6554cf565c5e316b62e0c,common_voice_en_17773630.mp3,Rickshaws aren't exactly a type of modern transportation.,3883f719d95b1d18f1541e53f20fcd645d1cf454977e0c0d5fef0fce4e6ac6f8b334439b8f0c4f8d945fa2681a1cd3a8313011561d0f33566c65a71290f657b5
t0257,male,"School,",school,596,2.106,common_voice_en_20157929.mp3,"Higginbotham attended Lincoln School, a segregated high school in Trenton.",335f9068818b6e54fa054d11d0b9e705918e8e046fad34f15d9314c9348d93017c4449c3a1987ec0992aae753696accb2cf0f7e11a7e8c64667c01fa2275d955,common_voice_en_20157930.mp3,great,335f9068818b6e54fa054d11d0b9e705918e8e046fad34f15d9314c9348d93017c4449c3a1987ec0992aae753696accb2cf0f7e11a7e8c64667c01fa2275d955,common_voice_en_27603182.mp3,Stefan Lundin was fired during the autumn and temporary replaced by Roger Gustafsson.,75662358bb821ba1810408b87dc4f84e7d3560980311b90bed603c538bff16750a95f9ff8ceb9bb08398348e812a558b4bfdf0e3c5e70fc65204ed4f885bdf9d,common_voice_en_19580945.mp3,Fittler signed with the Australian Rugby League.,ec5460f8a983a3b48cc9323b7171ef6b201c7156bb998c054d6b66b48ab170b8ae2a524f49e2a79593bd575027f8da9ff5f76f029eb55a9d0850639ee335fcba
t0258,male,school,school,596,3.308,common_voice_en_20157929.mp3,"Higginbotham attended Lincoln School, a segregated high school in Trenton.",335f9068818b6e54fa054d11d0b9e705918e8e046fad34f15d9314c9348d93017c4449c3a1987ec0992aae753696accb2cf0f7e11a7e8c64667c01fa2275d955,common_voice_en_20157930.mp3,great,335f9068818b6e54fa054d11d0b9e705918e8e046fad34f15d9314c9348d93017c4449c3a1987ec0992aae753696accb2cf0f7e11a7e8c64667c01fa2275d955,common_voice_en_23426918.mp3,"""Afzelia"" species are used primarily for wood, though some species also have medicinal uses.",4389a887e6409a9de4e717cc1843591b584e048cd22a3d17cad3cab7fbbae9c90c3df28e8037d7158a17c942368b6a50606b8c6fa4d3f4863307d4f1ab04fd26,common_voice_en_170664.mp3,Hopefully I didn't just set the voice coding community back by a few months!,c449d22fc9d51c31c411bf4462909ee7cc34f80b28cf9788833377d3364c5d6f1949d2cbf6850e4ec305a34ca2ec2505cac1f0b032d886fbecee880d1f7c8981
t0259,male,eight,eight,209,3.164,common_voice_en_20157926.mp3,"The film, directed by Bob Fosse, won eight Academy Awards.",335f9068818b6e54fa054d11d0b9e705918e8e046fad34f15d9314c9348d93017c4449c3a1987ec0992aae753696accb2cf0f7e11a7e8c64667c01fa2275d955,common_voice_en_20157930.mp3,great,335f9068818b6e54fa054d11d0b9e705918e8e046fad34f15d9314c9348d93017c4449c3a1987ec0992aae753696accb2cf0f7e11a7e8c64667c01fa2275d955,common_voice_en_29095830.mp3,At one point he was sectioned under the Mental Health Act.,c2f9823f99efd104b16583651f3b8f8ed29e5f28a0655f5ae0bdfc8f0df9468f008e859c255b8b404c836273baca98c82c4c88d0de2c19f8293d4b1e971885d8,common_voice_en_565057.mp3,The steel of its blade glittered in the light of the moon.,e9597e64f385d5d67dc2932cf3d906b4c06af4e9a07a58628c2ff7059ede01c51244bf2c4c219cf0a56f124b5a4bd7eceff987d73b59857bc184398b723214c5
t0260,female,significant,significant,620,2.675,common_voice_en_25697273.mp3,The town experienced a significant internal immigration.,78777b735fc60571aa91ca058012bc5397b0e7f9c3bbbae72d7e85491857aa20ff4ca58a0577c49fb45bb769e7dd36ff2aeb78ffa6116e0a6fcbc8f6fc165517,common_voice_en_25697276.mp3,location,78777b735fc60571aa91ca058012bc5397b0e7f9c3bbbae72d7e85491857aa20ff4ca58a0577c49fb45bb769e7dd36ff2aeb78ffa6116e0a6fcbc8f6fc165517,common_voice_en_683447.mp3,Slide the box into that empty space.,70fef054f571f66d74facf09c7ab408ff81d44cd46f4feb4c58940f57df3a41208f7b68f9af7f3e45a4c10cb575d324db1c4000de1d95dac9e81556c49213dda,common_voice_en_21425976.mp3,"Wallin was born in Washburn, North Dakota.",9278d9c59a1d87fa8315100f59c822e7dd7537485a51f9c4cc1d41779bd809447f40d1e83cfe650166cf37f6fab9c8f01322c5cb050c199e70e619cf8e7e3ef0
t0261,female,location,location,385,2.018,common_voice_en_25697276.mp3,The Sonora location was not rebuilt.,78777b735fc60571aa91ca058012bc5397b0e7f9c3bbbae72d7e85491857aa20ff4ca58a0577c49fb45bb769e7dd36ff2aeb78ffa6116e0a6fcbc8f6fc165517,common_voice_en_25697273.mp3,significant,78777b735fc60571aa91ca058012bc5397b0e7f9c3bbbae72d7e85491857aa20ff4ca58a0577c49fb45bb769e7dd36ff2aeb78ffa6116e0a6fcbc8f6fc165517,common_voice_en_19397286.mp3,Broodstocks also enable you to selectively plan and control all matings.,bfbb012f3672e6d311c7243c421c4de379a89acaa3183dd4ad2b28c096f6d34ca97dcf49708516257bba53684577551cfccde2b1c28ec4f41c202a16cbd329b8,common_voice_en_17764140.mp3,What did you say?,6090e6b48a9db3f07d0156b6e43d4333312f6310d3495811c380568a6da2547092189aa79c0c11c6fa414d19dfd9456ce36eedee29ac22a2f91eb622959a25a4
t0262,male,country,country,159,3.256,common_voice_en_19952785.mp3,"Union law varies from country to country, as does the function of unions.",1d95a778022e603e61909bf57085330eda7e63c833bc1064c63e8358cf03f5828fdfc527bfc775dbbc1fbfacd936e37e5c9ece5e77a9773b74ec3c516b490655,common_voice_en_19952816.mp3,experienced,1d95a778022e603e61909bf57085330eda7e63c833bc1064c63e8358cf03f5828fdfc527bfc775dbbc1fbfacd936e37e5c9ece5e77a9773b74ec3c516b490655,common_voice_en_19002911.mp3,"With Tim Longville he edited the influential anthology ""A Various Art"".",9b668cb44d936ecac1604042d5da5e56375002b7f709e9ef0bfc0b8fb9e0559cd3116294b5f884644605cd68281602eef02a5f6afe9697318f270b8404f72692,common_voice_en_20317761.mp3,"However, the company's financial performance flourished.",43ccf9f4dce9e8a86359088edc0a6ad414149544108d0808cdc9202df371b2b86d161e18e04a894f22c07b77f99de3869f3982eb5f23d03d31efb261e49da923
t0263,male,"country,",country,159,4.228,common_voice_en_19952785.mp3,"Union law varies from country to country, as does the function of unions.",1d95a778022e603e61909bf57085330eda7e63c833bc1064c63e8358cf03f5828fdfc527bfc775dbbc1fbfacd936e37e5c9ece5e77a9773b74ec3c516b490655,common_voice_en_19952816.mp3,experienced,1d95a778022e603e61909bf57085330eda7e63c833bc1064c63e8358cf03f5828fdfc527bfc775dbbc1fbfacd936e37e5c9ece5e77a9773b74ec3c516b490655,common_voice_en_594957.mp3,A boy playing Pokemon while dressed in red pajamas decorated with penguins and snowflakes.,baf18f49afa25da956edff78f73a098e3bb53d62be3dfc12756cbaa322641034c45fe02d3add4f87d33a6cfad788e12fe38128955fd24c5fcf2c5859cf9d9c61,common_voice_en_22782434.mp3,"These separators are not required, and no other separators are allowed.",c5a1d7a7e2f44161ce38ca328a06f1050e4b2b5938ebf9e743d09fe411982475c95624ed4733904cfd97e57ff32e7d0474c79dacdd9f1bff6fd6d577489b04a9
t0264,male,function,function,276,6.531,common_voice_en_19952785.mp3,"Union law varies from country to country, as does the function of unions.",1d95a778022e603e61909bf57085330eda7e63c833bc1064c63e8358cf03f5828fdfc527bfc775dbbc1fbfacd936e37e5c9ece5e77a9773b74ec3c516b490655,common_voice_en_19952816.mp3,experienced,1d95a778022e603e61909bf57085330eda7e63c833bc1064c63e8358cf03f5828fdfc527bfc775dbbc1fbfacd936e37e5c9ece5e77a9773b74ec3c516b490655,common_voice_en_19593994.mp3,The region is a popular destination for mountaineers and for winter sports fans.,88ceb1a2c4ac0d733191804484f3aa905a9e4c4bad305e6d14dc64df47289b064d43fc464d7a3a2a824268d7e935f3a68f2c6deecde16007b5396240deee5d9a,common_voice_en_27190661.mp3,The shows are recorded at Riverside Studios.,63a4e47b6d3cfd98330c334e868d3c41685834cfec2c5c38865472410ca2fe8e204cf0758be426b09c7785bddf1354610f63dd1d2ef4e4eac6e23e1455235417
t0265,male,David,david,174,3.737,common_voice_en_19120760.mp3,The Right Opposition is led by David Gamkrelidze of New Rights Party.,1d95a778022e603e61909bf57085330eda7e63c833bc1064c63e8358cf03f5828fdfc527bfc775dbbc1fbfacd936e37e5c9ece5e77a9773b74ec3c516b490655,common_voice_en_19952816.mp3,experienced,1d95a778022e603e61909bf57085330eda7e63c833bc1064c63e8358cf03f5828fdfc527bfc775dbbc1fbfacd936e37e5c9ece5e77a9773b74ec3c516b490655,common_voice_en_20840846.mp3,In Beijing it is known as Jingyuan Road.,c4215a63594a310a1f1003e4cc4a990ad4c7475e8cb46582a77860e27dc59993062e0d817ccd56b5eea9c8f436b1ab5140e7b4a616264571c5836dfd87080ca9,common_voice_en_19635370.mp3,Four V and W-class destroyers were re-armed with modern anti-aircraft and anti-submarine weapons.,e0fca432de43e2427d0c75145df3200f26eaec3cfb82248f11ce57a309011117b36deb2cdd273f2ee093c9d16c2f12fa1b5150c502f73f985bb160ad21db5bd3
t0266,male,Rights,rights,587,6.773,common_voice_en_19120760.mp3,The Right Opposition is led by David Gamkrelidze of New Rights Party.,1d95a778022e603e61909bf57085330eda7e63c833bc1064c63e8358cf03f5828fdfc527bfc775dbbc1fbfacd936e37e5c9ece5e77a9773b74ec3c516b490655,common_voice_en_19952816.mp3,experienced,1d95a778022e603e61909bf57085330eda7e63c833bc1064c63e8358cf03f5828fdfc527bfc775dbbc1fbfacd936e37e5c9ece5e77a9773b74ec3c516b490655,common_voice_en_608404.mp3,"Then he realized that he had been distracted for a few moments, looking at the sword.",dc4ae6078d676adef57299642df2b4b3906305faade6b65a8a4af77d24011b32e38f0695440e19ee3800c85b20d7ef9a42a4bd43edb93e967e50688d1b204df3,common_voice_en_27766145.mp3,"Between the ribs are various groups of intercostal muscles, which help with breathing.",5660bcaebb43b62285dc67ed7c50f5f09fa7bbdcf2a9d8ece18d0c24913ad258e7706e4767d635c90a0e186e4d267f2fb84eb2ed3c3fe0d60fe9e19370d4b00d
t0267,male,London,london,386,1.538,common_voice_en_20067906.mp3,His father is a London cab driver.,d30ffe0b2ee8c4c67ccc2ab0b14d482c79ce4200f0d3ff8d13878440fb965240b406e3b822ff0cd1e370d0efc9b945be27ca915708879419aebb0526148a9b9c,common_voice_en_20067905.mp3,,d30ffe0b2ee8c4c67ccc2ab0b14d482c79ce4200f0d3ff8d13878440fb965240b406e3b822ff0cd1e370d0efc9b945be27ca915708879419aebb0526148a9b9c,common_voice_en_23945805.mp3,Its name in the Innu language is Piekuakami.,a2576ccf04ad8c0dbe2b29f3843c1ed984d8bd91480766f4bf99c933d99ae8d2b32afc34c7e185b06c2b16deae4fbabb8030906be2455973e2d85d92b0afbc6e,common_voice_en_23991231.mp3,He made an eventful debut.,57d9be2eeda5fbaad0290c45f4e95813da95e09633d5fd84df35a758151788abec644a351cdf610c7b792561d1db0ac6f122dbc94404646941967bd6f0befd44
t0268,male,eventually,eventually,228,3.111,common_voice_en_20067905.mp3,The plots for the miniseries were eventually posted online.,d30ffe0b2ee8c4c67ccc2ab0b14d482c79ce4200f0d3ff8d13878440fb965240b406e3b822ff0cd1e370d0efc9b945be27ca915708879419aebb0526148a9b9c,common_voice_en_20067906.mp3,cab,d30ffe0b2ee8c4c67ccc2ab0b14d482c79ce4200f0d3ff8d13878440fb965240b406e3b822ff0cd1e370d0efc9b945be27ca915708879419aebb0526148a9b9c,common_voice_en_23854529.mp3,In both films he was played by Ivan Pereverzev.,8fb15b20c24c48e35473c0b8dd9e1285bbc4506addde4a59184c20564509b8e991fe91436a329c0b3c06395bf9d662472eef8b66d0a2c7af0a66236ec6f78e8b,common_voice_en_617552.mp3,"Solfaing system of arranging the scale of music by the names do, re, mi, fa, sol, la, si a voice exercise",11ec372417df77b07bb129cc7572637abe768dd9ba9a6cf66c66b5081a6016aa00fb0a31287220448ed090f18b89fb45ff7e35247c32e492909a9d08f7645c84
t0269,female,cannot,cannot,95,1.677,common_voice_en_20016687.mp3,"For example, you cannot take their address.",99e3b06bc4b172e32be927bffad2560c5b60dc42dd91880afd036aa56fd78605c54c29a39f4d87c5fc1141089e3ae738380ecd361664b0340208f7fa7745a0e8,common_voice_en_20016645.mp3,from,99e3b06bc4b172e32be927bffad2560c5b60dc42dd91880afd036aa56fd78605c54c29a39f4d87c5fc1141089e3ae738380ecd361664b0340208f7fa7745a0e8,common_voice_en_18971329.mp3,"During this vicious defensive Battle of Smolensk, Yeryomenko was wounded.",7eff9a54bdb0619deffda7609d5b8565278e3328de99e63908be2a37c1ad16516240b9c92bc6b68d8130b20dc556f57005dc053f4874a49589f5971a31b97e98,common_voice_en_27803942.mp3,"However, cemetery workers found no remains beneath her tombstone.",d7b8bd57a847b9f6a92eb975f2fe0a8686ee95a9e71b0168d5ee36090c94b373186a93d864491807465a14b0cb0cd867c6a52509095f73cb3c58490f0fb7f149
t0270,female,their,their,697,2.28,common_voice_en_20016687.mp3,"For example, you cannot take their address.",99e3b06bc4b172e32be927bffad2560c5b60dc42dd91880afd036aa56fd78605c54c29a39f4d87c5fc1141089e3ae738380ecd361664b0340208f7fa7745a0e8,common_voice_en_20016645.mp3,from,99e3b06bc4b172e32be927bffad2560c5b60dc42dd91880afd036aa56fd78605c54c29a39f4d87c5fc1141089e3ae738380ecd361664b0340208f7fa7745a0e8,common_voice_en_19803863.mp3,Electronics integration will be conducted by Lockheed Martin at an unannounced site.,78a29cfb4cde30101e894e3ecafd5008ddef08a9111ebc6e9bbee5c2476850adb0cbde36019e6fad26a5cd147cd105186341d898a3ff29605a7a42a1b853cff2,common_voice_en_23846375.mp3,The park is currently closed for repairs.,2389216bfce4a1e438030cf4d78eaab120a8e0c7a42f3cd200e1f852dca7fa86f0e53c777df70e6fbfaf9cea2a4d67558a59a1ede957e0db60350418402642a6
t0271,female,strong,strong,666,1.564,common_voice_en_20016645.mp3,"There, they faced strong competition especially from American and European players.",99e3b06bc4b172e32be927bffad2560c5b60dc42dd91880afd036aa56fd78605c54c29a39f4d87c5fc1141089e3ae738380ecd361664b0340208f7fa7745a0e8,common_voice_en_20016687.mp3,take,99e3b06bc4b172e32be927bffad2560c5b60dc42dd91880afd036aa56fd78605c54c29a39f4d87c5fc1141089e3ae738380ecd361664b0340208f7fa7745a0e8,common_voice_en_18058376.mp3,"It was sprayed in red, with yellow edges.",e2d44d7da4688c94c4c613b5b177a4aee799e645843c2ccc4f300d1129ca63a0687c6a53f7499b421e06205dcce69b4b66864867c30725998ff4f6008ceffbef,common_voice_en_24778427.mp3,The Sigsbee Abyssal Plain is the deepest and flattest sector of the deep basin.,854b3ab5b1dc1b94f3486818e229509111da30d0201bde488c764c5cb7031643ade8af504bbd715e27e7996c36d3fdff3305d6b8ba1b689c89ddb4bb04c52d94
t0272,female,especially,especially,222,2.667,common_voice_en_20016645.mp3,"There, they faced strong competition especially from American and European players.",99e3b06bc4b172e32be927bffad2560c5b60dc42dd91880afd036aa56fd78605c54c29a39f4d87c5fc1141089e3ae738380ecd361664b0340208f7fa7745a0e8,common_voice_en_20016687.mp3,take,99e3b06bc4b172e32be927bffad2560c5b60dc42dd91880afd036aa56fd78605c54c29a39f4d87c5fc1141089e3ae738380ecd361664b0340208f7fa7745a0e8,common_voice_en_22261774.mp3,The automobile is by far the dominant form of transport in Canberra.,58e26f0b27657085ceafd74a3e04996d2d258c435f182aa5a363eb9bea29d5cdffce3778d1f4ad28e65d12dbaee94a07ba210fa804fddaebb3b9bc5b68abd31c,common_voice_en_19912790.mp3,Another method is to encrypt the malicious code to prevent detection.,415181dd3f1c55f1a85159db41044b2670e5ac4617530d205779bb6e08330e8392382e184acd8f80747cc793c83bfccd696f12756d1bf729d7cc66e009cc819b
t0273,female,American,american,29,3.369,common_voice_en_20016645.mp3,"There, they faced strong competition especially from American and European players.",99e3b06bc4b172e32be927bffad2560c5b60dc42dd91880afd036aa56fd78605c54c29a39f4d87c5fc1141089e3ae738380ecd361664b0340208f7fa7745a0e8,common_voice_en_20016687.mp3,take,99e3b06bc4b172e32be927bffad2560c5b60dc42dd91880afd036aa56fd78605c54c29a39f4d87c5fc1141089e3ae738380ecd361664b0340208f7fa7745a0e8,common_voice_en_31053.mp3,I have a lunch date.,c948b5166ffa7f0a17b7d067f7f99418cfe1cf101ee9b845047cdcb43911af6bc2c5f775f5099e60052e8edf9d59a2a0fdd906095c9ea0f02c8af763b2088235,common_voice_en_189053.mp3,But where are the houses?,c8cd20d060f39c2eb6e74f8830aac2321b587b86f1a13b73808556479d860c9458a9d4ab68bb7a854d27af0f7d4fe81e8d01d8f2f9223a1dc116408fdb431a6c
t0274,female,European,european,225,4.101,common_voice_en_20016645.mp3,"There, they faced strong competition especially from American and European players.",99e3b06bc4b172e32be927bffad2560c5b60dc42dd91880afd036aa56fd78605c54c29a39f4d87c5fc1141089e3ae738380ecd361664b0340208f7fa7745a0e8,common_voice_en_20016687.mp3,take,99e3b06bc4b172e32be927bffad2560c5b60dc42dd91880afd036aa56fd78605c54c29a39f4d87c5fc1141089e3ae738380ecd361664b0340208f7fa7745a0e8,common_voice_en_25567827.mp3,"Slate, coal, and bog iron abound; and some gold has been found.",0eebf7d01b8206da364c99ef90653c9b680658ab74002adcf257a19f1b826c808ff63190b0f8599a7cf481f737e62d9abd10100a5b0252caf324e66e407d55ce,common_voice_en_21158293.mp3,"Rock, among other titles.",b419faab633f2099c6405ff157b4d9fb5675219570f2683a4d08cbadeac4431e9d9b30dfa9b04f79aad9d8e3f75fda964809f3aa72ae9d0a4a025c59417f3dd1
t0275,male,Schools,schools,597,1.484,common_voice_en_23610023.mp3,The school also has the Schools Curriculum Award.,4ed837dc950b1112df7d50d13c344b41bbfa64c6308b29f4e6d740dc32c49d78ef14d184051d9b61b8a86e46714fa89053447e56019360646fba2fe51daa79aa,common_voice_en_23610007.mp3,also,4ed837dc950b1112df7d50d13c344b41bbfa64c6308b29f4e6d740dc32c49d78ef14d184051d9b61b8a86e46714fa89053447e56019360646fba2fe51daa79aa,common_voice_en_25191462.mp3,The lightsaber will be displayed at Space Center Houston.,0e5b9e39547ba372e339b7eeeb3fb20cad1a055f0695b137a44397eabb020001afc030a9fe1febf7cbfbc92998165e00e0cae4c115b7c9ace09f13911270b582,common_voice_en_20975015.mp3,Nash returns as the new Mist and attempts to become Jack's nemesis.,da1f3a0fa54299c4b20728865fa58a024aba79c415d0431aae5bc8a2065ac2ec36d07046b6aca9c6da7878f997c7a6da1411a38c0b61a87315ef1b3eec5917f1
t0276,male,changed,changed,109,2.854,common_voice_en_23610007.mp3,The name of the stadium was also changed to Fartown Grounds.,4ed837dc950b1112df7d50d13c344b41bbfa64c6308b29f4e6d740dc32c49d78ef14d184051d9b61b8a86e46714fa89053447e56019360646fba2fe51daa79aa,common_voice_en_23610023.mp3,curriculum,4ed837dc950b1112df7d50d13c344b41bbfa64c6308b29f4e6d740dc32c49d78ef14d184051d9b61b8a86e46714fa89053447e56019360646fba2fe51daa79aa,common_voice_en_20374360.mp3,A railway line runs through the park.,b419faab633f2099c6405ff157b4d9fb5675219570f2683a4d08cbadeac4431e9d9b30dfa9b04f79aad9d8e3f75fda964809f3aa72ae9d0a4a025c59417f3dd1,common_voice_en_26287634.mp3,Their stock of these fundamentals was exhausted.,0bfdd76be09f4da3d14e625b5727f98bfd75a8bf5b16a8306335833caf65bfc7d4b28e2b04df6bcb67646c9dcf13ccb8fa91d83c1fedddd6049569ae28f271f1
t0277,male,First,first,253,1.497,common_voice_en_23610011.mp3,They were eliminated in the First Round.,4ed837dc950b1112df7d50d13c344b41bbfa64c6308b29f4e6d740dc32c49d78ef14d184051d9b61b8a86e46714fa89053447e56019360646fba2fe51daa79aa,common_voice_en_23610023.mp3,curriculum,4ed837dc950b1112df7d50d13c344b41bbfa64c6308b29f4e6d740dc32c49d78ef14d184051d9b61b8a86e46714fa89053447e56019360646fba2fe51daa79aa,common_voice_en_20900398.mp3,It also records notable achievements by players.,3bc0c059cd1e024ca08d92b45a0682870d711e9c982da6b3326d82356cf0693023fb4080478d00e0923fde1358f3e7821651512389793cf9d90ffe120a2fa4d3,common_voice_en_20105649.mp3,Fluminense won the competition of that year.,83ea7bf72cf6dbf761a5cc956e93f24622ab0a1f4f84086c03d3b8dcda396ba723cfdbe487e86a9378536c0b21897e1cc865589ce5ae4674549e1ec9d7ea8d7b
t0278,male,training,training,728,2.564,common_voice_en_23610025.mp3,As Chief Flying Instructor he introduced training methods that greatly improved safety.,4ed837dc950b1112df7d50d13c344b41bbfa64c6308b29f4e6d740dc32c49d78ef14d184051d9b61b8a86e46714fa89053447e56019360646fba2fe51daa79aa,common_voice_en_23610023.mp3,curriculum,4ed837dc950b1112df7d50d13c344b41bbfa64c6308b29f4e6d740dc32c49d78ef14d184051d9b61b8a86e46714fa89053447e56019360646fba2fe51daa79aa,common_voice_en_635967.mp3,"The alchemist lighted the fire, and soon a delicious aroma filled the tent.",81c6ca6181d088781d89fa7d398c6ee527b57a0006126573c03ef05f706927cf3dacf5fc8469d3a2a35f5163cc06e62bb7dc1b7c486732c129362fe487ff6847,common_voice_en_20101844.mp3,He then became a partner in the firm of Walker Poole Nixon.,54c78ad6adee4df63b5d3b5bab07e3f363d760bb91d6671ad62e15ce5458a1aa5410d1d2fb1f7148eabcdb1c535621e760fc3d57c65e5439c1fb784d0e214f2e
t0279,female,eventually,eventually,228,1.616,common_voice_en_24206400.mp3,It eventually became a target on a bombing and gunnery range.,90b83f2aff303b9fb221a4dd11033a2cf15acd66021224603c292d1a811b6b6379b7ecee7e41dd181e66200062e792d4be84b9d93f4a59e86493756d0c035c77,common_voice_en_24206404.mp3,accidentally,90b83f2aff303b9fb221a4dd11033a2cf15acd66021224603c292d1a811b6b6379b7ecee7e41dd181e66200062e792d4be84b9d93f4a59e86493756d0c035c77,common_voice_en_28899752.mp3,"Over time, the dance changed, as did the music itself.",1144baca61daccd11801ab6a33aff52b9fe2eadda4b12091848c90c4172e6a83959aadcaa51fb74daf632100d84b1abe5e3ed8c1d4e23d37db2652a2be91db9e,common_voice_en_25318891.mp3,He died in Mata-Utu.,700776cf6647cf502615fc138780c544dab5a3079778a7762e7819eedc18f3d6c278a791b527efe51b60dd00f50400995f8194f0ec77ecfc4c1b781796c1b7ad
t0280,female,became,became,57,2.027,common_voice_en_24206400.mp3,It eventually became a target on a bombing and gunnery range.,90b83f2aff303b9fb221a4dd11033a2cf15acd66021224603c292d1a811b6b6379b7ecee7e41dd181e66200062e792d4be84b9d93f4a59e86493756d0c035c77,common_voice_en_24206404.mp3,accidentally,90b83f2aff303b9fb221a4dd11033a2cf15acd66021224603c292d1a811b6b6379b7ecee7e41dd181e66200062e792d4be84b9d93f4a59e86493756d0c035c77,common_voice_en_23804950.mp3,"In Upper Basildon, the Red Lion sells pub food in addition to local beers.",9be1ead1cee12188a2dab24a35d02529554a6d6a07c4205a178ceac5470ffda986be41a4614d509ef2d9ce38175f24c6e44ee2e96202ddc886c1a1c375176cc8,common_voice_en_17258507.mp3,"I guess, it's a never-ending story.",8d730a3e00a296c6af5e6b318953e1fabd2c26959e212954a0b949bd82081c7e24b621adda8de124549fe925752ca508cdb2f609c5dfedc7f3e5190f1bb5694c
t0281,female,their,their,697,2.962,common_voice_en_23719632.mp3,"""Nicholas"" seized five pirates, sank their skiff and captured a pirate mother ship.",90b83f2aff303b9fb221a4dd11033a2cf15acd66021224603c292d1a811b6b6379b7ecee7e41dd181e66200062e792d4be84b9d93f4a59e86493756d0c035c77,common_voice_en_24206404.mp3,accidentally,90b83f2aff303b9fb221a4dd11033a2cf15acd66021224603c292d1a811b6b6379b7ecee7e41dd181e66200062e792d4be84b9d93f4a59e86493756d0c035c77,common_voice_en_27851653.mp3,A village green lies in the center of the commercial district.,a192dd511b272f58df07ca44c9289d68ff5db68ab0153add3d3c4cb6ad7a3f8b53ee867f0622963ee7de34debc3b36eaeddc3cef625f10a0a065e7a50c3aa3a8,common_voice_en_677181.mp3,Two men and a woman are wearing traditional garb as they dance at a festival,e1abb3329f6004b885b8fc0d2899548cf713c83f68b5da9b4a6624f0397c2d0b4dced706de2b6ea4539cad07f26e181f284dc59d9fd8ebec937da91c7eb1cde6
t0282,male,nothing,nothing,459,1.647,common_voice_en_18404082.mp3,Jeeves had nothing to do with it whatsoever.,2f226f586bbd43470e212e5f9de4d46e72f3d7f03a6ed99e93e8e53d7cc6eb28a3410bfe34e381b6001e1c84d2bc1d2dc7d8667b36d119ee15b03ea8a0b42e7a,common_voice_en_18404081.mp3,liquid,2f226f586bbd43470e212e5f9de4d46e72f3d7f03a6ed99e93e8e53d7cc6eb28a3410bfe34e381b6001e1c84d2bc1d2dc7d8667b36d119ee15b03ea8a0b42e7a,common_voice_en_18134528.mp3,Clifton is unable to reach the shelf.,64b9623abc2396d296ea4a014a54d7eb8ab53b36957d346fa2785f7400443f55816b226ad1ed09ad13379588b5082312f78e1ed167207d960c4eb51ab6491ebb,common_voice_en_18073283.mp3,Open the window.,050b7c721443d809e30fded1216d66a37326bcd2eec6f21d98806665fcef15452d9561f9dd3c4a70c7487009ae87e1f4266bfaa0f9e49c3b823929e8f078b5bc
t0283,male,British,british,79,1.986,common_voice_en_18404083.mp3,Private Eye is a British fortnightly satirical magazine.,2f226f586bbd43470e212e5f9de4d46e72f3d7f03a6ed99e93e8e53d7cc6eb28a3410bfe34e381b6001e1c84d2bc1d2dc7d8667b36d119ee15b03ea8a0b42e7a,common_voice_en_18404081.mp3,liquid,2f226f586bbd43470e212e5f9de4d46e72f3d7f03a6ed99e93e8e53d7cc6eb28a3410bfe34e381b6001e1c84d2bc1d2dc7d8667b36d119ee15b03ea8a0b42e7a,common_voice_en_19362679.mp3,The halo of the Madonna bears the Shahada written backwards.,8979358bf2407b8da8c10f2f03ada8834cbc12cec57c89feddbb5520f5e4af2d2d2777b3d90f34dc0111a737af0528674f88d1ba752385e543f558524e25cdf6,common_voice_en_19613180.mp3,Another sister died of malnutrition in Fukui.,493ebbbb9c7e3b6d3f0ae40c703b3e9469fc09b16b4f4da3a3e61e6203aa4066f02a3eab9e3af48743ebcaa9b272a76252fababd6b9a788bdb1e50ff29d560f6
t0284,female,after,after,14,2.812,common_voice_en_27160586.mp3,Cain did not seek publicity after his retirement from politics.,48001eaf2b6f8ca6e618f062a0d4939c93ce23dc433e6cbc8941c5b9f3c1f7943f534b40bfe42f661fad1c645e3c607e6faaaed21092a9dbbd5974239baf938a,common_voice_en_27160588.mp3,,48001eaf2b6f8ca6e618f062a0d4939c93ce23dc433e6cbc8941c5b9f3c1f7943f534b40bfe42f661fad1c645e3c607e6faaaed21092a9dbbd5974239baf938a,common_voice_en_27987014.mp3,"While reigning monarchs use ordinals, ordinals are not used for royal female consorts.",af9c15b78f47fc932ee4a2fab15488dd4295f87b2a3359c855aad4f383b20bced882b0bb7ffa51fe7a08897bcd7370705108bb2cd7dd3919806d7d39f2209c7f,common_voice_en_18598762.mp3,I have not the power of counting.,344908c02bd9ae437d19d5b7ba3fe238a770da115d0a546adf1c20601008a1e2dabdd9f029d8e71c56e107b48f6baed0d87fed3a0e63eb9425be221055d40c12
t0285,female,featured,featured,242,4.268,common_voice_en_27160588.mp3,This was followed by a tri-nations one-day tournament that also featured Australia.,48001eaf2b6f8ca6e618f062a0d4939c93ce23dc433e6cbc8941c5b9f3c1f7943f534b40bfe42f661fad1c645e3c607e6faaaed21092a9dbbd5974239baf938a,common_voice_en_27160586.mp3,,48001eaf2b6f8ca6e618f062a0d4939c93ce23dc433e6cbc8941c5b9f3c1f7943f534b40bfe42f661fad1c645e3c607e6faaaed21092a9dbbd5974239baf938a,common_voice_en_23928029.mp3,They are the two bodyguards of Baron Flynt.,57d9be2eeda5fbaad0290c45f4e95813da95e09633d5fd84df35a758151788abec644a351cdf610c7b792561d1db0ac6f122dbc94404646941967bd6f0befd44,common_voice_en_21855645.mp3,Latta was a Republican from Ohio.,372293e65cdab88771e028a4351651ab2eff64438ddafc211e089247dcdccca350153465eb5409ce708081d9ad384af45d1dc57bbe030ae1a2c0edd561322fb8
t0286,female,Festival,festival,245,3.018,common_voice_en_27160566.mp3,See List of Sundance Film Festival award winners for a list of winners.,48001eaf2b6f8ca6e618f062a0d4939c93ce23dc433e6cbc8941c5b9f3c1f7943f534b40bfe42f661fad1c645e3c607e6faaaed21092a9dbbd5974239baf938a,common_voice_en_27160586.mp3,,48001eaf2b6f8ca6e618f062a0d4939c93ce23dc433e6cbc8941c5b9f3c1f7943f534b40bfe42f661fad1c645e3c607e6faaaed21092a9dbbd5974239baf938a,common_voice_en_27270814.mp3,Sargent returned to the Los Angeles Kings after retiring as a player.,8449194e8b74b81d761d7a3786cdd5d099aff4f33737c7f476edf3435c3eb483ff6d6515d153c7cfb9193821f01a3a0bd6b049740b029acd7b1488df9bd579d8,common_voice_en_19256066.mp3,This is a contradiction.,e790d1a6d652b49b74172d96fca249c1d46c38806613534de93e324492059b41bb491639158ff5b5efe117d167447b1dca743bff0b32dcfe07b12a43fb13a86e
t0287,female,award,award,52,3.478,common_voice_en_27160566.mp3,See List of Sundance Film Festival award winners for a list of winners.,48001eaf2b6f8ca6e618f062a0d4939c93ce23dc433e6cbc8941c5b9f3c1f7943f534b40bfe42f661fad1c645e3c607e6faaaed21092a9dbbd5974239baf938a,common_voice_en_27160586.mp3,,48001eaf2b6f8ca6e618f062a0d4939c93ce23dc433e6cbc8941c5b9f3c1f7943f534b40bfe42f661fad1c645e3c607e6faaaed21092a9dbbd5974239baf938a,common_voice_en_23401119.mp3,People of Jewish faith in France were becoming assimilated into their lives.,cf658764e695270837ad8af4462cb4fdaeec21a451e3c9ee585dcec3b999e0ac6f0a5f2de7548e919d2ffa1cc94d7f78fb8dbc1eba8bfe3cf0875c9c50235b63,common_voice_en_189040.mp3,I'm sure she'll be all right.,c8cd20d060f39c2eb6e74f8830aac2321b587b86f1a13b73808556479d860c9458a9d4ab68bb7a854d27af0f7d4fe81e8d01d8f2f9223a1dc116408fdb431a6c
t0288,male,another,another,33,1.515,common_voice_en_549427.mp3,"At most, they thought that another meteorite had descended.",e964665398423032845dd3813cf1b33a251fa7d7f3b396396e8965980f7d91912cdf4aef6c1c71028b20baf53dbd7aaea6f7c36185fd7d3504bfccb9271f49c8,common_voice_en_549447.mp3,have,e964665398423032845dd3813cf1b33a251fa7d7f3b396396e8965980f7d91912cdf4aef6c1c71028b20baf53dbd7aaea6f7c36185fd7d3504bfccb9271f49c8,common_voice_en_17280801.mp3,"It gives a very nice, deep sound.",ba1c7c469210df7814775980825b667202705b4d0765bea471f83f80fc62a6f7e7ee450eef20476a583d60ab5bbda2969ecd98de146916980d4c6f77d84f2aa3,common_voice_en_19759708.mp3,A staple ingredient in most German versions is pearl barley.,cd17e5baf74f5528ec4ae3e4be62ad871743ab8a3c53c25c4e773ce55de210c68f7c2be8a1e6b66af064ff0d1107bbad61546046608e2c43058bb18107d5812f
t0289,female,shall,shall,612,2.095,common_voice_en_19613378.mp3,"Hopefully, by then we shall have made it.",2c5a2d151601f85f127571ee22f6ba67d16971c7540d7b365fde9cd20a3ecc6e390efa954e0c29e908c2d3fbab08ebf3feba29652745f36be704d950b3f372a3,common_voice_en_19613377.mp3,,2c5a2d151601f85f127571ee22f6ba67d16971c7540d7b365fde9cd20a3ecc6e390efa954e0c29e908c2d3fbab08ebf3feba29652745f36be704d950b3f372a3,common_voice_en_22251289.mp3,The Copake Falls Area of the park services several different attractions.,05812a8b0aa7547db9c9e8ecf0fac06f46f8af06635de679967c68e0969dd9043f419933af71e6d5e922b855cda280640df7e6209d9cf4a009e61f033fab9eed,common_voice_en_23766124.mp3,Narita New Town is a planned residential area to the west of Narita Station.,197dd6156c583d549bc300fc633b2cc0c692a81cf78d870196005435ef5ec19d0e7ddb7ad25f6da10a9051e6a7e8d4a95a2cf7aed12a753681944411bc75bdd3
t0290,female,built,built,86,1.563,common_voice_en_19613377.mp3,"Loose stacks are built to prevent accumulation of moisture and promote drying, or curing.",2c5a2d151601f85f127571ee22f6ba67d16971c7540d7b365fde9cd20a3ecc6e390efa954e0c29e908c2d3fbab08ebf3feba29652745f36be704d950b3f372a3,common_voice_en_19613378.mp3,then,2c5a2d151601f85f127571ee22f6ba67d16971c7540d7b365fde9cd20a3ecc6e390efa954e0c29e908c2d3fbab08ebf3feba29652745f36be704d950b3f372a3,common_voice_en_17259951.mp3,What is the meaning of this?,0e135804bb1abfcd9e2305e1ea6814d41611dcb68839e18f331edaaa5e2899ae9f6888cfdafea4e84d8a06bea485b337f96f28eaa295a158e17800483dc29f2d,common_voice_en_18329317.mp3,And now put yourself in my place for a moment.,e790d1a6d652b49b74172d96fca249c1d46c38806613534de93e324492059b41bb491639158ff5b5efe117d167447b1dca743bff0b32dcfe07b12a43fb13a86e
t0291,female,found,found,267,2.513,common_voice_en_19613424.mp3,"Hawkins went on to found Digital Chocolate, a mobile-based gaming company.",2c5a2d151601f85f127571ee22f6ba67d16971c7540d7b365fde9cd20a3ecc6e390efa954e0c29e908c2d3fbab08ebf3feba29652745f36be704d950b3f372a3,common_voice_en_19613378.mp3,then,2c5a2d151601f85f127571ee22f6ba67d16971c7540d7b365fde9cd20a3ecc6e390efa954e0c29e908c2d3fbab08ebf3feba29652745f36be704d950b3f372a3,common_voice_en_23835306.mp3,"Litter size is between one and six cubs, typically two or three.",9be1ead1cee12188a2dab24a35d02529554a6d6a07c4205a178ceac5470ffda986be41a4614d509ef2d9ce38175f24c6e44ee2e96202ddc886c1a1c375176cc8,common_voice_en_25472402.mp3,"Its main focus is in promoting education, science and knowledge-based values.",c1d9b0b2738c21e4aab073c46f5efc339aff4ae258134fa14ee85b0679f9209157eb6c78942000e942826c2a206286b7dfb5705ec032893e822e17ac1c1b4451
t0292,female,company.,company,140,5.656,common_voice_en_19613424.mp3,"Hawkins went on to found Digital Chocolate, a mobile-based gaming company.",2c5a2d151601f85f127571ee22f6ba67d16971c7540d7b365fde9cd20a3ecc6e390efa954e0c29e908c2d3fbab08ebf3feba29652745f36be704d950b3f372a3,common_voice_en_19613378.mp3,then,2c5a2d151601f85f127571ee22f6ba67d16971c7540d7b365fde9cd20a3ecc6e390efa954e0c29e908c2d3fbab08ebf3feba29652745f36be704d950b3f372a3,common_voice_en_22730076.mp3,"Among them are Seattle, Tacoma, Spokane, Vancouver, and Yakima.",7eff9a54bdb0619deffda7609d5b8565278e3328de99e63908be2a37c1ad16516240b9c92bc6b68d8130b20dc556f57005dc053f4874a49589f5971a31b97e98,common_voice_en_20831089.mp3,"The blazon of the municipal coat of arms is Or, a Buck passant Gules.",372293e65cdab88771e028a4351651ab2eff64438ddafc211e089247dcdccca350153465eb5409ce708081d9ad384af45d1dc57bbe030ae1a2c0edd561322fb8
t0293,female,played,played,507,1.825,common_voice_en_19613423.mp3,Razzano played college football for the Ole Miss Rebels.,2c5a2d151601f85f127571ee22f6ba67d16971c7540d7b365fde9cd20a3ecc6e390efa954e0c29e908c2d3fbab08ebf3feba29652745f36be704d950b3f372a3,common_voice_en_19613378.mp3,then,2c5a2d151601f85f127571ee22f6ba67d16971c7540d7b365fde9cd20a3ecc6e390efa954e0c29e908c2d3fbab08ebf3feba29652745f36be704d950b3f372a3,common_voice_en_614783.mp3,But there they saw a crystal shop that offered refreshing mint tea.,1c6ee56bd83ef23957e530bafbf5f5ba1caed65fc67b5019c24f57a5970eceb47118db262db756b9fc47522e9e50564a2ec9fe894c5e7bc59a341b4d7b69700b,common_voice_en_26137842.mp3,He took over someone special.,c660f47a884851af96ef743c3d621e675421bb9b2376399c145bbdd97043b37739fd52f966088485c513d424c95296755d10b9d768005996075173a3e7f6448d
t0294,female,college,college,131,2.237,common_voice_en_19613423.mp3,Razzano played college football for the Ole Miss Rebels.,2c5a2d151601f85f127571ee22f6ba67d16971c7540d7b365fde9cd20a3ecc6e390efa954e0c29e908c2d3fbab08ebf3feba29652745f36be704d950b3f372a3,common_voice_en_19613378.mp3,then,2c5a2d151601f85f127571ee22f6ba67d16971c7540d7b365fde9cd20a3ecc6e390efa954e0c29e908c2d3fbab08ebf3feba29652745f36be704d950b3f372a3,common_voice_en_20767407.mp3,"Coal, lead and zinc were mined in the region.",192e47bdbde2bb6217c0d19214f75e1ebcfc4b5f287cf18d924b6001ad77e1fdf1f82b0b3cfb6f250a0b3f5a2025e6cc5c0403184b16823cf3199c54005bd141,common_voice_en_25961008.mp3,"The mimosa clumps, current-carried, drifted and formed floating islands.",24229cb6614462aecabad3d3a54bdbc8eab0df4d7162e77f1bcc0395698aa6ddd1c8da813a92b329df50efec7e3a74764ebd256cb39e0b925bbebc4ef82bf708
t0295,male,country,country,159,3.445,common_voice_en_24261278.mp3,Lake Chad gave its name to the country of Chad.,0d0a2cd421d4ac67a2d4e1c4eeeab7c2f82a26d279b800299ccd6200a5212ea2458f17f2bd2afd591e607a5ace8bdb50355cdb03390b7a5f51ba998622f2c7a2,common_voice_en_24261272.mp3,proven,0d0a2cd421d4ac67a2d4e1c4eeeab7c2f82a26d279b800299ccd6200a5212ea2458f17f2bd2afd591e607a5ace8bdb50355cdb03390b7a5f51ba998622f2c7a2,common_voice_en_19957851.mp3,Charles eventually married Henrietta Maria of France.,93e83f4b9653e11208a92aef2436a4191bad7dd6ca04c50eacddc0abf35725a5a588acb2a960bde7f00fc32dc99cc6ae883741fd78753f0585cb76d9105e84ae,common_voice_en_17771693.mp3,With distinctly separated sounds.,46aec8cd216e7a8415ce975e03fcb788a571e3107d064d0af64437c98d115bff18736e576e96675228b53894012aa7943a2bc6983e7761edbc8932a83e73a35e
t0296,male,method,method,412,3.133,common_voice_en_24261272.mp3,This method has proven successful even in chronic cases.,0d0a2cd421d4ac67a2d4e1c4eeeab7c2f82a26d279b800299ccd6200a5212ea2458f17f2bd2afd591e607a5ace8bdb50355cdb03390b7a5f51ba998622f2c7a2,common_voice_en_24261278.mp3,,0d0a2cd421d4ac67a2d4e1c4eeeab7c2f82a26d279b800299ccd6200a5212ea2458f17f2bd2afd591e607a5ace8bdb50355cdb03390b7a5f51ba998622f2c7a2,common_voice_en_28696017.mp3,The other five public institutions are organized as the Vermont State Colleges system.,29ca16eb2c0faea0be0ad73b5d826f5e81dc6fd4acfa9241a002b5d3619fd51c5b00b009e7b98b50caa5829f8a96697d5942b120749ee63a5d637c632bd0f7bc,common_voice_en_22227551.mp3,"When played on a drum kit, songo patterns are clave-based rumba-funk hybrids.",a21c4163e6bee68bd0be0e7eb91314144b28160fea060c3c442b5bc4aad739a28a4e2f384624ceef23ab603021923bf71d8d22e9717ee78513034d05b8e31621
t0297,male,successful,successful,677,4.845,common_voice_en_24261272.mp3,This method has proven successful even in chronic cases.,0d0a2cd421d4ac67a2d4e1c4eeeab7c2f82a26d279b800299ccd6200a5212ea2458f17f2bd2afd591e607a5ace8bdb50355cdb03390b7a5f51ba998622f2c7a2,common_voice_en_24261278.mp3,,0d0a2cd421d4ac67a2d4e1c4eeeab7c2f82a26d279b800299ccd6200a5212ea2458f17f2bd2afd591e607a5ace8bdb50355cdb03390b7a5f51ba998622f2c7a2,common_voice_en_25282567.mp3,He attacked from all sides.,72bfa010e3bae8d89caec811fc4192515f014614d9b943a8a3c4e83c1d6734f9857330576cbad69f0011266d7ec4e1c949f19e4a6bd20814b324b311ea5f0ef8,common_voice_en_19990210.mp3,The college also provides residential facilities for girl students.,c1f705d7204e4547029da9b1784eea40e35099cbfe52dbe86518f60d812d5ee2e86d2384fb40db07e775a0305b07a0473a630b1013b1cf7d11b01b2d17387b7a
t0298,female,rights,rights,587,2.656,common_voice_en_19678606.mp3,Its primary purpose is to safeguard the rights and well-being of refugees.,5633df4160c8d2cb8153643874cdac4e2aea1fd117d0bae745824e14eb719cb714a3404165b3cb132afd4061371bbca1fc70a294a85babc553fe547bef1fcb0f,common_voice_en_19678780.mp3,birthplace,5633df4160c8d2cb8153643874cdac4e2aea1fd117d0bae745824e14eb719cb714a3404165b3cb132afd4061371bbca1fc70a294a85babc553fe547bef1fcb0f,common_voice_en_28111168.mp3,"As education minister, Thornton oversaw the removal of funding for Manitoba's francophone denominational schools.",ee3264901e0ef35f0dc631326566d5e6f57723af8f97322acb15b973c4e9ece7967420fded9f9ecf7d8ecac87ef710d4d2d517d4ef4b125516db1274061837b8,common_voice_en_174796.mp3,Don't put yourself out.,1bc6397feed496a6398362aa1e16b28300f23f7ebfcfd9659f98f01ddeee880014604fc9fcf39f23e6fb30f0a7985bb6dad0c91032bbbef58e013f7650b709a6
t0299,female,considered,considered,147,1.538,common_voice_en_19678780.mp3,The base is considered the birthplace of Italian aviation.,5633df4160c8d2cb8153643874cdac4e2aea1fd117d0bae745824e14eb719cb714a3404165b3cb132afd4061371bbca1fc70a294a85babc553fe547bef1fcb0f,common_voice_en_19678606.mp3,,5633df4160c8d2cb8153643874cdac4e2aea1fd117d0bae745824e14eb719cb714a3404165b3cb132afd4061371bbca1fc70a294a85babc553fe547bef1fcb0f,common_voice_en_27160533.mp3,"The artwork for ""Pineapple Head"" was created by Reg Mombassa of Mental As Anything.",af294a21d920e11013661f4735c1ebd5df298b0c73074b35ae4c3ea490ee8e630766fc629741346f123353256859ef7d055ee8dcce07e48a091cc8bedec671e3,common_voice_en_19501613.mp3,"O'Shea and his wife have three children, one son, and two daughters.",af6eabb1520a0a170113371fbf24c072e1a6feff65bc93d6bb41df7159cbdc0a42704a11ad4df4172f7332d53e55ba28246fc404a2d7237a9efe041ce74ba9fa
t0300,female,Italian,italian,349,2.815,common_voice_en_19678780.mp3,The base is considered the birthplace of Italian aviation.,5633df4160c8d2cb8153643874cdac4e2aea1fd117d0bae745824e14eb719cb714a3404165b3cb132afd4061371bbca1fc70a294a85babc553fe547bef1fcb0f,common_voice_en_19678606.mp3,,5633df4160c8d2cb8153643874cdac4e2aea1fd117d0bae745824e14eb719cb714a3404165b3cb132afd4061371bbca1fc70a294a85babc553fe547bef1fcb0f,common_voice_en_18500010.mp3,"The Sun, Mirror and Daily Mail are British tabloids.",9d10d5dc5f2a82f397ddab6e899127abd58298296aa405fed6b14c92c051299429f725852bed724064ebb88a534fe354371dd6f4e1c1c4e92df18493a4bceea6,common_voice_en_21874457.mp3,The island's main city is Tanjung Balai Karimun.,49518b0d6dc530fcb03351c761b8b69aba18a29400ec4510ccfc214f1905114cc6fb992128c51bbba73e54db9cb9e534446ebc5f27748ea922d1913e0635ac2e
t0301,female,world.,world,787,2.095,common_voice_en_19677890.mp3,I would not trouble you for the world.,5633df4160c8d2cb8153643874cdac4e2aea1fd117d0bae745824e14eb719cb714a3404165b3cb132afd4061371bbca1fc70a294a85babc553fe547bef1fcb0f,common_voice_en_19678606.mp3,,5633df4160c8d2cb8153643874cdac4e2aea1fd117d0bae745824e14eb719cb714a3404165b3cb132afd4061371bbca1fc70a294a85babc553fe547bef1fcb0f,common_voice_en_18702650.mp3,In the book O'Rourke named a fictional war correspondent Max Hastings after him.,2260012da3141f7794e6d0c1bb750d1b9cf0b861e1e69a858f8e7da7e617c49f8333d56ceba58fe645e0cfacfe5c296712c399faecd319d4bdedc7c1134f2014,common_voice_en_501420.mp3,People walk down a cobblestone street with buildings rising on both sides.,8cbea52aa26bdf09b7e3df2221e07657d07d85edad0ca02aae3d1aa4d4754e9f6c48cb67e67228dfb2a86e37ef7fe93fbe4511d41e06c01cc34c9d0c5de6491b
t0302,female,since,since,624,2.747,common_voice_en_19678810.mp3,Early survival has improved since the introduction of the Norwood procedure.,5633df4160c8d2cb8153643874cdac4e2aea1fd117d0bae745824e14eb719cb714a3404165b3cb132afd4061371bbca1fc70a294a85babc553fe547bef1fcb0f,common_voice_en_19678606.mp3,,5633df4160c8d2cb8153643874cdac4e2aea1fd117d0bae745824e14eb719cb714a3404165b3cb132afd4061371bbca1fc70a294a85babc553fe547bef1fcb0f,common_voice_en_27169974.mp3,"Core themes in religious naturalism have been present, in varied cultures, for centuries.",0b3d55acf115fdf88131d7324fa9a7e1a26542405b0671d5ec0d9ed34b40fa0158576fd51ee9cc937a41b1c529f49cfb23fec693ae1382f21ec8fed796a9dece,common_voice_en_25914394.mp3,The table below summarizes Zakaria Diallo’s statistics during his career.,f4515060e7f480a24c0778e8f3d5d1d286ed616552851a6c3c9c6aee7303d249fbffd910c70869b7620fc33b38c8b618b934eeea78ef4cde3c1be1566b44501e
t0303,male,between,between,69,2.035,common_voice_en_26656738.mp3,"A close relationship between ""Yunnanozoon"" and the taxon Vetulicolia has also been proposed.",91fe1f1a91198d021ccc655ba72fa744d611153a1675e7332a0c8098e9b62f15a74599cfd209451fe8f0c0f8c6b9375484abcea3e6894ef8f528c96e034edf19,common_voice_en_26656734.mp3,solitude,91fe1f1a91198d021ccc655ba72fa744d611153a1675e7332a0c8098e9b62f15a74599cfd209451fe8f0c0f8c6b9375484abcea3e6894ef8f528c96e034edf19,common_voice_en_18767583.mp3,"Mesaba Aviation, d.b.a.",8cd87e8a7a0af54183d5155c7d4e74398dc99a4ec63e03ca7ba284691df6451331ddcd93da036090889d4039e578a150f2d78da47822df6311b5ca48a1c2666a,common_voice_en_23789725.mp3,Mafia island has a tropical climate.,fd8233b9e60ba635cefb3d3130ae076b83e54d8e90e56e8ecb3319ade12af143709276ca2e455358d19c6c896abf9ffc87633d585548f1ee9fc52c6067fd1254
t0304,male,enough,enough,217,2.388,common_voice_en_26656731.mp3,Nor have I been fortunate enough to meet with them.,91fe1f1a91198d021ccc655ba72fa744d611153a1675e7332a0c8098e9b62f15a74599cfd209451fe8f0c0f8c6b9375484abcea3e6894ef8f528c96e034edf19,common_voice_en_26656734.mp3,solitude,91fe1f1a91198d021ccc655ba72fa744d611153a1675e7332a0c8098e9b62f15a74599cfd209451fe8f0c0f8c6b9375484abcea3e6894ef8f528c96e034edf19,common_voice_en_19862512.mp3,All three constituencies are within the Highlands and Islands electoral region.,ee74e15cc2cfe71d23fd8c9e743b26d6913c64c315f708ce4a290a18c3e14a17a4a17cc5451e7c5af452f431ca0c18a0050f0b8500895b2053eedce5db7e08e1,common_voice_en_18331019.mp3,"Dear Sir, Your second victim has fallen on schedule time.",70c21ca1cc3de05f3c23b11615cd7d5dd078e03cda0cd46224c802cb358d2bddc9df76042f0f15fe5c3d655d19f20193db107b130128af209e229afabf047b54
t0305,female,would,would,788,3.505,common_voice_en_222100.mp3,"The builder placed the brick onto the plank of wood, so it would bend into shape.",64bd37c8bf7fe5ffa68ebfc665ce8d7e5abcb8955a4ecd457427561fee1b6af1f746fce2b342d9c99a21d2068fc6195b07cc7f5aeb30f1a9f728fcdfd36f9742,common_voice_en_222104.mp3,,64bd37c8bf7fe5ffa68ebfc665ce8d7e5abcb8955a4ecd457427561fee1b6af1f746fce2b342d9c99a21d2068fc6195b07cc7f5aeb30f1a9f728fcdfd36f9742,common_voice_en_534554.mp3,"Fan blades spun in the summer's eve, cooling the guests below.",94ead8b5b24a9780fe9e1606a44940883166504ad73912d3264789d522a82628b3e21f11482cc2a698df181af45dd9a2658a467bf49e85eba9f17819ec7f8d85,common_voice_en_31780111.mp3,Both the reredos and the ceiling are the work of John Hayward.,1e65c598d34958c1b537e59aa7dadc42741f566b0bff8037b25780132c6a1bdc99840e57254460d4e9ff2cf4b3ea848a083d9c3749fb54bf9a893926609d2520
t0306,female,decided,decided,176,1.732,common_voice_en_222103.mp3,He decided to boycott games with digital restriction management in the future.,64bd37c8bf7fe5ffa68ebfc665ce8d7e5abcb8955a4ecd457427561fee1b6af1f746fce2b342d9c99a21d2068fc6195b07cc7f5aeb30f1a9f728fcdfd36f9742,common_voice_en_222100.mp3,,64bd37c8bf7fe5ffa68ebfc665ce8d7e5abcb8955a4ecd457427561fee1b6af1f746fce2b342d9c99a21d2068fc6195b07cc7f5aeb30f1a9f728fcdfd36f9742,common_voice_en_19701587.mp3,He also obtained the authorizations to fly Predator drones over Yemen.,6dad01da3200445ff9f1f50b139bef7d03a7b840a0d166f7e0e311ed1e1f4d659d3a17ac2a7b88e98234785242ab650cd42201d79f116178a707b4e35c58ec9c,common_voice_en_2139.mp3,"""He knew what I was thinking,"" the boy said to himself.",6962cace61216016b497fe40d293b415c954cba5819a15d1745443af7bc6d6d417905b1315b408fff159a93ad6545521e83c388b64f8b117c456d8521622603b
t0307,female,games,games,279,2.734,common_voice_en_222103.mp3,He decided to boycott games with digital restriction management in the future.,64bd37c8bf7fe5ffa68ebfc665ce8d7e5abcb8955a4ecd457427561fee1b6af1f746fce2b342d9c99a21d2068fc6195b07cc7f5aeb30f1a9f728fcdfd36f9742,common_voice_en_222100.mp3,,64bd37c8bf7fe5ffa68ebfc665ce8d7e5abcb8955a4ecd457427561fee1b6af1f746fce2b342d9c99a21d2068fc6195b07cc7f5aeb30f1a9f728fcdfd36f9742,common_voice_en_28132875.mp3,He also appeared in a number of Boston Blackie films as millionaire Arthur Manleder.,92e8b507ff4a88d51da949d74f56adc905a4b28d39eb9b022f4170676eab6c7d6d253f8760608c03151bb2aca21276991ea50e8062221f72fc3c8268ea8757fd,common_voice_en_47068.mp3,Thailand turned out to be a very satisfying holiday.,3626fa6b9645ba859cf611370be40d14691f5d0a46511e57ee7d8ff7b00e19aff177a20ddb75e1a05055baea2ce937592490a12437a579fcaeba1d37103887dd
t0308,male,major,major,394,2.026,common_voice_en_20306581.mp3,The major redesign was followed by several more changes.,8c5fce8df2bde736bed5eb78b358681e9749b6928b11d7ef49b008f116f817c0ce1be3f3e38d60b8ff5ec5e352b43dc14018079216e3db2a62b851dcd4135e5a,common_voice_en_20306672.mp3,affiliate,8c5fce8df2bde736bed5eb78b358681e9749b6928b11d7ef49b008f116f817c0ce1be3f3e38d60b8ff5ec5e352b43dc14018079216e3db2a62b851dcd4135e5a,common_voice_en_18453464.mp3,The jewel in the crown.,a9cdb905dc40d3336550458b9ebc4a8091c59f0597cf1446cad00a110492659df2c8e52f3125b4ff518e0010e147b5415f06ab7bdcc9081745a09cb9c17457e0,common_voice_en_18579307.mp3,"We're going bowling this evening, do you want to join us?",a770aff89752f9e17b1f337e535912138ae0eb02ec948ab5efde2f60c9c65d6d349068ebffe7e256bae995006f2a7712b1ac5db6ecdf9a0ca307668a759da27c
t0309,male,followed,followed,256,3.941,common_voice_en_20306581.mp3,The major redesign was followed by several more changes.,8c5fce8df2bde736bed5eb78b358681e9749b6928b11d7ef49b008f116f817c0ce1be3f3e38d60b8ff5ec5e352b43dc14018079216e3db2a62b851dcd4135e5a,common_voice_en_20306672.mp3,affiliate,8c5fce8df2bde736bed5eb78b358681e9749b6928b11d7ef49b008f116f817c0ce1be3f3e38d60b8ff5ec5e352b43dc14018079216e3db2a62b851dcd4135e5a,common_voice_en_17658795.mp3,The kernels in principle allow for much more exotic methods.,5ced37e6adb74135d4bbf33cb2958aaffe4b3a3138191de89734a6cdfee371e23159ecdb155d6b1d9e6400ef8087e5af745fe9f924be5ad2d4cd0aed53cfd070,common_voice_en_18627462.mp3,Is it alive?’,b340e6ac712cfae582ad6ffadfb3f81bc15c316131c59976c13f2829c749725d457f4bc55f7b2d561e4012c3acec07a20eb3a545649c61f21ecb8ae149d54f38
t0310,male,several,several,611,4.813,common_voice_en_20306581.mp3,The major redesign was followed by several more changes.,8c5fce8df2bde736bed5eb78b358681e9749b6928b11d7ef49b008f116f817c0ce1be3f3e38d60b8ff5ec5e352b43dc14018079216e3db2a62b851dcd4135e5a,common_voice_en_20306672.mp3,affiliate,8c5fce8df2bde736bed5eb78b358681e9749b6928b11d7ef49b008f116f817c0ce1be3f3e38d60b8ff5ec5e352b43dc14018079216e3db2a62b851dcd4135e5a,common_voice_en_23755042.mp3,"A devout Anti-Communist, he continues to work with Vietnamese exile groups.",a942a99db0a31c334859aab7f8f8278eb3d69f3d2c08df1936609711ae779253e3e750550948ac65e2897cbd31418c48315fdbb1f002bf9040a73660f9e75d19,common_voice_en_27077511.mp3,Little Wills Creek joins Wills Creek in the eastern part of the borough.,e31822077e104d2f1781db7ce098c016abca0314515a35f564b26c30e59c0d2a0206cdf020dfbfe4e7340388f898c34d51e2d625681694a797c49581af656fba
t0311,male,changes.,changes,110,5.736,common_voice_en_20306581.mp3,The major redesign was followed by several more changes.,8c5fce8df2bde736bed5eb78b358681e9749b6928b11d7ef49b008f116f817c0ce1be3f3e38d60b8ff5ec5e352b43dc14018079216e3db2a62b851dcd4135e5a,common_voice_en_20306672.mp3,affiliate,8c5fce8df2bde736bed5eb78b358681e9749b6928b11d7ef49b008f116f817c0ce1be3f3e38d60b8ff5ec5e352b43dc14018079216e3db2a62b851dcd4135e5a,common_voice_en_683896.mp3,What's all this mess?,0eca8b7df607c816e2d9c8d2f31af04333d02214b0f5ff3f09d33739ccfcfd5cbab27556be3c01c8283fbfabfb20e3a7cbf3c68b2c486b91080bcc26e49456cb,common_voice_en_19803635.mp3,Above the male flowers is a ring of hairs forming an insect trap.,645e46f7b88a047d85a99b9eb6e40cf40044773e81fdf789e6572fda72814cb347fe5acb3baf183f5287db08352db34b8ee9f61748002dcb2506cd331eab47ca
t0312,male,station,station,657,3.186,common_voice_en_20306672.mp3,"In the same year, the station became an affiliate of the Columbia Broadcasting System.",8c5fce8df2bde736bed5eb78b358681e9749b6928b11d7ef49b008f116f817c0ce1be3f3e38d60b8ff5ec5e352b43dc14018079216e3db2a62b851dcd4135e5a,common_voice_en_20306581.mp3,by,8c5fce8df2bde736bed5eb78b358681e9749b6928b11d7ef49b008f116f817c0ce1be3f3e38d60b8ff5ec5e352b43dc14018079216e3db2a62b851dcd4135e5a,common_voice_en_23374700.mp3,Number three - it just turned very different.,20c5cd198dcc6e43db686dafc1a07bc7a382c2df9922373c675cc42a664a5d672bda22a9c2fb63f6bb4e53a1695cebddf14ec061e16257a832bbbc70bcf9a072,common_voice_en_24744329.mp3,The judges are then given a rubric to evaluate the written entry's score.,84dd007bc72e7130f6bf8475b8be15697c1465872867117900c88c3bb60606b8d6b612ce6b7649517bd3107e93cc41f4e17f7b01dadbab855451854008dbfc48
t0313,male,became,became,57,3.657,common_voice_en_20306672.mp3,"In the same year, the station became an affiliate of the Columbia Broadcasting System.",8c5fce8df2bde736bed5eb78b358681e9749b6928b11d7ef49b008f116f817c0ce1be3f3e38d60b8ff5ec5e352b43dc14018079216e3db2a62b851dcd4135e5a,common_voice_en_20306581.mp3,by,8c5fce8df2bde736bed5eb78b358681e9749b6928b11d7ef49b008f116f817c0ce1be3f3e38d60b8ff5ec5e352b43dc14018079216e3db2a62b851dcd4135e5a,common_voice_en_20531945.mp3,It is bounded by other communes of Bagolino and Collio.,27ba59fbd95e2ed09876da1bf896f8f96590da68b30bfd5f0d67e59f7bce89cb58c6c0a9d435e51e901ae253905df796f3c34f897b1fdf415996189021a23bd7,common_voice_en_22946839.mp3,"As the school is a public school, no tuition is charged.",8449194e8b74b81d761d7a3786cdd5d099aff4f33737c7f476edf3435c3eb483ff6d6515d153c7cfb9193821f01a3a0bd6b049740b029acd7b1488df9bd579d8
t0314,female,better,better,68,3.036,common_voice_en_17406732.mp3,"The more you read, the better you will be understood.",92377d863866c8318cc0f9c9242bef72db31b319c6ff108addc2615f5b5269e4fdf26b34005d0b2b95e95d051ff92bf023148c400eb0601b2bd577b7c09d0493,common_voice_en_17406733.mp3,,92377d863866c8318cc0f9c9242bef72db31b319c6ff108addc2615f5b5269e4fdf26b34005d0b2b95e95d051ff92bf023148c400eb0601b2bd577b7c09d0493,common_voice_en_19965568.mp3,The geocomposite serves as a filter and drainage medium.,ea34f395c288abccb22c6e2505de08158e9d0800a0917a2f77adebcedbeee982fdf02a7178dbe8ad9fe385fba7dc7d5b41ec7ec27c65d4222609665c44fc2793,common_voice_en_627033.mp3,I have a lunch date.,3d991a61b3e56ce4eb15b087913bd913b882bcff1630bf1dd235fb7deb36ebe53574d1706060d52bd2641ee53d5e5852ea24a5b1f229b49dc137d01223ee1829
t0315,female,understood.,understood,742,3.888,common_voice_en_17406732.mp3,"The more you read, the better you will be understood.",92377d863866c8318cc0f9c9242bef72db31b319c6ff108addc2615f5b5269e4fdf26b34005d0b2b95e95d051ff92bf023148c400eb0601b2bd577b7c09d0493,common_voice_en_17406733.mp3,,92377d863866c8318cc0f9c9242bef72db31b319c6ff108addc2615f5b5269e4fdf26b34005d0b2b95e95d051ff92bf023148c400eb0601b2bd577b7c09d0493,common_voice_en_18713981.mp3,Ward labels the species that have the potential to survive in a human-infested world.,af792daf088a6aa1fe797ed9793ff64bae6feab7df9efc503e33556123aa608867aec343997bb6a4444c377e718f5178d37f9205a9c2a3b2d14ae3491132b3ed,common_voice_en_22197745.mp3,They fought alongside Roosevelt in Cuba at the Battle of San Juan Hill.,367ebd9e28d5b9f9af349404b11225051b249d3f21950229842ace46f9c5898b646cb8999babf6e8f06fe63dca1fc18ab0e990d40739243e9f4f3a8095440c0a
t0316,female,would,would,788,1.748,common_voice_en_17406733.mp3,What good would that do?,92377d863866c8318cc0f9c9242bef72db31b319c6ff108addc2615f5b5269e4fdf26b34005d0b2b95e95d051ff92bf023148c400eb0601b2bd577b7c09d0493,common_voice_en_17406732.mp3,understood,92377d863866c8318cc0f9c9242bef72db31b319c6ff108addc2615f5b5269e4fdf26b34005d0b2b95e95d051ff92bf023148c400eb0601b2bd577b7c09d0493,common_voice_en_20767431.mp3,"West was interred at Bellefontaine City Cemetery, where his wives had been buried.",192e47bdbde2bb6217c0d19214f75e1ebcfc4b5f287cf18d924b6001ad77e1fdf1f82b0b3cfb6f250a0b3f5a2025e6cc5c0403184b16823cf3199c54005bd141,common_voice_en_28735849.mp3,The vacating of her death sentences did not affect her convictions in the case.,ac033bcb388b843d9826ed30f7b6bcbce5f9e8202097f796c10aff8c58d5e766bbb828804ce3d725b5354221db9b376d486fc0248be1e565d70f6a9bf77701de
t0317,male,Board,board,73,3.316,common_voice_en_19288903.mp3,Its powers are now held by the Florida Board of Governors.,77bba7b1aea18c06c397d52f1045879eee840c40edfb614157fe5255a44443e40f5b02ba7e6f32b683814fb1738e474bbefb01441c258514ae4a266649e31560,common_voice_en_19288896.mp3,phosphide,77bba7b1aea18c06c397d52f1045879eee840c40edfb614157fe5255a44443e40f5b02ba7e6f32b683814fb1738e474bbefb01441c258514ae4a266649e31560,common_voice_en_23403218.mp3,"Sheldon played the trumpet, sang, and performed on ""The Merv Griffin Show"".",a1881aa7f5c8a03355c575c40251b3a2a987a6c86522bc77acb556a0267e5190bc3778424c9846f9e73c372fd67fc131c84fd484e072d72c15e29e59606d9c92,common_voice_en_617364.mp3,These trousers don't fit very well.,11ec372417df77b07bb129cc7572637abe768dd9ba9a6cf66c66b5081a6016aa00fb0a31287220448ed090f18b89fb45ff7e35247c32e492909a9d08f7645c84
t0318,male,under,under,740,2.272,common_voice_en_19288899.mp3,"Sabina fell under the diocese of ""Italia suburbicaria"" as the province of ""Valeria"".",77bba7b1aea18c06c397d52f1045879eee840c40edfb614157fe5255a44443e40f5b02ba7e6f32b683814fb1738e474bbefb01441c258514ae4a266649e31560,common_voice_en_19288896.mp3,phosphide,77bba7b1aea18c06c397d52f1045879eee840c40edfb614157fe5255a44443e40f5b02ba7e6f32b683814fb1738e474bbefb01441c258514ae4a266649e31560,common_voice_en_28806359.mp3,It was used in the Atlantic before the formal naming system was instituted.,5b9265839ec3c73c4bf4ef1348528cd6778c87938ecdbab9101c7f2cdac971ce0ba043e7e73c116a22b97b9fa458c34f1ea84e584e6c0be602b6e4456ca4839b,common_voice_en_101806.mp3,"Upon returning to the wise man, he related in detail everything he had seen.",59d1ec8273b815b11651211b336ef43cf0642924d7c72208fc1f15e8b4f4ccf0b046b7152bfb4a9378b7b8f740a38238a92da4f710d9f8bd93aa01a2cf5a07fd
t0319,male,province,province,545,6.827,common_voice_en_19288899.mp3,"Sabina fell under the diocese of ""Italia suburbicaria"" as the province of ""Valeria"".",77bba7b1aea18c06c397d52f1045879eee840c40edfb614157fe5255a44443e40f5b02ba7e6f32b683814fb1738e474bbefb01441c258514ae4a266649e31560,common_voice_en_19288896.mp3,phosphide,77bba7b1aea18c06c397d52f1045879eee840c40edfb614157fe5255a44443e40f5b02ba7e6f32b683814fb1738e474bbefb01441c258514ae4a266649e31560,common_voice_en_21304308.mp3,Young scientists are threatened with deprivation of tenure.,159048f3358b0c2995f83110186bc2401d707585e7a36df675047aa9b2731726f7d9465a58ac00e6f447b2a20832445b66a8f5bb432a29b05d84564a41ba6f51,common_voice_en_27075283.mp3,"As a partially ordered set, this completion of ""A"" is the Dedekind-MacNeille completion.",e31822077e104d2f1781db7ce098c016abca0314515a35f564b26c30e59c0d2a0206cdf020dfbfe4e7340388f898c34d51e2d625681694a797c49581af656fba
t0320,male,"after,",after,14,1.632,common_voice_en_19288900.mp3,"Soon after, Stroop abandoned his Werwolf unit near Kufstein and fled north.",77bba7b1aea18c06c397d52f1045879eee840c40edfb614157fe5255a44443e40f5b02ba7e6f32b683814fb1738e474bbefb01441c258514ae4a266649e31560,common_voice_en_19288896.mp3,phosphide,77bba7b1aea18c06c397d52f1045879eee840c40edfb614157fe5255a44443e40f5b02ba7e6f32b683814fb1738e474bbefb01441c258514ae4a266649e31560,common_voice_en_171249.mp3,two woman climbing rocks around the ocean,1c0d3a37d6012ae4b912c5d424621d41aa485f73d790a624e1fb4eedbd47b592efeabbdc853c8c86d3c39f7e5094495c757da9deb588bf86b832cc23c9aeb0b9,common_voice_en_27328358.mp3,"Languages spoken on campus include Arabic, Hebrew, English, French, and Spanish.",cfeff877cccff0af362791b70d74807862da77e349d083a3b710f9f7e69d2dc40be216c056cc7b5153934c29b74abbbeb11d3d0966546d6f2b985782ea01413e
t0321,female,attended,attended,48,1.582,common_voice_en_20037197.mp3,"He attended Eton College and Magdalen College, Oxford.",5f1ac7acdb1c298f8d3596914c5eb6d088362e5360bd2554929e56f58933221f6dfe2a3490acf0fb1145ad922d371738bfd0640383ecdd947ea1a8ca00f3cac2,common_voice_en_20037194.mp3,,5f1ac7acdb1c298f8d3596914c5eb6d088362e5360bd2554929e56f58933221f6dfe2a3490acf0fb1145ad922d371738bfd0640383ecdd947ea1a8ca00f3cac2,common_voice_en_17771874.mp3,The first bridge had been funded by rich citizens.,46aec8cd216e7a8415ce975e03fcb788a571e3107d064d0af64437c98d115bff18736e576e96675228b53894012aa7943a2bc6983e7761edbc8932a83e73a35e,common_voice_en_24843821.mp3,Pretty soon I was dropping them in left.,6dd9a5ac82c5cf9f676b05691f27141348aabd6aec7ed32a4c7f11b004e456bb6b6c75bd165dd433e860aefcd591caa7b0a80328d100678effc6c78551365a24
t0322,female,College,college,131,2.463,common_voice_en_20037197.mp3,"He attended Eton College and Magdalen College, Oxford.",5f1ac7acdb1c298f8d3596914c5eb6d088362e5360bd2554929e56f58933221f6dfe2a3490acf0fb1145ad922d371738bfd0640383ecdd947ea1a8ca00f3cac2,common_voice_en_20037194.mp3,,5f1ac7acdb1c298f8d3596914c5eb6d088362e5360bd2554929e56f58933221f6dfe2a3490acf0fb1145ad922d371738bfd0640383ecdd947ea1a8ca00f3cac2,common_voice_en_19597901.mp3,"Aberdeen has two churches - Saint Thomas Catholic Church, and Saint Marks Anglican Church.",493ebbbb9c7e3b6d3f0ae40c703b3e9469fc09b16b4f4da3a3e61e6203aa4066f02a3eab9e3af48743ebcaa9b272a76252fababd6b9a788bdb1e50ff29d560f6,common_voice_en_19673643.mp3,"It went, however, to the Turkish economist and politician, Kemel Dervis.",c10f37cabd9e6c5f2b0ffdfcca43c616ae3b8995328abcd9b55d2c6fe8374321d23fee732617b8fe4f21543c2d370a6e728ca9f44ff26e0c4f0f2568b5497c7e
t0323,female,"College,",college,131,3.945,common_voice_en_20037197.mp3,"He attended Eton College and Magdalen College, Oxford.",5f1ac7acdb1c298f8d3596914c5eb6d088362e5360bd2554929e56f58933221f6dfe2a3490acf0fb1145ad922d371738bfd0640383ecdd947ea1a8ca00f3cac2,common_voice_en_20037194.mp3,,5f1ac7acdb1c298f8d3596914c5eb6d088362e5360bd2554929e56f58933221f6dfe2a3490acf0fb1145ad922d371738bfd0640383ecdd947ea1a8ca00f3cac2,common_voice_en_27449818.mp3,"The public park features hiking trails, as well as open lawns.",acefbb332db5ce3a5176cabcf11976d544177c9cc2aa0341e37bf9831b07b0c93eea6bfc53d97214ab261d1debb927bf66afb61c88db722415a5af6545b5ed9d,common_voice_en_25721878.mp3,The wound heals.,bc5a71e9a79cb49f68661c1eaa86abe855b84ed3f880445aaa45ac909a3040e2630a5ba3deeaa5ec5f6aa890d75410a52d06562af517b286e67b2cd539b3f4a4
t0324,female,current,current,170,3.258,common_voice_en_20037194.mp3,"Wind, wave and current action continue to rework and shape the island.",5f1ac7acdb1c298f8d3596914c5eb6d088362e5360bd2554929e56f58933221f6dfe2a3490acf0fb1145ad922d371738bfd0640383ecdd947ea1a8ca00f3cac2,common_voice_en_20037197.mp3,,5f1ac7acdb1c298f8d3596914c5eb6d088362e5360bd2554929e56f58933221f6dfe2a3490acf0fb1145ad922d371738bfd0640383ecdd947ea1a8ca00f3cac2,common_voice_en_22437967.mp3,Almost nothing is known about its characteristics.,783f5aa8bfda86098a5b9cf07e314dae11b697d26990e28e157964adc302bd42dcd6aac458a4cf5f1084069add3fc9ab8b3224c1660ce9046240b6b8754a903e,common_voice_en_23800460.mp3,The club plays its home games at Anderson Park.,372293e65cdab88771e028a4351651ab2eff64438ddafc211e089247dcdccca350153465eb5409ce708081d9ad384af45d1dc57bbe030ae1a2c0edd561322fb8
t0325,female,action,action,5,3.788,common_voice_en_20037194.mp3,"Wind, wave and current action continue to rework and shape the island.",5f1ac7acdb1c298f8d3596914c5eb6d088362e5360bd2554929e56f58933221f6dfe2a3490acf0fb1145ad922d371738bfd0640383ecdd947ea1a8ca00f3cac2,common_voice_en_20037197.mp3,,5f1ac7acdb1c298f8d3596914c5eb6d088362e5360bd2554929e56f58933221f6dfe2a3490acf0fb1145ad922d371738bfd0640383ecdd947ea1a8ca00f3cac2,common_voice_en_618693.mp3,"""I want to see him do it,"" said the chief.",fb776cb9d4d47a4d939ddec90494a61fd566348d83f88bd92368beea51b0ba1a407211c81b7d86d73ccb1b3248c2487fccb55b9e0cc70a4616c1b9ab7d34455f,common_voice_en_28882055.mp3,"One review referred to ""Molinos"" as ""bluegrass-tinged pop-rock"" with an ""undercurrent of Celtic wildness"".",35ee6eb56ad5081dcb8f3fd64fae3d9df7c2e072bfb73a5d954a9892c7cc1f01a9361b978ee94b09048d1ed4e8e6d858358ddbbc075f8fe8eddf2ec34a6597fd
t0326,female,continue,continue,151,4.881,common_voice_en_20037194.mp3,"Wind, wave and current action continue to rework and shape the island.",5f1ac7acdb1c298f8d3596914c5eb6d088362e5360bd2554929e56f58933221f6dfe2a3490acf0fb1145ad922d371738bfd0640383ecdd947ea1a8ca00f3cac2,common_voice_en_20037197.mp3,,5f1ac7acdb1c298f8d3596914c5eb6d088362e5360bd2554929e56f58933221f6dfe2a3490acf0fb1145ad922d371738bfd0640383ecdd947ea1a8ca00f3cac2,common_voice_en_27155006.mp3,"""Leung's lawyer, Guy Michael said, that the criminal allegations were ""absolutely untrue.",e31822077e104d2f1781db7ce098c016abca0314515a35f564b26c30e59c0d2a0206cdf020dfbfe4e7340388f898c34d51e2d625681694a797c49581af656fba,common_voice_en_17250121.mp3,"Pork cutlet is also very tasty, but our religion does not allow us to eat it.",c7982ee253280dfb9917dd59dbab23104c1630ed4c0e2e346c3b5fee5a9d60dd0c1531369fc987aae85f8e8989c500bcb508adb9c81fa4776977582ecd244522
t0327,male,separate,separate,604,1.949,common_voice_en_25776983.mp3,It consisted of four separate rockets.,a8a6fd2af2b007a0416a82aedc592534e0eb5f59345f8de5040c399338ff31c9e47dc7c0b047880db3fd7ba29b3ce8e0045f639b3d639f58fb6fc5d71cb962ab,common_voice_en_25777013.mp3,hawaiian,a8a6fd2af2b007a0416a82aedc592534e0eb5f59345f8de5040c399338ff31c9e47dc7c0b047880db3fd7ba29b3ce8e0045f639b3d639f58fb6fc5d71cb962ab,common_voice_en_13001.mp3,His name was Joseph.,4ed11ce61ae4fd3f3280a5846de6d0f75c34350b90f15510e28d7bf27a39c15b3a901c498b886cd8744ad89e27e6b86153464b083608681a91cd8542f688d508,common_voice_en_640157.mp3,The third act was dull and tired the players.,edae5984a9ebaf7d2bcb1724fb3e7178222bdadbcc79b1b82e82c3efa27945de3294fac744c13082e0282152c384a92b803ab1cab86b2b191b49dc5d3e082506
t0328,male,companies,companies,139,1.506,common_voice_en_25777013.mp3,"Together, the five companies dominated the Hawaiian economy as the Big Five.",a8a6fd2af2b007a0416a82aedc592534e0eb5f59345f8de5040c399338ff31c9e47dc7c0b047880db3fd7ba29b3ce8e0045f639b3d639f58fb6fc5d71cb962ab,common_voice_en_25776983.mp3,,a8a6fd2af2b007a0416a82aedc592534e0eb5f59345f8de5040c399338ff31c9e47dc7c0b047880db3fd7ba29b3ce8e0045f639b3d639f58fb6fc5d71cb962ab,common_voice_en_128872.mp3,She went over to Mr. Jared's house.,ceb29bce299d412cf9d4e01e6302cf2dfc4cd13ceea6b102df56458af0c95475179b3445c705441a69ae54ec6ecb7a08207808cebd40a7cecc94250c82e49785,common_voice_en_674163.mp3,Don't you see what's happening?,49d3ee6f2a7b88f12fff6f47bbeb972b12e8d0c064b6f59f68725319e46205bcfa533598c65cab982d6cda9e297c9051d358352041f353cd4627e8614e9260a4
t0329,male,economy,economy,205,3.181,common_voice_en_25777013.mp3,"Together, the five companies dominated the Hawaiian economy as the Big Five.",a8a6fd2af2b007a0416a82aedc592534e0eb5f59345f8de5040c399338ff31c9e47dc7c0b047880db3fd7ba29b3ce8e0045f639b3d639f58fb6fc5d71cb962ab,common_voice_en_25776983.mp3,,a8a6fd2af2b007a0416a82aedc592534e0eb5f59345f8de5040c399338ff31c9e47dc7c0b047880db3fd7ba29b3ce8e0045f639b3d639f58fb6fc5d71cb962ab,common_voice_en_23342271.mp3,His most important contribution is in the description of genera and species.,51b2771333aee3c5b1f25421377564e5ea17337c6c9f2155bfba6aabe7e25871354490f65b9daafb4195c3e6e32f61df398b92cf2da8a475ba38e5b3bacb6096,common_voice_en_26040389.mp3,"During the British control, an European cemetery was located here.",368f25f1da63d81e3e79092e152850981ad8d722967dcb00550f00f083bcf42eab88030ad8751fcd9533871ea578eb55e6acb30bba91e7f009b47dab04b3a32a
t0330,female,First,first,253,3.74,common_voice_en_19588943.mp3,He was succeeded by his son John the First of Ponthieu.,a9049710b208fe6bb10e060b956d59061f5382f6d0556db101956a0dfb6a352981e56e2ed7108ce7ce4606f0ceef5f5f0da048dcc070fd1fa76d107e0646305c,common_voice_en_19588941.mp3,,a9049710b208fe6bb10e060b956d59061f5382f6d0556db101956a0dfb6a352981e56e2ed7108ce7ce4606f0ceef5f5f0da048dcc070fd1fa76d107e0646305c,common_voice_en_22284162.mp3,Tina is an empath.,efc1ed2a3b999598da971eaaee998abe860075c1701c876598ac2b178f8e41deeac2506104b904897b1b59a4761f8f241b53db465d385dfd7a2ce00e7d4e0d01,common_voice_en_554344.mp3,A caravan of snowmobile travel through the snow.,30574a62c84b5529e682d34ea646f6f1afd95df4dad28b9d752c3b9dc9247c002241005d4b333310e59c0cc9564a95ffa829d4a47e662932fe38a54ef3f7c4b6
t0331,female,replaced,replaced,577,2.215,common_voice_en_19588941.mp3,"Goldman has been replaced by a new character, Jonas Bledsoe, played by Miguel Ferrer.",a9049710b208fe6bb10e060b956d59061f5382f6d0556db101956a0dfb6a352981e56e2ed7108ce7ce4606f0ceef5f5f0da048dcc070fd1fa76d107e0646305c,common_voice_en_19588943.mp3,son,a9049710b208fe6bb10e060b956d59061f5382f6d0556db101956a0dfb6a352981e56e2ed7108ce7ce4606f0ceef5f5f0da048dcc070fd1fa76d107e0646305c,common_voice_en_19597540.mp3,In this landscape there is widespread evidence of both current and former industrial activity.,2d29f75c43cca984f380583a014b32fdd2b6d24a56580b13b9853c252f878ae845eb7ac0bff3bc8ff5ab5a5e965050e08e903a69b1d37b8f34c6b0e6fda7bd92,common_voice_en_22470992.mp3,The Westward Ho was put on sale that month.,372293e65cdab88771e028a4351651ab2eff64438ddafc211e089247dcdccca350153465eb5409ce708081d9ad384af45d1dc57bbe030ae1a2c0edd561322fb8
t0332,female,"character,",character,111,3.367,common_voice_en_19588941.mp3,"Goldman has been replaced by a new character, Jonas Bledsoe, played by Miguel Ferrer.",a9049710b208fe6bb10e060b956d59061f5382f6d0556db101956a0dfb6a352981e56e2ed7108ce7ce4606f0ceef5f5f0da048dcc070fd1fa76d107e0646305c,common_voice_en_19588943.mp3,son,a9049710b208fe6bb10e060b956d59061f5382f6d0556db101956a0dfb6a352981e56e2ed7108ce7ce4606f0ceef5f5f0da048dcc070fd1fa76d107e0646305c,common_voice_en_27003587.mp3,Australia is one of the countries where there is a large South Asian Diaspora.,1c5ac4e60d78e04c497fcf0631e17dc41c4194fdaf8646e5e610b31d0236efafa34c7a9f85556dd028caeec1c3af0a452aa7ea8c759c5ab70bab73bfd8372808,common_voice_en_22652614.mp3,"Onamia is the town nearest to Camp Onomia, a Lutheran summer camp.",49518b0d6dc530fcb03351c761b8b69aba18a29400ec4510ccfc214f1905114cc6fb992128c51bbba73e54db9cb9e534446ebc5f27748ea922d1913e0635ac2e
t0333,female,played,played,507,5.582,common_voice_en_19588941.mp3,"Goldman has been replaced by a new character, Jonas Bledsoe, played by Miguel Ferrer.",a9049710b208fe6bb10e060b956d59061f5382f6d0556db101956a0dfb6a352981e56e2ed7108ce7ce4606f0ceef5f5f0da048dcc070fd1fa76d107e0646305c,common_voice_en_19588943.mp3,son,a9049710b208fe6bb10e060b956d59061f5382f6d0556db101956a0dfb6a352981e56e2ed7108ce7ce4606f0ceef5f5f0da048dcc070fd1fa76d107e0646305c,common_voice_en_19692202.mp3,The Menlo High School mascot was Menlo Tigers.,ea6b2bfb0b99df0c9617c94223477d07c92e97b0464e7a0ab424697c4abe9536cd4414c5a3f9207cabfca3f4541e74521d2626e6ab9b9b3f88c25d559c4848ba,common_voice_en_18752253.mp3,There is also a play area at the station.,ab72e9ab22713aec03a3189202a0713e56016ea07569b3041fcd65d77c9eb3f8c692f7ccaec75c16bbc62476d528f434d829193994cf07fcde9e3b1e4a2fa93a
t0334,female,there,there,700,2.035,common_voice_en_19588940.mp3,"On the outskirts there is ""Rockwell Stud Bulls,"" a family owned cattle company.",a9049710b208fe6bb10e060b956d59061f5382f6d0556db101956a0dfb6a352981e56e2ed7108ce7ce4606f0ceef5f5f0da048dcc070fd1fa76d107e0646305c,common_voice_en_19588943.mp3,son,a9049710b208fe6bb10e060b956d59061f5382f6d0556db101956a0dfb6a352981e56e2ed7108ce7ce4606f0ceef5f5f0da048dcc070fd1fa76d107e0646305c,common_voice_en_172684.mp3,I've got to go to him.,173924b6a1d494aa02b256f05f7b09ec68f241981df9cdd825c1b3a20adb13c42f26c4be36795162e6bff9b8470d9aff4ad7bea45b4ec1fc56bd452af2ffa0be,common_voice_en_20029536.mp3,What is clear is that the game has deeply evolved.,c8bbada84aa45fc115f25a701e6d221349713fd158bed4d7858ada8c4de0b0592855cb2eed233ffe77316b6d92d44e8346975f359d8ff6709b5f8438dee8e36f
t0335,female,family,family,238,4.481,common_voice_en_19588940.mp3,"On the outskirts there is ""Rockwell Stud Bulls,"" a family owned cattle company.",a9049710b208fe6bb10e060b956d59061f5382f6d0556db101956a0dfb6a352981e56e2ed7108ce7ce4606f0ceef5f5f0da048dcc070fd1fa76d107e0646305c,common_voice_en_19588943.mp3,son,a9049710b208fe6bb10e060b956d59061f5382f6d0556db101956a0dfb6a352981e56e2ed7108ce7ce4606f0ceef5f5f0da048dcc070fd1fa76d107e0646305c,common_voice_en_20843619.mp3,"In a written culture, written logs take the place of oral poetry.",7eff9a54bdb0619deffda7609d5b8565278e3328de99e63908be2a37c1ad16516240b9c92bc6b68d8130b20dc556f57005dc053f4874a49589f5971a31b97e98,common_voice_en_23339926.mp3,Streckenbach trained and indoctrinated them before the invasion of the Soviet Union.,6bb627da4aa862eca9f87793b142f0954e6361a52f2ec3e36876b0704df43815e87bc589f9edeab2169af1404a00604949a455b6b75ee80b302db82738bb3fc2
t0336,male,could,could,155,1.478,common_voice_en_14477.mp3,But you could bring them in here!,b8d9f89e1fba8d2f36d6f603d76061626b7e1f80064ba2f15dcacafac8c7375cf2e02addf2a14ccb9c14c53f8ce2ad84d428088b5eaa626895ec1e75f766a8f6,common_voice_en_14479.mp3,,b8d9f89e1fba8d2f36d6f603d76061626b7e1f80064ba2f15dcacafac8c7375cf2e02addf2a14ccb9c14c53f8ce2ad84d428088b5eaa626895ec1e75f766a8f6,common_voice_en_22234167.mp3,"First Secretary Walter Ulbricht announced the ""ten requirements of the socialist moral and ethics"".",7586972828cb14b30651404265baa4b9b8893ea7627c753195db738c56f356dfc218bf49b97bc25be6d57e89b64e9a58a92b077f9836bda09c405c0bd5f6d992,common_voice_en_22772721.mp3,"During the following year, ""Conversation Pieces"" was released.",c35542c1ec68c2d2578c005d729b09b50d6fff64c8bc9e3f149f0c4c712b765f92933dd726b8de1cde4eef1dfd107c7a4bd0c66542765d12cd81ce8e0d10c6e5
t0337,male,bring,bring,78,1.668,common_voice_en_14477.mp3,But you could bring them in here!,b8d9f89e1fba8d2f36d6f603d76061626b7e1f80064ba2f15dcacafac8c7375cf2e02addf2a14ccb9c14c53f8ce2ad84d428088b5eaa626895ec1e75f766a8f6,common_voice_en_14479.mp3,,b8d9f89e1fba8d2f36d6f603d76061626b7e1f80064ba2f15dcacafac8c7375cf2e02addf2a14ccb9c14c53f8ce2ad84d428088b5eaa626895ec1e75f766a8f6,common_voice_en_20261843.mp3,"For simplicity, assume we are sorting a list of natural numbers.",17b4b7a72bc021668abea07a6c2cca028fd4214184292482fb63594c61c665b63bcbc2c94d6bad9d6e35d676865ed5c766b9ce9cba4cb7b7093f805be98df5a9,common_voice_en_21876247.mp3,"In concept, Water Taxi Beach is similar to Paris Beach in Paris, France.",e0b7d7e4c71c7950805d23c4619f67d03166136ad4a186cee47fb91ad6d107ba7042b734e7d03ea8153c9d72b79333546dbc98e85408b608e5ef88fbae567294
t0338,male,That's,that's,696,1.597,common_voice_en_14474.mp3,That's not so bad.,b8d9f89e1fba8d2f36d6f603d76061626b7e1f80064ba2f15dcacafac8c7375cf2e02addf2a14ccb9c14c53f8ce2ad84d428088b5eaa626895ec1e75f766a8f6,common_voice_en_14479.mp3,,b8d9f89e1fba8d2f36d6f603d76061626b7e1f80064ba2f15dcacafac8c7375cf2e02addf2a14ccb9c14c53f8ce2ad84d428088b5eaa626895ec1e75f766a8f6,common_voice_en_24080056.mp3,"Most notably he's written for ""Saturday Night Live"", ""Seinfeld"", and ""Veep"".",ea6af2f035b41b076462b218d20822bcf91a491c7b894e6ae5df8721003d07e28894b3ef0b8093e857238a3d7fb363ec6687af9548cda5437399c30804eb5b67,common_voice_en_18698348.mp3,This was considered Australia’s first airline franchise operation.,18ae3b317f15a738e98fc195f953e7f975a9f2ec9bd739e3cdf054c7bafdded24be9b549f9fffa5cc1a9446ae31619cfbd832c74597b9e1e5bc97cef15cc5081
t0339,male,Christian,christian,120,1.744,common_voice_en_14481.mp3,The Christian preacher looked up to the heavens while praising his lord.,b8d9f89e1fba8d2f36d6f603d76061626b7e1f80064ba2f15dcacafac8c7375cf2e02addf2a14ccb9c14c53f8ce2ad84d428088b5eaa626895ec1e75f766a8f6,common_voice_en_14479.mp3,,b8d9f89e1fba8d2f36d6f603d76061626b7e1f80064ba2f15dcacafac8c7375cf2e02addf2a14ccb9c14c53f8ce2ad84d428088b5eaa626895ec1e75f766a8f6,common_voice_en_17147904.mp3,Specify the user to log in as on the remote machine.,26afe0d419e2d7efc71aa73bfbfdb78070060740e421649d85da5e8d55e268eea435ac75c6cfd05c2a50ef0434a5fdcfc606f7b82bf5290dd26115ce2be3b8b8,common_voice_en_21277622.mp3,"It was in fact, a natural hillock, known to the locals as ""Modimolle"".",08d247c7adb1abe60d72251e5ae66ef365f3b915abdbf8938b8074aab1e41c83355769c5e2496b511e3e2192bd7c878333c795505926325ab82bcc9fa8265326
t0340,male,looked,looked,388,2.667,common_voice_en_14481.mp3,The Christian preacher looked up to the heavens while praising his lord.,b8d9f89e1fba8d2f36d6f603d76061626b7e1f80064ba2f15dcacafac8c7375cf2e02addf2a14ccb9c14c53f8ce2ad84d428088b5eaa626895ec1e75f766a8f6,common_voice_en_14479.mp3,,b8d9f89e1fba8d2f36d6f603d76061626b7e1f80064ba2f15dcacafac8c7375cf2e02addf2a14ccb9c14c53f8ce2ad84d428088b5eaa626895ec1e75f766a8f6,common_voice_en_20921791.mp3,"She can increase local gravity, and stop and reverse the flow of time.",372293e65cdab88771e028a4351651ab2eff64438ddafc211e089247dcdccca350153465eb5409ce708081d9ad384af45d1dc57bbe030ae1a2c0edd561322fb8,common_voice_en_20398008.mp3,Closure operators are monads on preorder categories.,57d9be2eeda5fbaad0290c45f4e95813da95e09633d5fd84df35a758151788abec644a351cdf610c7b792561d1db0ac6f122dbc94404646941967bd6f0befd44
t0341,male,while,while,771,3.82,common_voice_en_14481.mp3,The Christian preacher looked up to the heavens while praising his lord.,b8d9f89e1fba8d2f36d6f603d76061626b7e1f80064ba2f15dcacafac8c7375cf2e02addf2a14ccb9c14c53f8ce2ad84d428088b5eaa626895ec1e75f766a8f6,common_voice_en_14479.mp3,,b8d9f89e1fba8d2f36d6f603d76061626b7e1f80064ba2f15dcacafac8c7375cf2e02addf2a14ccb9c14c53f8ce2ad84d428088b5eaa626895ec1e75f766a8f6,common_voice_en_25015571.mp3,This was denied by editors of the journal.,5768cbb92b87c5172453df7b0076a5c0c6a6c7aa3551e6a9f1fd721a6c582b6560cd57b1cafc691b08180ee69afbf539710f1a52b30bafe0c98f4d74fc37146b,common_voice_en_536316.mp3,He just got a new kite for his birthday.,fe4168562cc5f0320bc378cb946838be67dbe6808773eac1ff40a8bedb43e3abcb9edd3ef01dcd7dcc656087aa346c6d0304558c2023a779c065a9e6f47e664c
t0342,male,number,number,461,3.904,common_voice_en_21956021.mp3,"Seconds later, the truck exploded, killing a number of people and razing the lobby.",09daa0e61f4baf6e351be32e1f0fdf050f8b8b16f63fd5d25a67c785a5ea7d9645c357ec6aada84fec91afc26661eae828369ee1a806a5e5adeb374bb214a427,common_voice_en_21959845.mp3,,09daa0e61f4baf6e351be32e1f0fdf050f8b8b16f63fd5d25a67c785a5ea7d9645c357ec6aada84fec91afc26661eae828369ee1a806a5e5adeb374bb214a427,common_voice_en_28077162.mp3,All the animals in the herd were hornless.,b87dd0680063cbd3dc57f5b9b20c14f020f511c3f18467d52e816db909dbe2be05b8ea36a4bca91179503817a1b093a9e6036abb514c6ad1aaf1ffa71b3d32ce,common_voice_en_22184694.mp3,two,c69130a3e19945c0d14980fc2ffe0069362ac9af410703afe5c24cb5640b943d6ef752386572199e804c5e2fc446c363a914d8825bb7a197f6bcb62a7f3b3769
t0343,male,people,people,492,4.435,common_voice_en_21956021.mp3,"Seconds later, the truck exploded, killing a number of people and razing the lobby.",09daa0e61f4baf6e351be32e1f0fdf050f8b8b16f63fd5d25a67c785a5ea7d9645c357ec6aada84fec91afc26661eae828369ee1a806a5e5adeb374bb214a427,common_voice_en_21959845.mp3,,09daa0e61f4baf6e351be32e1f0fdf050f8b8b16f63fd5d25a67c785a5ea7d9645c357ec6aada84fec91afc26661eae828369ee1a806a5e5adeb374bb214a427,common_voice_en_25849971.mp3,"She lived for a time in the Lansing, Michigan area after being paroled.",1eff4631dc269207618994527c66eb15c32fe75cdd16f377e1d46d17ffc037100b75d92cd77f84caa6ebee2c8542164edcaa42c3ac4a4548208a6ed93eeb1a66,common_voice_en_22554438.mp3,There is some difference of opinion about how the group was named.,e2b25b63d51bc81dc2c9a756699f1535212beb8c61b684eae202243d5dbfd4efb2a7fabe022f1d7458169ad56cebd5da6c5cd935d2fd29ed9dfb192934e4f223
t0344,male,"systems,",systems,685,1.623,common_voice_en_21959845.mp3,"For many systems, the products degrade or polymerize at elevated temperatures.",09daa0e61f4baf6e351be32e1f0fdf050f8b8b16f63fd5d25a67c785a5ea7d9645c357ec6aada84fec91afc26661eae828369ee1a806a5e5adeb374bb214a427,common_voice_en_21956021.mp3,killing,09daa0e61f4baf6e351be32e1f0fdf050f8b8b16f63fd5d25a67c785a5ea7d9645c357ec6aada84fec91afc26661eae828369ee1a806a5e5adeb374bb214a427,common_voice_en_23658970.mp3,Public schools are operated by Roseville Community Schools and Fraser Public Schools.,f86623298d3dbab0187cbb055721fd4596c8665c4e19fd49626680bad857630e33db565c426d2d648df7136e1e3374004d18f072ce5da469596f6a1ebe8f5e62,common_voice_en_17280288.mp3,"Millions of years ago, our seven continents were one super-continent called Pangaea.",c43ab0023333254e7299ba83d9abff2304f63c6afe3e31efd98b7f8a520b210e5e7655b8b7a41c9fe70096ee94366c4aa3801b9cd8cd1d295e3c66425b832d0e
t0345,male,products,products,536,2.776,common_voice_en_21959845.mp3,"For many systems, the products degrade or polymerize at elevated temperatures.",09daa0e61f4baf6e351be32e1f0fdf050f8b8b16f63fd5d25a67c785a5ea7d9645c357ec6aada84fec91afc26661eae828369ee1a806a5e5adeb374bb214a427,common_voice_en_21956021.mp3,killing,09daa0e61f4baf6e351be32e1f0fdf050f8b8b16f63fd5d25a67c785a5ea7d9645c357ec6aada84fec91afc26661eae828369ee1a806a5e5adeb374bb214a427,common_voice_en_18860996.mp3,The following year he moved again to Ludlow.,d39ec4aacf65eac5e82e6b58479f65747c88e87df8df04f8c2b3a466a96ec56bfac874cf9727520fd5336900351bbfb3a834f83db8178d6b17f057a805d16ba4,common_voice_en_20469982.mp3,A demo translation is available on the site for download for free.,01a91c346576fabe7e66bd45b5fcf0adf04221371b43e99292b1c5a2f4370a733e25fa3c6f73ed8f8a65cb4c6d32a37ee152222128c531765069ea6c762d0908
t0346,male,married,married,401,2.247,common_voice_en_21959628.mp3,"In the same year he married Ellen Maria Sheffield of New Haven, Connecticut.",09daa0e61f4baf6e351be32e1f0fdf050f8b8b16f63fd5d25a67c785a5ea7d9645c357ec6aada84fec91afc26661eae828369ee1a806a5e5adeb374bb214a427,common_voice_en_21956021.mp3,killing,09daa0e61f4baf6e351be32e1f0fdf050f8b8b16f63fd5d25a67c785a5ea7d9645c357ec6aada84fec91afc26661eae828369ee1a806a5e5adeb374bb214a427,common_voice_en_122328.mp3,Don't make a government project out of this!,6d87e7e8ef0f7cdf1a77cadc0aa7ef5d21245dac0ebd7a9e11658dfe1552c5ea0d6b682f3b3b7e570be844e4b62889432439078992ca4c98a5f31b5ee2e062cd,common_voice_en_24942161.mp3,"His professional name is an anagram of his real name, 'Alex', and 'Oscar'.",251987ae2c46364e758f6899791c3dc99511274ccffce31ee18ac421e9baa6b75871e7984e841519abc86908c166bca280f83e2c1b83941220f2d8ad500502e3
t0347,female,began,began,61,1.567,common_voice_en_23750845.mp3,Sales began in November.,7cceb319ae44e50f61e053d3bfb87285f378285f3f48781f636d62a9d62a01e0943a2abcf10b733c0e4451842317a241889960d2d7eb8b6c0c6b862ec569a888,common_voice_en_23767005.mp3,and,7cceb319ae44e50f61e053d3bfb87285f378285f3f48781f636d62a9d62a01e0943a2abcf10b733c0e4451842317a241889960d2d7eb8b6c0c6b862ec569a888,common_voice_en_17941373.mp3,"The lens was heavy, but it had an amazing zoom.",bc000361bb308482e7d01b509f5c46ad62da7437fba616578239fe9d6167d1ec4de3a90f5dcaf2016740058668f52c53a1b5b1011fba0876c10031217178988f,common_voice_en_558407.mp3,I'll have it in a minute.,ef37e70e7d40e2d6d1339d83629b0eeb496f89847b9bf1cc845466a6f93120c8550121aee211adb22e035604572a0d7f5a690b980bab9d856d992b633d4bfa99
t0348,female,sister,sister,626,1.869,common_voice_en_23750802.mp3,Garrett and his sister Dawn Lyn worked a variety of acting jobs.,7cceb319ae44e50f61e053d3bfb87285f378285f3f48781f636d62a9d62a01e0943a2abcf10b733c0e4451842317a241889960d2d7eb8b6c0c6b862ec569a888,common_voice_en_23750845.mp3,,7cceb319ae44e50f61e053d3bfb87285f378285f3f48781f636d62a9d62a01e0943a2abcf10b733c0e4451842317a241889960d2d7eb8b6c0c6b862ec569a888,common_voice_en_19194410.mp3,Abiogenesis of small quantities of oil and gas remains an area of ongoing research.,7eff9a54bdb0619deffda7609d5b8565278e3328de99e63908be2a37c1ad16516240b9c92bc6b68d8130b20dc556f57005dc053f4874a49589f5971a31b97e98,common_voice_en_18496838.mp3,Murder is very rude.,939991dfcf12d8250739f3b4e5ed47e0dc4bf8ffb69810f4ab853aa12872a811941be35b7e91af5df8350d75d3c61d1301aba694c41deb3f38f1414703bc0461
t0349,female,worked,worked,784,2.854,common_voice_en_23750802.mp3,Garrett and his sister Dawn Lyn worked a variety of acting jobs.,7cceb319ae44e50f61e053d3bfb87285f378285f3f48781f636d62a9d62a01e0943a2abcf10b733c0e4451842317a241889960d2d7eb8b6c0c6b862ec569a888,common_voice_en_23750845.mp3,,7cceb319ae44e50f61e053d3bfb87285f378285f3f48781f636d62a9d62a01e0943a2abcf10b733c0e4451842317a241889960d2d7eb8b6c0c6b862ec569a888,common_voice_en_27235438.mp3,In such cases the chancellor is also the confidential secretary of the bishop.,8e113a62d59ae29f19f0e423fbcf978aaa9eefc16913ce4901b0aa105ff590bb7c6ea13da0c5583c0772d6905c0a964d355e8667edd35c7a08442c2312439d79,common_voice_en_18569892.mp3,It terrifies me too much to think of it.,0c6fa8b26d52a716b28913105e3237105cb30cdb936d16578549c6940c3a87719c2f34ac1604889d9f849f3b6bac27e8ef6820f0fab4fa969e775afbc28834a7
t0350,female,variety,variety,753,3.326,common_voice_en_23750802.mp3,Garrett and his sister Dawn Lyn worked a variety of acting jobs.,7cceb319ae44e50f61e053d3bfb87285f378285f3f48781f636d62a9d62a01e0943a2abcf10b733c0e4451842317a241889960d2d7eb8b6c0c6b862ec569a888,common_voice_en_23750845.mp3,,7cceb319ae44e50f61e053d3bfb87285f378285f3f48781f636d62a9d62a01e0943a2abcf10b733c0e4451842317a241889960d2d7eb8b6c0c6b862ec569a888,common_voice_en_552936.mp3,"When he reached the top of the dune, his heart leapt.",20280896a3de55000363e6331330fc002aa4563dc5955e33967c9ea2767cfe901803c2979585502903806695b4ebc779e32152ac767eb702f2c5e4ed540d71f1,common_voice_en_18194573.mp3,A short cut is often a wrong cut.,4b52f6d451f9f0374984cd5c1d47149619395ab25ce7ed0aad9857dffc1294f81f15b794750f6f36bbfae2a9d3fc3fed410adac2ebf68ae927ebac463c4e978f
t0351,male,plays,plays,511,1.583,common_voice_en_25762095.mp3,Heidi plays for the Los Angeles Sparks and Heather plays for the Sacramento Monarchs.,45d190b7e0513aa52c41faa8fb430f541fc19d49faededb03c0466760697eba8d65c6b6e65fa212d0445f6ff92b19b790c89d2e6810f067f2fff373f5d7e08ff,common_voice_en_17821354.mp3,strained,45d190b7e0513aa52c41faa8fb430f541fc19d49faededb03c0466760697eba8d65c6b6e65fa212d0445f6ff92b19b790c89d2e6810f067f2fff373f5d7e08ff,common_voice_en_26661051.mp3,"The spectrum is variable, most obviously during the brightness fades.",646e004b9e35f6dd2c07734062c1bf5cddea0b9cc3b966993881f88770cd89963ce5c035f29f1c0cbe7b3558400ef8a201ba6bfa7192d939b6efd137c77ab954,common_voice_en_572057.mp3,"After all the spinning had stopped, Megan felt better.",c351c258fb7f6fd98e2b6dccc6dcbad5257965c8aceac0c60ba5b390d3e326847e121870153e0c8b87504d77c2d7baab09aef2d54ecdf46d1134d28a49792650
t0352,male,plays,plays,511,4.128,common_voice_en_25762095.mp3,Heidi plays for the Los Angeles Sparks and Heather plays for the Sacramento Monarchs.,45d190b7e0513aa52c41faa8fb430f541fc19d49faededb03c0466760697eba8d65c6b6e65fa212d0445f6ff92b19b790c89d2e6810f067f2fff373f5d7e08ff,common_voice_en_17821354.mp3,strained,45d190b7e0513aa52c41faa8fb430f541fc19d49faededb03c0466760697eba8d65c6b6e65fa212d0445f6ff92b19b790c89d2e6810f067f2fff373f5d7e08ff,common_voice_en_19502323.mp3,Chris Berman is the only other on-air personality on that list.,912d7bdaa82bb2dcf098ac27c2a3fcea457e77cc6eece2757086653334de9fb038f05f6cda23bcab85e026354005e50433b10910c605fa8599e690e58a7444f0,common_voice_en_20381562.mp3,Education-wise there is Mulbarton Primary; Christian Harvest; Mulbarton Remedial and Glenvista High School.,7eff9a54bdb0619deffda7609d5b8565278e3328de99e63908be2a37c1ad16516240b9c92bc6b68d8130b20dc556f57005dc053f4874a49589f5971a31b97e98
t0353,male,consists,consists,148,2.244,common_voice_en_25762098.mp3,The bird's diet consists of insects and seeds.,45d190b7e0513aa52c41faa8fb430f541fc19d49faededb03c0466760697eba8d65c6b6e65fa212d0445f6ff92b19b790c89d2e6810f067f2fff373f5d7e08ff,common_voice_en_17821354.mp3,strained,45d190b7e0513aa52c41faa8fb430f541fc19d49faededb03c0466760697eba8d65c6b6e65fa212d0445f6ff92b19b790c89d2e6810f067f2fff373f5d7e08ff,common_voice_en_23973238.mp3,He suffered very much from the first contact with anything.,372293e65cdab88771e028a4351651ab2eff64438ddafc211e089247dcdccca350153465eb5409ce708081d9ad384af45d1dc57bbe030ae1a2c0edd561322fb8,common_voice_en_26080.mp3,He understands the forces of nature.,de3c7a6c7421bf93d626544bad8ef3eb33f4be1fc68ac63d937ba4291edf2706c97d282c6ee11739d61ad1ede5561dcf13a31b09bec46be8f998b85f9b7cd883
t0354,female,carried,carried,98,1.828,common_voice_en_31688734.mp3,In total she carried seven settlers.,0e8fc1319b871940a4d8d8456fef9697d1b04506ec80d7cb0a5a572b6b60ba99f6b4429aeaed1712941df7d7f856d67e90adbcd2af32d4d767bcdafca49c95f7,common_voice_en_31688782.mp3,,0e8fc1319b871940a4d8d8456fef9697d1b04506ec80d7cb0a5a572b6b60ba99f6b4429aeaed1712941df7d7f856d67e90adbcd2af32d4d767bcdafca49c95f7,common_voice_en_24397596.mp3,Asteroids also come in different types.,ec632fae5c66de812f31b2ff3d4125951c2ae5018fda88126919ed0423c1840016918e42d2d944dea86ceb4c36c13d613f3910691f4f44c297270b8ad56e322b,common_voice_en_18638561.mp3,I know its a bad habit stay awake for no reason.,6714ce671c809fcb11d70719541faa48e44a72effeefcf40a00d97e8764b745c3d29173b53d425979941840312b393b876f2454fd8332df9277f2cc2299733fc
t0355,female,seven,seven,610,2.4,common_voice_en_31688734.mp3,In total she carried seven settlers.,0e8fc1319b871940a4d8d8456fef9697d1b04506ec80d7cb0a5a572b6b60ba99f6b4429aeaed1712941df7d7f856d67e90adbcd2af32d4d767bcdafca49c95f7,common_voice_en_31688782.mp3,,0e8fc1319b871940a4d8d8456fef9697d1b04506ec80d7cb0a5a572b6b60ba99f6b4429aeaed1712941df7d7f856d67e90adbcd2af32d4d767bcdafca49c95f7,common_voice_en_109828.mp3,Right on the second floor there.,f04bf531e2d304adb5420d930c71a3f72e8ce7bf3a604ffe4426a753304ccab023ee7c2e8e9b13a973a0bfe217b247d45a73c7738b021ef8fb706ab326092fbf,common_voice_en_27750566.mp3,"Although his funeral was held at the school, he was not Roman Catholic.",ad9a82500c504f3cd479e2fc808f0dcd7083a8242194ddcd233cef7f6927de2aba3d3d594647029897228f971f51270802f4cec7b4ae31ea385e1a2355ffff80
t0356,female,found,found,267,6.036,common_voice_en_31688782.mp3,This species feeds on zooplankton and is normally found well above the sea bed.,0e8fc1319b871940a4d8d8456fef9697d1b04506ec80d7cb0a5a572b6b60ba99f6b4429aeaed1712941df7d7f856d67e90adbcd2af32d4d767bcdafca49c95f7,common_voice_en_31688734.mp3,carried,0e8fc1319b871940a4d8d8456fef9697d1b04506ec80d7cb0a5a572b6b60ba99f6b4429aeaed1712941df7d7f856d67e90adbcd2af32d4d767bcdafca49c95f7,common_voice_en_17771854.mp3,I recommend using a spell checker to avoid such typos henceforth.,46aec8cd216e7a8415ce975e03fcb788a571e3107d064d0af64437c98d115bff18736e576e96675228b53894012aa7943a2bc6983e7761edbc8932a83e73a35e,common_voice_en_1757643.mp3,He looked at me.,796b1f29738e67c887afe68b88f595c03369ecbb94a9628a08181299772a7021e024bc07ed0ebd9e2d83a0717b935279ddbfd94fe20b631ff6ba68b92d52eec5
t0357,female,above,above,1,6.867,common_voice_en_31688782.mp3,This species feeds on zooplankton and is normally found well above the sea bed.,0e8fc1319b871940a4d8d8456fef9697d1b04506ec80d7cb0a5a572b6b60ba99f6b4429aeaed1712941df7d7f856d67e90adbcd2af32d4d767bcdafca49c95f7,common_voice_en_31688734.mp3,carried,0e8fc1319b871940a4d8d8456fef9697d1b04506ec80d7cb0a5a572b6b60ba99f6b4429aeaed1712941df7d7f856d67e90adbcd2af32d4d767bcdafca49c95f7,common_voice_en_565785.mp3,Maybe she didn't even remember him.,752818701a039f206ffec619c650e543485d98a3e7e9b75b3133e090989ac3ecdb7d54267e332f07dfe92ceaf978d67384896ecd1c021ea0cea88ea208f2cf05,common_voice_en_21656707.mp3,His mother worked at Boardman Junior High School in Oceanside.,b419faab633f2099c6405ff157b4d9fb5675219570f2683a4d08cbadeac4431e9d9b30dfa9b04f79aad9d8e3f75fda964809f3aa72ae9d0a4a025c59417f3dd1
t0358,male,themselves,themselves,698,1.825,common_voice_en_25264222.mp3,The history of the stripes themselves is almost as scrambled as the band itself.,f270c77b7426e139617567552ccdc36e180deabf3783b7c6433abdf2a0eb267fa157f6a0fbfd28a4243138eba24a69c17c7d9974d7da9c56a2f3911b342d0d62,common_voice_en_25264190.mp3,system,f270c77b7426e139617567552ccdc36e180deabf3783b7c6433abdf2a0eb267fa157f6a0fbfd28a4243138eba24a69c17c7d9974d7da9c56a2f3911b342d0d62,common_voice_en_19399652.mp3,"She also wrote some manga for the josei magazine ""Chorus"".",34af3753abc38a8660086c9d40793ef3635806bbd4462be7408ddf63051dba098203968980a6698e01137f59b1e0c5b4cae3dc31a12cf647249d75239da661e6,common_voice_en_18712317.mp3,"Common types of fat used include butter, vegetable shortenings, and lard.",f8f76b94170a19421464ac1a3b62a926edae4cb12a0a39c93e1d901682e617a1bfd98290e239f07c670bca0d654f2582e1deae7517dc98b9b8e7a7b326874d25
t0359,male,almost,almost,22,2.656,common_voice_en_25264222.mp3,The history of the stripes themselves is almost as scrambled as the band itself.,f270c77b7426e139617567552ccdc36e180deabf3783b7c6433abdf2a0eb267fa157f6a0fbfd28a4243138eba24a69c17c7d9974d7da9c56a2f3911b342d0d62,common_voice_en_25264190.mp3,system,f270c77b7426e139617567552ccdc36e180deabf3783b7c6433abdf2a0eb267fa157f6a0fbfd28a4243138eba24a69c17c7d9974d7da9c56a2f3911b342d0d62,common_voice_en_19478643.mp3,"Therefore, the feed horn must be longer for a given wavelength.",aa9deee85bb83d18aa6c383ff13982ca702c8b2905a98b10c198120ad619189d5c23136a85b74aafdc67532f0e8380387a444987c72a999d2cd1ad2e2b1235c1,common_voice_en_27328389.mp3,The agency is headquartered in the Macdonald Block in Toronto.,8449194e8b74b81d761d7a3786cdd5d099aff4f33737c7f476edf3435c3eb483ff6d6515d153c7cfb9193821f01a3a0bd6b049740b029acd7b1488df9bd579d8
t0360,male,system,system,684,3.112,common_voice_en_25264190.mp3,The Tabriz Metro is a metro system serving the city of Tabriz.,f270c77b7426e139617567552ccdc36e180deabf3783b7c6433abdf2a0eb267fa157f6a0fbfd28a4243138eba24a69c17c7d9974d7da9c56a2f3911b342d0d62,common_voice_en_25264222.mp3,,f270c77b7426e139617567552ccdc36e180deabf3783b7c6433abdf2a0eb267fa157f6a0fbfd28a4243138eba24a69c17c7d9974d7da9c56a2f3911b342d0d62,common_voice_en_619381.mp3,It was such a gradual movement that he found it only by noticing the dots.,5abee4ea5ed88102e9a0b7938a2bceb6f1d68cebecbb979d4d66a9c2e58e0ef9eecc2598d3d3eb2dd45cb4c17b5b81e8d86bcf51a9333f3929fc5d502262f9ca,common_voice_en_22258112.mp3,The village is now entirely residential.,aa229274711f2b10e408628ffc5e5ae8758bb022f781aa61aa61027168aeb5027656f2fdf8e94e3a5211e4fcfea5b8447938ac0d24c8002b175fa15f589967fa
t0361,male,change,change,108,1.538,common_voice_en_25264192.mp3,The villains change from game to game.,f270c77b7426e139617567552ccdc36e180deabf3783b7c6433abdf2a0eb267fa157f6a0fbfd28a4243138eba24a69c17c7d9974d7da9c56a2f3911b342d0d62,common_voice_en_25264222.mp3,,f270c77b7426e139617567552ccdc36e180deabf3783b7c6433abdf2a0eb267fa157f6a0fbfd28a4243138eba24a69c17c7d9974d7da9c56a2f3911b342d0d62,common_voice_en_668453.mp3,Stop treating me like a child.,02718e6068e2d4292ebb32deaefc1cb424d3bf323c8fbd29225d1265b58089ef26ad1e5295382ecd05c48a150ff399f46d10059e2491b98ceb5b08c498afb1eb,common_voice_en_21273172.mp3,"Afterwards, his independent work remained more experimental, rejecting traditional styles of stand-up comedy.",febfa9170cb04861bd7edb121a0f2de4c961eaca6afb928a2f541db731ae8242552936c1c3f5a4d2e7f4cc3150d58ff5e6f1b0c99513e25a72ca814f0b36df05
t0362,female,issue,issue,347,1.835,common_voice_en_19779814.mp3,The larger issue of denominational school funding remains extremely controversial in the province.,88f182275a30062782bcfa735f66910e315318e47bd50be84221a7b062dab6074c3fd8ad9e7a0b7bd0acc7a813d5c78cdf4828aa20f78c3cc801472e7f51bf7a,common_voice_en_19774427.mp3,,88f182275a30062782bcfa735f66910e315318e47bd50be84221a7b062dab6074c3fd8ad9e7a0b7bd0acc7a813d5c78cdf4828aa20f78c3cc801472e7f51bf7a,common_voice_en_24047247.mp3,Territory located in present-day Burkina Faso.,57d9be2eeda5fbaad0290c45f4e95813da95e09633d5fd84df35a758151788abec644a351cdf610c7b792561d1db0ac6f122dbc94404646941967bd6f0befd44,common_voice_en_539350.mp3,Everybody knows you're a sweetheart.,289ff5e648c4407a05240687284f8e3e0997567871f25634dc450a038aefbfb5a01d5880f2ae1fa39bd06828a23d514b3e8f6eb8446d25003e909b4742fbbdfb
t0363,female,school,school,596,3.338,common_voice_en_19779814.mp3,The larger issue of denominational school funding remains extremely controversial in the province.,88f182275a30062782bcfa735f66910e315318e47bd50be84221a7b062dab6074c3fd8ad9e7a0b7bd0acc7a813d5c78cdf4828aa20f78c3cc801472e7f51bf7a,common_voice_en_19774427.mp3,,88f182275a30062782bcfa735f66910e315318e47bd50be84221a7b062dab6074c3fd8ad9e7a0b7bd0acc7a813d5c78cdf4828aa20f78c3cc801472e7f51bf7a,common_voice_en_21721582.mp3,Through her youth and adulthood Lillie was recognized as an honorary firefighter.,63e2659d2ae278fc14fcbce9bfba6788171021fe287d6c6c2b7eca3f55a579cab25cb013c02e6adc0e858b703296b56bdc0d06ce20ab414501766c8badecbf9c,common_voice_en_17578800.mp3,And you couldn't release him?,f72cca0343d7bb13039f9ef626e2ff721719abbd12243a8070ea5d9f65079b7bf06fd0be0798f78dae3ba078639dc89d11320033342444856ce516bcef24f8d8
t0364,female,remains,remains,575,4.431,common_voice_en_19779814.mp3,The larger issue of denominational school funding remains extremely controversial in the province.,88f182275a30062782bcfa735f66910e315318e47bd50be84221a7b062dab6074c3fd8ad9e7a0b7bd0acc7a813d5c78cdf4828aa20f78c3cc801472e7f51bf7a,common_voice_en_19774427.mp3,,88f182275a30062782bcfa735f66910e315318e47bd50be84221a7b062dab6074c3fd8ad9e7a0b7bd0acc7a813d5c78cdf4828aa20f78c3cc801472e7f51bf7a,common_voice_en_19010609.mp3,"Sweet, sweet chocolate.",7eff9a54bdb0619deffda7609d5b8565278e3328de99e63908be2a37c1ad16516240b9c92bc6b68d8130b20dc556f57005dc053f4874a49589f5971a31b97e98,common_voice_en_17384789.mp3,Do you understand that?,4fe5fcb1f6fbdb08a7d4aef9844b58d60e430f30cd0f11e1cb123b3688553af07e582883a7c3626a8246d588cb199219fef8dd73ebbf0164581e72b5a06ba8ee
t0365,female,military,military,417,3.615,common_voice_en_19774426.mp3,"Not only was Hubaekje reeling from military defeats, the kingdowm was in internal disarray.",88f182275a30062782bcfa735f66910e315318e47bd50be84221a7b062dab6074c3fd8ad9e7a0b7bd0acc7a813d5c78cdf4828aa20f78c3cc801472e7f51bf7a,common_voice_en_19774427.mp3,,88f182275a30062782bcfa735f66910e315318e47bd50be84221a7b062dab6074c3fd8ad9e7a0b7bd0acc7a813d5c78cdf4828aa20f78c3cc801472e7f51bf7a,common_voice_en_27449466.mp3,Most of them are made by wheat gluten.,acefbb332db5ce3a5176cabcf11976d544177c9cc2aa0341e37bf9831b07b0c93eea6bfc53d97214ab261d1debb927bf66afb61c88db722415a5af6545b5ed9d,common_voice_en_508631.mp3,A group of people are protesting something,6d5cdb8eca32582afba252f79be061e4a864d75c4b18198f31f0773e9cae3d162745a0071fb466906cd7cab7c6cc5544a9bd4900ca702d1a54c662ae2e0572e9
t0366,female,widely,widely,774,3.861,common_voice_en_19779835.mp3,James' ability to deliver live copy is widely touted.,88f182275a30062782bcfa735f66910e315318e47bd50be84221a7b062dab6074c3fd8ad9e7a0b7bd0acc7a813d5c78cdf4828aa20f78c3cc801472e7f51bf7a,common_voice_en_19774427.mp3,,88f182275a30062782bcfa735f66910e315318e47bd50be84221a7b062dab6074c3fd8ad9e7a0b7bd0acc7a813d5c78cdf4828aa20f78c3cc801472e7f51bf7a,common_voice_en_27468908.mp3,"At this point, Temple has become thoroughly corrupted by life in the brothel.",8e113a62d59ae29f19f0e423fbcf978aaa9eefc16913ce4901b0aa105ff590bb7c6ea13da0c5583c0772d6905c0a964d355e8667edd35c7a08442c2312439d79,common_voice_en_158916.mp3,The building has been the home base of the illegal enterprise for decades.,bddb95b9a2e1807282e4df3cef5f3b18b854994debc5a636c4c6a8dd736a44f6c994bba618e5ac368a8af46eb599627d00640c8e6ba28a481e4618dc4d9582b3
t0367,female,other,other,479,2.043,common_voice_en_10799701.mp3,Spending time with each other can be more valuable than any material present.,35ea573b414801d7b08edb6f2972b1e0911babb168583dc836ab963c75a8a288b5e3f4a968c5176cba7de76683196fd25df94b56e6e31ede8ddfb8c9a1a7ff2a,common_voice_en_579756.mp3,sara,35ea573b414801d7b08edb6f2972b1e0911babb168583dc836ab963c75a8a288b5e3f4a968c5176cba7de76683196fd25df94b56e6e31ede8ddfb8c9a1a7ff2a,common_voice_en_27355729.mp3,He was a member of the Masons.,a1960f07d823fcb9e8eccca859b92483011823383ed30bf4493ba24237cf283f0d0ab396f9094d310e825006f8480f0bd0cd5bd867bcabc45acce93a3a8325a2,common_voice_en_18474359.mp3,The fellow with a face rather like a walnut.,8234a6f6bca97e62d8c2c9d1318f835269b9a048dd46c72170d64ed74bfae944c66d1fa9ec1a468fe2e0b9f99d8fb3cc06edbd0e37ad3f2cefa7bd41d2c3ee23
t0368,female,turned,turned,735,1.854,common_voice_en_579751.mp3,"He jumped up and turned quickly to face the imagined terror screaming ""Get back!""",35ea573b414801d7b08edb6f2972b1e0911babb168583dc836ab963c75a8a288b5e3f4a968c5176cba7de76683196fd25df94b56e6e31ede8ddfb8c9a1a7ff2a,common_voice_en_579756.mp3,sara,35ea573b414801d7b08edb6f2972b1e0911babb168583dc836ab963c75a8a288b5e3f4a968c5176cba7de76683196fd25df94b56e6e31ede8ddfb8c9a1a7ff2a,common_voice_en_20445392.mp3,Here they created an ornamental plaster-work ceiling depicting the Courtship of the Gods.,7eff9a54bdb0619deffda7609d5b8565278e3328de99e63908be2a37c1ad16516240b9c92bc6b68d8130b20dc556f57005dc053f4874a49589f5971a31b97e98,common_voice_en_19673999.mp3,He was notably deaf.,dc90af3789c0fdd8806ebf3770853dd9a82a35682fefd82d0b7b16c9a3f07e4cfd06b71678c91cd7cd3412f10ece9e6c1e32bf3a0da67c588252d0c5b6e26bf5
t0369,female,quickly,quickly,548,2.215,common_voice_en_579751.mp3,"He jumped up and turned quickly to face the imagined terror screaming ""Get back!""",35ea573b414801d7b08edb6f2972b1e0911babb168583dc836ab963c75a8a288b5e3f4a968c5176cba7de76683196fd25df94b56e6e31ede8ddfb8c9a1a7ff2a,common_voice_en_579756.mp3,sara,35ea573b414801d7b08edb6f2972b1e0911babb168583dc836ab963c75a8a288b5e3f4a968c5176cba7de76683196fd25df94b56e6e31ede8ddfb8c9a1a7ff2a,common_voice_en_521292.mp3,"""If good things are coming, they will be a pleasant surprise,"" said the seer.",add467545a59909f7c7f1a8392136b68ca4ea82d21285af310bbf6a05ee1d5a0f829073604413d5f49c753e9b57d759585062441014ce4b393f4c0bc49f7d1bc,common_voice_en_82403.mp3,"From then on, he would make his own decisions.",e0a15e6fb8c2f419180ed2283a9927393403e18caaab534186d8efea8b9e70f267715e89b7a93b03c81de0a3099237c4c84af7add04c8652f232ce42da896bae
t0370,male,would,would,788,2.609,common_voice_en_18417496.mp3,He misses it greatly and would be very grateful to whomsoever might return it.,e64bb0826a9dc0c77212dfb69d481dae2b4f113780592d0c92faf68d39689b9b62ad322c261392377e7aafd6c2fa56e5c7314c67e8861029e48757ae2f4cc968,common_voice_en_18417497.mp3,holes,e64bb0826a9dc0c77212dfb69d481dae2b4f113780592d0c92faf68d39689b9b62ad322c261392377e7aafd6c2fa56e5c7314c67e8861029e48757ae2f4cc968,common_voice_en_505462.mp3,Tell me the weather forecast for Island Mountain,834c506ebee03d321932accf17c58858805cbf8bccb09435b8f0343371a3c4e4549cd6825f0491077caf78a79cfe326e35a38445ea55acdfec4a9373012f58a4,common_voice_en_26891442.mp3,The habitats occupied by fishes are often related to their swimming capabilities.,5eaa49f00193ae8a891fa69e0c5a5ddbaf415ec00f344e11d982c8ec02606e2c4af3b7d9e4dc96fc3f68a296ff841aabea06ee2177d4966adfaeb885a7031ced
t0371,male,might,might,415,5.227,common_voice_en_18417496.mp3,He misses it greatly and would be very grateful to whomsoever might return it.,e64bb0826a9dc0c77212dfb69d481dae2b4f113780592d0c92faf68d39689b9b62ad322c261392377e7aafd6c2fa56e5c7314c67e8861029e48757ae2f4cc968,common_voice_en_18417497.mp3,holes,e64bb0826a9dc0c77212dfb69d481dae2b4f113780592d0c92faf68d39689b9b62ad322c261392377e7aafd6c2fa56e5c7314c67e8861029e48757ae2f4cc968,common_voice_en_118992.mp3,"The old man wore a breastplate of heavy gold, covered with precious stones.",e314cedfbcc6ecb09f01f6a40efc9a62d7151470bacb06b97a7bd2c1278fc37115705badd576dee2245cf1543f2323efe0eb6a82677703558ca831c0b38638a0,common_voice_en_26036684.mp3,Some individuals show these pictures even in small doses.,c71c8b6c5d74db8fbdeecb7eade44c9e5ca750b176b74952ec249763a71d33c2db27a029c77321af99ee3616fa51f86d3374714277b00c95108b2b9981d78e25
t0372,male,return,return,582,5.579,common_voice_en_18417496.mp3,He misses it greatly and would be very grateful to whomsoever might return it.,e64bb0826a9dc0c77212dfb69d481dae2b4f113780592d0c92faf68d39689b9b62ad322c261392377e7aafd6c2fa56e5c7314c67e8861029e48757ae2f4cc968,common_voice_en_18417497.mp3,holes,e64bb0826a9dc0c77212dfb69d481dae2b4f113780592d0c92faf68d39689b9b62ad322c261392377e7aafd6c2fa56e5c7314c67e8861029e48757ae2f4cc968,common_voice_en_21990753.mp3,He and his wife live in Los Angeles.,186711890e0d357fbb3513b470c66916f3fbc06ab5b41b64dd0fdaf3548ee58d78facc72a82b53bf1de78bbf06346db79d65f79628125fff4a60df08fd868dc7,common_voice_en_20456088.mp3,"Eurostar International is the largest customer of Eurotunnel, the owners of the Channel Tunnel.",4875a5fc17c3936321a179429a287bc6971775f7f8b5d2fc4cdc8c41127630df834c7c17d0fadc0f1edaddd613e3ba72a6210204569770f02199369b4748b669
t0373,female,become,become,59,2.228,common_voice_en_27633358.mp3,Leo trained his sons to become baseball players.,27df1223bbfbd89b36d61b8fed39e40a1460c3e2e5fa763ba7d3c1b0d305b2919d2c3bbed70fabe90ab8bd15848f507b2331e5f108dd1b1b8c06dfbe287282c5,common_voice_en_27633356.mp3,forms,27df1223bbfbd89b36d61b8fed39e40a1460c3e2e5fa763ba7d3c1b0d305b2919d2c3bbed70fabe90ab8bd15848f507b2331e5f108dd1b1b8c06dfbe287282c5,common_voice_en_530769.mp3,I owe everything to Corey Brown.,243c0d90f6145edce7803731bbd3baff7cb887a5290c10c1c5897e24248e249752883be23dbe58e59668ad96307fa0666e76dde82a2dd55ac2c624acbdb1d919,common_voice_en_18114020.mp3,"It’s important that everyone, especially little guys, can participate in the future of the Internet.",72aa7be22e63b6a1a144d568074a5984bd615d03d937d655da75a2a70d8c4f7e9857b49c3f83019cf14666df537fe7682fa410bf7b34c73211edd828faf586c3
t0374,female,forms,forms,265,2.933,common_voice_en_27633356.mp3,It is the one of optative mood forms that survived in Lithuanian.,27df1223bbfbd89b36d61b8fed39e40a1460c3e2e5fa763ba7d3c1b0d305b2919d2c3bbed70fabe90ab8bd15848f507b2331e5f108dd1b1b8c06dfbe287282c5,common_voice_en_27633358.mp3,,27df1223bbfbd89b36d61b8fed39e40a1460c3e2e5fa763ba7d3c1b0d305b2919d2c3bbed70fabe90ab8bd15848f507b2331e5f108dd1b1b8c06dfbe287282c5,common_voice_en_19673745.mp3,Naive interpretation of statistics derived from data sets that include outliers may be misleading.,5aacb3171a7a06a6b6842e175fc380af114fb99ee58e02061ebaf02e57aa904e18040c1e39a414d720d28ea0b71e1acfe200da8723933463904644d2b7131666,common_voice_en_21440661.mp3,Organizational headquarters were established in New York City.,e62ee4c2e96e7f830a8247a356940d99660e08c44d5f297e552ca7b00a4ab933629d48189119f343c6e5d58bdff389f9604816f3aa698faf5d024588b8984e69
t0375,female,called,called,90,2.302,common_voice_en_27633354.mp3,"Reed and Prince, also called Frearson, is another historic cross-head screw configuration.",27df1223bbfbd89b36d61b8fed39e40a1460c3e2e5fa763ba7d3c1b0d305b2919d2c3bbed70fabe90ab8bd15848f507b2331e5f108dd1b1b8c06dfbe287282c5,common_voice_en_27633358.mp3,,27df1223bbfbd89b36d61b8fed39e40a1460c3e2e5fa763ba7d3c1b0d305b2919d2c3bbed70fabe90ab8bd15848f507b2331e5f108dd1b1b8c06dfbe287282c5,common_voice_en_19696535.mp3,"Another large effort held was themed to the ""Lord of the Rings"" trilogy.",09e1e7d18da8d10b90c2ed0d9f79c1137c2b769e204a1467fb9989bbb6598f7401bc68295ac867febc036bbde6b32a3e3c74c1fc8931fd1c864222f3add5ecec,common_voice_en_18329302.mp3,Can we discuss it like adults?,e790d1a6d652b49b74172d96fca249c1d46c38806613534de93e324492059b41bb491639158ff5b5efe117d167447b1dca743bff0b32dcfe07b12a43fb13a86e
t0376,female,another,another,33,3.944,common_voice_en_27633354.mp3,"Reed and Prince, also called Frearson, is another historic cross-head screw configuration.",27df1223bbfbd89b36d61b8fed39e40a1460c3e2e5fa763ba7d3c1b0d305b2919d2c3bbed70fabe90ab8bd15848f507b2331e5f108dd1b1b8c06dfbe287282c5,common_voice_en_27633358.mp3,,27df1223bbfbd89b36d61b8fed39e40a1460c3e2e5fa763ba7d3c1b0d305b2919d2c3bbed70fabe90ab8bd15848f507b2331e5f108dd1b1b8c06dfbe287282c5,common_voice_en_27216072.mp3,"From here the highway runs eastward, to Goulburn where it again turns northeast.",e31822077e104d2f1781db7ce098c016abca0314515a35f564b26c30e59c0d2a0206cdf020dfbfe4e7340388f898c34d51e2d625681694a797c49581af656fba,common_voice_en_17513171.mp3,"Hm, I will have to ask Ian about that.",61d86d20523d04d292203e370f8c11cc599a6b61486a76eecd7d8e82c47e22fbd55c1bcca36236d034dafb9aa2b9435a2975c11d0b6af4f2a5c070086fbd7fb3
t0377,female,historic,historic,312,4.454,common_voice_en_27633354.mp3,"Reed and Prince, also called Frearson, is another historic cross-head screw configuration.",27df1223bbfbd89b36d61b8fed39e40a1460c3e2e5fa763ba7d3c1b0d305b2919d2c3bbed70fabe90ab8bd15848f507b2331e5f108dd1b1b8c06dfbe287282c5,common_voice_en_27633358.mp3,,27df1223bbfbd89b36d61b8fed39e40a1460c3e2e5fa763ba7d3c1b0d305b2919d2c3bbed70fabe90ab8bd15848f507b2331e5f108dd1b1b8c06dfbe287282c5,common_voice_en_26409043.mp3,The government of Henry the First at Westminster became exquisitely effective.,4638c9b4e22b8ba91a9a5d2e3906748f55c17e2b8474148e16177b4634987ceec72f9151af9825bdc3de2c0b9d3a542f849bc8960cd43b5bb8bcd141100dfacb,common_voice_en_27628441.mp3,The stylized American bald eagle represents cohesion and unity among the services.,757beaeb3dcab1faa1135fbbebc9a4315e7a569f749fbe21a8816905a981bec0b5aa2fe402d60d902cbc2fcaadbd204e02d7a72d388b389e9d7ff3b170f879e1
t0378,female,China,china,118,2.958,common_voice_en_27633357.mp3,Its head office is in the Bank of China Tower in Central.,27df1223bbfbd89b36d61b8fed39e40a1460c3e2e5fa763ba7d3c1b0d305b2919d2c3bbed70fabe90ab8bd15848f507b2331e5f108dd1b1b8c06dfbe287282c5,common_voice_en_27633358.mp3,,27df1223bbfbd89b36d61b8fed39e40a1460c3e2e5fa763ba7d3c1b0d305b2919d2c3bbed70fabe90ab8bd15848f507b2331e5f108dd1b1b8c06dfbe287282c5,common_voice_en_22442387.mp3,"As compared to Proton, Perodua has been quite successful in its business ventures.",7eff9a54bdb0619deffda7609d5b8565278e3328de99e63908be2a37c1ad16516240b9c92bc6b68d8130b20dc556f57005dc053f4874a49589f5971a31b97e98,common_voice_en_19590634.mp3,It is named after King Sejong the Great of Joseon.,372293e65cdab88771e028a4351651ab2eff64438ddafc211e089247dcdccca350153465eb5409ce708081d9ad384af45d1dc57bbe030ae1a2c0edd561322fb8
t0379,male,published,published,547,2.418,common_voice_en_19041345.mp3,The two newspapers published a combined Sunday edition.,3339c68f58a4f16194d25ffbe1d3695df89f0058f918836d217a719bce4bcc16ac5184d1a871e8a0d48b4f0c1b992bc8c96911b3047b5da9c48ff99d479bd4d5,common_voice_en_19041344.mp3,boy,3339c68f58a4f16194d25ffbe1d3695df89f0058f918836d217a719bce4bcc16ac5184d1a871e8a0d48b4f0c1b992bc8c96911b3047b5da9c48ff99d479bd4d5,common_voice_en_23846376.mp3,The largest glaciers in Bridger-Teton National Forest are found in the wilderness.,2389216bfce4a1e438030cf4d78eaab120a8e0c7a42f3cd200e1f852dca7fa86f0e53c777df70e6fbfaf9cea2a4d67558a59a1ede957e0db60350418402642a6,common_voice_en_17343994.mp3,"Chickens lay so many eggs a week, it wouldn't be possible to breed them all.",4992481727517f6467702cb336e6c83956aa14f5746743dd3e77248208af37cdfff1bf4e46090ba011cf4b31af326298b298cdae76ceeee5891671a173e61aff
t0380,male,strong,strong,666,2.766,common_voice_en_19768600.mp3,"As a result, they have strong friendships with Saint Pauli.",bef66748153cfebe9b6fa68f6169d46fc97e1047b5cf98a0fc702eee2e02365cc162af0246a8eff724087a05535792b3e87fa986b7ac8c990e101a4f9c79c385,common_voice_en_19768599.mp3,,bef66748153cfebe9b6fa68f6169d46fc97e1047b5cf98a0fc702eee2e02365cc162af0246a8eff724087a05535792b3e87fa986b7ac8c990e101a4f9c79c385,common_voice_en_700461.mp3,"I think it's about bird hunting, but now I can see how that might be misinterpreted.",8320d3cb4e4e3a6074d745f913ebafc3304791fdd0eb4ca66766461ceae2702222388b52e358267c5176fd5063d138099c11201164a7c9ad96f258cb1d9b987f,common_voice_en_17951537.mp3,Those last words were a strong statement.,97b5754c2b7322d08cc69d621f60a6be00d50a86ef476e6a240529cb2dc06025626beddbcafff75d80ec8871a4b8cae6dd253dfa7009ee443b82423108973e01
t0381,male,Saint,saint,595,4.058,common_voice_en_19768600.mp3,"As a result, they have strong friendships with Saint Pauli.",bef66748153cfebe9b6fa68f6169d46fc97e1047b5cf98a0fc702eee2e02365cc162af0246a8eff724087a05535792b3e87fa986b7ac8c990e101a4f9c79c385,common_voice_en_19768599.mp3,,bef66748153cfebe9b6fa68f6169d46fc97e1047b5cf98a0fc702eee2e02365cc162af0246a8eff724087a05535792b3e87fa986b7ac8c990e101a4f9c79c385,common_voice_en_59973.mp3,The wind has many names.,bda9735882bdfc8cf0e13de4675266e9206c1f8450689f29f5329c87446b07fdb83a5c57963d724d07a9a1cc25c800ceb01f9f9bbcc1da489b3ec1fda8c377bb,common_voice_en_21224579.mp3,The only remaining service by WestJet was one daily service to Calgary.,febfa9170cb04861bd7edb121a0f2de4c961eaca6afb928a2f541db731ae8242552936c1c3f5a4d2e7f4cc3150d58ff5e6f1b0c99513e25a72ca814f0b36df05
t0382,male,research,research,579,6.459,common_voice_en_19768599.mp3,Schramm was a pioneer in establishing particle astrophysics as a vibrant research field.,bef66748153cfebe9b6fa68f6169d46fc97e1047b5cf98a0fc702eee2e02365cc162af0246a8eff724087a05535792b3e87fa986b7ac8c990e101a4f9c79c385,common_voice_en_19768600.mp3,friendships,bef66748153cfebe9b6fa68f6169d46fc97e1047b5cf98a0fc702eee2e02365cc162af0246a8eff724087a05535792b3e87fa986b7ac8c990e101a4f9c79c385,common_voice_en_18308048.mp3,After buying those shoes I ended up with an overdraft,ac6c32f959398d495a2bd3ff3a6d7b3dc0f9700ded23aef5f248bc799b3210e84b90cf8eaca63f0bd7caad7fd8d2f1914223a32a39085381242d0f0b0411ce5d,common_voice_en_18843634.mp3,"Active systems are rarely used, as doing so reveals the sub's presence.",7eff9a54bdb0619deffda7609d5b8565278e3328de99e63908be2a37c1ad16516240b9c92bc6b68d8130b20dc556f57005dc053f4874a49589f5971a31b97e98
t0383,male,field.,field,246,6.97,common_voice_en_19768599.mp3,Schramm was a pioneer in establishing particle astrophysics as a vibrant research field.,bef66748153cfebe9b6fa68f6169d46fc97e1047b5cf98a0fc702eee2e02365cc162af0246a8eff724087a05535792b3e87fa986b7ac8c990e101a4f9c79c385,common_voice_en_19768600.mp3,friendships,bef66748153cfebe9b6fa68f6169d46fc97e1047b5cf98a0fc702eee2e02365cc162af0246a8eff724087a05535792b3e87fa986b7ac8c990e101a4f9c79c385,common_voice_en_21854151.mp3,Most species lay their eggs in the water and go through a tadpole stage.,372293e65cdab88771e028a4351651ab2eff64438ddafc211e089247dcdccca350153465eb5409ce708081d9ad384af45d1dc57bbe030ae1a2c0edd561322fb8,common_voice_en_20072354.mp3,"The International Bartenders Association recipe is based on vodka citron, lemon-flavored vodka.",eeb001abc2922936dd6d3ba7684e71d09048351bcb2739c5c8da3c9bdd00ea1d6dc801815de929b33a20b0b2c7d5860f7ad34906e1091d6a9e1a284b1cd1f877
t0384,male,increased,increased,330,1.595,common_voice_en_19768601.mp3,This increased side-by-side racing.,bef66748153cfebe9b6fa68f6169d46fc97e1047b5cf98a0fc702eee2e02365cc162af0246a8eff724087a05535792b3e87fa986b7ac8c990e101a4f9c79c385,common_voice_en_19768600.mp3,friendships,bef66748153cfebe9b6fa68f6169d46fc97e1047b5cf98a0fc702eee2e02365cc162af0246a8eff724087a05535792b3e87fa986b7ac8c990e101a4f9c79c385,common_voice_en_18147424.mp3,I serve the motto of the Prince of Wales.,3479ba11b3d8988e9c536be832927bcc9c58b00c86cf085a53384c34e82bae0ccb35a9709d0217a4c7b2dff24cd727b5877286096ab0d1efe6dfe835f8889564,common_voice_en_19521213.mp3,Imperial political democratic practices were responsible for turning Portarlington into a perfectly rotten borough.,050b7c721443d809e30fded1216d66a37326bcd2eec6f21d98806665fcef15452d9561f9dd3c4a70c7487009ae87e1f4266bfaa0f9e49c3b823929e8f078b5bc
t0385,male,finished,finished,251,1.722,common_voice_en_19768597.mp3,"He finished in the points on four other occasions, but did not win again.",bef66748153cfebe9b6fa68f6169d46fc97e1047b5cf98a0fc702eee2e02365cc162af0246a8eff724087a05535792b3e87fa986b7ac8c990e101a4f9c79c385,common_voice_en_19768600.mp3,friendships,bef66748153cfebe9b6fa68f6169d46fc97e1047b5cf98a0fc702eee2e02365cc162af0246a8eff724087a05535792b3e87fa986b7ac8c990e101a4f9c79c385,common_voice_en_20876981.mp3,"When he heard it, he said, 'My boy, you sound like an octopus.",c4215a63594a310a1f1003e4cc4a990ad4c7475e8cb46582a77860e27dc59993062e0d817ccd56b5eea9c8f436b1ab5140e7b4a616264571c5836dfd87080ca9,common_voice_en_215365.mp3,She ate an old pear and started suffocating.,02408ad5993818a08af0cfaa9718b0b4846fbe7139dd9561f6cd10f3efd7ca656b07ebf065cbbb89b5d6277bef4d8b9ebd94520b875125833b7f1b90a1fba403
t0386,female,civil,civil,123,2.119,common_voice_en_22749701.mp3,During the Nigerian civil war he helped to mobilise men for the Federal forces.,269ce5fab1bf0a9f1141bb9fdaf5ee1eb35a6d23a2084d9df301969435b3ba9a525db49c0fb31d1f9a72d235f0db8928af3fda4bad43f24a0c7d7b2613e5e305,common_voice_en_22749702.mp3,her,269ce5fab1bf0a9f1141bb9fdaf5ee1eb35a6d23a2084d9df301969435b3ba9a525db49c0fb31d1f9a72d235f0db8928af3fda4bad43f24a0c7d7b2613e5e305,common_voice_en_17872537.mp3,What have you caused all of this trouble for?,66877bbb75819c3d374d4fa016a0de38ec76b406f3f68dfb73b1f0044f73756d1e7cb1e49ea080631531d8c329420824bd4c2fc063feefe221063ca676f757f6,common_voice_en_18571431.mp3,"Captain, hail the star ship.",551d5ea36eb46269c7a7710255ff0cab38e68cd8360ad3d7b3c566e71573c778819d6d1161422130875f138f6caf9bf7e29c972fbf0bf5352ab63029a7dce8f7
t0387,female,helped,helped,308,2.803,common_voice_en_22749701.mp3,During the Nigerian civil war he helped to mobilise men for the Federal forces.,269ce5fab1bf0a9f1141bb9fdaf5ee1eb35a6d23a2084d9df301969435b3ba9a525db49c0fb31d1f9a72d235f0db8928af3fda4bad43f24a0c7d7b2613e5e305,common_voice_en_22749702.mp3,her,269ce5fab1bf0a9f1141bb9fdaf5ee1eb35a6d23a2084d9df301969435b3ba9a525db49c0fb31d1f9a72d235f0db8928af3fda4bad43f24a0c7d7b2613e5e305,common_voice_en_184291.mp3,The water was crystal clear.,a678385267f1d7aa61cbf51ad70881ddc2ba79a47846bbfe451d6b5798ca6d701f03fa1517609e8da219e11f2cc9cd9c6b61c4cf2bc6a90e86550416498eebbc,common_voice_en_23649117.mp3,"An alternative, less direct route to the ""mirador"" by road avoids the steps.",a1881aa7f5c8a03355c575c40251b3a2a987a6c86522bc77acb556a0267e5190bc3778424c9846f9e73c372fd67fc131c84fd484e072d72c15e29e59606d9c92
t0388,female,continue,continue,151,1.666,common_voice_en_22749702.mp3,Please continue to watch over her kindly and over the long term.,269ce5fab1bf0a9f1141bb9fdaf5ee1eb35a6d23a2084d9df301969435b3ba9a525db49c0fb31d1f9a72d235f0db8928af3fda4bad43f24a0c7d7b2613e5e305,common_voice_en_22749701.mp3,helped,269ce5fab1bf0a9f1141bb9fdaf5ee1eb35a6d23a2084d9df301969435b3ba9a525db49c0fb31d1f9a72d235f0db8928af3fda4bad43f24a0c7d7b2613e5e305,common_voice_en_617465.mp3,Do right and fear no man.,11ec372417df77b07bb129cc7572637abe768dd9ba9a6cf66c66b5081a6016aa00fb0a31287220448ed090f18b89fb45ff7e35247c32e492909a9d08f7645c84,common_voice_en_19794330.mp3,"This would translate as ""Aigil and Ailrun fought at the Ilz river"".",6c446097e5627b5c47b32ace87ecc5986a1c49b2490d46e6082615b3c2f206fe6b49627c6eabb9ee9d85c1a88b8831c3976fbee1ab34b880f7f16fc4aefa85ae
t0389,female,"itself,",itself,350,4.05,common_voice_en_22749705.mp3,"Mesne profits must be drawn from the land itself, rather than improvements on it.",269ce5fab1bf0a9f1141bb9fdaf5ee1eb35a6d23a2084d9df301969435b3ba9a525db49c0fb31d1f9a72d235f0db8928af3fda4bad43f24a0c7d7b2613e5e305,common_voice_en_22749701.mp3,helped,269ce5fab1bf0a9f1141bb9fdaf5ee1eb35a6d23a2084d9df301969435b3ba9a525db49c0fb31d1f9a72d235f0db8928af3fda4bad43f24a0c7d7b2613e5e305,common_voice_en_27955862.mp3,"He is married to Jean Ann Kincaid, whom he met in college.",16407ab9e237bd10bf45338224524ebc08d8748b00256d2b2f58b738cf237296062fc8554a0a63e83d9f34c3ef22004134cffa980958f4fb1f375a565ab77796,common_voice_en_25194257.mp3,"Previously, the team played at Stade Marcel Saupin.",827ec12d835b8a4dd847f01b6f1b936b964f5994a2cdc1fb37228228d53dfa26b5f5364ec2153df9348ba174f2e435ce0918f8b71df41fed09e3fd0d7eec39ef
t0390,female,rather,rather,555,4.601,common_voice_en_22749705.mp3,"Mesne profits must be drawn from the land itself, rather than improvements on it.",269ce5fab1bf0a9f1141bb9fdaf5ee1eb35a6d23a2084d9df301969435b3ba9a525db49c0fb31d1f9a72d235f0db8928af3fda4bad43f24a0c7d7b2613e5e305,common_voice_en_22749701.mp3,helped,269ce5fab1bf0a9f1141bb9fdaf5ee1eb35a6d23a2084d9df301969435b3ba9a525db49c0fb31d1f9a72d235f0db8928af3fda4bad43f24a0c7d7b2613e5e305,common_voice_en_59373.mp3,"Had our instruments permitted it, we might have been able to see the trouble way back when.",237bfca8181f9b866520034f9ab8c12df5777db8e97e5f2d9d48f7004b30b736ac512269977000c220951cc4f69bc68326d4b84c516786ec8444a3f1cde56918,common_voice_en_22144494.mp3,He also made important contributions to complex analysis.,ca4d4da2a8deab111c266ee13cc49978cc283e77b0ff4ba968e8f0eea2a7fa5a7374db2c6dfbd9c95ebfee66ca54ca719ac2fe9319f11d21afab2474720570d9
t0391,female,source,source,639,1.839,common_voice_en_22749714.mp3,This proved a source of many protests from angry Miracles fans.,269ce5fab1bf0a9f1141bb9fdaf5ee1eb35a6d23a2084d9df301969435b3ba9a525db49c0fb31d1f9a72d235f0db8928af3fda4bad43f24a0c7d7b2613e5e305,common_voice_en_22749701.mp3,helped,269ce5fab1bf0a9f1141bb9fdaf5ee1eb35a6d23a2084d9df301969435b3ba9a525db49c0fb31d1f9a72d235f0db8928af3fda4bad43f24a0c7d7b2613e5e305,common_voice_en_17488650.mp3,What idiot wrote this total drivel?,33fdaa56f23f43bb6e2362e5d720db9049749b6dafc2b4b48c59b0d143b124a2b27c475c15529cc1e5dd29b9b402210a39b07e5b328340a28c16f3a7964c1e7a,common_voice_en_18915303.mp3,He entered India from the northwest and reached Pataliputra.,c7fa9b2502b716b516b076ca89ff79e29d183ac0c006ce10ce33b61b0cd08542049535c83a89ff71168375d4a3bbbca2bcc25ecf5cc5f0653563862b73121cd2
t0392,male,series,series,605,2.091,common_voice_en_19209769.mp3,"Two on the television series ""Dark Matter"".",e21c28539db8a41c2458ed3a3224c2fdef7e34a86fab34650e3c73287c0c1db102c1282cd52a77460ddb30a3947fc10ff180e21e1e2c3c9246bc8baf0f08e6ee,common_voice_en_19209768.mp3,marillenschnaps,e21c28539db8a41c2458ed3a3224c2fdef7e34a86fab34650e3c73287c0c1db102c1282cd52a77460ddb30a3947fc10ff180e21e1e2c3c9246bc8baf0f08e6ee,common_voice_en_18500300.mp3,No doubt you were a bit tight at the time.,379dd19cb981e4e0c55e088d74083093ee704d0d2332e65e056b9022bdec56c78d8ad347227fd8b76f9cec853b8fe539142ee5745e0a97c2a4c471187541f91a,common_voice_en_118411.mp3,After his massive abuse of alcohol he started therapy.,1ff23c9259a73c7a68f8a2b86ec6244cc01289eb0772e084be85942e0976c0f9728724bf41ef3aad5ac1d231080943c8737d6121b9832149a237d7f7434c0c27
t0393,male,primary,primary,528,2.095,common_voice_en_19209768.mp3,"Krems is the primary producer of Marillenschnaps, an apricot brandy.",e21c28539db8a41c2458ed3a3224c2fdef7e34a86fab34650e3c73287c0c1db102c1282cd52a77460ddb30a3947fc10ff180e21e1e2c3c9246bc8baf0f08e6ee,common_voice_en_19209769.mp3,series,e21c28539db8a41c2458ed3a3224c2fdef7e34a86fab34650e3c73287c0c1db102c1282cd52a77460ddb30a3947fc10ff180e21e1e2c3c9246bc8baf0f08e6ee,common_voice_en_18511073.mp3,When he said himself I think he meant ourselves.,b56ce5c4a3fa8b8f8f730736d5cd10f19915e92fbc63d121679a541cfd3a225d584bee330df7fffa2a5b270449c780e395e4fa46e685855aec2b511dc7dca104,common_voice_en_19705539.mp3,"Sohmer launched hit series including ""Cheers"", ""Family Ties"", ""The A-Team"" and ""Remington Steele"".",4fc61019fe865583a2cf7990b2fb99afe52866497d81cd1898ac54b92212edeab4ec241f283cfe1e29aaf04f41793d98f347540aef1616a499d621ceca56d95b
t0394,female,Roman,roman,590,1.411,common_voice_en_24977706.mp3,"George, a Roman Catholic, is considered one of the country's leading conservative intellectuals.",4736e6f95a939c9602c1e1f200221e1ed5164b6e7190a1e567fe047fd73621cda5d4d8c063c41ad801a2fdf79246b9fa6b1d8050c23f7827e4b355c27371032e,common_voice_en_24977701.mp3,,4736e6f95a939c9602c1e1f200221e1ed5164b6e7190a1e567fe047fd73621cda5d4d8c063c41ad801a2fdf79246b9fa6b1d8050c23f7827e4b355c27371032e,common_voice_en_24993475.mp3,The two runways are now in poor condition.,005ce52c025b621f7942751c3dd418f0e7d1e9f55b54278d16c3b853e2a8af9771892aad1021e772b06805b5e487d89cc7a2ec86ae94d86dc936e12679eb9a87,common_voice_en_19719787.mp3,Critical commentary pointed to poor controls and boring gameplay.,9330514826332a55ba4197d99f9b5a760254d19547c9c6a023628e38d26e616f53c875d04edf046382924e44baad17ae345cad02c281928e2f12e75daa16dd89
t0395,female,"Catholic,",catholic,100,1.882,common_voice_en_24977706.mp3,"George, a Roman Catholic, is considered one of the country's leading conservative intellectuals.",4736e6f95a939c9602c1e1f200221e1ed5164b6e7190a1e567fe047fd73621cda5d4d8c063c41ad801a2fdf79246b9fa6b1d8050c23f7827e4b355c27371032e,common_voice_en_24977701.mp3,,4736e6f95a939c9602c1e1f200221e1ed5164b6e7190a1e567fe047fd73621cda5d4d8c063c41ad801a2fdf79246b9fa6b1d8050c23f7827e4b355c27371032e,common_voice_en_27145800.mp3,"At this point, Curtis was a hero to business interests.",e31822077e104d2f1781db7ce098c016abca0314515a35f564b26c30e59c0d2a0206cdf020dfbfe4e7340388f898c34d51e2d625681694a797c49581af656fba,common_voice_en_675582.mp3,"""It's a code,"" said the boy, a bit disappointed.",810b9e981fdb0531956d500bb0f7b509441c8d37cecb4254f7dde17b098d2e1404454ea32eb2b17fb725c11c150aac9018552d2abef5977c6517763d9f166a8d
t0396,female,considered,considered,147,2.933,common_voice_en_24977706.mp3,"George, a Roman Catholic, is considered one of the country's leading conservative intellectuals.",4736e6f95a939c9602c1e1f200221e1ed5164b6e7190a1e567fe047fd73621cda5d4d8c063c41ad801a2fdf79246b9fa6b1d8050c23f7827e4b355c27371032e,common_voice_en_24977701.mp3,,4736e6f95a939c9602c1e1f200221e1ed5164b6e7190a1e567fe047fd73621cda5d4d8c063c41ad801a2fdf79246b9fa6b1d8050c23f7827e4b355c27371032e,common_voice_en_19738637.mp3,He also played Claude in the later Los Angeles production.,1451d8c3da67a560ad07292a8e99ce0c9cab1fc0f34376d7c0cfd1b81c66325450976c9b56d09d3bf8fc30934a65ccba5b4ae032859a55f2cd4c68028ea1656b,common_voice_en_19028945.mp3,"It is native to southern China, Assam, and Southeast Asia.",d9cd6f5eca073586f237bc9934481cd737d957c5b958ccdf8c5c9bddc4298a75d3796f717630e0c24f97c04cb6e625dd2c92b2cedbabd04d8e06bf6a1ca502ce
t0397,female,leading,leading,365,4.365,common_voice_en_24977706.mp3,"George, a Roman Catholic, is considered one of the country's leading conservative intellectuals.",4736e6f95a939c9602c1e1f200221e1ed5164b6e7190a1e567fe047fd73621cda5d4d8c063c41ad801a2fdf79246b9fa6b1d8050c23f7827e4b355c27371032e,common_voice_en_24977701.mp3,,4736e6f95a939c9602c1e1f200221e1ed5164b6e7190a1e567fe047fd73621cda5d4d8c063c41ad801a2fdf79246b9fa6b1d8050c23f7827e4b355c27371032e,common_voice_en_520756.mp3,Imagine if everyone went around transforming lead into gold.,add467545a59909f7c7f1a8392136b68ca4ea82d21285af310bbf6a05ee1d5a0f829073604413d5f49c753e9b57d759585062441014ce4b393f4c0bc49f7d1bc,common_voice_en_17276960.mp3,Did you know that Nikola was going to join us?,bc980cfa87715caf73949360d14e8823f294622b5154674b33c96c9a88653230500b3973e71c1b7b23681926ba4ed02740a96c60c4305e6110aa83d3b3121175
t0398,female,several,several,611,2.583,common_voice_en_24977705.mp3,Slim Jim has launched several spin-off products of its main brand.,4736e6f95a939c9602c1e1f200221e1ed5164b6e7190a1e567fe047fd73621cda5d4d8c063c41ad801a2fdf79246b9fa6b1d8050c23f7827e4b355c27371032e,common_voice_en_24977701.mp3,,4736e6f95a939c9602c1e1f200221e1ed5164b6e7190a1e567fe047fd73621cda5d4d8c063c41ad801a2fdf79246b9fa6b1d8050c23f7827e4b355c27371032e,common_voice_en_17451088.mp3,A chain of mountains with jagged ridges like the teeth of a saw.,1dad193177f363aa413c79bf4b0ca588a426590eb37b20bb054f6395924b1838a2b617eca2c8efbf82571ffd2d68e128571c5caba8fdda46dd5c2a90c173ba1e,common_voice_en_19289059.mp3,"The third single from the album was ""Outta Mind"".",449e47b69e3ece6b29d2c53e1607d1afdf24a31742e3e6b61137f11867161e2bc28c1a63645a1328f869b5f3cf1817cff19866f8052269ce65d3d23320d18569
t0399,female,products,products,536,3.545,common_voice_en_24977705.mp3,Slim Jim has launched several spin-off products of its main brand.,4736e6f95a939c9602c1e1f200221e1ed5164b6e7190a1e567fe047fd73621cda5d4d8c063c41ad801a2fdf79246b9fa6b1d8050c23f7827e4b355c27371032e,common_voice_en_24977701.mp3,,4736e6f95a939c9602c1e1f200221e1ed5164b6e7190a1e567fe047fd73621cda5d4d8c063c41ad801a2fdf79246b9fa6b1d8050c23f7827e4b355c27371032e,common_voice_en_686839.mp3,He still calls his mother 'mummy'.,c1f601dc9658d956de6f823499d7811cf123f88bb138b9f4bebb6ac365a3127ecfefa039ddb1ad84b55507148f2ef3dbdbc9271c391d72536eaafb0d3eb32b14,common_voice_en_641896.mp3,under the Inquisition,bb0b5e4a8c1ae1ecfb4be8184166c2fbb53b912892d4ff8d7694ef2712c203f1478088566ea23f4a5ede08dc95dee97cc54ac03186baa191080a874912243658
t0400,male,Germany,germany,285,1.528,common_voice_en_662405.mp3,I am going to Germany tomorrow.,676c0be731edc56bf0704b3c2f9ff57b8e5fc917c1370edacc5d066c56a760318cac88065dcefa76a95c95f53efd302bbfb63cd82317e7eb42dcd79457c72eb7,common_voice_en_662406.mp3,barrier,676c0be731edc56bf0704b3c2f9ff57b8e5fc917c1370edacc5d066c56a760318cac88065dcefa76a95c95f53efd302bbfb63cd82317e7eb42dcd79457c72eb7,common_voice_en_23707036.mp3,Controversy dogged Jeanson throughout her career.,af62b48c2960fa5ebb9d51fbe19c28ddc098c2f4cc96a28a01f26b36e98c0b8ee3dada5aacb348dff78517c8c714f02249fd892e785a1588ca0b263be9c30629,common_voice_en_19871926.mp3,"After the first verse, the sound of keyboard is heard during the effect.",e6dbbe39377aa0fe2851852b2c695c9c31094c80c9ccd244bac8dfdc8a523b2a114362d4c717bd9d628499fe1d3c11971221be5ec4dadce15c9ff8c5254ae368
t0401,male,notable,notable,457,3.721,common_voice_en_25835199.mp3,This is a list of notable minor parties.,e520c471ea6f134d2af8f0ab63e5df686a6cff2436688015b7a891d25e47d7adef6f72184a9004a13f04f6ee55e406c4b528f112746a563adb914d52a5a0e281,common_voice_en_25836806.mp3,seattle,e520c471ea6f134d2af8f0ab63e5df686a6cff2436688015b7a891d25e47d7adef6f72184a9004a13f04f6ee55e406c4b528f112746a563adb914d52a5a0e281,common_voice_en_18101138.mp3,Slide the catch back and open the desk.,64b9623abc2396d296ea4a014a54d7eb8ab53b36957d346fa2785f7400443f55816b226ad1ed09ad13379588b5082312f78e1ed167207d960c4eb51ab6491ebb,common_voice_en_23889601.mp3,It prefers full to partial sun and well drained soils.,5aec6db3c1b5aa39ed2a8700aa0a8e23912159a1053948c8372a124fad62b2dcf00f89dfd403bdcb12d8dcc74e584b035ef5028fbb8fe6da950ca616cc406ce7
t0402,male,minor,minor,419,4.463,common_voice_en_25835199.mp3,This is a list of notable minor parties.,e520c471ea6f134d2af8f0ab63e5df686a6cff2436688015b7a891d25e47d7adef6f72184a9004a13f04f6ee55e406c4b528f112746a563adb914d52a5a0e281,common_voice_en_25836806.mp3,seattle,e520c471ea6f134d2af8f0ab63e5df686a6cff2436688015b7a891d25e47d7adef6f72184a9004a13f04f6ee55e406c4b528f112746a563adb914d52a5a0e281,common_voice_en_22204345.mp3,All of Switzerland's medals were won by Zutter in the gymnastics competitions.,6657f621ac638f7cc7cdb9d633d73f4d4d7f88b1764a8b25c366ccb692f1df0813d5d7b4f3f3cd09a62149d65417f59897aef9672b244cc8a7ec865bf716540d,common_voice_en_23433845.mp3,"All tracks written by Bobby Gillespie, Andrew Innes and Robert Young, unless noted.",c4fea3cc364d75845b9dc78aaebf42cd0d66c92b5efa8eb30e429bc641f07441cf9465397ff48f8b2dd318959bb3d98e3797d311b5331a93a74b440373131ee6
t0403,male,began,began,61,2.006,common_voice_en_25836806.mp3,Lowry then began working at Seattle University and an environmental group.,e520c471ea6f134d2af8f0ab63e5df686a6cff2436688015b7a891d25e47d7adef6f72184a9004a13f04f6ee55e406c4b528f112746a563adb914d52a5a0e281,common_voice_en_25835199.mp3,of,e520c471ea6f134d2af8f0ab63e5df686a6cff2436688015b7a891d25e47d7adef6f72184a9004a13f04f6ee55e406c4b528f112746a563adb914d52a5a0e281,common_voice_en_19961806.mp3,"First, the lead horse disappeared off the carousel.",64979f4bb4bd2cc3b1ca6f018d83cf793a341ae407089bc8ba332570d6d6ca466123b5faae56407fd2a9b357c41f6b2c545f1b1b71fb2ed3a25f77da15491542,common_voice_en_582919.mp3,How do you do?,75de62a4fb3e5aa6080425b2862baa8638420f5ebfa0e38c40f55ab6b92b1f41f4a6bcf3b24b32660dd86c00efd74bf0015f8d8014d3bc7d5e247303e114de09
t0404,male,working,working,785,2.518,common_voice_en_25836806.mp3,Lowry then began working at Seattle University and an environmental group.,e520c471ea6f134d2af8f0ab63e5df686a6cff2436688015b7a891d25e47d7adef6f72184a9004a13f04f6ee55e406c4b528f112746a563adb914d52a5a0e281,common_voice_en_25835199.mp3,of,e520c471ea6f134d2af8f0ab63e5df686a6cff2436688015b7a891d25e47d7adef6f72184a9004a13f04f6ee55e406c4b528f112746a563adb914d52a5a0e281,common_voice_en_23346657.mp3,It was then transported to Longreach.,854b3ab5b1dc1b94f3486818e229509111da30d0201bde488c764c5cb7031643ade8af504bbd715e27e7996c36d3fdff3305d6b8ba1b689c89ddb4bb04c52d94,common_voice_en_22293194.mp3,Things worsened when Donald managed to demolish a signal box.,62c0b4fa1d686b717e90c329ac25cc9cc7e91223da2d1de9686ac50eae13f921aa33e842d125b15e065eeb9bd5448d1f06d846c7d546a5b7757370b1f91b1840
t0405,male,University,university,746,3.901,common_voice_en_25836806.mp3,Lowry then began working at Seattle University and an environmental group.,e520c471ea6f134d2af8f0ab63e5df686a6cff2436688015b7a891d25e47d7adef6f72184a9004a13f04f6ee55e406c4b528f112746a563adb914d52a5a0e281,common_voice_en_25835199.mp3,of,e520c471ea6f134d2af8f0ab63e5df686a6cff2436688015b7a891d25e47d7adef6f72184a9004a13f04f6ee55e406c4b528f112746a563adb914d52a5a0e281,common_voice_en_16047418.mp3,The wizard cast a very powerful spell over the town.,24542d0c8c4e87a6cef0168052e3f43b6bf4b1b45bf882c52675bc9906d75b2762adceec5778bf6a153dd3a11edae4bca2ff356f4e04aa9950d9ae11d3a5b95b,common_voice_en_24998076.mp3,Huntingdon was founded by the Anglo-Saxons and Danes.,69ee1d3df3e635ee5b914b6b423c382d252dd50fca244fbe828d6068d5d246a5ffe58adb8e5ed5d9d18929e30c98f1f6c053c58d4ae384d0fe67fc817fb60833
t0406,male,first,first,253,1.884,common_voice_en_25835338.mp3,The first blew the bow off and the second hit under the mainmast.,e520c471ea6f134d2af8f0ab63e5df686a6cff2436688015b7a891d25e47d7adef6f72184a9004a13f04f6ee55e406c4b528f112746a563adb914d52a5a0e281,common_voice_en_25835199.mp3,of,e520c471ea6f134d2af8f0ab63e5df686a6cff2436688015b7a891d25e47d7adef6f72184a9004a13f04f6ee55e406c4b528f112746a563adb914d52a5a0e281,common_voice_en_25015928.mp3,It also made reference to the previous apple and blazer related controversies.,00309ae51fe07824676d5a3b39837b0a8927c064b7a054f3083f6f9cf7741987f8c92cb60c4c93e86a4e1be11dad46b92285584802bbe6a0fd618ca0f44b2959,common_voice_en_21753038.mp3,He is married to television writer and producer Caroline A. Commisso.,63e2659d2ae278fc14fcbce9bfba6788171021fe287d6c6c2b7eca3f55a579cab25cb013c02e6adc0e858b703296b56bdc0d06ce20ab414501766c8badecbf9c
t0407,female,played,played,507,2.056,common_voice_en_27340894.mp3,The tournament is played as a round robin and uses the page playoff format.,8c72d67ca8ff5d496806435604573c65c28f2c8e856f18345f90d0599a6d070cacbf25fd3a859118a2643ea0b274b12fed5e10762379c28e155ff6e53f691db6,common_voice_en_27340888.mp3,also,8c72d67ca8ff5d496806435604573c65c28f2c8e856f18345f90d0599a6d070cacbf25fd3a859118a2643ea0b274b12fed5e10762379c28e155ff6e53f691db6,common_voice_en_1466772.mp3,The boy shook his head.,85bd6ffb74e8f5acd97a8d0619f6746208c121a45b1840a1a8378b90680d064c9e87cc4eb5de275771967daece2b65942ac330e5029ca8b3f1297b64ffdf7cda,common_voice_en_683914.mp3,"I had to act quickly, that's why I jumped in.",0eca8b7df607c816e2d9c8d2f31af04333d02214b0f5ff3f09d33739ccfcfd5cbab27556be3c01c8283fbfabfb20e3a7cbf3c68b2c486b91080bcc26e49456cb
t0408,female,round,round,591,2.658,common_voice_en_27340894.mp3,The tournament is played as a round robin and uses the page playoff format.,8c72d67ca8ff5d496806435604573c65c28f2c8e856f18345f90d0599a6d070cacbf25fd3a859118a2643ea0b274b12fed5e10762379c28e155ff6e53f691db6,common_voice_en_27340888.mp3,also,8c72d67ca8ff5d496806435604573c65c28f2c8e856f18345f90d0599a6d070cacbf25fd3a859118a2643ea0b274b12fed5e10762379c28e155ff6e53f691db6,common_voice_en_311815.mp3,"However, I do not think it is impossible.",87c09aef4022433e3b3e71f85dbd89aba43d35441af02a0f31a72ad101cc252441ce35cb779934a66cd261a13703d81afc112c3f572d7193254d9fc91e576062,common_voice_en_5559305.mp3,"Don't overthink, just do it.",8b02a488765e2a90b22bba55ce35d34518788726284297572acbde3c3ff2a057e87915bc09747c0afcb0946522ee844033228a6917d81d0c465310df48d468e9
t0409,female,North,north,455,2.475,common_voice_en_27340888.mp3,The North American Butterfly Association also publishes the American Butterflies magazine quarterly.,8c72d67ca8ff5d496806435604573c65c28f2c8e856f18345f90d0599a6d070cacbf25fd3a859118a2643ea0b274b12fed5e10762379c28e155ff6e53f691db6,common_voice_en_27340894.mp3,,8c72d67ca8ff5d496806435604573c65c28f2c8e856f18345f90d0599a6d070cacbf25fd3a859118a2643ea0b274b12fed5e10762379c28e155ff6e53f691db6,common_voice_en_1479137.mp3,A good thing is all the sweeter when won with pain.,89f1fe765238442bac45872c7ce07ad4fe4a4675339bcda6127d0c79b4438f5101e0e5a37be24764dea595d5835174e47da29c1ef45c62a7bd6ac2341c471289,common_voice_en_19793312.mp3,"Captain Stephen Decatur, Senior was appointed to command and outfit her for sea.",8f7a77857e833d88d488c000821388b1a07fd409058b174dc6e93916059e1dbe00e204c27c315d21fbdb07f3cd4ac1bff0bf230ce6dd13c70805db1ff4242256
t0410,female,American,american,29,2.875,common_voice_en_27340888.mp3,The North American Butterfly Association also publishes the American Butterflies magazine quarterly.,8c72d67ca8ff5d496806435604573c65c28f2c8e856f18345f90d0599a6d070cacbf25fd3a859118a2643ea0b274b12fed5e10762379c28e155ff6e53f691db6,common_voice_en_27340894.mp3,,8c72d67ca8ff5d496806435604573c65c28f2c8e856f18345f90d0599a6d070cacbf25fd3a859118a2643ea0b274b12fed5e10762379c28e155ff6e53f691db6,common_voice_en_479100.mp3,Beef is scarcer than some lamb.,5b3242b9a2c729676af76f3441723b0adc3e2f8bcdcda9ed773c5564e9e1d9551910d21b022a55d4b92f02bc79a1d5fb9ced589a83091b6614b2d6814dc19b59,common_voice_en_28709357.mp3,The compound commonly adopts a spinel structure.,ac033bcb388b843d9826ed30f7b6bcbce5f9e8202097f796c10aff8c58d5e766bbb828804ce3d725b5354221db9b376d486fc0248be1e565d70f6a9bf77701de
t0411,female,Association,association,46,4.058,common_voice_en_27340888.mp3,The North American Butterfly Association also publishes the American Butterflies magazine quarterly.,8c72d67ca8ff5d496806435604573c65c28f2c8e856f18345f90d0599a6d070cacbf25fd3a859118a2643ea0b274b12fed5e10762379c28e155ff6e53f691db6,common_voice_en_27340894.mp3,,8c72d67ca8ff5d496806435604573c65c28f2c8e856f18345f90d0599a6d070cacbf25fd3a859118a2643ea0b274b12fed5e10762379c28e155ff6e53f691db6,common_voice_en_27243883.mp3,"Additional members of the population were Russians, Bulgarians, Turks and Cossacks.",fd52910d24299328945044ddd49dd2d79ef95c7b0d6e38d06d65a1d9330f64f45a8426cf556ed10a705307dcf622e1fe152ee48d5bd2e38b89b4da815b5c38a6,common_voice_en_161123.mp3,That's why I'm here.,1d7fe731f30b4026be2469de7eeae90cbce0b4831d8fd9238ac5cf4ad32c92daaa4bb6b01684a48848392cdd62211797b67bd91b800921ea77f1ac5836ec80c6
t0412,female,American,american,29,6.303,common_voice_en_27340888.mp3,The North American Butterfly Association also publishes the American Butterflies magazine quarterly.,8c72d67ca8ff5d496806435604573c65c28f2c8e856f18345f90d0599a6d070cacbf25fd3a859118a2643ea0b274b12fed5e10762379c28e155ff6e53f691db6,common_voice_en_27340894.mp3,,8c72d67ca8ff5d496806435604573c65c28f2c8e856f18345f90d0599a6d070cacbf25fd3a859118a2643ea0b274b12fed5e10762379c28e155ff6e53f691db6,common_voice_en_22105757.mp3,Firefox,70c1ffbfac80bcc231606bd6c95a8bbbf9975009001bf12f93e8bf442ca89bf05d5fed39011aba33d54883ae7c20b273aee42efe6cc16d6dacd38dd8b2a216ec,common_voice_en_17959081.mp3,There is a massive scheme for redevelopment near Wollongong.,f7a22a4859a359f4e15d0b51ef4d89b1c4217fda010e3f5909b9181e7ad190cc80915d654419b8ce7ade0a70f36e56d9bc602d6a1084fbba4ad89631ec4194ff
t0413,male,number,number,461,2.038,common_voice_en_19602353.mp3,The brewery has won a number of Australian International Beer Awards.,a7e0c26d95d106d6faa00a9623d5aea971d9aecbe47b63145ca369729d5d35ec91b9cc1089af86c3233e67f023104db749c1987b1a1ecdced3d8c0796a776065,common_voice_en_19602350.mp3,poetic,a7e0c26d95d106d6faa00a9623d5aea971d9aecbe47b63145ca369729d5d35ec91b9cc1089af86c3233e67f023104db749c1987b1a1ecdced3d8c0796a776065,common_voice_en_143070.mp3,Someone is making a sand sculpture.,a34aa4d99834a10d7ac42c67983355c1f58d6a24c227c048e0c3ba194c19f3fcf57c54b07a8bee94e95c4fa1aebc3adf6780d210ff62581eec1325236cc55e79,common_voice_en_22093150.mp3,It involves the Welsh counties of Gwent and South Glamorgan.,43453357f3db8f113a562f541c4038f259977a2ec16f85d9e3ebd28e1e8270de0d8fa507a2cb1b50ab971a636d512ca5f9633850bc86016b05845a39df6cac5a
t0414,male,International,international,341,3.534,common_voice_en_19602353.mp3,The brewery has won a number of Australian International Beer Awards.,a7e0c26d95d106d6faa00a9623d5aea971d9aecbe47b63145ca369729d5d35ec91b9cc1089af86c3233e67f023104db749c1987b1a1ecdced3d8c0796a776065,common_voice_en_19602350.mp3,poetic,a7e0c26d95d106d6faa00a9623d5aea971d9aecbe47b63145ca369729d5d35ec91b9cc1089af86c3233e67f023104db749c1987b1a1ecdced3d8c0796a776065,common_voice_en_18124881.mp3,Why would I want to do that?,0c62e7bc794b538067d7d92ae657444639c585478b82240cfea92b48ceb7c93c8af87060b95cb4cc55ba098baf112d5bddc9573d656db1badc93f99e1bf60dc4,common_voice_en_24771410.mp3,It is based almost entirely around ocean-based adventures.,bd6585469462c87c50f7a8c3462fee77d2ac01e211dacd5d34949eb718608a4dc66fa00b6d425b3c7794b736dede710dc4cae647f6904f89cdaf7d0e1d61a502
t0415,male,particularly,particularly,488,1.924,common_voice_en_19602350.mp3,He was particularly celebrated for his visually poetic and scenic nature documentaries.,a7e0c26d95d106d6faa00a9623d5aea971d9aecbe47b63145ca369729d5d35ec91b9cc1089af86c3233e67f023104db749c1987b1a1ecdced3d8c0796a776065,common_voice_en_19602353.mp3,australian,a7e0c26d95d106d6faa00a9623d5aea971d9aecbe47b63145ca369729d5d35ec91b9cc1089af86c3233e67f023104db749c1987b1a1ecdced3d8c0796a776065,common_voice_en_19087570.mp3,No stone axes have been found.,aa308a6660bba7cbeccf02b5d203d0bb01e43d9526e64699e7a05d7fa61950840ee499dbd298f88c874ea183fad157665a2091e3b298ae06bf95a8de9b96618e,common_voice_en_27213994.mp3,"There are also people holding ""Thou shall not kill"" paperboard signs.",0b3d55acf115fdf88131d7324fa9a7e1a26542405b0671d5ec0d9ed34b40fa0158576fd51ee9cc937a41b1c529f49cfb23fec693ae1382f21ec8fed796a9dece
t0416,male,nature,nature,447,5.553,common_voice_en_19602350.mp3,He was particularly celebrated for his visually poetic and scenic nature documentaries.,a7e0c26d95d106d6faa00a9623d5aea971d9aecbe47b63145ca369729d5d35ec91b9cc1089af86c3233e67f023104db749c1987b1a1ecdced3d8c0796a776065,common_voice_en_19602353.mp3,australian,a7e0c26d95d106d6faa00a9623d5aea971d9aecbe47b63145ca369729d5d35ec91b9cc1089af86c3233e67f023104db749c1987b1a1ecdced3d8c0796a776065,common_voice_en_20301043.mp3,"During this visit, they were each presented with their own personalized hampers.",73aee4c550b16b53b5f67691c69005e40a777651ea33b4b1efff1be1ecb138ea843efc9890f76f3694eb25a1b1edf60415a10c1380958500e5854f27e465255f,common_voice_en_21573292.mp3,Russian Nieuport aces include Alexander Kazakov.,e73d968bd7570082a278fcbaac3aa6c0852c9719536701ea95ce446fe5625d8dcd44a55b58e7eb1ee3d6fcceb8f23e4629c9036a0ffc9f7aa233bb0b5180ce1f
t0417,female,another,another,33,1.623,common_voice_en_19954321.mp3,"According to another interpretation, he was recalled by Bestuzhev whose enemies plotted his downfall.",1dcdedbe135ec7be714cfd2845fda08de01e759ee5cdb67bd5e6d84079be42dba7ee2337644680d79784f7ba5e63dc2ad89088d38857bd27d81c11dea60d338b,common_voice_en_20218619.mp3,news,1dcdedbe135ec7be714cfd2845fda08de01e759ee5cdb67bd5e6d84079be42dba7ee2337644680d79784f7ba5e63dc2ad89088d38857bd27d81c11dea60d338b,common_voice_en_19627315.mp3,"Cephalus ruled over many islands, and his followers became known as Cephallenians.",d59a7a01b11dde4fd31dfb423919fbfb07dcc3961deb9bde1350eaaa5394794b1fc9d3f718f36fc6cba87b016d058ee6cd4c02d145bd4c7fcbb324d3ce847beb,common_voice_en_20040586.mp3,"The conditions in the above theorems are sufficient, but not necessary for normality.",13d8dee7f91e46897b87784694aa708fc9c1f4facf50e6b43e39398258bd17e702451b1cb78cd52d282df0b878f76201b6e2aa3a8d5b31f469d2b225359f8e94
t0418,female,"reviews,",reviews,584,1.853,common_voice_en_20218619.mp3,"Despite the negative reviews, ""The Buffalo News"" replied ""A must-see for the whole family!",1dcdedbe135ec7be714cfd2845fda08de01e759ee5cdb67bd5e6d84079be42dba7ee2337644680d79784f7ba5e63dc2ad89088d38857bd27d81c11dea60d338b,common_voice_en_19954321.mp3,,1dcdedbe135ec7be714cfd2845fda08de01e759ee5cdb67bd5e6d84079be42dba7ee2337644680d79784f7ba5e63dc2ad89088d38857bd27d81c11dea60d338b,common_voice_en_19599202.mp3,Under the influence of K. Timiryazev and V. Zinger starts to study Botany.,924e5e5d88a0180fb95cdc618d9f9f19bbef13097053c6e5968a79ee93dfd9197edac55f614cdae43a2caec371de07797e48516388cd6cfefb5a0bbeefd4bb6d,common_voice_en_25948578.mp3,The two belligerents kill each other in the dual.,1963c5f396b43a02ea6a7cf2cacaafb042bfe53209c711d2325e2e4cfd7185370746e463b5ceb83f9ac807e048b8891b494db95e3bd7eccfbef896877eea9bbc
t0419,female,whole,whole,773,6.223,common_voice_en_20218619.mp3,"Despite the negative reviews, ""The Buffalo News"" replied ""A must-see for the whole family!",1dcdedbe135ec7be714cfd2845fda08de01e759ee5cdb67bd5e6d84079be42dba7ee2337644680d79784f7ba5e63dc2ad89088d38857bd27d81c11dea60d338b,common_voice_en_19954321.mp3,,1dcdedbe135ec7be714cfd2845fda08de01e759ee5cdb67bd5e6d84079be42dba7ee2337644680d79784f7ba5e63dc2ad89088d38857bd27d81c11dea60d338b,common_voice_en_25220561.mp3,It also features a free-fall amusement ride called the Terror-Dactyl.,2895ef52f5bd18954bdbdbe424b82cfd9a02cc4e6e3bca60c328585bb4993c5ee03c3598ce4e214844f6ece5816897d9ba22f10aa2f6b4a676e76456eff0d8d7,common_voice_en_18739981.mp3,She rejected modern individualist notions of personhood and emphasised the self-communication of God.,38a1c0d10414d65ee64cb042179b0759fbe04a4b354592c6e2ea826d53a27bcc0bd907037cc68f54289fcd6937c02962038d11fcacca7ea662c9c220bcce0ddf
t0420,female,playing,playing,510,4.745,common_voice_en_20026916.mp3,"Shankar's interplay with Alla Rakha improved appreciation for ""tabla"" playing in Hindustani classical music.",1dcdedbe135ec7be714cfd2845fda08de01e759ee5cdb67bd5e6d84079be42dba7ee2337644680d79784f7ba5e63dc2ad89088d38857bd27d81c11dea60d338b,common_voice_en_19954321.mp3,,1dcdedbe135ec7be714cfd2845fda08de01e759ee5cdb67bd5e6d84079be42dba7ee2337644680d79784f7ba5e63dc2ad89088d38857bd27d81c11dea60d338b,common_voice_en_20143860.mp3,"Charlie remains silent, but is conflicted about what to do.",02d621d25dbc49b32faac030a1d9771e88fe6e8063e67180b8ad60d3c2ae8dbd6db72493ff7e978a76cc96ec71f4fec67b7345e2ac854ac602fb485d7733e590,common_voice_en_29072890.mp3,"The binomial ""Platycladus"" means ""with broad or flattened shoots"".",6f008f76e112454c7db1ca4ec51ac285889dba840e90390f0321f83b8fb346d01d70cb6f0c5a748d9ea112b13a502a496211b3796eee499640af71c6b06a2aa5
t0421,female,business,business,88,4.431,common_voice_en_20026896.mp3,The magazine is aimed at senior businesspeople and business travellers.,1dcdedbe135ec7be714cfd2845fda08de01e759ee5cdb67bd5e6d84079be42dba7ee2337644680d79784f7ba5e63dc2ad89088d38857bd27d81c11dea60d338b,common_voice_en_19954321.mp3,,1dcdedbe135ec7be714cfd2845fda08de01e759ee5cdb67bd5e6d84079be42dba7ee2337644680d79784f7ba5e63dc2ad89088d38857bd27d81c11dea60d338b,common_voice_en_19678674.mp3,He was born at Naarden in the Netherlands.,5f3c2e9bbb26ee108da71a7ddfdf45464ccf78288500abda8502f576e05c64572cdbafbb05fd0f677e204a861b898f4359455de32add83d3791a02e7539be4c0,common_voice_en_21935891.mp3,"After a year of hard training, she was on her feet again.",a63a173058bfa29b96e8d471a2340bb0434ba03d86035571d21f74f11c7e363c1b2336abaae85994a6b7ee1359a6c5a96ef58496169a59a025e3737e1b9a7ab0
t0422,male,allowed,allowed,21,2.244,common_voice_en_26979661.mp3,The restoration allowed the earl to found a clergy training school at the hall.,7904790ea2596019d2296114d4d42a5192cd47eec95827aa6c0f183c5272ac00fa840b2dee6bfc798122d4118d00c92531b315a77379a140dbde4999f9bd0dbe,common_voice_en_26979621.mp3,it,7904790ea2596019d2296114d4d42a5192cd47eec95827aa6c0f183c5272ac00fa840b2dee6bfc798122d4118d00c92531b315a77379a140dbde4999f9bd0dbe,common_voice_en_27293749.mp3,"From here on, The Bashams either acted as jobbers on SmackDown!",15f4b2d89fd6ef677ad0cf16118393247db64e892060c2b238c09fa625e31ed5d5c4b4e05b0de21c6fc2202db2a2ebf567b2fd032758dbfbeb9897aecb2ab555,common_voice_en_25604018.mp3,The mountains were formed in the Miocene and the Pliocene during the Alpine orogeny.,50defefa0aac8287e21d9316f073029371516790fe0af3ae00f7d07bff888fdb7131a9235a29de809bb67da2ede8ffcef4e4af45eaa5aa235b986805a38e1cf3
t0423,male,found,found,267,3.266,common_voice_en_26979661.mp3,The restoration allowed the earl to found a clergy training school at the hall.,7904790ea2596019d2296114d4d42a5192cd47eec95827aa6c0f183c5272ac00fa840b2dee6bfc798122d4118d00c92531b315a77379a140dbde4999f9bd0dbe,common_voice_en_26979621.mp3,it,7904790ea2596019d2296114d4d42a5192cd47eec95827aa6c0f183c5272ac00fa840b2dee6bfc798122d4118d00c92531b315a77379a140dbde4999f9bd0dbe,common_voice_en_591382.mp3,What am I going to say to Elvis?,974b9891d42fbd9d4b8e67daa111f47bae4235357248d84a991a3edaf1bccbd03b9f5a457f4380a56b326fb9a746b2d2dce3d06c1554ec79374ed8e24c5e20e3,common_voice_en_25333355.mp3,The images tell a story through pictures.,f9d17d5fecc6c216daa7fb98de62bf53b2ff961e9d3386e24ddb6f44eca0938b2c14c74de815a96b6135073382c31d291e93d10f145c2e763f8f4fbee6c5d54c
t0424,male,training,training,728,4.447,common_voice_en_26979661.mp3,The restoration allowed the earl to found a clergy training school at the hall.,7904790ea2596019d2296114d4d42a5192cd47eec95827aa6c0f183c5272ac00fa840b2dee6bfc798122d4118d00c92531b315a77379a140dbde4999f9bd0dbe,common_voice_en_26979621.mp3,it,7904790ea2596019d2296114d4d42a5192cd47eec95827aa6c0f183c5272ac00fa840b2dee6bfc798122d4118d00c92531b315a77379a140dbde4999f9bd0dbe,common_voice_en_18431039.mp3,You see what will happen.,51d5e12fa85111b4b12b99e8bc5d42362a00ef90cd0b9fa0888937edadfcaca39393ded2c393d8446d42dfdf0e3fdee94f9f25a08e0c019710c64d013218852c,common_voice_en_27007517.mp3,He considered Mount Elgon which is near his home to be Mount Zion.,e31822077e104d2f1781db7ce098c016abca0314515a35f564b26c30e59c0d2a0206cdf020dfbfe4e7340388f898c34d51e2d625681694a797c49581af656fba
t0425,male,school,school,596,4.938,common_voice_en_26979661.mp3,The restoration allowed the earl to found a clergy training school at the hall.,7904790ea2596019d2296114d4d42a5192cd47eec95827aa6c0f183c5272ac00fa840b2dee6bfc798122d4118d00c92531b315a77379a140dbde4999f9bd0dbe,common_voice_en_26979621.mp3,it,7904790ea2596019d2296114d4d42a5192cd47eec95827aa6c0f183c5272ac00fa840b2dee6bfc798122d4118d00c92531b315a77379a140dbde4999f9bd0dbe,common_voice_en_21555377.mp3,A special expropriation law was adopted.,17437a69c49c670589a4a9cc48f1bb9b5923062a043128538f22cc4d885fc23357f26ad2466237eb0ca6df35431f9c1bf4bec5b509832335265230823652abf0,common_voice_en_25203526.mp3,Once it is removed it is often referred to as chaff.,5330e1f8a39f35ef2d02f059b5c2a0f98381736f315dc02464a1ce0992c9ccccac59f0af9ccbe6e28b290c40f2789b6a7a74bb34a7e8663e25a837d343808a87
t0426,male,performance,performance,493,2.396,common_voice_en_26979621.mp3,Its nimble performance has earned it the nickname white rocket.,7904790ea2596019d2296114d4d42a5192cd47eec95827aa6c0f183c5272ac00fa840b2dee6bfc798122d4118d00c92531b315a77379a140dbde4999f9bd0dbe,common_voice_en_26979661.mp3,clergy,7904790ea2596019d2296114d4d42a5192cd47eec95827aa6c0f183c5272ac00fa840b2dee6bfc798122d4118d00c92531b315a77379a140dbde4999f9bd0dbe,common_voice_en_684759.mp3,"book a table at a restaurant for me, roslyn and harriett in Lesterville",81affab27097597fdfefec95889f3322a6df40a5be1d8b98a32e1aae99cf46beed9d1702de6bbe5d8c12136a86af8f93b45c551ad039fae08478f21046ab40b0,common_voice_en_24523685.mp3,Lumber is loaded onto schooners in Machias for transport to New York.,13176961c767770ccdc374f0284609e80c82a5dd7cdf38e437fe6521ac43a8fb3baf420017858e61910833510b71042b41e94bde2b647ff92d7a113a30dc491a
t0427,male,white,white,772,4.681,common_voice_en_26979621.mp3,Its nimble performance has earned it the nickname white rocket.,7904790ea2596019d2296114d4d42a5192cd47eec95827aa6c0f183c5272ac00fa840b2dee6bfc798122d4118d00c92531b315a77379a140dbde4999f9bd0dbe,common_voice_en_26979661.mp3,clergy,7904790ea2596019d2296114d4d42a5192cd47eec95827aa6c0f183c5272ac00fa840b2dee6bfc798122d4118d00c92531b315a77379a140dbde4999f9bd0dbe,common_voice_en_1614246.mp3,"Yours sincerely, Satan.",11e9cee4d8895a2b4bda3cf55f20a9564393b457bd23f406203f0d1b5e6d08bb74f40f260ad7f44e3101bb03e178c098388a35c2ce5f09882821032c1c65ae0c,common_voice_en_683439.mp3,Don't put all your eggs in one basket.,70fef054f571f66d74facf09c7ab408ff81d44cd46f4feb4c58940f57df3a41208f7b68f9af7f3e45a4c10cb575d324db1c4000de1d95dac9e81556c49213dda
t0428,female,going,going,289,3.184,common_voice_en_101807.mp3,He had no idea how he was going to transform himself into the wind.,59d1ec8273b815b11651211b336ef43cf0642924d7c72208fc1f15e8b4f4ccf0b046b7152bfb4a9378b7b8f740a38238a92da4f710d9f8bd93aa01a2cf5a07fd,common_voice_en_101797.mp3,crucial,59d1ec8273b815b11651211b336ef43cf0642924d7c72208fc1f15e8b4f4ccf0b046b7152bfb4a9378b7b8f740a38238a92da4f710d9f8bd93aa01a2cf5a07fd,common_voice_en_27303506.mp3,The climate is sub-tropical with relatively dry winters and hot humid summers.,e31822077e104d2f1781db7ce098c016abca0314515a35f564b26c30e59c0d2a0206cdf020dfbfe4e7340388f898c34d51e2d625681694a797c49581af656fba,common_voice_en_5737044.mp3,The basketball bounced off his shield of titanium.,4bb90557330ad9b32750d1cc86196e6ed5776d25e1d1397a8a45f7cce2efdcf4de558e0c6feda6e5b7deeefc249a5ee93ea0bbc19262c2263ac8927116d4c8f0
t0429,female,himself,himself,311,4.386,common_voice_en_101807.mp3,He had no idea how he was going to transform himself into the wind.,59d1ec8273b815b11651211b336ef43cf0642924d7c72208fc1f15e8b4f4ccf0b046b7152bfb4a9378b7b8f740a38238a92da4f710d9f8bd93aa01a2cf5a07fd,common_voice_en_101797.mp3,crucial,59d1ec8273b815b11651211b336ef43cf0642924d7c72208fc1f15e8b4f4ccf0b046b7152bfb4a9378b7b8f740a38238a92da4f710d9f8bd93aa01a2cf5a07fd,common_voice_en_17680951.mp3,"I pressed the button for my nurse, but he did not come.",2516b77f6c37c7316b25e1d3b2e37d5618e53085a330d35e3aa24739b2f8185cde4f789f44c2d08c3868e0c53a224385915174addaed1400a08d7b5745697370,common_voice_en_20511100.mp3,"His hatred of France, and of the Revolution, was no doubt sincere.",f0ea206776edd98e6ab41801393839be2d3a3508647336452079b21ddc3ed6eafddd8489e7a79cf149c48136862b49b77c412f7721653750f051aa12c2858e0b
t0430,female,other,other,479,2.115,common_voice_en_101797.mp3,"At other times, at a crucial moment, I make it easier for things to happen.",59d1ec8273b815b11651211b336ef43cf0642924d7c72208fc1f15e8b4f4ccf0b046b7152bfb4a9378b7b8f740a38238a92da4f710d9f8bd93aa01a2cf5a07fd,common_voice_en_101807.mp3,going,59d1ec8273b815b11651211b336ef43cf0642924d7c72208fc1f15e8b4f4ccf0b046b7152bfb4a9378b7b8f740a38238a92da4f710d9f8bd93aa01a2cf5a07fd,common_voice_en_521215.mp3,"Three days from now, he would be with the merchant's daughter.",add467545a59909f7c7f1a8392136b68ca4ea82d21285af310bbf6a05ee1d5a0f829073604413d5f49c753e9b57d759585062441014ce4b393f4c0bc49f7d1bc,common_voice_en_20322879.mp3,This necessitated the disbandment of the Yeomanry Mounted Division.,f8df32165ae35b8fa424b6847071e038ff35b7982ec54540d43f92c2728a29d6398f895e9769645c763899932af6c9edb6947d756297f6fb6f4b3c26d07494b0
t0431,female,"times,",times,716,2.607,common_voice_en_101797.mp3,"At other times, at a crucial moment, I make it easier for things to happen.",59d1ec8273b815b11651211b336ef43cf0642924d7c72208fc1f15e8b4f4ccf0b046b7152bfb4a9378b7b8f740a38238a92da4f710d9f8bd93aa01a2cf5a07fd,common_voice_en_101807.mp3,going,59d1ec8273b815b11651211b336ef43cf0642924d7c72208fc1f15e8b4f4ccf0b046b7152bfb4a9378b7b8f740a38238a92da4f710d9f8bd93aa01a2cf5a07fd,common_voice_en_20072636.mp3,His best friend is Snufkin.,eeb001abc2922936dd6d3ba7684e71d09048351bcb2739c5c8da3c9bdd00ea1d6dc801815de929b33a20b0b2c7d5860f7ad34906e1091d6a9e1a284b1cd1f877,common_voice_en_17817546.mp3,A friend's frown is better than a fool's smile.,5f047713c8bdb300204b259abe32d12fcf660d9a2cc190b3bb5520d11149e42fa014dd345e5a363027c7e44c54b2855883d1e39562744ed33a43d38d935a0832
t0432,female,"moment,",moment,425,4.261,common_voice_en_101797.mp3,"At other times, at a crucial moment, I make it easier for things to happen.",59d1ec8273b815b11651211b336ef43cf0642924d7c72208fc1f15e8b4f4ccf0b046b7152bfb4a9378b7b8f740a38238a92da4f710d9f8bd93aa01a2cf5a07fd,common_voice_en_101807.mp3,going,59d1ec8273b815b11651211b336ef43cf0642924d7c72208fc1f15e8b4f4ccf0b046b7152bfb4a9378b7b8f740a38238a92da4f710d9f8bd93aa01a2cf5a07fd,common_voice_en_18436451.mp3,One tablespoonful should be enough.,522a76410fd634f4ef96b2d58b58577e5a2567897ffdc8c51987297e1d9e2ec6dbf372724226aee1b1b482268c43e441db1f1395c37dbbbd5f509f09288e4684,common_voice_en_613382.mp3,"So he could not be hasty, nor impatient.",68f4905edf8e308876eeabe1a9aca158a26475711add4b0d7ceafbd531c98471593e842c5210f41eaadd45f1eef3b4611bc1fd8e79c7f270d839541ced75d0a1
t0433,female,their,their,697,2.047,common_voice_en_101810.mp3,"They mounted their horses, and rode out in the direction of the Pyramids of Egypt.",59d1ec8273b815b11651211b336ef43cf0642924d7c72208fc1f15e8b4f4ccf0b046b7152bfb4a9378b7b8f740a38238a92da4f710d9f8bd93aa01a2cf5a07fd,common_voice_en_101807.mp3,going,59d1ec8273b815b11651211b336ef43cf0642924d7c72208fc1f15e8b4f4ccf0b046b7152bfb4a9378b7b8f740a38238a92da4f710d9f8bd93aa01a2cf5a07fd,common_voice_en_18459635.mp3,I could envisage the scene.,0bf5ad7d3cfe4f46b6fa6bdd0a60f3d849672dbdbbf77d4978f9d835e8463a48d86557e5c9cc44a923862df89849c4b97cdd0dabbe0716ece06d91e698871680,common_voice_en_23591652.mp3,"Flanagan was born Chaim Reuben Weintrop in Whitechapel, in the East End of London.",c855f42fc6d2b8fac90142a46f73c2edad774bd8a1c8eb6932dfcd88b5e9dcf585cd828451e8df47ecbf33c4cfb2a7e0eb7133f22e906437671fff46ab44fc3b
t0434,male,outside,outside,481,2.014,common_voice_en_18474239.mp3,It's looking a bit chilly outside this morning.,4c407a51103a79d22a55ba3047ed5e1353ad666e3ed14df8998c75b7acdb1f335f7d77fd6526cc6950c5ebfc5dc998cb784dbba2b28556c81056e842ca8f0758,common_voice_en_18494081.mp3,attitude,4c407a51103a79d22a55ba3047ed5e1353ad666e3ed14df8998c75b7acdb1f335f7d77fd6526cc6950c5ebfc5dc998cb784dbba2b28556c81056e842ca8f0758,common_voice_en_30174709.mp3,In turn he who would pass it in to his Jamaican born son Simon.,25d586a5ae96cb213f2b37a7f4c3a07be502690acc2fcbb9a848e69402960b989fa8fe86bb3086a448098d4bcb8568834ba05a4090f6a9809500cda9370d205c,common_voice_en_22089340.mp3,The paper is published every Thursday.,976707f5c48de71565d3536c63d8881173e91c1a085cfdd10771518849e46288626d2202af2a4d5b813db78234d2248d1527d2f72e0cc8e0adbc5a59c75f3532
t0435,male,seemed,seemed,603,2.359,common_voice_en_18494081.mp3,Something of his former attitude seemed to return to him.,4c407a51103a79d22a55ba3047ed5e1353ad666e3ed14df8998c75b7acdb1f335f7d77fd6526cc6950c5ebfc5dc998cb784dbba2b28556c81056e842ca8f0758,common_voice_en_18474239.mp3,,4c407a51103a79d22a55ba3047ed5e1353ad666e3ed14df8998c75b7acdb1f335f7d77fd6526cc6950c5ebfc5dc998cb784dbba2b28556c81056e842ca8f0758,common_voice_en_18155216.mp3,Many people think computers will never have feelings.,939991dfcf12d8250739f3b4e5ed47e0dc4bf8ffb69810f4ab853aa12872a811941be35b7e91af5df8350d75d3c61d1301aba694c41deb3f38f1414703bc0461,common_voice_en_20320346.mp3,A new railway to Sosnovo and Losevo is under construction.,bbe3ec9e9746fdb7a9d059ce97343c079109198568ed03e183091af91b3f292be302728c554c23502f21fe4f788a9bebfae3c1155df03f1641e1940489d1457a
t0436,female,famous,famous,239,2.067,common_voice_en_324763.mp3,Jackie Chan is a famous martial artist and actor from Hong Kong.,6a28d6fbc6aedf830b5ffe8dd6a168734bfc20d6e8b3a5111da4efd99ec53e13ee2779cdb140135a65c0e56c4c42bae7db9225c00ec514286638f28c86f93b0a,common_voice_en_324760.mp3,,6a28d6fbc6aedf830b5ffe8dd6a168734bfc20d6e8b3a5111da4efd99ec53e13ee2779cdb140135a65c0e56c4c42bae7db9225c00ec514286638f28c86f93b0a,common_voice_en_23309158.mp3,The current secretary is William F. Galvin.,4875a5fc17c3936321a179429a287bc6971775f7f8b5d2fc4cdc8c41127630df834c7c17d0fadc0f1edaddd613e3ba72a6210204569770f02199369b4748b669,common_voice_en_18779310.mp3,Astral eventually undertook videocassette duplication and video wholesaling.,7ef2b5d0d369456a355b9c90d7bf38a2f40f14efd4b95463ac7bc0cf5963ec7c0e865072aebb4e73372f01738e663db2469a1a8709a148c43cc9b66426822429
t0437,female,artist,artist,43,2.889,common_voice_en_324763.mp3,Jackie Chan is a famous martial artist and actor from Hong Kong.,6a28d6fbc6aedf830b5ffe8dd6a168734bfc20d6e8b3a5111da4efd99ec53e13ee2779cdb140135a65c0e56c4c42bae7db9225c00ec514286638f28c86f93b0a,common_voice_en_324760.mp3,,6a28d6fbc6aedf830b5ffe8dd6a168734bfc20d6e8b3a5111da4efd99ec53e13ee2779cdb140135a65c0e56c4c42bae7db9225c00ec514286638f28c86f93b0a,common_voice_en_539250.mp3,The stranger was speaking of things that very few people knew about.,edfd68ccf97163d7fc2ac6f2611da4ffc1c7c9c09369015d06ac65bf7d297b0b68f8ab6470cb5d07bfa60de759af8050c197245b2a97a8d4e6f3032de1b40f8b,common_voice_en_23831999.mp3,His legacy has influenced thousands of Arab authors.,3ebf9922255527d1c5a01508d3e3200a18a43663f6dec767bc5fd726c4d4c645e99580957d562c5996cb5f6745001fac4bd353595311b6080b07d0f92cfc9bf1
t0438,male,strong,strong,666,2.817,common_voice_en_19869213.mp3,Iodine pentafluoride is a strong fluorination agent and is highly oxidative.,ccfe72e294ce2b520f2ce5978a555a254ec8c298f9e3ddb3071c095f33c36b6409501a4921ae2fa8669700bb438ccaaa04289c6398e28a87800be361bb59c8e0,common_voice_en_19869263.mp3,,ccfe72e294ce2b520f2ce5978a555a254ec8c298f9e3ddb3071c095f33c36b6409501a4921ae2fa8669700bb438ccaaa04289c6398e28a87800be361bb59c8e0,common_voice_en_19500555.mp3,The main economic activities of Linter are agricultural and commercial activities.,c895f6ffc789443e064895d7a9eef515f9c01c86ff78b4141d2428a6fab1f9a4a6a52723124cba3640a86204d4ff027b96172a2738cb57943a336e044d934f24,common_voice_en_17832028.mp3,Those buildings and the history around them attract thousands of tourists.,904bf0eff8ed17d3f197f14adc863563aef3d58cf4ae67f5de10b09d90e3d4e31d4a0a1ddab877d91334d0437c8c05156be3a254683255789023a85c3915724b
t0439,male,highly,highly,310,5.532,common_voice_en_19869213.mp3,Iodine pentafluoride is a strong fluorination agent and is highly oxidative.,ccfe72e294ce2b520f2ce5978a555a254ec8c298f9e3ddb3071c095f33c36b6409501a4921ae2fa8669700bb438ccaaa04289c6398e28a87800be361bb59c8e0,common_voice_en_19869263.mp3,,ccfe72e294ce2b520f2ce5978a555a254ec8c298f9e3ddb3071c095f33c36b6409501a4921ae2fa8669700bb438ccaaa04289c6398e28a87800be361bb59c8e0,common_voice_en_19484531.mp3,It is also frequently invoked in comic books.,60b3293b13e3e0811d311f3d1b13b895617bc2ac6228568b1abdaccb15f4fcec24b2a01cbd6b031ddeb51d79559b0819fba9ce2cca4822e00bd84b7cd34584af,common_voice_en_297226.mp3,A deputy representative,a9d24db72d8dbfb93d90fc0de197914486b44b646c085becf3e6103f7c78e22d430fe8ea4c4763a24d45f149bc17534e96ab4e241b68c9650b9ca1d085e3d082
t0440,male,passed,passed,491,1.696,common_voice_en_19869263.mp3,The train passed several switches and was running on the left-hand track.,ccfe72e294ce2b520f2ce5978a555a254ec8c298f9e3ddb3071c095f33c36b6409501a4921ae2fa8669700bb438ccaaa04289c6398e28a87800be361bb59c8e0,common_voice_en_19869213.mp3,fluorination,ccfe72e294ce2b520f2ce5978a555a254ec8c298f9e3ddb3071c095f33c36b6409501a4921ae2fa8669700bb438ccaaa04289c6398e28a87800be361bb59c8e0,common_voice_en_28248396.mp3,Two members were elected.,757beaeb3dcab1faa1135fbbebc9a4315e7a569f749fbe21a8816905a981bec0b5aa2fe402d60d902cbc2fcaadbd204e02d7a72d388b389e9d7ff3b170f879e1,common_voice_en_21320404.mp3,"Although his positions remained controversial, his popularity was high.",f589e969687884b85862b93001c51a4f1a33439a1be58061e956f13b524101b9ebaae045fdf4c111d0a6c432d802e5e846e2838d9477bdae4af540b820b3a862
t0441,male,several,several,611,2.046,common_voice_en_19869263.mp3,The train passed several switches and was running on the left-hand track.,ccfe72e294ce2b520f2ce5978a555a254ec8c298f9e3ddb3071c095f33c36b6409501a4921ae2fa8669700bb438ccaaa04289c6398e28a87800be361bb59c8e0,common_voice_en_19869213.mp3,fluorination,ccfe72e294ce2b520f2ce5978a555a254ec8c298f9e3ddb3071c095f33c36b6409501a4921ae2fa8669700bb438ccaaa04289c6398e28a87800be361bb59c8e0,common_voice_en_20391122.mp3,"He has written works in Persian, English, French, and Arabic.",318d65bdf3e064e081a8541ef8e1a7b4ac089f4ac74ba1b265217419bccd2a2a5b29c880d5ea5e23444158250b5d61e60440a89119df5287d8d80547f93adace,common_voice_en_17991625.mp3,"""That circus acrobat must have a well-trained vestibular system"", the spectator thought.",1706799caadd61755fb90b1c8031a94da22e5aaee11245827e22ab21e503edb126512723be3e1fbafa2e1b1bd512da00b4d92083c72b6e3c0b915f74a9866314
t0442,male,running,running,594,3.2,common_voice_en_19869263.mp3,The train passed several switches and was running on the left-hand track.,ccfe72e294ce2b520f2ce5978a555a254ec8c298f9e3ddb3071c095f33c36b6409501a4921ae2fa8669700bb438ccaaa04289c6398e28a87800be361bb59c8e0,common_voice_en_19869213.mp3,fluorination,ccfe72e294ce2b520f2ce5978a555a254ec8c298f9e3ddb3071c095f33c36b6409501a4921ae2fa8669700bb438ccaaa04289c6398e28a87800be361bb59c8e0,common_voice_en_21792638.mp3,"In foreign politics, he was the first pro Yugoslavia statesman among Serbs.",32b1515bc346924bc29b0cdda3fc2a96d2346966ca28af556d3c1c4143a36f899720bdf0c2d0c966dfc6a8dd05e08bd4bfe13bbd477f7a828cd0fee7d031bfbd,common_voice_en_27520534.mp3,It simply can't be done.,0b3d55acf115fdf88131d7324fa9a7e1a26542405b0671d5ec0d9ed34b40fa0158576fd51ee9cc937a41b1c529f49cfb23fec693ae1382f21ec8fed796a9dece
t0443,male,national,national,444,2.659,common_voice_en_19869199.mp3,"A Young Pioneer camp of national importance ""Zubryonok"" was located near the lake.",ccfe72e294ce2b520f2ce5978a555a254ec8c298f9e3ddb3071c095f33c36b6409501a4921ae2fa8669700bb438ccaaa04289c6398e28a87800be361bb59c8e0,common_voice_en_19869213.mp3,fluorination,ccfe72e294ce2b520f2ce5978a555a254ec8c298f9e3ddb3071c095f33c36b6409501a4921ae2fa8669700bb438ccaaa04289c6398e28a87800be361bb59c8e0,common_voice_en_20738578.mp3,The printer has in past years also printed several books for local writers.,372293e65cdab88771e028a4351651ab2eff64438ddafc211e089247dcdccca350153465eb5409ce708081d9ad384af45d1dc57bbe030ae1a2c0edd561322fb8,common_voice_en_22509919.mp3,"Handling, riding, and driving horses has a number of health risks.",e2b25b63d51bc81dc2c9a756699f1535212beb8c61b684eae202243d5dbfd4efb2a7fabe022f1d7458169ad56cebd5da6c5cd935d2fd29ed9dfb192934e4f223
t0444,female,"source,",source,639,2.28,common_voice_en_22969901.mp3,"Grains are their primary food source, so grassy lowlands are prime habitat.",a5ad57d0e256bfb27e804680466768f9e7036f44302a81d7b72c2c6c22ccc402e6c8d18b475cad07f1ab7a564cebd0f84f21e366deaf7fc4ee68dca750c7fe21,common_voice_en_22969902.mp3,,a5ad57d0e256bfb27e804680466768f9e7036f44302a81d7b72c2c6c22ccc402e6c8d18b475cad07f1ab7a564cebd0f84f21e366deaf7fc4ee68dca750c7fe21,common_voice_en_112552.mp3,A woman is in the kitchen making food for a store or restaurant.,9a33fde264455fd33cc69ab7060011cfac1b65135e54da0e67870f8c27579991ec71f6c3fb1a48482359a23639dad0b462a0632c3d4d9513e7fe29b1f23887cd,common_voice_en_17256405.mp3,"Kidneys are transplanted often, because every healthy person has two of them.",d5af1d76997f3ae513a06dd6432b4e3c3c51fc2db509bfe59bcf3e36e21ebe2057aa22f93e269d7c69f55d045008661863495e25ce0e20b6c229fef9457ddb1b
t0445,female,project,project,540,2.962,common_voice_en_22969900.mp3,"In some ways, the Qube project failed because it was ahead of its time.",a5ad57d0e256bfb27e804680466768f9e7036f44302a81d7b72c2c6c22ccc402e6c8d18b475cad07f1ab7a564cebd0f84f21e366deaf7fc4ee68dca750c7fe21,common_voice_en_22969902.mp3,,a5ad57d0e256bfb27e804680466768f9e7036f44302a81d7b72c2c6c22ccc402e6c8d18b475cad07f1ab7a564cebd0f84f21e366deaf7fc4ee68dca750c7fe21,common_voice_en_19696501.mp3,"Also on the cavern's site is ""Southwind Park"", a camping and retreat area.",09e1e7d18da8d10b90c2ed0d9f79c1137c2b769e204a1467fb9989bbb6598f7401bc68295ac867febc036bbde6b32a3e3c74c1fc8931fd1c864222f3add5ecec,common_voice_en_17298427.mp3,He decided it wasn't enough.,c6c66d12702e78835d57964271a2655ccca29ed4c0edfa5057c1ffb748c4a8265620932b902350bfa1826f4b365346c37470fed2ee22f4c5475dca2746216146
t0446,female,failed,failed,237,3.374,common_voice_en_22969900.mp3,"In some ways, the Qube project failed because it was ahead of its time.",a5ad57d0e256bfb27e804680466768f9e7036f44302a81d7b72c2c6c22ccc402e6c8d18b475cad07f1ab7a564cebd0f84f21e366deaf7fc4ee68dca750c7fe21,common_voice_en_22969902.mp3,,a5ad57d0e256bfb27e804680466768f9e7036f44302a81d7b72c2c6c22ccc402e6c8d18b475cad07f1ab7a564cebd0f84f21e366deaf7fc4ee68dca750c7fe21,common_voice_en_23435970.mp3,Beihang University is one of the ten highest ranking engineering universities in China.,5b571c91829ad913a11c854cb34932d753aea3490bb7953d4fb1cccdde41051838e5cadc838fc77fbd08fce6688c07140e6ff56d99c01a82a4486ab8a18751e2,common_voice_en_18257649.mp3,I am feeling shattered.,939991dfcf12d8250739f3b4e5ed47e0dc4bf8ffb69810f4ab853aa12872a811941be35b7e91af5df8350d75d3c61d1301aba694c41deb3f38f1414703bc0461
t0447,female,because,because,58,3.736,common_voice_en_22969900.mp3,"In some ways, the Qube project failed because it was ahead of its time.",a5ad57d0e256bfb27e804680466768f9e7036f44302a81d7b72c2c6c22ccc402e6c8d18b475cad07f1ab7a564cebd0f84f21e366deaf7fc4ee68dca750c7fe21,common_voice_en_22969902.mp3,,a5ad57d0e256bfb27e804680466768f9e7036f44302a81d7b72c2c6c22ccc402e6c8d18b475cad07f1ab7a564cebd0f84f21e366deaf7fc4ee68dca750c7fe21,common_voice_en_25567721.mp3,The Bathari language is nearly extinct.,0eebf7d01b8206da364c99ef90653c9b680658ab74002adcf257a19f1b826c808ff63190b0f8599a7cf481f737e62d9abd10100a5b0252caf324e66e407d55ce,common_voice_en_19422754.mp3,"It is made of cheese and hot chili peppers, with salt and other spices.",c895f6ffc789443e064895d7a9eef515f9c01c86ff78b4141d2428a6fab1f9a4a6a52723124cba3640a86204d4ff027b96172a2738cb57943a336e044d934f24
t0448,female,North,north,455,3.16,common_voice_en_22969903.mp3,"It is about to the north of Ashington, on the North Sea coast.",a5ad57d0e256bfb27e804680466768f9e7036f44302a81d7b72c2c6c22ccc402e6c8d18b475cad07f1ab7a564cebd0f84f21e366deaf7fc4ee68dca750c7fe21,common_voice_en_22969902.mp3,,a5ad57d0e256bfb27e804680466768f9e7036f44302a81d7b72c2c6c22ccc402e6c8d18b475cad07f1ab7a564cebd0f84f21e366deaf7fc4ee68dca750c7fe21,common_voice_en_20805116.mp3,Her mother is an assistant principal and her father is a dentist.,2753f674c090ae797889c571f83245708600bc11e4e78115118093a811523fe5f7eee442e96d3926734f49da3c601d803c8e4402e076ae1ea6dc04ebf630ea20,common_voice_en_22144486.mp3,Becoming a member of the Guards is a competitive process.,ca4d4da2a8deab111c266ee13cc49978cc283e77b0ff4ba968e8f0eea2a7fa5a7374db2c6dfbd9c95ebfee66ca54ca719ac2fe9319f11d21afab2474720570d9
t0449,female,coast.,coast,129,3.854,common_voice_en_22969903.mp3,"It is about to the north of Ashington, on the North Sea coast.",a5ad57d0e256bfb27e804680466768f9e7036f44302a81d7b72c2c6c22ccc402e6c8d18b475cad07f1ab7a564cebd0f84f21e366deaf7fc4ee68dca750c7fe21,common_voice_en_22969902.mp3,,a5ad57d0e256bfb27e804680466768f9e7036f44302a81d7b72c2c6c22ccc402e6c8d18b475cad07f1ab7a564cebd0f84f21e366deaf7fc4ee68dca750c7fe21,common_voice_en_686859.mp3,He wants to get Jill started in the research business.,c1f601dc9658d956de6f823499d7811cf123f88bb138b9f4bebb6ac365a3127ecfefa039ddb1ad84b55507148f2ef3dbdbc9271c391d72536eaafb0d3eb32b14,common_voice_en_25805980.mp3,"Popular domestically run foreign oriented restaurants include Fuji Japanese, Kabuki Japanese Restaurant.",a2576ccf04ad8c0dbe2b29f3843c1ed984d8bd91480766f4bf99c933d99ae8d2b32afc34c7e185b06c2b16deae4fbabb8030906be2455973e2d85d92b0afbc6e
t0450,male,especially,especially,222,3.159,common_voice_en_19621151.mp3,"""Maser"", spot, marking, especially on wood; ""cf.",bd05e15dd9ce4d89e3eda63c896ed2e68dbe7b1f9162acacc3d848464f4ded9ee7874511673982ada274c627bca216a568c5a6dc29eb0d0cdacd1073415a0d12,common_voice_en_19621009.mp3,,bd05e15dd9ce4d89e3eda63c896ed2e68dbe7b1f9162acacc3d848464f4ded9ee7874511673982ada274c627bca216a568c5a6dc29eb0d0cdacd1073415a0d12,common_voice_en_25803274.mp3,These acts form the charter of matrimonial and ecclesiastical status for the Parsees.,2256c318d356ed8d45842d8387a6325d3bf442fc58dc887defdd61ad1d05a78794d81f9884893a01e0a60d433124132c09716b1fb4e231abe32e192df48894a7,common_voice_en_25135506.mp3,He is married to the ethicist Holly Martin Smith.,2b9ade25e9d22a8de438a32a1e21e004c2a4b52871822bfc1287483ff8d9d83127dfdac9538f6d45ac74ec975d2e156e172d59f7e1ac02ea8f80d923f4bd858f
t0451,male,isn't,isn't,346,1.474,common_voice_en_19621009.mp3,Elsa isn't a beggar!,bd05e15dd9ce4d89e3eda63c896ed2e68dbe7b1f9162acacc3d848464f4ded9ee7874511673982ada274c627bca216a568c5a6dc29eb0d0cdacd1073415a0d12,common_voice_en_19621151.mp3,especially,bd05e15dd9ce4d89e3eda63c896ed2e68dbe7b1f9162acacc3d848464f4ded9ee7874511673982ada274c627bca216a568c5a6dc29eb0d0cdacd1073415a0d12,common_voice_en_30447262.mp3,"Adapted from the ""Tape Decay"" liner notes.",b87dd0680063cbd3dc57f5b9b20c14f020f511c3f18467d52e816db909dbe2be05b8ea36a4bca91179503817a1b093a9e6036abb514c6ad1aaf1ffa71b3d32ce,common_voice_en_23716029.mp3,"Mars lives in Minneapolis with his wife, Sally Mars.",0a28146e22e455254f457ad00c917a2087dcafa2087c7adf325c45801ec56e1c3cf01a3eed59cc3302384b858b3202add51a6caa26f4c802d9335a9fe2975a39
t0452,male,making,making,397,2.554,common_voice_en_19621153.mp3,"He said, ""I realised I was making everybody rich, and here I was poor"".",bd05e15dd9ce4d89e3eda63c896ed2e68dbe7b1f9162acacc3d848464f4ded9ee7874511673982ada274c627bca216a568c5a6dc29eb0d0cdacd1073415a0d12,common_voice_en_19621151.mp3,especially,bd05e15dd9ce4d89e3eda63c896ed2e68dbe7b1f9162acacc3d848464f4ded9ee7874511673982ada274c627bca216a568c5a6dc29eb0d0cdacd1073415a0d12,common_voice_en_27559381.mp3,The previous example in the tutorial printed hi!,d7b8bd57a847b9f6a92eb975f2fe0a8686ee95a9e71b0168d5ee36090c94b373186a93d864491807465a14b0cb0cd867c6a52509095f73cb3c58490f0fb7f149,common_voice_en_22926215.mp3,"Palmisano grew up in a large Italian-American middle class family in Baltimore, Maryland.",8449194e8b74b81d761d7a3786cdd5d099aff4f33737c7f476edf3435c3eb483ff6d6515d153c7cfb9193821f01a3a0bd6b049740b029acd7b1488df9bd579d8
t0453,male,himself,himself,311,2.524,common_voice_en_19621008.mp3,"After graduation, he devoted himself to independent scientific research.",bd05e15dd9ce4d89e3eda63c896ed2e68dbe7b1f9162acacc3d848464f4ded9ee7874511673982ada274c627bca216a568c5a6dc29eb0d0cdacd1073415a0d12,common_voice_en_19621151.mp3,especially,bd05e15dd9ce4d89e3eda63c896ed2e68dbe7b1f9162acacc3d848464f4ded9ee7874511673982ada274c627bca216a568c5a6dc29eb0d0cdacd1073415a0d12,common_voice_en_20580891.mp3,His father had apparently been working with the Canadian Pacific Railway as an accountant.,b0e92d077f3a4e88f4a03ebd7d5533602f612afcc83f5e13e651d275b205ab3231bf68ca7bd299939ddf2e3b439cee5937ac3b02f25c878179e8467ac1cbc66b,common_voice_en_20420827.mp3,"His daughter, the Honourable Edwina, wife of Lord Louis Mountbatten, inherited Broadlands.",abcf347e1634cbfa5b004ff50d7f35ca86c7a8ee7e4da5716e59b7b61a814aafa1e4a936ddd49e7cca52de003266c39b91e010bf21438c80a2f0d985a6984307
t0454,male,independent,independent,331,3.124,common_voice_en_19621008.mp3,"After graduation, he devoted himself to independent scientific research.",bd05e15dd9ce4d89e3eda63c896ed2e68dbe7b1f9162acacc3d848464f4ded9ee7874511673982ada274c627bca216a568c5a6dc29eb0d0cdacd1073415a0d12,common_voice_en_19621151.mp3,especially,bd05e15dd9ce4d89e3eda63c896ed2e68dbe7b1f9162acacc3d848464f4ded9ee7874511673982ada274c627bca216a568c5a6dc29eb0d0cdacd1073415a0d12,common_voice_en_654388.mp3,Why shouldn't I make father my beneficiary?,6b64ea5bfe4fa8506b8cf700501376707b3f419f69fb4ffd0f39831525f53b6133b2c93c1c603676f23ada03684cc61b9b4a327bc2fa2f55264afe188b04d31a,common_voice_en_148792.mp3,"We don't know what's in the confounded thing, do you? ",c92c752d8793ea893a705bf59f624b219a25404cb5e051a49b1189e88101df41d6689a01d45fe2814ed4f8129ef17b511361c34f45bcdeb120fd98556e78cd60
t0455,male,research.,research,579,4.095,common_voice_en_19621008.mp3,"After graduation, he devoted himself to independent scientific research.",bd05e15dd9ce4d89e3eda63c896ed2e68dbe7b1f9162acacc3d848464f4ded9ee7874511673982ada274c627bca216a568c5a6dc29eb0d0cdacd1073415a0d12,common_voice_en_19621151.mp3,especially,bd05e15dd9ce4d89e3eda63c896ed2e68dbe7b1f9162acacc3d848464f4ded9ee7874511673982ada274c627bca216a568c5a6dc29eb0d0cdacd1073415a0d12,common_voice_en_22589498.mp3,He won three games during the series.,1402bd34b179c986d3c1b3883020e446bdb00cca5a16327aaab0d09bf1c9feed681863f50d8ab3f1a22d9f3af3fbd10454a77ef707ec19cf3a5b25c22b46b391,common_voice_en_27773096.mp3,The indigenous religion of Korea and of the Korean people is Korean shamanism.,cea18d12298f2bbae520713a1cfcf05e63b2b9470dcc0adadabc81e69d8d57a0f3c22c06bc4f280d08b9084d3e16b22b3c5d60f7711c9db8dba0d3f53075a34e
t0456,male,great,great,292,4.479,common_voice_en_26565185.mp3,"He spoke in a homely, rustic way and with great vehemence.",05d00c17338fbabb8944dba084c4525843bd01a6337a3fe14711b4e165128b8ad19f8f88fc1665fd7ea3d59d2e572beb5462a8237edad746125017b8d68287e5,common_voice_en_26565187.mp3,table,05d00c17338fbabb8944dba084c4525843bd01a6337a3fe14711b4e165128b8ad19f8f88fc1665fd7ea3d59d2e572beb5462a8237edad746125017b8d68287e5,common_voice_en_22782906.mp3,"Woodling died in a nursing home in Wadsworth, Ohio.",434b68ce6f25da713e5d5d2e2cf4f588b878d18d1580abb93b86078886b6d995423a2f522a545948d2c0b3d6e9c33f498bf60dbff1153cf6a6143d85be49cbd4,common_voice_en_22432586.mp3,"Will you come for a drive, Jessie?",c2088efb0417f80c0ce70eee8d6b8e6c17072eb670d375bd4b306b76f50393cf9e55cee0b22011e5c38d1a35cd5069b02f9fd471a5dfc32ddc4dafe0cb81818f
t0457,male,table,table,686,3.367,common_voice_en_26565187.mp3,Montpellier even topped the table at one point during the season.,05d00c17338fbabb8944dba084c4525843bd01a6337a3fe14711b4e165128b8ad19f8f88fc1665fd7ea3d59d2e572beb5462a8237edad746125017b8d68287e5,common_voice_en_26565185.mp3,rustic,05d00c17338fbabb8944dba084c4525843bd01a6337a3fe14711b4e165128b8ad19f8f88fc1665fd7ea3d59d2e572beb5462a8237edad746125017b8d68287e5,common_voice_en_20723464.mp3,"On Caribbean coral reefs, parrotfish are important consumers of sponges.",372293e65cdab88771e028a4351651ab2eff64438ddafc211e089247dcdccca350153465eb5409ce708081d9ad384af45d1dc57bbe030ae1a2c0edd561322fb8,common_voice_en_17921006.mp3,I have a list of candidates to replace you.,e61e09b09ebe1cb3b27442cec67348c1d3478034a7f32a0417388d8b290544ca12c4a532fee31a50f35e032d89db77ed613082b189b6d3722720707649520783
t0458,male,point,point,513,4.3,common_voice_en_26565187.mp3,Montpellier even topped the table at one point during the season.,05d00c17338fbabb8944dba084c4525843bd01a6337a3fe14711b4e165128b8ad19f8f88fc1665fd7ea3d59d2e572beb5462a8237edad746125017b8d68287e5,common_voice_en_26565185.mp3,rustic,05d00c17338fbabb8944dba084c4525843bd01a6337a3fe14711b4e165128b8ad19f8f88fc1665fd7ea3d59d2e572beb5462a8237edad746125017b8d68287e5,common_voice_en_17293179.mp3,"Very well, she said.",2ec83f7b270ee438a01bf62f625c93bb018a604841f910f92b5d1747bae4a24a48fbb1221613365c8a80ba63ef487318eca2dcf35998b3d4f640ed5ad1723301,common_voice_en_18667521.mp3,"‘Treacle,’ said the Dormouse, without considering at all this time.",4dcbcad4784e1ed4ac8b4ff5041d6563a4715c625ebbbc049b4ad77c30bf8cb977caf1642d910741d6ec38dcec1b7595f3d78b0e0e6910180e33e8df9354fc9c
t0459,male,during,during,200,4.741,common_voice_en_26565187.mp3,Montpellier even topped the table at one point during the season.,05d00c17338fbabb8944dba084c4525843bd01a6337a3fe14711b4e165128b8ad19f8f88fc1665fd7ea3d59d2e572beb5462a8237edad746125017b8d68287e5,common_voice_en_26565185.mp3,rustic,05d00c17338fbabb8944dba084c4525843bd01a6337a3fe14711b4e165128b8ad19f8f88fc1665fd7ea3d59d2e572beb5462a8237edad746125017b8d68287e5,common_voice_en_27750492.mp3,"The following year he joined the Permanent Force artillery, Canada's first regular army unit.",d7b8bd57a847b9f6a92eb975f2fe0a8686ee95a9e71b0168d5ee36090c94b373186a93d864491807465a14b0cb0cd867c6a52509095f73cb3c58490f0fb7f149,common_voice_en_19536690.mp3,Many of the stars are kept up all year.,2a2cac163f1d991ffd1a614dc00a8f44f25676bb61f0de23fdc05d10b94965d7e5f027d6a8aeed8ea8716c28e0aed9c6d2f8190a348e698b2a3ca174e63c5b54
t0460,male,buried,buried,87,1.587,common_voice_en_23695797.mp3,He was buried at the Belvoir Priory.,b8ed47c13f200f2aa65db96ef876d699cdad279553768ef33205e4623ac59c8fd73b3428ade578ef91075da8ea4d133c410db89525a8f512a1a7b26bbb6d9fdf,common_voice_en_23695793.mp3,,b8ed47c13f200f2aa65db96ef876d699cdad279553768ef33205e4623ac59c8fd73b3428ade578ef91075da8ea4d133c410db89525a8f512a1a7b26bbb6d9fdf,common_voice_en_21995337.mp3,I'm with the working man.,201ed0a6148e0a1408d9ba211d9f39e21fb15fa6ab060364581d47b2a65cf99b1d788f50e0d6751dd5c235d2239561353f84f17e6b9bfdf7744c03a5a27299d7,common_voice_en_22154450.mp3,"The Jumbuck fared poorly, receiving a one-star rating out of five.",45154459bcaee473589b7c2cbdc3e243bb957ab3a79703eeed9b473d69e7c642b592286bcb18da608fb1220d62be1c53d072a84febee203c5a0a0f338166b830
t0461,male,different,different,187,1.556,common_voice_en_23695793.mp3,"The different programme names and identities were kept, however.",b8ed47c13f200f2aa65db96ef876d699cdad279553768ef33205e4623ac59c8fd73b3428ade578ef91075da8ea4d133c410db89525a8f512a1a7b26bbb6d9fdf,common_voice_en_23695797.mp3,belvoir,b8ed47c13f200f2aa65db96ef876d699cdad279553768ef33205e4623ac59c8fd73b3428ade578ef91075da8ea4d133c410db89525a8f512a1a7b26bbb6d9fdf,common_voice_en_170425.mp3,That's exactly what I thought.,018ca64e90eca7b6f4bd824ceac830d96e9adfc65d32a7c913780c1f1fe8a337c24f87f14aa8c6bab478b51406707f5c4fb37f22b3aa881be72787bace698d7a,common_voice_en_20238712.mp3,"This also landed Cole in Sydney, Australia.",2f17c9c305b08eaf7c8e67761c77fbc8ddc4c337c426cb0eb76a259dbb25d11860262ebd19760b0fc3e27786a912fe84cc34d473c0a4d45c5bb5f971fc9b2954
t0462,male,names,names,443,2.61,common_voice_en_23695793.mp3,"The different programme names and identities were kept, however.",b8ed47c13f200f2aa65db96ef876d699cdad279553768ef33205e4623ac59c8fd73b3428ade578ef91075da8ea4d133c410db89525a8f512a1a7b26bbb6d9fdf,common_voice_en_23695797.mp3,belvoir,b8ed47c13f200f2aa65db96ef876d699cdad279553768ef33205e4623ac59c8fd73b3428ade578ef91075da8ea4d133c410db89525a8f512a1a7b26bbb6d9fdf,common_voice_en_1370996.mp3,"Oh, that's too bad!",062c2fd5fbeef6bef7d8b470eb26c4476c3a1e9db21d5731fc3d7f5fc2945e5c591d728b7be7d0b33889a4a31ad82f611ca62128c335fcf0afe5976d65164e72,common_voice_en_20574758.mp3,"Leela abandons the delivery, and heads off to the coordinates provided.",82f6efc51109b0bf49ddffc1c25f741e829f97693190472af40ef149afc34810117bcf347aa5dc553239a149ca670eb50780f5aa54c5744c7406ea577fb9de23
t0463,male,album,album,19,1.664,common_voice_en_23695796.mp3,Original album artwork created by Lydia C. Burris.,b8ed47c13f200f2aa65db96ef876d699cdad279553768ef33205e4623ac59c8fd73b3428ade578ef91075da8ea4d133c410db89525a8f512a1a7b26bbb6d9fdf,common_voice_en_23695797.mp3,belvoir,b8ed47c13f200f2aa65db96ef876d699cdad279553768ef33205e4623ac59c8fd73b3428ade578ef91075da8ea4d133c410db89525a8f512a1a7b26bbb6d9fdf,common_voice_en_503052.mp3,"I'm not hungry, I'm starving.",05d7f7b58bf82a30542a0b12f2a733f779cc4d77931b64a45ed42fb4972efb6518e9e4daa81407039afb80cb9d0e0f9015c50459b4b4780b1de6b55f69f6510f,common_voice_en_18791284.mp3,The new owners renamed the Hellions the Memphis Americans.,895f2d4bf294edfddf1ba3f469b1e1fc1409ab310775e52610a51ca47afb77e8fe546c5d17247fbca77c3636e593d5f84b132a924872c8e2966d48d3a2f8fd36
t0464,male,created,created,166,2.817,common_voice_en_23695796.mp3,Original album artwork created by Lydia C. Burris.,b8ed47c13f200f2aa65db96ef876d699cdad279553768ef33205e4623ac59c8fd73b3428ade578ef91075da8ea4d133c410db89525a8f512a1a7b26bbb6d9fdf,common_voice_en_23695797.mp3,belvoir,b8ed47c13f200f2aa65db96ef876d699cdad279553768ef33205e4623ac59c8fd73b3428ade578ef91075da8ea4d133c410db89525a8f512a1a7b26bbb6d9fdf,common_voice_en_19543812.mp3,"Perche's forces did not respond, but continued the castle siege.",a5dda09284677db07138f363d81a505e8af307d594f6929509ef422a3a515bf2f8f67a803298cf4536a0471b5be3e8f8956b528714c1516099b4a0d324d5c18e,common_voice_en_19890162.mp3,"He specializes in choice theory, game theory, and political economy.",493ebbbb9c7e3b6d3f0ae40c703b3e9469fc09b16b4f4da3a3e61e6203aa4066f02a3eab9e3af48743ebcaa9b272a76252fababd6b9a788bdb1e50ff29d560f6
t0465,female,don't,don't,198,2.135,common_voice_en_645258.mp3,"You don't have to be rich, skinny, popular, or even own a cape to perform a random act of kindness.",fc6cc3625c64e94c1d5f025c0b6d3235eb59d8b230f2c9e50268fb548560e6b9468818c7acaa68180fe1c546cbd09f8b018fdd0fd35e1e9d47a021e15478e875,common_voice_en_645260.mp3,earth,fc6cc3625c64e94c1d5f025c0b6d3235eb59d8b230f2c9e50268fb548560e6b9468818c7acaa68180fe1c546cbd09f8b018fdd0fd35e1e9d47a021e15478e875,common_voice_en_22295564.mp3,Briggs' political career began as an outgrowth of his participation in the Jaycees.,aa229274711f2b10e408628ffc5e5ae8758bb022f781aa61aa61027168aeb5027656f2fdf8e94e3a5211e4fcfea5b8447938ac0d24c8002b175fa15f589967fa,common_voice_en_529212.mp3,Canada is quite cold at times.,0c003e301f78d458f90900d6edb94a0d518a4c4cb5f58d7d18e619037a643b512b2155a7c95a6c08fd532019c5af0eb2d5bf75daef6c515a1d938dca124432cc
t0466,female,"popular,",popular,517,4.31,common_voice_en_645258.mp3,"You don't have to be rich, skinny, popular, or even own a cape to perform a random act of kindness.",fc6cc3625c64e94c1d5f025c0b6d3235eb59d8b230f2c9e50268fb548560e6b9468818c7acaa68180fe1c546cbd09f8b018fdd0fd35e1e9d47a021e15478e875,common_voice_en_645260.mp3,earth,fc6cc3625c64e94c1d5f025c0b6d3235eb59d8b230f2c9e50268fb548560e6b9468818c7acaa68180fe1c546cbd09f8b018fdd0fd35e1e9d47a021e15478e875,common_voice_en_136789.mp3,There was nothing to hold him back except himself.,139ee70428582996c5cc339868a06d8c93fd61c1dcfb9cdb95d6e7252544955ecc67172410d38f5af89b7ca05fc9e3fcf46c6b136b9d7ec814dc9bd13dd2b037,common_voice_en_18418769.mp3,The mobile phone signal can be very patchy outside built-up areas,5cd95c7c22c6fd21f386f93b700187d1559ab9a63eab1b44b4af4717e61bee61dbf54a0de0d35e3014a441bc557f5a0a4d36ad4e3a815d4bd3c395c9e98daade
t0467,female,seemed,seemed,603,1.604,common_voice_en_645260.mp3,It seemed to him that it fell to earth about one hundred miles east of here.,fc6cc3625c64e94c1d5f025c0b6d3235eb59d8b230f2c9e50268fb548560e6b9468818c7acaa68180fe1c546cbd09f8b018fdd0fd35e1e9d47a021e15478e875,common_voice_en_645258.mp3,popular,fc6cc3625c64e94c1d5f025c0b6d3235eb59d8b230f2c9e50268fb548560e6b9468818c7acaa68180fe1c546cbd09f8b018fdd0fd35e1e9d47a021e15478e875,common_voice_en_2328816.mp3,Leonardo DiCaprio is staring in the new movie.,cc2de92a1bfbe3603f9b13a13f2e1e18e4f3a0a3076dbe9a5ac12c216d6c4dcb7a0c2f9b8fad557f665bf05cc81df71f6b0ae8644697e6656eadfc9fb72f987f,common_voice_en_23873912.mp3,The Mutoscope worked on the same principle as the flip book.,372293e65cdab88771e028a4351651ab2eff64438ddafc211e089247dcdccca350153465eb5409ce708081d9ad384af45d1dc57bbe030ae1a2c0edd561322fb8
t0468,female,earth,earth,203,3.118,common_voice_en_645260.mp3,It seemed to him that it fell to earth about one hundred miles east of here.,fc6cc3625c64e94c1d5f025c0b6d3235eb59d8b230f2c9e50268fb548560e6b9468818c7acaa68180fe1c546cbd09f8b018fdd0fd35e1e9d47a021e15478e875,common_voice_en_645258.mp3,popular,fc6cc3625c64e94c1d5f025c0b6d3235eb59d8b230f2c9e50268fb548560e6b9468818c7acaa68180fe1c546cbd09f8b018fdd0fd35e1e9d47a021e15478e875,common_voice_en_27302395.mp3,"The studio was designed by Walt Disney Imagineering, Disney's design and development arm.",8e113a62d59ae29f19f0e423fbcf978aaa9eefc16913ce4901b0aa105ff590bb7c6ea13da0c5583c0772d6905c0a964d355e8667edd35c7a08442c2312439d79,common_voice_en_25803314.mp3,Boucha never really recovered from the injury.,2256c318d356ed8d45842d8387a6325d3bf442fc58dc887defdd61ad1d05a78794d81f9884893a01e0a60d433124132c09716b1fb4e231abe32e192df48894a7
t0469,female,about,about,0,3.78,common_voice_en_645260.mp3,It seemed to him that it fell to earth about one hundred miles east of here.,fc6cc3625c64e94c1d5f025c0b6d3235eb59d8b230f2c9e50268fb548560e6b9468818c7acaa68180fe1c546cbd09f8b018fdd0fd35e1e9d47a021e15478e875,common_voice_en_645258.mp3,popular,fc6cc3625c64e94c1d5f025c0b6d3235eb59d8b230f2c9e50268fb548560e6b9468818c7acaa68180fe1c546cbd09f8b018fdd0fd35e1e9d47a021e15478e875,common_voice_en_20172452.mp3,Philip Van Cortlandt attended Coldenham Academy.,a36c57d289e4e242cbdb3e04fcedf5e9f169cba97903f3b36d8a7ee7ba1b335a111cfbf24cc2041257f4d062bdca754d8a4992e51f9cf86419b6b85e59461666,common_voice_en_17561964.mp3,"What's up, homies, you ready to go?",22dd21ffb5a94b4800ab81a550313962ac4274b338386a87f5f98a319ce8778b6a423b1c90bbf641ded3bf0c6df4f522a201f7f51fef1df7e6fa01a5eb640c39
t0470,female,hundred,hundred,322,4.502,common_voice_en_645260.mp3,It seemed to him that it fell to earth about one hundred miles east of here.,fc6cc3625c64e94c1d5f025c0b6d3235eb59d8b230f2c9e50268fb548560e6b9468818c7acaa68180fe1c546cbd09f8b018fdd0fd35e1e9d47a021e15478e875,common_voice_en_645258.mp3,popular,fc6cc3625c64e94c1d5f025c0b6d3235eb59d8b230f2c9e50268fb548560e6b9468818c7acaa68180fe1c546cbd09f8b018fdd0fd35e1e9d47a021e15478e875,common_voice_en_23858415.mp3,"It created even more hostility towards the annexation party, and the United States.",70c21ca1cc3de05f3c23b11615cd7d5dd078e03cda0cd46224c802cb358d2bddc9df76042f0f15fe5c3d655d19f20193db107b130128af209e229afabf047b54,common_voice_en_28837385.mp3,"Walker's ""Mr. Bojangles"" is perhaps his most well-known and most-often covered song.",b4cf0fc121d6f1bb918eb98b924ddab496b472d7f1bac8678785a5191ab57bbfc775e3aa1822fe68443bcec1bb6c26fd76edaec69dcb17a6b8f67c30e702387b
t0471,male,means,means,406,2.8,common_voice_en_19046655.mp3,"In Iranian languages ""panj"" means ""five"" and ""gor"" means ""graves"".",a3a04a577342d7b0a4d70fb675aed5399297b0210d506f08e81bdcd09dbd317bc28013e71be45e5a1f6408d3fdda0bdb47c64ea9091dfe1a76a89c6c5ceada15,common_voice_en_19046653.mp3,concerts,a3a04a577342d7b0a4d70fb675aed5399297b0210d506f08e81bdcd09dbd317bc28013e71be45e5a1f6408d3fdda0bdb47c64ea9091dfe1a76a89c6c5ceada15,common_voice_en_20049849.mp3,Chamoun's political boycott did not extend to municipal politics.,62937aac345cc709eea15b1476dcac6298818335a312fea0792db3ab10e23414f78884919d112fcdf8b81c171a08b2a373d48a9eab2a140fde36895f15982ece,common_voice_en_17919982.mp3,"""You're a good lad, you know?"" he told his son with stern eyes.",1bc6f6cc91f5d6db1ef0ed24173ff21d9141196f68cb2d5302c251a0eb4d4e764662a40efd6ecf9cddc7a032a823129e9b880aaee0c219f06fefd4d0df700641
t0472,male,means,means,406,4.716,common_voice_en_19046655.mp3,"In Iranian languages ""panj"" means ""five"" and ""gor"" means ""graves"".",a3a04a577342d7b0a4d70fb675aed5399297b0210d506f08e81bdcd09dbd317bc28013e71be45e5a1f6408d3fdda0bdb47c64ea9091dfe1a76a89c6c5ceada15,common_voice_en_19046653.mp3,concerts,a3a04a577342d7b0a4d70fb675aed5399297b0210d506f08e81bdcd09dbd317bc28013e71be45e5a1f6408d3fdda0bdb47c64ea9091dfe1a76a89c6c5ceada15,common_voice_en_24979507.mp3,"Finland, Norway, Switzerland and Italy drew the same position in both draws.",f6116f180d67126ac59e9ba205cb62f2564426b0188aaad1874609ab178fc7493883c9e818259cc712f78bded49635dfaa84aac66243d4722d3602779b232488,common_voice_en_22930467.mp3,Eventually he finds a job taking care of Thomas Effing.,e7dc03bec07f9cade8f454ee1e08cf88f1c22cab7fd948dbe0fc4aa3e357f0ee8a4a86a2abc0d3e9fd3b632b3a105b7afef80402548d42ca5d2b77a2e67ba1af
t0473,male,every,every,229,3.595,common_voice_en_19046653.mp3,"Also, Ironstone hosts concerts every year.",a3a04a577342d7b0a4d70fb675aed5399297b0210d506f08e81bdcd09dbd317bc28013e71be45e5a1f6408d3fdda0bdb47c64ea9091dfe1a76a89c6c5ceada15,common_voice_en_19046655.mp3,,a3a04a577342d7b0a4d70fb675aed5399297b0210d506f08e81bdcd09dbd317bc28013e71be45e5a1f6408d3fdda0bdb47c64ea9091dfe1a76a89c6c5ceada15,common_voice_en_22761422.mp3,The declarations in the external subset are located in a separate text file.,194a68f8f42de47057ed5716d13b366839d805a8f9cf913b0bb46d34042a147671f83d254b82f9f668e6265b6d1440f80a42df989277c4752f93dcaf78f089c4,common_voice_en_18719067.mp3,McDonnell has indicated that he will not issue a proclamation in future years.,f0f17b39ea7916c447129d6c61b604ce9bfd577d81259a6390b6bfc576b8914e95ae9349ed9007abc603cf5ba5156c15732edc21697c1038ad1a82f5f55d1297
t0474,male,later,later,363,1.822,common_voice_en_19046665.mp3,"These votes are later distributed to the remaining candidates, now after their second choice.",a3a04a577342d7b0a4d70fb675aed5399297b0210d506f08e81bdcd09dbd317bc28013e71be45e5a1f6408d3fdda0bdb47c64ea9091dfe1a76a89c6c5ceada15,common_voice_en_19046655.mp3,,a3a04a577342d7b0a4d70fb675aed5399297b0210d506f08e81bdcd09dbd317bc28013e71be45e5a1f6408d3fdda0bdb47c64ea9091dfe1a76a89c6c5ceada15,common_voice_en_86626.mp3,It has happened many times before.,3f291c773aa2bc7b8a412a3ddff8e6e005f8814187d92b86e805b313c2efe36bee8e192c36910708b6e82a1af623d96b184c580c563091acd3288357bbbf36ee,common_voice_en_494629.mp3,Will it be warm on Pink Hill?,185a19520056bd31c0b7613af5d9eb45e5b9eb8061127fc839233aac463eee2c687007a5977d117e7301d2c959de1b27d9331f7cb0bab85f776e64120795c77e
t0475,male,after,after,14,5.636,common_voice_en_19046665.mp3,"These votes are later distributed to the remaining candidates, now after their second choice.",a3a04a577342d7b0a4d70fb675aed5399297b0210d506f08e81bdcd09dbd317bc28013e71be45e5a1f6408d3fdda0bdb47c64ea9091dfe1a76a89c6c5ceada15,common_voice_en_19046655.mp3,,a3a04a577342d7b0a4d70fb675aed5399297b0210d506f08e81bdcd09dbd317bc28013e71be45e5a1f6408d3fdda0bdb47c64ea9091dfe1a76a89c6c5ceada15,common_voice_en_77667.mp3,"""That circus acrobat must have a well-trained vestibular system"", the spectator thought.",056861a8563bcd33d2faafb79fa5fd3d4f0daccb7bd2cd9eaa056241f316255c80b54c77844b3770b0d9f86beb31fcdf4fdaeb14550a90174a67542d4d9a47f0,common_voice_en_19843617.mp3,"In Australia and New Zealand it is pronounced ""MuhGrah"".",e6dbbe39377aa0fe2851852b2c695c9c31094c80c9ccd244bac8dfdc8a523b2a114362d4c717bd9d628499fe1d3c11971221be5ec4dadce15c9ff8c5254ae368
t0476,male,their,their,697,5.896,common_voice_en_19046665.mp3,"These votes are later distributed to the remaining candidates, now after their second choice.",a3a04a577342d7b0a4d70fb675aed5399297b0210d506f08e81bdcd09dbd317bc28013e71be45e5a1f6408d3fdda0bdb47c64ea9091dfe1a76a89c6c5ceada15,common_voice_en_19046655.mp3,,a3a04a577342d7b0a4d70fb675aed5399297b0210d506f08e81bdcd09dbd317bc28013e71be45e5a1f6408d3fdda0bdb47c64ea9091dfe1a76a89c6c5ceada15,common_voice_en_17280811.mp3,"Marc, would you please give me the fly swatter?",ba1c7c469210df7814775980825b667202705b4d0765bea471f83f80fc62a6f7e7ee450eef20476a583d60ab5bbda2969ecd98de146916980d4c6f77d84f2aa3,common_voice_en_20492347.mp3,A depot and generating station were constructed at Stockwell.,782ec7b338418a4966cc49ae09265d258705091874fb4d3a7fc76c9541738a997af0f51e9ef6045dc01874a060b482c7adfbfff2a51b50fa8d03764248956d48
t0477,female,there,there,700,1.579,common_voice_en_96248.mp3,You can't go in there until you put this on.,f5a9ef7743d53715fc5771385b2caa566220f6f6203427e2caacc7f518ab09ff4d5cba68e22725eefc5b3c8dfd04fe7c264e45dbeaea8ec7a8bca61bea163e77,common_voice_en_96243.mp3,only,f5a9ef7743d53715fc5771385b2caa566220f6f6203427e2caacc7f518ab09ff4d5cba68e22725eefc5b3c8dfd04fe7c264e45dbeaea8ec7a8bca61bea163e77,common_voice_en_17291179.mp3,Do you have Hugo's phone number?,aee69431a5e53ca6a98f83be2e44e62aa96bf28fbfdeb6258f345641cfbe61a982151549d299bad813760647674a2c89f07a616234b12e79ab585d8b00ace81f,common_voice_en_17441682.mp3,"Confronted with a choice between cappuccino and espresso, she settled for an americano.",c0b583476807fc51401c6064438fc25a4a8d35703ad4c82b6e3aba4165b1b4d8e96499310ae12e59865be5cca5131ce9ae42e9973df62e522e152764929f38f2
t0478,female,until,until,748,1.871,common_voice_en_96248.mp3,You can't go in there until you put this on.,f5a9ef7743d53715fc5771385b2caa566220f6f6203427e2caacc7f518ab09ff4d5cba68e22725eefc5b3c8dfd04fe7c264e45dbeaea8ec7a8bca61bea163e77,common_voice_en_96243.mp3,only,f5a9ef7743d53715fc5771385b2caa566220f6f6203427e2caacc7f518ab09ff4d5cba68e22725eefc5b3c8dfd04fe7c264e45dbeaea8ec7a8bca61bea163e77,common_voice_en_19150556.mp3,It was the highest polling party outside of parliament.,3db4d991b3de584e9bf5ebdaffba6dcc4aff31cc074b46bb3fd174a97ebb679be42e747df634081b3fda5aebdf5ee528ec08751b67f698bc6c9ad5fadfc60c76,common_voice_en_637430.mp3,He's in the insurance business.,c18a030acfd2412daa3bb38f18762aab6de0e649b1de664257344571dc37c97bf92b641b2a0829ffa9d69a7aa0c698e03204aa9bbc7953ae5a01c8b12db4bb4d
t0479,male,people,people,492,1.907,common_voice_en_195167.mp3,Six thousand people have been infected since the outbreak of the virus.,efc4a25339d53f5a227cbd7186201a3fc5b8c0e1cff440a712d9003b4b25dfc530d57847a5d3bcefda21e1e65bc1f9bdbf25770ae81bdef832545cc8b2fd8b83,common_voice_en_195153.mp3,energy,efc4a25339d53f5a227cbd7186201a3fc5b8c0e1cff440a712d9003b4b25dfc530d57847a5d3bcefda21e1e65bc1f9bdbf25770ae81bdef832545cc8b2fd8b83,common_voice_en_27710757.mp3,He wrote spare and vivid poetry.,c4215a63594a310a1f1003e4cc4a990ad4c7475e8cb46582a77860e27dc59993062e0d817ccd56b5eea9c8f436b1ab5140e7b4a616264571c5836dfd87080ca9,common_voice_en_20115395.mp3,The head of dormitory is Tennouji.,81a3d33314bc9ab9c27c64bd296e0768cfc8c957b296bddebf76e8565f01f02ff24812eaf8c509f4eef3806f4f268951ad5448cf538973859720e4bd3c26c5e3
t0480,male,since,since,624,3.231,common_voice_en_195167.mp3,Six thousand people have been infected since the outbreak of the virus.,efc4a25339d53f5a227cbd7186201a3fc5b8c0e1cff440a712d9003b4b25dfc530d57847a5d3bcefda21e1e65bc1f9bdbf25770ae81bdef832545cc8b2fd8b83,common_voice_en_195153.mp3,energy,efc4a25339d53f5a227cbd7186201a3fc5b8c0e1cff440a712d9003b4b25dfc530d57847a5d3bcefda21e1e65bc1f9bdbf25770ae81bdef832545cc8b2fd8b83,common_voice_en_541255.mp3,The stray cat gave birth to kittens.,2b61add0516f9816c6bb8fef409822e8d09abbb342376b1efc118ce3c77954c1c1b18bc3de75f27be19662338902e92261ac15c962c53ba29d6d898dedcbaba5,common_voice_en_18718667.mp3,Duffy became a leading figure in Irish literary circles.,4e4e77800ecd43b52405e0e31966e68995e5241a634aa6ade9ad3bfb33856e98346e49fb55328d24f9bef3084e2d8ccebfcef5ecd9d118ae041c291d59c3aecd
t0481,female,seven,seven,610,1.659,common_voice_en_22200727.mp3,seven,33e5c6432296cef2df70504042b0fa882dc07a4c984c3eed5d0c60504316f02edc1562a886dbfe1127e5dd7759192ec1db551e7ba6e2602a38f44b7c67846368,common_voice_en_22200726.mp3,,33e5c6432296cef2df70504042b0fa882dc07a4c984c3eed5d0c60504316f02edc1562a886dbfe1127e5dd7759192ec1db551e7ba6e2602a38f44b7c67846368,common_voice_en_27184051.mp3,"According to Ptolemy, Kotayk was directly ruled by the Arsacid kings of Armenia.",fd52910d24299328945044ddd49dd2d79ef95c7b0d6e38d06d65a1d9330f64f45a8426cf556ed10a705307dcf622e1fe152ee48d5bd2e38b89b4da815b5c38a6,common_voice_en_25438670.mp3,He retired from business when his father died.,425f44220c8f31e82da9437264041291cedc476a8c15e82a0d81ee2e80e06687a3c78e1db1f3f4f1a0a95dd6dd3617be8ecd7d60b449459c82b6e49d1232ed49
t0482,female,three,three,713,1.554,common_voice_en_22200726.mp3,three,33e5c6432296cef2df70504042b0fa882dc07a4c984c3eed5d0c60504316f02edc1562a886dbfe1127e5dd7759192ec1db551e7ba6e2602a38f44b7c67846368,common_voice_en_22200727.mp3,seven,33e5c6432296cef2df70504042b0fa882dc07a4c984c3eed5d0c60504316f02edc1562a886dbfe1127e5dd7759192ec1db551e7ba6e2602a38f44b7c67846368,common_voice_en_498645.mp3,The beer tasted really good.,703bbbe4832fd43372c38f728ece0d73e5a236ee75dc84e98c85754e83e2cac7cb6abd8191f0979124d0ba7b4edc11ca6eeea04668f6394c610da1c43ee3526f,common_voice_en_552127.mp3,What a load of rubbish on the telly today.,b0a89244b8284aed33b3a0106bdd916fe865cf45b94598f2d7a635ffc0135c5d3b2e45f551e99012c874f23589aed1bd8361d37133b5b8e28243a541b0b4a4f8
t0483,male,close,close,126,1.571,common_voice_en_18319616.mp3,How do I close this window?,15763cc5091c6704e59a0d2b1148224f15fa62db8634651cb820c2305eb570229a24ae45613a17d8e7b03611ce8b967c2e6aafc57d136e35d10970096d33c1ce,common_voice_en_18319602.mp3,,15763cc5091c6704e59a0d2b1148224f15fa62db8634651cb820c2305eb570229a24ae45613a17d8e7b03611ce8b967c2e6aafc57d136e35d10970096d33c1ce,common_voice_en_28805582.mp3,That the wheels are coming off.,5b9265839ec3c73c4bf4ef1348528cd6778c87938ecdbab9101c7f2cdac971ce0ba043e7e73c116a22b97b9fa458c34f1ea84e584e6c0be602b6e4456ca4839b,common_voice_en_18866664.mp3,Antibubbles made this way can last for several minutes.,7eff9a54bdb0619deffda7609d5b8565278e3328de99e63908be2a37c1ad16516240b9c92bc6b68d8130b20dc556f57005dc053f4874a49589f5971a31b97e98
t0484,male,information,information,336,1.764,common_voice_en_18319602.mp3,I came for information more out of curiosity than anything else.,15763cc5091c6704e59a0d2b1148224f15fa62db8634651cb820c2305eb570229a24ae45613a17d8e7b03611ce8b967c2e6aafc57d136e35d10970096d33c1ce,common_voice_en_18319616.mp3,close,15763cc5091c6704e59a0d2b1148224f15fa62db8634651cb820c2305eb570229a24ae45613a17d8e7b03611ce8b967c2e6aafc57d136e35d10970096d33c1ce,common_voice_en_27547369.mp3,"His family is from a traditional agricultural community of Punjab, India.",d7b8bd57a847b9f6a92eb975f2fe0a8686ee95a9e71b0168d5ee36090c94b373186a93d864491807465a14b0cb0cd867c6a52509095f73cb3c58490f0fb7f149,common_voice_en_21243555.mp3,"The title, Master, is used for unidentified artists who operated independently.",90d6d58e3bac55d4668e79580473286d7d5be658e533ce74db1a82f7e7bd86cdad0593235270da5bcfc5d4e022d90be9f28e4e6a6f3ecf8247ab766c5d8ba0f6
t0485,male,anything,anything,35,4.399,common_voice_en_18319602.mp3,I came for information more out of curiosity than anything else.,15763cc5091c6704e59a0d2b1148224f15fa62db8634651cb820c2305eb570229a24ae45613a17d8e7b03611ce8b967c2e6aafc57d136e35d10970096d33c1ce,common_voice_en_18319616.mp3,close,15763cc5091c6704e59a0d2b1148224f15fa62db8634651cb820c2305eb570229a24ae45613a17d8e7b03611ce8b967c2e6aafc57d136e35d10970096d33c1ce,common_voice_en_21462413.mp3,It is situated on road and rail routes to the Simplon Pass.,939991dfcf12d8250739f3b4e5ed47e0dc4bf8ffb69810f4ab853aa12872a811941be35b7e91af5df8350d75d3c61d1301aba694c41deb3f38f1414703bc0461,common_voice_en_21109062.mp3,His distinctive style is easily recognized.,7cba7455872358bbbe6c8a326277149048dffe1eca34ea97f1320da2bb407fbe160493c6f1a51384199ef75c23c4c231aa78a6b84428b58b7ab70bb73882ab91
t0486,female,twice,twice,737,3.239,common_voice_en_20048072.mp3,Marta went on to score twice to give Brazil the lead.,89149ebd874873e2f68f80289cebef0c044cb7d7d1c0048b636d35f1221231ada517d63ab301b84ffd002cfc4d8208c758463cb94829d61b708cae12c752e61d,common_voice_en_20048074.mp3,term,89149ebd874873e2f68f80289cebef0c044cb7d7d1c0048b636d35f1221231ada517d63ab301b84ffd002cfc4d8208c758463cb94829d61b708cae12c752e61d,common_voice_en_22940748.mp3,Ice boats typically have the least resistance to forward motion of any sailing craft.,fc005e21bf8421aa51c20e901277f66704cf58c73e30c4b2f3ec7f7d2a3ca610f73cda39ef3c78789cdf08007565c79d35c2dc0b7897ae65aa768b44dad40430,common_voice_en_23355142.mp3,It was the first nationwide basketball competition played in Spain.,372293e65cdab88771e028a4351651ab2eff64438ddafc211e089247dcdccca350153465eb5409ce708081d9ad384af45d1dc57bbe030ae1a2c0edd561322fb8
t0487,female,fourth,fourth,269,4.196,common_voice_en_20048132.mp3,"He was succeeded by his eldest legitimate son, the fourth Baron.",89149ebd874873e2f68f80289cebef0c044cb7d7d1c0048b636d35f1221231ada517d63ab301b84ffd002cfc4d8208c758463cb94829d61b708cae12c752e61d,common_voice_en_20048072.mp3,,89149ebd874873e2f68f80289cebef0c044cb7d7d1c0048b636d35f1221231ada517d63ab301b84ffd002cfc4d8208c758463cb94829d61b708cae12c752e61d,common_voice_en_22971335.mp3,Lindenberg started his musical career as a drummer.,497f81f25eaf1bdae54f594bd389016dc5168c6026ee15803bb8dab8ae08c0a8d397a9c957aa982a4d78ef48d8b4afad273202aea4b0dc7a39d454656dc5cc1d,common_voice_en_17394795.mp3,"It would be very useful if my web browser could synchronize all of its preferences, not just some.",5b6fb0cffd8d5d4e3096d317cc60a5b2ce3c025c268642efd7419c645d3aff7ff48c906de8691ca61790d4403ba87af5e16c6451af81ee445a5cae00c847b17b
t0488,female,"later,",later,363,1.647,common_voice_en_20048134.mp3,"Three minutes later, a second mine went off directly under the ship.",89149ebd874873e2f68f80289cebef0c044cb7d7d1c0048b636d35f1221231ada517d63ab301b84ffd002cfc4d8208c758463cb94829d61b708cae12c752e61d,common_voice_en_20048072.mp3,,89149ebd874873e2f68f80289cebef0c044cb7d7d1c0048b636d35f1221231ada517d63ab301b84ffd002cfc4d8208c758463cb94829d61b708cae12c752e61d,common_voice_en_19793903.mp3,"""Snow"" is considered a classic ""nakige"" game.",63cf30b62eb97a124a87e6746a63af766deebf3bf3f4077c8a8652957bc406d3ff8534636cdf0bf4b6e2788d92f1b5c8623d09b2e43cc77bc663b92788724a0c,common_voice_en_19312620.mp3,His son Joel Osteen then succeeded him as pastor.,0e7fbde9694790f3596cc1809456aa472a0c51d0b1181b71f20e333a7fe6f98a7e19a0e3ad75a76d6edb4c2e28f67b9f2b07e59d00c2407bc22a30bb3827368a
t0489,female,second,second,601,2.361,common_voice_en_20048134.mp3,"Three minutes later, a second mine went off directly under the ship.",89149ebd874873e2f68f80289cebef0c044cb7d7d1c0048b636d35f1221231ada517d63ab301b84ffd002cfc4d8208c758463cb94829d61b708cae12c752e61d,common_voice_en_20048072.mp3,,89149ebd874873e2f68f80289cebef0c044cb7d7d1c0048b636d35f1221231ada517d63ab301b84ffd002cfc4d8208c758463cb94829d61b708cae12c752e61d,common_voice_en_104926.mp3,that's all Mark ever talks about.,41cd3a49e389414fcd670b1a8cc555dcbb9e821de540820babe0bcd4307c468d63abcc9880487ecc3a1cb63024fce8d1baf6b3d3c06f7fe859dbc6ec37dc3304,common_voice_en_21139158.mp3,"Popular songs on the album include ""Dusty Turnaround"", ""Sometime"", and ""Holy Road"".",6934ea90f68dd79d019e2960360dbbf4b7a82acd27c8d6501839402a4db19a60fe1f105bca4c2fcde170b0ce44091fd29c41f656035954b9a936d81b3cfeb254
t0490,female,under,under,740,3.857,common_voice_en_20048134.mp3,"Three minutes later, a second mine went off directly under the ship.",89149ebd874873e2f68f80289cebef0c044cb7d7d1c0048b636d35f1221231ada517d63ab301b84ffd002cfc4d8208c758463cb94829d61b708cae12c752e61d,common_voice_en_20048072.mp3,,89149ebd874873e2f68f80289cebef0c044cb7d7d1c0048b636d35f1221231ada517d63ab301b84ffd002cfc4d8208c758463cb94829d61b708cae12c752e61d,common_voice_en_18647106.mp3,"So did his father, and his grandfather, and his great-grandfather!",29b8505586cd43382cd695da6b943f401104be710a5b60e814ac5fe7e06b39459cf8fe1701ca83f8154b3ccd749df7c2aef33ff23950bb1a135b1e1c393dbcf6,common_voice_en_13813887.mp3,"A short, distinct, and pointed style the opposite of legato",0d071699a4ef1a3005c14702b6c72ec80b55032a96bd2aab4b5a321307c9929352bdbbc21de6c2fb605d72a6921550e2edefab042ad6467c35cf7e815204d38e
t0491,male,"season,",season,600,1.968,common_voice_en_18676741.mp3,"After a trophy-less season, Basel again won two league titles in-a-row.",2c3ffd78f56f2fefc02b7e5cfd35004f17ff411bacf92fb6062e073bbdfedb5d1a3157c0206b1946755d1ccf4d79f6ca35df8d2746d12a05cbaaf6fba64aa63e,common_voice_en_18676977.mp3,sailed,2c3ffd78f56f2fefc02b7e5cfd35004f17ff411bacf92fb6062e073bbdfedb5d1a3157c0206b1946755d1ccf4d79f6ca35df8d2746d12a05cbaaf6fba64aa63e,common_voice_en_18976066.mp3,Williams's parents are both originally from Jamaica.,1e4387c8023d88e9028da74f3ab0026973dcf138c8a306b4b05b21010a8af789b81fe8d86d64b275dd6ba6fda0d731eec68820a38a5641c176102824a6534974,common_voice_en_21934609.mp3,The township includes the City of Saint Stephen.,5ea73f02537215e9a8cb7be3d997d9574e72d85f082fb9ba99d01ec016d35f4ff1c1b42c7224429dae900f93b01157adfbf5a33c2a38ceeb5b7f02e8eab2fc12
t0492,male,again,again,15,3.343,common_voice_en_18676741.mp3,"After a trophy-less season, Basel again won two league titles in-a-row.",2c3ffd78f56f2fefc02b7e5cfd35004f17ff411bacf92fb6062e073bbdfedb5d1a3157c0206b1946755d1ccf4d79f6ca35df8d2746d12a05cbaaf6fba64aa63e,common_voice_en_18676977.mp3,sailed,2c3ffd78f56f2fefc02b7e5cfd35004f17ff411bacf92fb6062e073bbdfedb5d1a3157c0206b1946755d1ccf4d79f6ca35df8d2746d12a05cbaaf6fba64aa63e,common_voice_en_15904572.mp3,I can't wait until the new release comes out.,cd7a1ed8add381b1b62f0f69ef437330c14dd635286c46fc78880d5904e3d5b50dc95c32aefccbcce34462cbbded4e7a2e6d08741b244ea2a9b6ec56cd508c67,common_voice_en_73134.mp3,"The years of research, the magic symbols, the strange words and the laboratory equipment...",990418b33c7fbe3ae624392e19699c60a7c124cbc24a2c46a893f9148a4292eba2282308d371506a539e6819aee816398aaac1b1b79890f1cacb86f2b1e979bc
t0493,male,league,league,366,4.207,common_voice_en_18676741.mp3,"After a trophy-less season, Basel again won two league titles in-a-row.",2c3ffd78f56f2fefc02b7e5cfd35004f17ff411bacf92fb6062e073bbdfedb5d1a3157c0206b1946755d1ccf4d79f6ca35df8d2746d12a05cbaaf6fba64aa63e,common_voice_en_18676977.mp3,sailed,2c3ffd78f56f2fefc02b7e5cfd35004f17ff411bacf92fb6062e073bbdfedb5d1a3157c0206b1946755d1ccf4d79f6ca35df8d2746d12a05cbaaf6fba64aa63e,common_voice_en_18974156.mp3,All patterns in Seeds have this form.,c7fa9b2502b716b516b076ca89ff79e29d183ac0c006ce10ce33b61b0cd08542049535c83a89ff71168375d4a3bbbca2bcc25ecf5cc5f0653563862b73121cd2,common_voice_en_20867359.mp3,This allowed ahead and astern fire by up to four guns.,febfa9170cb04861bd7edb121a0f2de4c961eaca6afb928a2f541db731ae8242552936c1c3f5a4d2e7f4cc3150d58ff5e6f1b0c99513e25a72ca814f0b36df05
t0494,male,centre,centre,106,1.687,common_voice_en_18682540.mp3,The administrative centre of the district is the Ordubad city.,2c3ffd78f56f2fefc02b7e5cfd35004f17ff411bacf92fb6062e073bbdfedb5d1a3157c0206b1946755d1ccf4d79f6ca35df8d2746d12a05cbaaf6fba64aa63e,common_voice_en_18676977.mp3,sailed,2c3ffd78f56f2fefc02b7e5cfd35004f17ff411bacf92fb6062e073bbdfedb5d1a3157c0206b1946755d1ccf4d79f6ca35df8d2746d12a05cbaaf6fba64aa63e,common_voice_en_22240478.mp3,Firefox,6ff3cf6ea3541db7cec2d2c547924177fb3b92b4f146c4d55c8b4e7bc4b041708de64dbb3e030be90edb75f894fa4225bce37c0eca4fe70dcc55518b29d391f6,common_voice_en_24018042.mp3,"It is often rephrased as: Trends that can't continue, won't.",01a839a6705435e127b3ab7da1ad0f1a36dff421fe31d54a1a8311c7acb76aad419ea5d635ab7605730171a9d2168fbe88fbef78213d0a2f174d346358564b2f
t0495,male,district,district,192,2.33,common_voice_en_18682540.mp3,The administrative centre of the district is the Ordubad city.,2c3ffd78f56f2fefc02b7e5cfd35004f17ff411bacf92fb6062e073bbdfedb5d1a3157c0206b1946755d1ccf4d79f6ca35df8d2746d12a05cbaaf6fba64aa63e,common_voice_en_18676977.mp3,sailed,2c3ffd78f56f2fefc02b7e5cfd35004f17ff411bacf92fb6062e073bbdfedb5d1a3157c0206b1946755d1ccf4d79f6ca35df8d2746d12a05cbaaf6fba64aa63e,common_voice_en_15903475.mp3,"Japanese culture is incredibly addictive, their buildings look amazing.",bc11199cb4e721a49cfbfe77caba0eedf1d7235ec6dafe71aa33f8ead8361be1b0835307751bdca3877a8cc519457a3d27b7a31086539b6db1e0248b96b4cd90,common_voice_en_29126.mp3,How do you think the table looks?,c948b5166ffa7f0a17b7d067f7f99418cfe1cf101ee9b845047cdcb43911af6bc2c5f775f5099e60052e8edf9d59a2a0fdd906095c9ea0f02c8af763b2088235
t0496,female,later,later,363,1.403,common_voice_en_30578604.mp3,Jung later met Big Bang member Seungri at an awards show.,cddae3ce4fc32d64c965ea4ed91d859ffb4bcce553c01e74c2b6dede719cf5b2f839c9ead58727420b8320539960ef5fdd55a345873aac0f18295205d58a5b95,common_voice_en_30578589.mp3,of,cddae3ce4fc32d64c965ea4ed91d859ffb4bcce553c01e74c2b6dede719cf5b2f839c9ead58727420b8320539960ef5fdd55a345873aac0f18295205d58a5b95,common_voice_en_28560313.mp3,She became the first female winner of the show.,af9c15b78f47fc932ee4a2fab15488dd4295f87b2a3359c855aad4f383b20bced882b0bb7ffa51fe7a08897bcd7370705108bb2cd7dd3919806d7d39f2209c7f,common_voice_en_71099.mp3,It's easy to do here in the kitchen.,6e7c12b03a9176b813e0c7bdbfc906aadaab742042387d132f966691659e407b74d3d1ec838b20db59de0f08dc8246982d190dacbf0d12991c81ba7f8cac1864
t0497,female,member,member,409,2.817,common_voice_en_30578604.mp3,Jung later met Big Bang member Seungri at an awards show.,cddae3ce4fc32d64c965ea4ed91d859ffb4bcce553c01e74c2b6dede719cf5b2f839c9ead58727420b8320539960ef5fdd55a345873aac0f18295205d58a5b95,common_voice_en_30578589.mp3,of,cddae3ce4fc32d64c965ea4ed91d859ffb4bcce553c01e74c2b6dede719cf5b2f839c9ead58727420b8320539960ef5fdd55a345873aac0f18295205d58a5b95,common_voice_en_22295763.mp3,The mascot is Renegade the Mustang.,aa229274711f2b10e408628ffc5e5ae8758bb022f781aa61aa61027168aeb5027656f2fdf8e94e3a5211e4fcfea5b8447938ac0d24c8002b175fa15f589967fa,common_voice_en_29244408.mp3,"One of their spacecraft, commanded by warlord Broton, crash-landed into Loch Ness in Antiquity.",d7b8bd57a847b9f6a92eb975f2fe0a8686ee95a9e71b0168d5ee36090c94b373186a93d864491807465a14b0cb0cd867c6a52509095f73cb3c58490f0fb7f149
t0498,female,awards,awards,53,4.502,common_voice_en_30578604.mp3,Jung later met Big Bang member Seungri at an awards show.,cddae3ce4fc32d64c965ea4ed91d859ffb4bcce553c01e74c2b6dede719cf5b2f839c9ead58727420b8320539960ef5fdd55a345873aac0f18295205d58a5b95,common_voice_en_30578589.mp3,of,cddae3ce4fc32d64c965ea4ed91d859ffb4bcce553c01e74c2b6dede719cf5b2f839c9ead58727420b8320539960ef5fdd55a345873aac0f18295205d58a5b95,common_voice_en_19515868.mp3,His offer stemmed partly from the difficulties he himself had experienced obtaining adequate training.,35fac6aec3caae65c56c843fff8368fe08b766f2c8b6fc7fd2bf57f460dbfe516a45563802d2cc35f9630496fd498e06375cd3c01055170759c7a04ef9e8bbf7,common_voice_en_23386844.mp3,The road is lined with small lanterns made from snow.,bd67a239c3473f5ce275ec5e154ac787e82b05e07151cbfe6f59e3c8553c48bede0e9895cb2ffb4c622c7a569c37440ae5abc43b02c8efce9d8fe59e2b7144e6
t0499,male,never,never,452,1.929,common_voice_en_536786.mp3,You will never be able to escape from your heart.,f210601ed1ac94f08bac97cb0849fda881621456006568b293019d1279a343427c6185178a41ac1a5d9f37e735507df4e2e75102a42dc1e685185f79c7404c89,common_voice_en_536787.mp3,,f210601ed1ac94f08bac97cb0849fda881621456006568b293019d1279a343427c6185178a41ac1a5d9f37e735507df4e2e75102a42dc1e685185f79c7404c89,common_voice_en_18859229.mp3,All songs were credited to Miles Davis.,44b856fd289c76b4434038277a8c4f70f871db52c37a2e3d1aa92233feb1704bcd0773f4a9f618b1778a5adb1b8a0eecf2b474082c4de818e6928c20161a62ea,common_voice_en_25716156.mp3,"MedWatch is the main reporting center, operated by the Food and Drug Administration.",03a148079f4cc913ef9793bb7e7ebed94194a3407ae1f3b2baa104e9c69ad48f9afc6ac20c2fde60cace8cc0caaacf2f1361c0d122565240b8edea1411e94f5d
t0500,male,heart.,heart,306,3.726,common_voice_en_536786.mp3,You will never be able to escape from your heart.,f210601ed1ac94f08bac97cb0849fda881621456006568b293019d1279a343427c6185178a41ac1a5d9f37e735507df4e2e75102a42dc1e685185f79c7404c89,common_voice_en_536787.mp3,,f210601ed1ac94f08bac97cb0849fda881621456006568b293019d1279a343427c6185178a41ac1a5d9f37e735507df4e2e75102a42dc1e685185f79c7404c89,common_voice_en_19622078.mp3,The town also boast of a peaceful community with rich culture and heritage.,6fe62c281ce59aad6e66cfbd493fa97fd15549a85c0219c6023f40155095bcf0bf717794207dd8dddf4766f8514a408c99c24b0875bf2d8b3982a8cf746b14e8,common_voice_en_148773.mp3,"About eleven, I walked back to my home in Maybury because nothing seemed to be happening.",c92c752d8793ea893a705bf59f624b219a25404cb5e051a49b1189e88101df41d6689a01d45fe2814ed4f8129ef17b511361c34f45bcdeb120fd98556e78cd60
t0501,male,nothing.,nothing,459,3.052,common_voice_en_536787.mp3,The Englishman said nothing.,f210601ed1ac94f08bac97cb0849fda881621456006568b293019d1279a343427c6185178a41ac1a5d9f37e735507df4e2e75102a42dc1e685185f79c7404c89,common_voice_en_536786.mp3,escape,f210601ed1ac94f08bac97cb0849fda881621456006568b293019d1279a343427c6185178a41ac1a5d9f37e735507df4e2e75102a42dc1e685185f79c7404c89,common_voice_en_20975189.mp3,This relationship generally holds strongly over longer terms and among emerging market countries.,372293e65cdab88771e028a4351651ab2eff64438ddafc211e089247dcdccca350153465eb5409ce708081d9ad384af45d1dc57bbe030ae1a2c0edd561322fb8,common_voice_en_18840709.mp3,His exterior was gruff and he was often difficult to get along with.,e7fe5c7fc85b7bbb8b86acb13ab60d854ecdc9649e79c9c5297b93f195bb8210667b50acfd882c8527ed6848f604ba3c234c6acc2b71feb6b9c43792a9cdb4a6
t0502,male,hands,hands,299,2.583,common_voice_en_536785.mp3,"His hands began to tremble, and the woman sensed it.",f210601ed1ac94f08bac97cb0849fda881621456006568b293019d1279a343427c6185178a41ac1a5d9f37e735507df4e2e75102a42dc1e685185f79c7404c89,common_voice_en_536786.mp3,escape,f210601ed1ac94f08bac97cb0849fda881621456006568b293019d1279a343427c6185178a41ac1a5d9f37e735507df4e2e75102a42dc1e685185f79c7404c89,common_voice_en_18583930.mp3,Behead that Dormouse!,b419faab633f2099c6405ff157b4d9fb5675219570f2683a4d08cbadeac4431e9d9b30dfa9b04f79aad9d8e3f75fda964809f3aa72ae9d0a4a025c59417f3dd1,common_voice_en_23690686.mp3,Apollo is regarded as the original neoclassical ballet.,b65e517703cad24372668596dc8337835b636ab19d15cd5e037b8bce1baca40ad7b0c14b5da436212ca43b5b84dfce1754822ee973c7e8ff6646c1807eccc662
t0503,male,began,began,61,3.134,common_voice_en_536785.mp3,"His hands began to tremble, and the woman sensed it.",f210601ed1ac94f08bac97cb0849fda881621456006568b293019d1279a343427c6185178a41ac1a5d9f37e735507df4e2e75102a42dc1e685185f79c7404c89,common_voice_en_536786.mp3,escape,f210601ed1ac94f08bac97cb0849fda881621456006568b293019d1279a343427c6185178a41ac1a5d9f37e735507df4e2e75102a42dc1e685185f79c7404c89,common_voice_en_692189.mp3,There was no need.,0c003e301f78d458f90900d6edb94a0d518a4c4cb5f58d7d18e619037a643b512b2155a7c95a6c08fd532019c5af0eb2d5bf75daef6c515a1d938dca124432cc,common_voice_en_18668609.mp3,She knew that for want of food she was almost fainting.,03ed98d44db4fb01939c421a0217d2b579c46740be8eb3c869b715b383b1194fbcec12edc6a838edbf536af068ea2d9b18f04e2aed881e478f8b7dbcb75d0fb5
t0504,male,woman,woman,780,5.417,common_voice_en_536785.mp3,"His hands began to tremble, and the woman sensed it.",f210601ed1ac94f08bac97cb0849fda881621456006568b293019d1279a343427c6185178a41ac1a5d9f37e735507df4e2e75102a42dc1e685185f79c7404c89,common_voice_en_536786.mp3,escape,f210601ed1ac94f08bac97cb0849fda881621456006568b293019d1279a343427c6185178a41ac1a5d9f37e735507df4e2e75102a42dc1e685185f79c7404c89,common_voice_en_141553.mp3,Aiding an escaped criminal.,0223cc539de73503fe5116e23334bfaeeda8444c402a6e3b1f6b5372073f81a6417bb0c915e5a52cc76cdbe99aee0d8abbd7eade4fd81d99200e634082db3748,common_voice_en_27478244.mp3,"Abusive use of alcohol, tobacco or coffee, causes this sickness.",fd52910d24299328945044ddd49dd2d79ef95c7b0d6e38d06d65a1d9330f64f45a8426cf556ed10a705307dcf622e1fe152ee48d5bd2e38b89b4da815b5c38a6
t0505,female,alchemist,alchemist,20,2.116,common_voice_en_122537.mp3,"""Life attracts life,"" the alchemist answered.",bbb931b71c9f86a9d55f858e249d3ef726b84a760c7e82a42046ad85c62e84472b16c19863d2ab9fbbce370116523fafe1b80a750db5e736f78b12fcf438b2db,common_voice_en_122521.mp3,buy,bbb931b71c9f86a9d55f858e249d3ef726b84a760c7e82a42046ad85c62e84472b16c19863d2ab9fbbce370116523fafe1b80a750db5e736f78b12fcf438b2db,common_voice_en_17978716.mp3,We know that Mark does not like spicy food.,97b5754c2b7322d08cc69d621f60a6be00d50a86ef476e6a240529cb2dc06025626beddbcafff75d80ec8871a4b8cae6dd253dfa7009ee443b82423108973e01,common_voice_en_26970690.mp3,"Seavey of Omaha, Nebraska, was elected the organization's first president.",99675ca9d5d92277163ef9f6529c21605bd10fa97f3be72bcdbe2214ccc5eb08f7a10b0f5dd42d73262400aa22ff71bbe4adb3e1c680a17b4da0c405a5e85176
t0506,female,could,could,155,1.415,common_voice_en_122512.mp3,"Before the boy could reply, a butterfly appeared and fluttered between him and the old man.",bbb931b71c9f86a9d55f858e249d3ef726b84a760c7e82a42046ad85c62e84472b16c19863d2ab9fbbce370116523fafe1b80a750db5e736f78b12fcf438b2db,common_voice_en_122521.mp3,buy,bbb931b71c9f86a9d55f858e249d3ef726b84a760c7e82a42046ad85c62e84472b16c19863d2ab9fbbce370116523fafe1b80a750db5e736f78b12fcf438b2db,common_voice_en_18658230.mp3,"He owed money in town, money at his hotel.",050b7c721443d809e30fded1216d66a37326bcd2eec6f21d98806665fcef15452d9561f9dd3c4a70c7487009ae87e1f4266bfaa0f9e49c3b823929e8f078b5bc,common_voice_en_19480000.mp3,"Since ancient times, Chichibu-jinja has been the main Shinto shrine in the district.",869fe0ea540bb68be9a35169d8927174f7f70b77939c33845783ee9c1103953dd68772089eb3f20e8e730963e7d8894053295ceb744a786a5629ff4bc7d1dc6a
t0507,female,appeared,appeared,38,3.099,common_voice_en_122512.mp3,"Before the boy could reply, a butterfly appeared and fluttered between him and the old man.",bbb931b71c9f86a9d55f858e249d3ef726b84a760c7e82a42046ad85c62e84472b16c19863d2ab9fbbce370116523fafe1b80a750db5e736f78b12fcf438b2db,common_voice_en_122521.mp3,buy,bbb931b71c9f86a9d55f858e249d3ef726b84a760c7e82a42046ad85c62e84472b16c19863d2ab9fbbce370116523fafe1b80a750db5e736f78b12fcf438b2db,common_voice_en_654736.mp3,"In those days, very few of the people had any idea about astronomy.",b425a44b4134e5d8af7c0a3171c8931f7294b9d837030383d582866ebac092125b053888275e5fdb88490c4ac457093dff10e2dcad947005a38448928cded61b,common_voice_en_27427317.mp3,"My idea, my dear Sir, entirely.",6ac8b1a295e2a4a5b11a602a368771530cd7b900ee5d8b552946eb8d32c21f4694c786c41ca996b12adb8a1d1e15160f84cb0632d9359cf84c6d99a18745692e
t0508,female,between,between,69,4.072,common_voice_en_122512.mp3,"Before the boy could reply, a butterfly appeared and fluttered between him and the old man.",bbb931b71c9f86a9d55f858e249d3ef726b84a760c7e82a42046ad85c62e84472b16c19863d2ab9fbbce370116523fafe1b80a750db5e736f78b12fcf438b2db,common_voice_en_122521.mp3,buy,bbb931b71c9f86a9d55f858e249d3ef726b84a760c7e82a42046ad85c62e84472b16c19863d2ab9fbbce370116523fafe1b80a750db5e736f78b12fcf438b2db,common_voice_en_24923675.mp3,The Liard River is a crossing area for Nahanni wood bison.,1fc06ae2858fe60314b607d8728ce36d5dcd8f22f6f13b106b6c4a346da6e0d00fa406883a1bfa9a0973fa46de07b02b471559048f76b07fd708d71dbac8907c,common_voice_en_17287864.mp3,Many concerned people decided to uninstall some social media apps.,9d57aeaf822cf699a70f18cb334c05f1080d61026ca5846e228240d759ec9883ec9247705b74116fe5ffc25b2d5437ef83b60f3dbb8b601fdd3e5e78bc651e31
t0509,female,stone,stone,660,2.29,common_voice_en_122532.mp3,He transformed himself into a stone that rolled up to the miner's foot.,bbb931b71c9f86a9d55f858e249d3ef726b84a760c7e82a42046ad85c62e84472b16c19863d2ab9fbbce370116523fafe1b80a750db5e736f78b12fcf438b2db,common_voice_en_122521.mp3,buy,bbb931b71c9f86a9d55f858e249d3ef726b84a760c7e82a42046ad85c62e84472b16c19863d2ab9fbbce370116523fafe1b80a750db5e736f78b12fcf438b2db,common_voice_en_20273042.mp3,During the reign of Lysimachus he was his governor in Asia Minor.,57d9be2eeda5fbaad0290c45f4e95813da95e09633d5fd84df35a758151788abec644a351cdf610c7b792561d1db0ac6f122dbc94404646941967bd6f0befd44,common_voice_en_56020.mp3,The tin was made from aluminium.,c3d1dd219c8f7b29ebd30a90747898f5629fbf99b24c45572130ea28509732e1d7b86b4a545dcbec7181b56ae6b41dcaf3b0e86ee10c353f5063816662668da9
t0510,male,"green,",green,294,5.587,common_voice_en_219108.mp3,"My wife pointed out to me the brightness of the red, green, and yellow signal lights.",eeb442ce8ae7e272b69866ee62ce733e1ecf9bb721fca69bf7d42623bd4ecb1fd6a558a2611bed921f19ec2856431af2d333cb0cb288033130b5741c4c4be77e,common_voice_en_219112.mp3,spontaneous,eeb442ce8ae7e272b69866ee62ce733e1ecf9bb721fca69bf7d42623bd4ecb1fd6a558a2611bed921f19ec2856431af2d333cb0cb288033130b5741c4c4be77e,common_voice_en_19590159.mp3,"It provides a community for graduate students and postdoctoral researchers, with an international focus.",15998ebb5b226698784f950fd093b39cdb4d118bf4aa8fa2bece51dbd01598f20bc9237747daf719aa174a64bb35aaa7ecd26fb6353a7b487da2c652315e3714,common_voice_en_20498641.mp3,The print screen may share the same key as system request.,21580cd2b189178fd1a54f973b311c2c17d9c9c22551bc474aac3ff99a050ef1bf1a09ed2349495ff4454366e998c863a4d766d456ca56f7e711f3f5c06d55c6
t0511,male,yellow,yellow,795,6.379,common_voice_en_219108.mp3,"My wife pointed out to me the brightness of the red, green, and yellow signal lights.",eeb442ce8ae7e272b69866ee62ce733e1ecf9bb721fca69bf7d42623bd4ecb1fd6a558a2611bed921f19ec2856431af2d333cb0cb288033130b5741c4c4be77e,common_voice_en_219112.mp3,spontaneous,eeb442ce8ae7e272b69866ee62ce733e1ecf9bb721fca69bf7d42623bd4ecb1fd6a558a2611bed921f19ec2856431af2d333cb0cb288033130b5741c4c4be77e,common_voice_en_22521467.mp3,Opioid peptides are released by post-translational proteolytic cleavage of precursor proteins.,20c5cd198dcc6e43db686dafc1a07bc7a382c2df9922373c675cc42a664a5d672bda22a9c2fb63f6bb4e53a1695cebddf14ec061e16257a832bbbc70bcf9a072,common_voice_en_685207.mp3,She has chipped a fingernail.,51de6a4824d808ac6dec52d7ae0f0693b7f49b111c51ca2f37ed3ed1003a5160b8d4eef138f14eb9c402fe175e08766b9e8a27df69b69d670ea118ea743ae146
t0512,male,asked,asked,44,6.867,common_voice_en_219112.mp3,"I need you to be spontaneous. He asked me out to ""din din.""",eeb442ce8ae7e272b69866ee62ce733e1ecf9bb721fca69bf7d42623bd4ecb1fd6a558a2611bed921f19ec2856431af2d333cb0cb288033130b5741c4c4be77e,common_voice_en_219108.mp3,,eeb442ce8ae7e272b69866ee62ce733e1ecf9bb721fca69bf7d42623bd4ecb1fd6a558a2611bed921f19ec2856431af2d333cb0cb288033130b5741c4c4be77e,common_voice_en_18061791.mp3,"After twelve hours of rowing, Darius climbed out of the canoe, and lied down on the beach to nap.",e65caa3e5c422ae6c838fe4d568d114f8895fa4db3bca7d9db5e439e1ebd0acc4375676d4b9c08c9cfd040dbbf263d2811585020c089f54436c28f3d56b9f395,common_voice_en_18324687.mp3,The sixth day he spent in the cabin with Gregson.,050b7c721443d809e30fded1216d66a37326bcd2eec6f21d98806665fcef15452d9561f9dd3c4a70c7487009ae87e1f4266bfaa0f9e49c3b823929e8f078b5bc
t0513,male,seemed,seemed,603,1.833,common_voice_en_219110.mp3,No one seemed to have thought about it that night.,eeb442ce8ae7e272b69866ee62ce733e1ecf9bb721fca69bf7d42623bd4ecb1fd6a558a2611bed921f19ec2856431af2d333cb0cb288033130b5741c4c4be77e,common_voice_en_219108.mp3,,eeb442ce8ae7e272b69866ee62ce733e1ecf9bb721fca69bf7d42623bd4ecb1fd6a558a2611bed921f19ec2856431af2d333cb0cb288033130b5741c4c4be77e,common_voice_en_613620.mp3,Some of the grey ash was falling off the circular edge.,64b0eabb71b81eb0eaca80e349f765a6f18401a70cd8722339a389c1d76c854dcc90082471de47aa0eb41e5f86414d25dc9d24561281f31f53aaf9ab78f7c0d3,common_voice_en_26740538.mp3,Her work has appeared in two separate series of the Cambridge histories.,5eaa49f00193ae8a891fa69e0c5a5ddbaf415ec00f344e11d982c8ec02606e2c4af3b7d9e4dc96fc3f68a296ff841aabea06ee2177d4966adfaeb885a7031ced
t0514,male,thought,thought,712,2.725,common_voice_en_219110.mp3,No one seemed to have thought about it that night.,eeb442ce8ae7e272b69866ee62ce733e1ecf9bb721fca69bf7d42623bd4ecb1fd6a558a2611bed921f19ec2856431af2d333cb0cb288033130b5741c4c4be77e,common_voice_en_219108.mp3,,eeb442ce8ae7e272b69866ee62ce733e1ecf9bb721fca69bf7d42623bd4ecb1fd6a558a2611bed921f19ec2856431af2d333cb0cb288033130b5741c4c4be77e,common_voice_en_20425525.mp3,The front of the first balcony is highly ornamented.,318d65bdf3e064e081a8541ef8e1a7b4ac089f4ac74ba1b265217419bccd2a2a5b29c880d5ea5e23444158250b5d61e60440a89119df5287d8d80547f93adace,common_voice_en_17955639.mp3,"The volcano eruption itself was a catastrophe, but the ash is an excellent fertilizer.",1f3f4efcb75ed41ea8fceae3a5c95109b576e055e53efb5739e3b75c08af81ffba47c343227b5453e918487f522756e4f6e07166d04cffb72d7ca1992e9ea2bd
t0515,female,members,members,410,1.915,common_voice_en_26970470.mp3,Two cast members had to guess the song title based on his routine.,2e64e3aafd199fd10a9f8be5174f11b25e05b49815f0bca817ba01312260a4acd283d8d2d2e45865e386551045f930560aeb474b55d80144a9d89020a581a552,common_voice_en_26970472.mp3,but,2e64e3aafd199fd10a9f8be5174f11b25e05b49815f0bca817ba01312260a4acd283d8d2d2e45865e386551045f930560aeb474b55d80144a9d89020a581a552,common_voice_en_28096048.mp3,"However, they agreed to negotiate with the British officials when approached.",56ff3ca94faefbc55038ee8c910022d206e8d736f0ca4a5601ae11b3bfc21a6cfc3cde1e9b747536a64181ef54891561faa16eab6883dbe8bf7830e9afb337f6,common_voice_en_22795355.mp3,"Lake Tana is fed by the Lesser Abay, Reb and Gumara rivers.",20c5cd198dcc6e43db686dafc1a07bc7a382c2df9922373c675cc42a664a5d672bda22a9c2fb63f6bb4e53a1695cebddf14ec061e16257a832bbbc70bcf9a072
t0516,female,title,title,717,4.011,common_voice_en_26970470.mp3,Two cast members had to guess the song title based on his routine.,2e64e3aafd199fd10a9f8be5174f11b25e05b49815f0bca817ba01312260a4acd283d8d2d2e45865e386551045f930560aeb474b55d80144a9d89020a581a552,common_voice_en_26970472.mp3,but,2e64e3aafd199fd10a9f8be5174f11b25e05b49815f0bca817ba01312260a4acd283d8d2d2e45865e386551045f930560aeb474b55d80144a9d89020a581a552,common_voice_en_27426159.mp3,"His son is George Fergusson, British High Commissioner to New Zealand.",e31822077e104d2f1781db7ce098c016abca0314515a35f564b26c30e59c0d2a0206cdf020dfbfe4e7340388f898c34d51e2d625681694a797c49581af656fba,common_voice_en_23873940.mp3,"Don't tell any one, it's all over now.",372293e65cdab88771e028a4351651ab2eff64438ddafc211e089247dcdccca350153465eb5409ce708081d9ad384af45d1dc57bbe030ae1a2c0edd561322fb8
t0517,female,based,based,54,4.604,common_voice_en_26970470.mp3,Two cast members had to guess the song title based on his routine.,2e64e3aafd199fd10a9f8be5174f11b25e05b49815f0bca817ba01312260a4acd283d8d2d2e45865e386551045f930560aeb474b55d80144a9d89020a581a552,common_voice_en_26970472.mp3,but,2e64e3aafd199fd10a9f8be5174f11b25e05b49815f0bca817ba01312260a4acd283d8d2d2e45865e386551045f930560aeb474b55d80144a9d89020a581a552,common_voice_en_20238757.mp3,The university offers bursaries to master's and doctoral degree students.,2f17c9c305b08eaf7c8e67761c77fbc8ddc4c337c426cb0eb76a259dbb25d11860262ebd19760b0fc3e27786a912fe84cc34d473c0a4d45c5bb5f971fc9b2954,common_voice_en_18989886.mp3,It also advocates for the development of crime analysis programs in law enforcement agencies.,0212a6646cd3447d5018448f4a57100f8d786debf093972b9e67d1e91109f2523cabd93aea07a32629504e8a909267f9bc73c16917a0eeec176193d1be673cb4
t0518,male,called,called,90,1.642,common_voice_en_19552143.mp3,Sometimes she is called Benten although this name usually refers to the god Brahma.,448e25cbcb48a248d8580293fc74b5c730237022cb69194ae0314bb973bcebaa30c3f2fadf40359aec092cb5bce557635f794c8e51092afed151eb5854ca940b,common_voice_en_19552128.mp3,combined,448e25cbcb48a248d8580293fc74b5c730237022cb69194ae0314bb973bcebaa30c3f2fadf40359aec092cb5bce557635f794c8e51092afed151eb5854ca940b,common_voice_en_490733.mp3,The dog was wagged its tail.,4c0e3ba0e8ddc42e4bac56460295f38e3bb3c38e45706f3cad8f80189a75bb4fbf79eee371ca784224e1a10b474c4c925a6ef05a7fd766e12aa497ca3be3ccd2,common_voice_en_28145516.mp3,"The seams containing Bideford Black Stretch from Hartland, underneath Bideford, and onto Umberleigh.",fd52910d24299328945044ddd49dd2d79ef95c7b0d6e38d06d65a1d9330f64f45a8426cf556ed10a705307dcf622e1fe152ee48d5bd2e38b89b4da815b5c38a6
t0519,male,although,although,26,2.753,common_voice_en_19552143.mp3,Sometimes she is called Benten although this name usually refers to the god Brahma.,448e25cbcb48a248d8580293fc74b5c730237022cb69194ae0314bb973bcebaa30c3f2fadf40359aec092cb5bce557635f794c8e51092afed151eb5854ca940b,common_voice_en_19552128.mp3,combined,448e25cbcb48a248d8580293fc74b5c730237022cb69194ae0314bb973bcebaa30c3f2fadf40359aec092cb5bce557635f794c8e51092afed151eb5854ca940b,common_voice_en_18120982.mp3,Man is the head but woman turns it.,939991dfcf12d8250739f3b4e5ed47e0dc4bf8ffb69810f4ab853aa12872a811941be35b7e91af5df8350d75d3c61d1301aba694c41deb3f38f1414703bc0461,common_voice_en_18137363.mp3,"She set it on the shelf, and there it stayed.",32fbd7f9b185efe0cbab8ca460db13ce79f37fca1b8be79ba5b329feb977f2c2ca0278c35bf9e673b582acb843e707ae25e49433d8c73fec818d9a669746b08d
t0520,male,usually,usually,751,3.784,common_voice_en_19552143.mp3,Sometimes she is called Benten although this name usually refers to the god Brahma.,448e25cbcb48a248d8580293fc74b5c730237022cb69194ae0314bb973bcebaa30c3f2fadf40359aec092cb5bce557635f794c8e51092afed151eb5854ca940b,common_voice_en_19552128.mp3,combined,448e25cbcb48a248d8580293fc74b5c730237022cb69194ae0314bb973bcebaa30c3f2fadf40359aec092cb5bce557635f794c8e51092afed151eb5854ca940b,common_voice_en_22275619.mp3,Packer ate his four companions to survive.,f80df7968ff5ea03de79002bd358d16c6f0dc8747a78c31373ddfac56b86d61461bfb40a3245f172614d648928ebb0e4c59cc2308356c3f00bbcd451c615eb0e,common_voice_en_1529861.mp3,"Well, that's all right.",11ec372417df77b07bb129cc7572637abe768dd9ba9a6cf66c66b5081a6016aa00fb0a31287220448ed090f18b89fb45ff7e35247c32e492909a9d08f7645c84
t0521,male,written,written,792,2.016,common_voice_en_19552130.mp3,Smart warrant cards are written in both Chinese and English.,448e25cbcb48a248d8580293fc74b5c730237022cb69194ae0314bb973bcebaa30c3f2fadf40359aec092cb5bce557635f794c8e51092afed151eb5854ca940b,common_voice_en_19552128.mp3,combined,448e25cbcb48a248d8580293fc74b5c730237022cb69194ae0314bb973bcebaa30c3f2fadf40359aec092cb5bce557635f794c8e51092afed151eb5854ca940b,common_voice_en_23541080.mp3,In the past they have responded in the aftermath of disasters around the world.,36f5af261041e42136d41ee476c8744fbac8f3f72225c9fc967af17fa50309a1506cbfb316cdd5363cc2ca1f7d05d16e6cb3590f36fd0bc4eef30d313e36968b,common_voice_en_27444612.mp3,This museum has a gem-encrusted gold monstrance.,acefbb332db5ce3a5176cabcf11976d544177c9cc2aa0341e37bf9831b07b0c93eea6bfc53d97214ab261d1debb927bf66afb61c88db722415a5af6545b5ed9d
t0522,male,Chinese,chinese,119,2.829,common_voice_en_19552130.mp3,Smart warrant cards are written in both Chinese and English.,448e25cbcb48a248d8580293fc74b5c730237022cb69194ae0314bb973bcebaa30c3f2fadf40359aec092cb5bce557635f794c8e51092afed151eb5854ca940b,common_voice_en_19552128.mp3,combined,448e25cbcb48a248d8580293fc74b5c730237022cb69194ae0314bb973bcebaa30c3f2fadf40359aec092cb5bce557635f794c8e51092afed151eb5854ca940b,common_voice_en_74510.mp3,"One can imagine these two, covered with sand, running up the little street in the bright sunlight.",af4bfcfaac2460d8d4996ff7dc391af46aa8e70d55a856ae4c0e7db109a696ad0d0c6497757c9cd16acafa82703888477d745800b9c20a714fb519bcba467f4d,common_voice_en_20407676.mp3,He presented the group to Calder along with David McPherson.,57d9be2eeda5fbaad0290c45f4e95813da95e09633d5fd84df35a758151788abec644a351cdf610c7b792561d1db0ac6f122dbc94404646941967bd6f0befd44
t0523,female,cross,cross,168,3.995,common_voice_en_21362498.mp3,"The hooded ""Sodales"" took a cross for penitence.",c11c9fdccbc3a99967bb74572864767d4504616e08dffd12988736c6aa0b7624ade55e3e58bd7db4a74a484b3519b8420216e3a3f7106bf6e79037d0b303c202,common_voice_en_21362549.mp3,party,c11c9fdccbc3a99967bb74572864767d4504616e08dffd12988736c6aa0b7624ade55e3e58bd7db4a74a484b3519b8420216e3a3f7106bf6e79037d0b303c202,common_voice_en_26907376.mp3,"There is also no doubt that the parish priest, Donald Martin, encouraged the desertion.",5eaa49f00193ae8a891fa69e0c5a5ddbaf415ec00f344e11d982c8ec02606e2c4af3b7d9e4dc96fc3f68a296ff841aabea06ee2177d4966adfaeb885a7031ced,common_voice_en_27765949.mp3,All three engines were coupled to a five-speed manual gearbox.,b2870dc99df2b38469c6d5e35f8bf90b211473061553659bb6c384c027c087bcc6a5e39b8a98d421666a74d6b1d97648cf9aa8adf892d5c7e503cad09cf2d913
t0524,female,Party,party,490,2.07,common_voice_en_21362549.mp3,Senator for the Democratic Party from Tennessee.,c11c9fdccbc3a99967bb74572864767d4504616e08dffd12988736c6aa0b7624ade55e3e58bd7db4a74a484b3519b8420216e3a3f7106bf6e79037d0b303c202,common_voice_en_21362498.mp3,sodales,c11c9fdccbc3a99967bb74572864767d4504616e08dffd12988736c6aa0b7624ade55e3e58bd7db4a74a484b3519b8420216e3a3f7106bf6e79037d0b303c202,common_voice_en_18938845.mp3,"Sean has said it was ""inspired by my girlfriend"".",c120fad6205991947955b49f624dadce93bf9f952a73fc655dc8fc4a926753ee2fae9656717727d6f0706399ef0b4163beef5c3fe29edb5f77cef61791a2e632,common_voice_en_20315964.mp3,They were going to serve France and Britain.,73aee4c550b16b53b5f67691c69005e40a777651ea33b4b1efff1be1ecb138ea843efc9890f76f3694eb25a1b1edf60415a10c1380958500e5854f27e465255f
t0525,female,today,today,718,1.773,common_voice_en_21362542.mp3,It is today considered the oldest Primitive Baptist association in existence.,c11c9fdccbc3a99967bb74572864767d4504616e08dffd12988736c6aa0b7624ade55e3e58bd7db4a74a484b3519b8420216e3a3f7106bf6e79037d0b303c202,common_voice_en_21362498.mp3,sodales,c11c9fdccbc3a99967bb74572864767d4504616e08dffd12988736c6aa0b7624ade55e3e58bd7db4a74a484b3519b8420216e3a3f7106bf6e79037d0b303c202,common_voice_en_24957664.mp3,He played as right and left full back and centre back.,251987ae2c46364e758f6899791c3dc99511274ccffce31ee18ac421e9baa6b75871e7984e841519abc86908c166bca280f83e2c1b83941220f2d8ad500502e3,common_voice_en_18713422.mp3,All stations remained on its pre-transition digital channels.,ab72e9ab22713aec03a3189202a0713e56016ea07569b3041fcd65d77c9eb3f8c692f7ccaec75c16bbc62476d528f434d829193994cf07fcde9e3b1e4a2fa93a
t0526,female,considered,considered,147,2.295,common_voice_en_21362542.mp3,It is today considered the oldest Primitive Baptist association in existence.,c11c9fdccbc3a99967bb74572864767d4504616e08dffd12988736c6aa0b7624ade55e3e58bd7db4a74a484b3519b8420216e3a3f7106bf6e79037d0b303c202,common_voice_en_21362498.mp3,sodales,c11c9fdccbc3a99967bb74572864767d4504616e08dffd12988736c6aa0b7624ade55e3e58bd7db4a74a484b3519b8420216e3a3f7106bf6e79037d0b303c202,common_voice_en_25374192.mp3,"If eaten before fully ripe, a bitter, poisonous latex is released from the skin.",ccd74b183815190710e8a55c32686b54c0bcfbb27b96e5637daadc0eadd7db5c21c5cd0aba048e47181bb8c3bf6213f76a661b1fc7083660e512d2c95a1e4c64,common_voice_en_18834663.mp3,These groups gather for prayer and fellowship.,47cd6e7c8d8fbf59a7527e2e7638f101bb0b5bd7f0d44c79c85da7a2cd818026ea249a1359d08c8ae0a050feeab9f803d54132ac0fd592e29c66efc1faad2c91
t0527,female,association,association,46,5.011,common_voice_en_21362542.mp3,It is today considered the oldest Primitive Baptist association in existence.,c11c9fdccbc3a99967bb74572864767d4504616e08dffd12988736c6aa0b7624ade55e3e58bd7db4a74a484b3519b8420216e3a3f7106bf6e79037d0b303c202,common_voice_en_21362498.mp3,sodales,c11c9fdccbc3a99967bb74572864767d4504616e08dffd12988736c6aa0b7624ade55e3e58bd7db4a74a484b3519b8420216e3a3f7106bf6e79037d0b303c202,common_voice_en_27227750.mp3,"Today, however, these gauges have largely been replaced by electronic vacuum gauges.",acefbb332db5ce3a5176cabcf11976d544177c9cc2aa0341e37bf9831b07b0c93eea6bfc53d97214ab261d1debb927bf66afb61c88db722415a5af6545b5ed9d,common_voice_en_25237208.mp3,"Also, the centrally placed town hall was an ideal orientation point for the crews.",237e81fc51f15ecd6110e84cd348aa161f160c2fe66f3473ab636219b328f68022217c3233cd44712256c5c6b47be952fae445217e29ee43bb3ac6d00fe56e9b
t0528,female,believe,believe,65,3.745,common_voice_en_21362501.mp3,"In addition, the Vortigaunts believe in a binding life-force referred to as the ""Vortessence"".",c11c9fdccbc3a99967bb74572864767d4504616e08dffd12988736c6aa0b7624ade55e3e58bd7db4a74a484b3519b8420216e3a3f7106bf6e79037d0b303c202,common_voice_en_21362498.mp3,sodales,c11c9fdccbc3a99967bb74572864767d4504616e08dffd12988736c6aa0b7624ade55e3e58bd7db4a74a484b3519b8420216e3a3f7106bf6e79037d0b303c202,common_voice_en_17979393.mp3,Tea served from the brown jug is tasty.,97b5754c2b7322d08cc69d621f60a6be00d50a86ef476e6a240529cb2dc06025626beddbcafff75d80ec8871a4b8cae6dd253dfa7009ee443b82423108973e01,common_voice_en_18599920.mp3,"No, she had never seen him.",0b4e60313b768ff71ff727b35ceeabcb1271ad96c23d1b143031f280da91934aa5f4434fab9b0a645ca370400ae5a6b2995b3f49c27f6bc11561c84c41f89767
t0529,male,Chinese,chinese,119,1.605,common_voice_en_21281452.mp3,"In American Chinese restaurants, lo mein is a popular take-out food.",d6a158cfd02cf2acbdfafa494f36145d069f0c6afb4ef5606ebad63b5b8f9a0192318b677bc689086c52b11be52f6646f4d4d1611b9a33f1988f53c0649d352b,common_voice_en_21281335.mp3,,d6a158cfd02cf2acbdfafa494f36145d069f0c6afb4ef5606ebad63b5b8f9a0192318b677bc689086c52b11be52f6646f4d4d1611b9a33f1988f53c0649d352b,common_voice_en_18300395.mp3,This is a toilet sewer drain pipe.,ac6c32f959398d495a2bd3ff3a6d7b3dc0f9700ded23aef5f248bc799b3210e84b90cf8eaca63f0bd7caad7fd8d2f1914223a32a39085381242d0f0b0411ce5d,common_voice_en_20107718.mp3,The following month Luther Lee and L. C. Matlock followed.,344bf332f298134d3880f9e38710e4c7e7037157bd63a3f5334f3c0d627ff61645ffff180419eb666587109a9a7638148728a3c5765f76296fd68c957088b428
t0530,male,popular,popular,517,4.986,common_voice_en_21281452.mp3,"In American Chinese restaurants, lo mein is a popular take-out food.",d6a158cfd02cf2acbdfafa494f36145d069f0c6afb4ef5606ebad63b5b8f9a0192318b677bc689086c52b11be52f6646f4d4d1611b9a33f1988f53c0649d352b,common_voice_en_21281335.mp3,,d6a158cfd02cf2acbdfafa494f36145d069f0c6afb4ef5606ebad63b5b8f9a0192318b677bc689086c52b11be52f6646f4d4d1611b9a33f1988f53c0649d352b,common_voice_en_23986245.mp3,This may be among his most important contribution to pre-Confederation Canadian history.,e2292237c77b576132df4cdbb79155e854aeff199c96095ab6db95684d8fa140ff1f42fe9cf87b811f15ce8039d6563a304b507926ca4a641d04765a70b79d91,common_voice_en_26072299.mp3,Juan March Foundation.,cea18d12298f2bbae520713a1cfcf05e63b2b9470dcc0adadabc81e69d8d57a0f3c22c06bc4f280d08b9084d3e16b22b3c5d60f7711c9db8dba0d3f53075a34e
t0531,male,Natural,natural,446,4.027,common_voice_en_21281335.mp3,"At first, programmes were confined to the Arts, Natural Sciences, and Social Sciences.",d6a158cfd02cf2acbdfafa494f36145d069f0c6afb4ef5606ebad63b5b8f9a0192318b677bc689086c52b11be52f6646f4d4d1611b9a33f1988f53c0649d352b,common_voice_en_21281452.mp3,mein,d6a158cfd02cf2acbdfafa494f36145d069f0c6afb4ef5606ebad63b5b8f9a0192318b677bc689086c52b11be52f6646f4d4d1611b9a33f1988f53c0649d352b,common_voice_en_132770.mp3,Everyone seemed very excited.,4bfe9ea2e2139981541f39ef9c2acf3759dbf43eedd62727328d61584cf21dbe0d7324b990eb53f894aff0221d6434e1f0e8d0480c9adf23d5700540da9e32e7,common_voice_en_24583385.mp3,He has been a runner-up for the Pulitzer Prize in photography four times.,57d9be2eeda5fbaad0290c45f4e95813da95e09633d5fd84df35a758151788abec644a351cdf610c7b792561d1db0ac6f122dbc94404646941967bd6f0befd44
t0532,male,Social,social,632,5.429,common_voice_en_21281335.mp3,"At first, programmes were confined to the Arts, Natural Sciences, and Social Sciences.",d6a158cfd02cf2acbdfafa494f36145d069f0c6afb4ef5606ebad63b5b8f9a0192318b677bc689086c52b11be52f6646f4d4d1611b9a33f1988f53c0649d352b,common_voice_en_21281452.mp3,mein,d6a158cfd02cf2acbdfafa494f36145d069f0c6afb4ef5606ebad63b5b8f9a0192318b677bc689086c52b11be52f6646f4d4d1611b9a33f1988f53c0649d352b,common_voice_en_489022.mp3,The top had certainly ceased to rotate.,e0d7a688f2120ecee07ddb41ac200ecc18f5bc1df8eeea38b1d4e6d006c502104b5b6d5467ae0fda26d24ca4f78d1203ea960926cee9bbd1ae30d29953fb3cfe,common_voice_en_17271738.mp3,"I guess, it's a never-ending story.",689e025322b49ae0a0b0490326b546b8658dad38021d4ef85dd848e62c9fec6c1553b49f2dd9f571870ef1963eb98d7eceac260e08c48fd86a835b0f478def12
t0533,male,nothing,nothing,459,2.457,common_voice_en_21281543.mp3,"Since that time, nothing has really changed.",d6a158cfd02cf2acbdfafa494f36145d069f0c6afb4ef5606ebad63b5b8f9a0192318b677bc689086c52b11be52f6646f4d4d1611b9a33f1988f53c0649d352b,common_voice_en_21281452.mp3,mein,d6a158cfd02cf2acbdfafa494f36145d069f0c6afb4ef5606ebad63b5b8f9a0192318b677bc689086c52b11be52f6646f4d4d1611b9a33f1988f53c0649d352b,common_voice_en_544128.mp3,Theresa couldn't feel any more dumb right now.,d3a0913fe71858f01fffe06f9ad67582b6da4bff29595c7a8630c61caad539550612ff7d51c22649d172b733f29de6b6725d2ffc65977a10d5b139e4e1f7cf52,common_voice_en_27486015.mp3,"Presently, French must merely be the predominant language, but others are allowed.",8449194e8b74b81d761d7a3786cdd5d099aff4f33737c7f476edf3435c3eb483ff6d6515d153c7cfb9193821f01a3a0bd6b049740b029acd7b1488df9bd579d8
t0534,male,really,really,558,2.987,common_voice_en_21281543.mp3,"Since that time, nothing has really changed.",d6a158cfd02cf2acbdfafa494f36145d069f0c6afb4ef5606ebad63b5b8f9a0192318b677bc689086c52b11be52f6646f4d4d1611b9a33f1988f53c0649d352b,common_voice_en_21281452.mp3,mein,d6a158cfd02cf2acbdfafa494f36145d069f0c6afb4ef5606ebad63b5b8f9a0192318b677bc689086c52b11be52f6646f4d4d1611b9a33f1988f53c0649d352b,common_voice_en_17246307.mp3,Why didn't you come to our launch party?,d0b62ac1e57e267f16088ee614cdaf09a9826c3b704ce2f79746ef16e248c19f9ff54ab124c25647def1f4414dc2a510eb8b6cfd3a41ae6681571b91b2a6f9df,common_voice_en_23810563.mp3,"Steven and Ann Redgrave have three children, Natalie, Sophie and Zac.",73c02e71a421fb680e24475dd7d773845df45878b4c8ed8b08c026be032130fbfc32bc2005c3ec209fb02392422eda58ddf4cbc17ea01dfa4550d9b71d5d3c84
t0535,female,alchemist,alchemist,20,1.851,common_voice_en_134276.mp3,The alchemist turned to the boy.,3c64e964c2b809ce4c4f087c11fe90b765a7a37cb28da6a580fce8c173e3efe0ed44f696c351ba107348af0de28e3ad881a8c55bbbaced89805cb2ff681495d1,common_voice_en_134292.mp3,started,3c64e964c2b809ce4c4f087c11fe90b765a7a37cb28da6a580fce8c173e3efe0ed44f696c351ba107348af0de28e3ad881a8c55bbbaced89805cb2ff681495d1,common_voice_en_27223912.mp3,"In Sephardic usage it is a synonym for ""rabbi"".",af294a21d920e11013661f4735c1ebd5df298b0c73074b35ae4c3ea490ee8e630766fc629741346f123353256859ef7d055ee8dcce07e48a091cc8bedec671e3,common_voice_en_19153768.mp3,"Laurel is part of the Salisbury, Maryland-Delaware Metropolitan Statistical Area.",1cde80cf376b131d64cfdceb3da5cc77f3e3e5a7fc81a2eaeb3d41424d456b3ffd6b78b27cc80f2bb43d3ec097d8a623753de7057cc1b80515b0d9599ec6e3b7
t0536,female,turned,turned,735,2.565,common_voice_en_134276.mp3,The alchemist turned to the boy.,3c64e964c2b809ce4c4f087c11fe90b765a7a37cb28da6a580fce8c173e3efe0ed44f696c351ba107348af0de28e3ad881a8c55bbbaced89805cb2ff681495d1,common_voice_en_134292.mp3,started,3c64e964c2b809ce4c4f087c11fe90b765a7a37cb28da6a580fce8c173e3efe0ed44f696c351ba107348af0de28e3ad881a8c55bbbaced89805cb2ff681495d1,common_voice_en_607877.mp3,I was impatient to see it opened.,a1573f20b82d1823b5a8db60e86c33cc97b7f9218ef77edbb9526d7bc1d4fbfacd6c436ea0e25b86a5cb79c59593ca09407b67e2256d712f76912fc86c8a76df,common_voice_en_547429.mp3,Let her come to us.,9db071da66e5b08a2abe0685a5f845403656201988e5785b221c48ed1333f97990248c8b62cede0628fac8a77ce4da5f3369ebcbc964bccfa6105243bccacdef
t0537,female,beginning,beginning,62,2.146,common_voice_en_134292.mp3,"Now, I'm beginning what I could have started ten years ago.",3c64e964c2b809ce4c4f087c11fe90b765a7a37cb28da6a580fce8c173e3efe0ed44f696c351ba107348af0de28e3ad881a8c55bbbaced89805cb2ff681495d1,common_voice_en_134276.mp3,alchemist,3c64e964c2b809ce4c4f087c11fe90b765a7a37cb28da6a580fce8c173e3efe0ed44f696c351ba107348af0de28e3ad881a8c55bbbaced89805cb2ff681495d1,common_voice_en_27169723.mp3,It also fired from a closed bolt along with using blowback for its action.,0b3d55acf115fdf88131d7324fa9a7e1a26542405b0671d5ec0d9ed34b40fa0158576fd51ee9cc937a41b1c529f49cfb23fec693ae1382f21ec8fed796a9dece,common_voice_en_18723586.mp3,"Lt. Ron Noble of the Corvallis Police Department said, ""Normally, we would wait.",bab25eca7e49f530d6cf891a5a84e13b1b3f72e03465cf41d04780339cbfd5d15c3cd1846f0c303ae319cca9848a45a7844b30cfe771becd788555fa18c635a1
t0538,female,could,could,155,2.957,common_voice_en_134292.mp3,"Now, I'm beginning what I could have started ten years ago.",3c64e964c2b809ce4c4f087c11fe90b765a7a37cb28da6a580fce8c173e3efe0ed44f696c351ba107348af0de28e3ad881a8c55bbbaced89805cb2ff681495d1,common_voice_en_134276.mp3,alchemist,3c64e964c2b809ce4c4f087c11fe90b765a7a37cb28da6a580fce8c173e3efe0ed44f696c351ba107348af0de28e3ad881a8c55bbbaced89805cb2ff681495d1,common_voice_en_22083934.mp3,It completed in August and the film was previewed in November of that year.,7eff9a54bdb0619deffda7609d5b8565278e3328de99e63908be2a37c1ad16516240b9c92bc6b68d8130b20dc556f57005dc053f4874a49589f5971a31b97e98,common_voice_en_21698324.mp3,It is now part of the Professional division of Thomson Reuters.,ecfcc205b3797b1a5877206e47416134039604ba5df8c499b2bffefc049668eacab7861b1a624f9ec43840608c05e2f659e91e1ecc5280a329e61679f6d104ef
t0539,female,started,started,654,3.638,common_voice_en_134292.mp3,"Now, I'm beginning what I could have started ten years ago.",3c64e964c2b809ce4c4f087c11fe90b765a7a37cb28da6a580fce8c173e3efe0ed44f696c351ba107348af0de28e3ad881a8c55bbbaced89805cb2ff681495d1,common_voice_en_134276.mp3,alchemist,3c64e964c2b809ce4c4f087c11fe90b765a7a37cb28da6a580fce8c173e3efe0ed44f696c351ba107348af0de28e3ad881a8c55bbbaced89805cb2ff681495d1,common_voice_en_552047.mp3,It was the most delicious wine he had ever tasted.,8b102896ecc45e2c44f29162de14d8131d150c1f84637960acbc2cba9574fc0eee1bba2dff912e9ecbb5353f8c40b2f941ad2adc24ba3525c5c5778558746332,common_voice_en_20840890.mp3,Aspasia Manos was initially interred at the cemetery of Isola di San Michele.,c4215a63594a310a1f1003e4cc4a990ad4c7475e8cb46582a77860e27dc59993062e0d817ccd56b5eea9c8f436b1ab5140e7b4a616264571c5836dfd87080ca9
t0540,female,years,years,794,4.561,common_voice_en_134292.mp3,"Now, I'm beginning what I could have started ten years ago.",3c64e964c2b809ce4c4f087c11fe90b765a7a37cb28da6a580fce8c173e3efe0ed44f696c351ba107348af0de28e3ad881a8c55bbbaced89805cb2ff681495d1,common_voice_en_134276.mp3,alchemist,3c64e964c2b809ce4c4f087c11fe90b765a7a37cb28da6a580fce8c173e3efe0ed44f696c351ba107348af0de28e3ad881a8c55bbbaced89805cb2ff681495d1,common_voice_en_25938003.mp3,The park is open every day of Easter till the beginning of October.,7f5947e063f77f5baf77af5641e0a9b745f32dde91ef934aeee7f366c44d7ec93c5e4b0392c3725b45da2001ae439519fd1ba76068c178bb2b5284aa9b134dd9,common_voice_en_25199983.mp3,"The words ""to catenate"" and ""catenation"" reflect the Latin root ""catena"", ""chain"".",f90bac426847cc75c9337943ca3549153fca053b99cb5af488eafa7defefb2b037d1fab610b73ed6506d1dd9f003e80806299aab39e586227a740c9e5909d2e1
t0541,male,"south,",south,640,2.107,common_voice_en_209244.mp3,"And the girl pointed to the south, indicating that it was there the strange man lived.",c947abaa955f8c89270cee73697a380e9e9998f27ea4c567af2be4b719d07945ce46aae51432a4f2832574635acda37fc02d2d5087c7459ceea10fe99e611d56,common_voice_en_209251.mp3,,c947abaa955f8c89270cee73697a380e9e9998f27ea4c567af2be4b719d07945ce46aae51432a4f2832574635acda37fc02d2d5087c7459ceea10fe99e611d56,common_voice_en_28932250.mp3,The abridged translation was copied several times by Greek and Byzantine clerks.,6057fbf74d326056ace61a5053faa65395033cc22b1a964131263d21eebc5414ec02d035281c98256d6b1f2dfffbd3f0994fa8069882d3016f42591c19a8f737,common_voice_en_27195491.mp3,This remains Bond's main weapon throughout Benson's novels.,e31822077e104d2f1781db7ce098c016abca0314515a35f564b26c30e59c0d2a0206cdf020dfbfe4e7340388f898c34d51e2d625681694a797c49581af656fba
t0542,male,there,there,700,4.276,common_voice_en_209244.mp3,"And the girl pointed to the south, indicating that it was there the strange man lived.",c947abaa955f8c89270cee73697a380e9e9998f27ea4c567af2be4b719d07945ce46aae51432a4f2832574635acda37fc02d2d5087c7459ceea10fe99e611d56,common_voice_en_209251.mp3,,c947abaa955f8c89270cee73697a380e9e9998f27ea4c567af2be4b719d07945ce46aae51432a4f2832574635acda37fc02d2d5087c7459ceea10fe99e611d56,common_voice_en_19973383.mp3,"Many birds visit the nectar-rich ""Erythrina"" flowers.",c7fa9b2502b716b516b076ca89ff79e29d183ac0c006ce10ce33b61b0cd08542049535c83a89ff71168375d4a3bbbca2bcc25ecf5cc5f0653563862b73121cd2,common_voice_en_24510903.mp3,"Eaton was born in Vancouver, British Columbia, Canada.",00629ef5283de6396fb220d873d360b001eee93946c70473d949026bc9473a79275502f92d1000fedafed7fd5770c8cec6e425b53d3602ea2b49cb5dc5ff4fb0
t0543,male,asked.,asked,44,2.277,common_voice_en_209251.mp3,"""What's your name?"" he asked.",c947abaa955f8c89270cee73697a380e9e9998f27ea4c567af2be4b719d07945ce46aae51432a4f2832574635acda37fc02d2d5087c7459ceea10fe99e611d56,common_voice_en_209244.mp3,,c947abaa955f8c89270cee73697a380e9e9998f27ea4c567af2be4b719d07945ce46aae51432a4f2832574635acda37fc02d2d5087c7459ceea10fe99e611d56,common_voice_en_182261.mp3,"I don't know why these things have to be transmitted by word of mouth, he thought.",02ce7cb59a235dfbfa936347b0af15f7ed94e9e692fe48bdb0850fb12df0c9015157d539e0a51be0fd3cd9e519220a67c79a14dc102e69f2e70a15c3f387aad5,common_voice_en_21721942.mp3,The two decide to ask Sarah T. Hughes to administer the oath.,63e2659d2ae278fc14fcbce9bfba6788171021fe287d6c6c2b7eca3f55a579cab25cb013c02e6adc0e858b703296b56bdc0d06ce20ab414501766c8badecbf9c
t0544,male,dream,dream,199,2.849,common_voice_en_209233.mp3,"I'm afraid that if my dream is realized, I'll have no reason to go on living.",c947abaa955f8c89270cee73697a380e9e9998f27ea4c567af2be4b719d07945ce46aae51432a4f2832574635acda37fc02d2d5087c7459ceea10fe99e611d56,common_voice_en_209244.mp3,,c947abaa955f8c89270cee73697a380e9e9998f27ea4c567af2be4b719d07945ce46aae51432a4f2832574635acda37fc02d2d5087c7459ceea10fe99e611d56,common_voice_en_18125320.mp3,"Apparently, the autocomplete feature is not working temporarily.",0c62e7bc794b538067d7d92ae657444639c585478b82240cfea92b48ceb7c93c8af87060b95cb4cc55ba098baf112d5bddc9573d656db1badc93f99e1bf60dc4,common_voice_en_534473.mp3,Who you holding out on?,94ead8b5b24a9780fe9e1606a44940883166504ad73912d3264789d522a82628b3e21f11482cc2a698df181af45dd9a2658a467bf49e85eba9f17819ec7f8d85
t0545,male,reason,reason,559,5.197,common_voice_en_209233.mp3,"I'm afraid that if my dream is realized, I'll have no reason to go on living.",c947abaa955f8c89270cee73697a380e9e9998f27ea4c567af2be4b719d07945ce46aae51432a4f2832574635acda37fc02d2d5087c7459ceea10fe99e611d56,common_voice_en_209244.mp3,,c947abaa955f8c89270cee73697a380e9e9998f27ea4c567af2be4b719d07945ce46aae51432a4f2832574635acda37fc02d2d5087c7459ceea10fe99e611d56,common_voice_en_27494142.mp3,This influence was to remain for years to come.,ef8fbeac756a6a2141ae62c4bf1111c213cc054a6fc099958996a257602b370bb58939503364b21b3651f98fa0df1ea7e217c17ab2f12fd52f5145f9054ec36b,common_voice_en_17979078.mp3,This is probably because the buildings were made out of stone.,97b5754c2b7322d08cc69d621f60a6be00d50a86ef476e6a240529cb2dc06025626beddbcafff75d80ec8871a4b8cae6dd253dfa7009ee443b82423108973e01
t0546,male,looked,looked,388,2.095,common_voice_en_426871.mp3,"The man looked up from his book and, noticing nothing newsworthy, returned his gaze to the page and continued reading.",c16b68a2631a93d0b00ec0bb34aa0a491e8efb0b2bd545af731a837169c7d771ec6898443f728f95def1e9f93676a3ee51b192262102508cf2d5c1163b7b8db8,common_voice_en_426874.mp3,,c16b68a2631a93d0b00ec0bb34aa0a491e8efb0b2bd545af731a837169c7d771ec6898443f728f95def1e9f93676a3ee51b192262102508cf2d5c1163b7b8db8,common_voice_en_20779685.mp3,Grose immediately abandoned Phillip's plans for governing the colony.,372293e65cdab88771e028a4351651ab2eff64438ddafc211e089247dcdccca350153465eb5409ce708081d9ad384af45d1dc57bbe030ae1a2c0edd561322fb8,common_voice_en_20133370.mp3,Adjacent land used for railway purposes became a supermarket and a private sports facility.,344bf332f298134d3880f9e38710e4c7e7037157bd63a3f5334f3c0d627ff61645ffff180419eb666587109a9a7638148728a3c5765f76296fd68c957088b428
t0547,male,nothing,nothing,459,3.74,common_voice_en_426871.mp3,"The man looked up from his book and, noticing nothing newsworthy, returned his gaze to the page and continued reading.",c16b68a2631a93d0b00ec0bb34aa0a491e8efb0b2bd545af731a837169c7d771ec6898443f728f95def1e9f93676a3ee51b192262102508cf2d5c1163b7b8db8,common_voice_en_426874.mp3,,c16b68a2631a93d0b00ec0bb34aa0a491e8efb0b2bd545af731a837169c7d771ec6898443f728f95def1e9f93676a3ee51b192262102508cf2d5c1163b7b8db8,common_voice_en_18424123.mp3,The car headlights were reflected in the puddle.,a756a523466820ede057878d1cd70f9418a9b0c74eeed9113a399827cbe24b1f6594528eb9f3923c05fc0ccea079ecd179f22e94980ebed037ef4251b5a63ae7,common_voice_en_22324710.mp3,"It is Ireland's equivalent of the Epsom Oaks, a famous race in England.",8449194e8b74b81d761d7a3786cdd5d099aff4f33737c7f476edf3435c3eb483ff6d6515d153c7cfb9193821f01a3a0bd6b049740b029acd7b1488df9bd579d8
t0548,male,returned,returned,583,5.194,common_voice_en_426871.mp3,"The man looked up from his book and, noticing nothing newsworthy, returned his gaze to the page and continued reading.",c16b68a2631a93d0b00ec0bb34aa0a491e8efb0b2bd545af731a837169c7d771ec6898443f728f95def1e9f93676a3ee51b192262102508cf2d5c1163b7b8db8,common_voice_en_426874.mp3,,c16b68a2631a93d0b00ec0bb34aa0a491e8efb0b2bd545af731a837169c7d771ec6898443f728f95def1e9f93676a3ee51b192262102508cf2d5c1163b7b8db8,common_voice_en_21346978.mp3,The scroll ball will eventually become clogged with dirt and require cleaning.,9a91a00fa1c8844d761e0bbb191f87d023185b5eaa08a6bc2f4030e7f2604c4f84ecc8725e7a47df26158f1414a2b868368eba0dca8545c3afcb74dfb6d20400,common_voice_en_23948063.mp3,This incorporates both the elasticity and viscosity of the material.,5975987d44274cba008a325627d6303ada3577a68838f2e8041d265d43675242731f5956d778eb81c805d1ba28131c9e4014b351684cbde4af32e80cc7d0c7fa
t0549,male,continued,continued,152,7.079,common_voice_en_426871.mp3,"The man looked up from his book and, noticing nothing newsworthy, returned his gaze to the page and continued reading.",c16b68a2631a93d0b00ec0bb34aa0a491e8efb0b2bd545af731a837169c7d771ec6898443f728f95def1e9f93676a3ee51b192262102508cf2d5c1163b7b8db8,common_voice_en_426874.mp3,,c16b68a2631a93d0b00ec0bb34aa0a491e8efb0b2bd545af731a837169c7d771ec6898443f728f95def1e9f93676a3ee51b192262102508cf2d5c1163b7b8db8,common_voice_en_221807.mp3,I'm going to build a bridge a mile long.,c90b53f826ff81831f6499b9e1e98607e8b2c0f8bbaf8be1bf62bf27dc7ff887bd734b9a4cee852af2d1acda3e479781d7c5a8b1633407b705905c4b5049cb35,common_voice_en_19749697.mp3,"Generally, the symptoms are profound in turkeys, while chickens are usually asymptomatic.",2a541b1a56d5d5e7efef4e54f1ed0e792bb14b1e3a3ef88cbd4a53c1fac26f7f30cc3d5e4079fb4ceed195dc3506f375bdd18fbe9e8a89c279ec87e15810703d
t0550,male,reading.,reading,557,7.529,common_voice_en_426871.mp3,"The man looked up from his book and, noticing nothing newsworthy, returned his gaze to the page and continued reading.",c16b68a2631a93d0b00ec0bb34aa0a491e8efb0b2bd545af731a837169c7d771ec6898443f728f95def1e9f93676a3ee51b192262102508cf2d5c1163b7b8db8,common_voice_en_426874.mp3,,c16b68a2631a93d0b00ec0bb34aa0a491e8efb0b2bd545af731a837169c7d771ec6898443f728f95def1e9f93676a3ee51b192262102508cf2d5c1163b7b8db8,common_voice_en_17281012.mp3,We would prefer for your search to be carried out discreetly.,8f403fc4f508ed7fe43dde9905f8641e7979d510da60705fd60983a691fb60aa825b8fbffb2d23db29ea7d74947210e162ee9759ed4a99c415f1940a0ad503ad,common_voice_en_29907.mp3,And you know it.,c948b5166ffa7f0a17b7d067f7f99418cfe1cf101ee9b845047cdcb43911af6bc2c5f775f5099e60052e8edf9d59a2a0fdd906095c9ea0f02c8af763b2088235
t0551,male,"election,",election,212,2.093,common_voice_en_20440359.mp3,"In the parliamentary election, the party was pro-presidential, supporting the incumbent President Leonid Kuchma.",fb39d657f421e8a4a8adc46fbcaf8cba76f21bda4ad49070bb93de743092bc4adfeadc37ee7e05c208478d1507de334cc7e5898a89ae581a8a9872781dc49cfa,common_voice_en_20440352.mp3,manna,fb39d657f421e8a4a8adc46fbcaf8cba76f21bda4ad49070bb93de743092bc4adfeadc37ee7e05c208478d1507de334cc7e5898a89ae581a8a9872781dc49cfa,common_voice_en_18802017.mp3,"Govan's, ""Gerhard Tersteegen: Life and Selections"".",c891b3370620fe609c295123b25ef838bb0a735d3ca17c7a736e0ccd02951477f0a7d0d3615f9ef71d84fdc93baea83982eb3d731beb20402117c70a25ec66a5,common_voice_en_18313638.mp3,"I'll have two beers, a pint of scrumpy and half a shandy please",a66502274ba86d5cc0747ddb26dc9b544e1d0ff18e4b6f1b62dd8e74d508ff8341b6c8f122dfb0a428d2ddc8d16f54e31ca723c5c7ba01750dd4b0406fbed94e
t0552,male,party,party,490,2.955,common_voice_en_20440359.mp3,"In the parliamentary election, the party was pro-presidential, supporting the incumbent President Leonid Kuchma.",fb39d657f421e8a4a8adc46fbcaf8cba76f21bda4ad49070bb93de743092bc4adfeadc37ee7e05c208478d1507de334cc7e5898a89ae581a8a9872781dc49cfa,common_voice_en_20440352.mp3,manna,fb39d657f421e8a4a8adc46fbcaf8cba76f21bda4ad49070bb93de743092bc4adfeadc37ee7e05c208478d1507de334cc7e5898a89ae581a8a9872781dc49cfa,common_voice_en_18893817.mp3,The identity of the specimen is being kept secret by Harlan.,ecfdfd3aedbfb8345192146373d5721f7debbc4e8da3b292bd5213ae522ec726f4db93997a1aaf6cc2117559bdb73f37a53cb4591002f021b07e66bdc15209f4,common_voice_en_20149412.mp3,"His albums include ""Here Comes The Dub Poet"", ""My Tribe"" and ""Live in Concert"".",1f150fa72ab4ef621c4294d6a1ac26a477f4a8b88090c9560a07086a823090bd820852a2c23c96076c62baf2e5479183f58d0257aefc2fc8ee49d0ee724b6d6c
t0553,male,President,president,524,6.462,common_voice_en_20440359.mp3,"In the parliamentary election, the party was pro-presidential, supporting the incumbent President Leonid Kuchma.",fb39d657f421e8a4a8adc46fbcaf8cba76f21bda4ad49070bb93de743092bc4adfeadc37ee7e05c208478d1507de334cc7e5898a89ae581a8a9872781dc49cfa,common_voice_en_20440352.mp3,manna,fb39d657f421e8a4a8adc46fbcaf8cba76f21bda4ad49070bb93de743092bc4adfeadc37ee7e05c208478d1507de334cc7e5898a89ae581a8a9872781dc49cfa,common_voice_en_17290041.mp3,But where are you going?,0142f8ea06eabc6d860569a797ad8e2ba9045ca83ea01a55f40500e3e57feeac6cab2bb142203a5cc14959dc08602445bdfcec93659c06d63a82f2d00dde1d3b,common_voice_en_20743235.mp3,His daughter Sikivu Hutchinson is a nationally acclaimed author and speaker.,29b8505586cd43382cd695da6b943f401104be710a5b60e814ac5fe7e06b39459cf8fe1701ca83f8154b3ccd749df7c2aef33ff23950bb1a135b1e1c393dbcf6
t0554,male,these,these,703,1.978,common_voice_en_20440357.mp3,"The two seem to rather enjoy these comical arguments, in fact.",fb39d657f421e8a4a8adc46fbcaf8cba76f21bda4ad49070bb93de743092bc4adfeadc37ee7e05c208478d1507de334cc7e5898a89ae581a8a9872781dc49cfa,common_voice_en_20440352.mp3,manna,fb39d657f421e8a4a8adc46fbcaf8cba76f21bda4ad49070bb93de743092bc4adfeadc37ee7e05c208478d1507de334cc7e5898a89ae581a8a9872781dc49cfa,common_voice_en_23836673.mp3,The cave is fully electrically illuminated.,f86623298d3dbab0187cbb055721fd4596c8665c4e19fd49626680bad857630e33db565c426d2d648df7136e1e3374004d18f072ce5da469596f6a1ebe8f5e62,common_voice_en_20522665.mp3,Cultural organisations in Liverpool provide context for the presentation of contemporary art and culture.,7eff9a54bdb0619deffda7609d5b8565278e3328de99e63908be2a37c1ad16516240b9c92bc6b68d8130b20dc556f57005dc053f4874a49589f5971a31b97e98
t0555,female,featured,featured,242,2.482,common_voice_en_22919120.mp3,The music for the closing credits featured a drum roll introduction.,b63e9f160905d449f5726e1afe49b6a722995a7edd35ab62810788435c7094bf37799732cefdf959ae8f3eec6e16bfa87b99a91974270f4d3728f6c1a62dffd5,common_voice_en_22919146.mp3,,b63e9f160905d449f5726e1afe49b6a722995a7edd35ab62810788435c7094bf37799732cefdf959ae8f3eec6e16bfa87b99a91974270f4d3728f6c1a62dffd5,common_voice_en_23711995.mp3,"The workhouse infirmary combined the functions of a general, infectious diseases, and mental hospital.",b48824a5de86afa407fba1709f04594e0541b68575c1e1a10addcbc317df54c75a98835fbc5bcc00763711b2d28744da65f3ea3e0da93a60b8be81a131e9b899,common_voice_en_27596700.mp3,He finished fifth in the National League in hits that year.,8b0618af72062bd2e924de86ce52f405a85f4124740dae43c88d9540c9b09936a56924882f78192d90f69779ef4a9d3f6045e49676a34d95b28bcb35ba69abe3
t0556,female,never,never,452,2.085,common_voice_en_22919136.mp3,"However, the Aztecs never fully conquered certain mostly nomadic indigenous groups in the area.",b63e9f160905d449f5726e1afe49b6a722995a7edd35ab62810788435c7094bf37799732cefdf959ae8f3eec6e16bfa87b99a91974270f4d3728f6c1a62dffd5,common_voice_en_22919146.mp3,,b63e9f160905d449f5726e1afe49b6a722995a7edd35ab62810788435c7094bf37799732cefdf959ae8f3eec6e16bfa87b99a91974270f4d3728f6c1a62dffd5,common_voice_en_22316414.mp3,France was the second largest recipient after Britain.,aa229274711f2b10e408628ffc5e5ae8758bb022f781aa61aa61027168aeb5027656f2fdf8e94e3a5211e4fcfea5b8447938ac0d24c8002b175fa15f589967fa,common_voice_en_19043127.mp3,The band's cover of Bo Diddley's Who Do You Love?,db8c112820c7f9bb5acbf1943a1a1061653e0524439afb5d4744dfe4156052b542f1061b4faf3115bfd8a3e5a7ea4301b4d4d979f86faf9e50c42d25dd3175f9
t0557,female,certain,certain,107,3.357,common_voice_en_22919136.mp3,"However, the Aztecs never fully conquered certain mostly nomadic indigenous groups in the area.",b63e9f160905d449f5726e1afe49b6a722995a7edd35ab62810788435c7094bf37799732cefdf959ae8f3eec6e16bfa87b99a91974270f4d3728f6c1a62dffd5,common_voice_en_22919146.mp3,,b63e9f160905d449f5726e1afe49b6a722995a7edd35ab62810788435c7094bf37799732cefdf959ae8f3eec6e16bfa87b99a91974270f4d3728f6c1a62dffd5,common_voice_en_28238473.mp3,It is one of the oldest breweries in the Czech Republic.,af9c15b78f47fc932ee4a2fab15488dd4295f87b2a3359c855aad4f383b20bced882b0bb7ffa51fe7a08897bcd7370705108bb2cd7dd3919806d7d39f2209c7f,common_voice_en_17969483.mp3,"This ballad is so catchy, I love it!",e05edb18240b0f709736ae0f9655792afd048d508fd8038da1c2d9ef35ec29e73d951eef4ae5517dea065b3ad4bf8454412c17c5070cd9abddf6710da94c6be4
t0558,female,mostly,mostly,430,3.859,common_voice_en_22919136.mp3,"However, the Aztecs never fully conquered certain mostly nomadic indigenous groups in the area.",b63e9f160905d449f5726e1afe49b6a722995a7edd35ab62810788435c7094bf37799732cefdf959ae8f3eec6e16bfa87b99a91974270f4d3728f6c1a62dffd5,common_voice_en_22919146.mp3,,b63e9f160905d449f5726e1afe49b6a722995a7edd35ab62810788435c7094bf37799732cefdf959ae8f3eec6e16bfa87b99a91974270f4d3728f6c1a62dffd5,common_voice_en_23922413.mp3,It was these beliefs that led to her support of the system of kindergartens.,57d9be2eeda5fbaad0290c45f4e95813da95e09633d5fd84df35a758151788abec644a351cdf610c7b792561d1db0ac6f122dbc94404646941967bd6f0befd44,common_voice_en_21618914.mp3,"Nubians, Bushmen, Zulus and many other African peoples were ""exhibited"" in a human zoo.",6bd1ea9a0ee8b95f14fa040dd1c3606b9743b2d18ee1e945511a46c9fa27d8647a30522a2f4a3da140a4a8949aee9936792dff9d37dbaf936f09210e291bfc34
t0559,female,groups,groups,297,5.351,common_voice_en_22919136.mp3,"However, the Aztecs never fully conquered certain mostly nomadic indigenous groups in the area.",b63e9f160905d449f5726e1afe49b6a722995a7edd35ab62810788435c7094bf37799732cefdf959ae8f3eec6e16bfa87b99a91974270f4d3728f6c1a62dffd5,common_voice_en_22919146.mp3,,b63e9f160905d449f5726e1afe49b6a722995a7edd35ab62810788435c7094bf37799732cefdf959ae8f3eec6e16bfa87b99a91974270f4d3728f6c1a62dffd5,common_voice_en_21957214.mp3,Norway rejected membership in two referendums.,1021e146675cfa012da5d577b0c590b05b1843f6cf0755fca2d7197743507f6d4234740af632151c4f47ee3b64d47a697efeefbddae60b7a63730a3567c8e17d,common_voice_en_19454439.mp3,"He was a son of Prince Levan by his second wife, Tinatin Avalishvili.",d8d7659424b502201fe43eb8ead19500694f860884f3872972828cbe4e8290cdcb7deccc112caa87a806db225e6c9ce7b523a0b060580c766ac9065387e2141b
t0560,female,series,series,605,1.712,common_voice_en_22919173.mp3,The initiative provoked series of discussions in the Dutch Parliament and on governmental level.,b63e9f160905d449f5726e1afe49b6a722995a7edd35ab62810788435c7094bf37799732cefdf959ae8f3eec6e16bfa87b99a91974270f4d3728f6c1a62dffd5,common_voice_en_22919146.mp3,,b63e9f160905d449f5726e1afe49b6a722995a7edd35ab62810788435c7094bf37799732cefdf959ae8f3eec6e16bfa87b99a91974270f4d3728f6c1a62dffd5,common_voice_en_19561089.mp3,"""Regional variations"" below discusses local deviations from Rivers' timeline, presented here.",7141beb040e9cdfdb3d3591b12714d9b2472779225cd955551551aea0a9b98b7a91b13391d587b6a9b3ed3311de50d5f818f04b331c878319de3b4dea17f0cf5,common_voice_en_18353692.mp3,"About him, everywhere, were the evidences of luxury and of age.",bd60ddb095c6497ab03b96680d466c573fb48bd7046e70f3b5f6f671d17d395e426d731bd96fcb143f06ce66a7b614ee6ebddafa52ba808638362611eed865cf
t0561,female,often,often,469,2.045,common_voice_en_21892990.mp3,The following are more often performed by lower baritones as opposed to high basses.,8514fee6e9a358e2d4b664105d2efd1f0c0062b3a7b3ad532d442d52a341932a77bd95f66db77a764a74553992292a7cf60057f9b7726c11923911003900231c,common_voice_en_21892994.mp3,its,8514fee6e9a358e2d4b664105d2efd1f0c0062b3a7b3ad532d442d52a341932a77bd95f66db77a764a74553992292a7cf60057f9b7726c11923911003900231c,common_voice_en_1530416.mp3,The USB device didn't function correctly.,11ec372417df77b07bb129cc7572637abe768dd9ba9a6cf66c66b5081a6016aa00fb0a31287220448ed090f18b89fb45ff7e35247c32e492909a9d08f7645c84,common_voice_en_19410102.mp3,He also held the offices of Grand Butler of France and Marshal of France.,d2558f3f2a0dc47b38274db1f67ab00704c47bad52d7fe2a645382a416799bbc9c2c77d6c8edfcc3445f10c8cf51c2ca0d7f8fafe2a1157ceee3435210d9c47b
t0562,female,performed,performed,494,2.406,common_voice_en_21892990.mp3,The following are more often performed by lower baritones as opposed to high basses.,8514fee6e9a358e2d4b664105d2efd1f0c0062b3a7b3ad532d442d52a341932a77bd95f66db77a764a74553992292a7cf60057f9b7726c11923911003900231c,common_voice_en_21892994.mp3,its,8514fee6e9a358e2d4b664105d2efd1f0c0062b3a7b3ad532d442d52a341932a77bd95f66db77a764a74553992292a7cf60057f9b7726c11923911003900231c,common_voice_en_678147.mp3,It was such a gradual movement that he found it only by noticing the dots.,f1d91af9c994bc8df7aefc6a4d16980ce0c9bf23ee65d897f3988649c312f013a83a9893ab0c573d051e39a4843e76f2c65e6a731426a045702922c1a7d7138f,common_voice_en_19972952.mp3,"Transition seasons are extremely short, with temperatures rising and falling quickly in respective seasons.",ea32613a550070bb7cd496a6f1c7179106af012e8167d3f5a114335b089a25bfe2f3c10ebd9cbd4051e31426ef5d35fe622537961152ab08b0fee8207504b49a
t0563,female,lower,lower,390,3.027,common_voice_en_21892990.mp3,The following are more often performed by lower baritones as opposed to high basses.,8514fee6e9a358e2d4b664105d2efd1f0c0062b3a7b3ad532d442d52a341932a77bd95f66db77a764a74553992292a7cf60057f9b7726c11923911003900231c,common_voice_en_21892994.mp3,its,8514fee6e9a358e2d4b664105d2efd1f0c0062b3a7b3ad532d442d52a341932a77bd95f66db77a764a74553992292a7cf60057f9b7726c11923911003900231c,common_voice_en_27476865.mp3,"However, there have been no major issues between Croatian and Serbian supporters since then.",e31822077e104d2f1781db7ce098c016abca0314515a35f564b26c30e59c0d2a0206cdf020dfbfe4e7340388f898c34d51e2d625681694a797c49581af656fba,common_voice_en_18007743.mp3,"This ballad is so catchy, I love it!",8d420f53a26d9d11408386b68b1abba0684eabcf0244129c55b7556955e32d2139c235fcdcd37b0eaf4b0cc7061a0029d4764fc2c221dcf4a38c2faafffdb540
t0564,female,would,would,788,1.396,common_voice_en_21892991.mp3,"However, this would prove unnecessary.",8514fee6e9a358e2d4b664105d2efd1f0c0062b3a7b3ad532d442d52a341932a77bd95f66db77a764a74553992292a7cf60057f9b7726c11923911003900231c,common_voice_en_21892990.mp3,,8514fee6e9a358e2d4b664105d2efd1f0c0062b3a7b3ad532d442d52a341932a77bd95f66db77a764a74553992292a7cf60057f9b7726c11923911003900231c,common_voice_en_27443448.mp3,"The title appears to be a pun on ""rana"", a genus of frogs.",16407ab9e237bd10bf45338224524ebc08d8748b00256d2b2f58b738cf237296062fc8554a0a63e83d9f34c3ef22004134cffa980958f4fb1f375a565ab77796,common_voice_en_89078.mp3,Flattery is all right so long as you don't inhale.,a8a44e572b1f34c4310f4536a02d3e20300da206fb21ca6a736b67cb0d2402488d1ae40c91b84cca189d030cff6da7e5d8d5b6b2dbea1864c1f63b0fe8baa947
t0565,male,"Street,",street,665,3.042,common_voice_en_27703526.mp3,"The main road through the Borough is King Street, intersected by Warren Avenue.",42b4b33626b4173347210d0959772ef2ee1a58b27a6b0af6ed932af4ab4d9b087ff07ec307c14af893d5ef6da466f6c85e90bdfdc5d7328b3e2707568257da10,common_voice_en_27703528.mp3,change,42b4b33626b4173347210d0959772ef2ee1a58b27a6b0af6ed932af4ab4d9b087ff07ec307c14af893d5ef6da466f6c85e90bdfdc5d7328b3e2707568257da10,common_voice_en_23613522.mp3,"Article on ""Red Book of the Peoples of the Russian Empire""",b795e3c1f1b1817f91c85fe9e682fd56b98da65eb09e86e92c632a6b5a9e986814e71edf976d99d601e7cfcc53ae51b220538f71b2d5570ca786f361c18960eb,common_voice_en_651132.mp3,None of what the old man was saying made much sense to the boy.,240487d8e783ccd2c104756a6e5f76452e60ba4eaf7935a21a5853dd30016dacdc1cfd94711890a97aa3771cf0bfd33c22272c20c77b5149619ff97c235bfe32
t0566,male,Change...,change,108,2.037,common_voice_en_27703528.mp3,The More Things Change...,42b4b33626b4173347210d0959772ef2ee1a58b27a6b0af6ed932af4ab4d9b087ff07ec307c14af893d5ef6da466f6c85e90bdfdc5d7328b3e2707568257da10,common_voice_en_27703526.mp3,street,42b4b33626b4173347210d0959772ef2ee1a58b27a6b0af6ed932af4ab4d9b087ff07ec307c14af893d5ef6da466f6c85e90bdfdc5d7328b3e2707568257da10,common_voice_en_682323.mp3,You're right when you say my father was no business man.,e0778c7cdad44291ba75fdf8317056af9f69c4e76e60ce3f940451932f7a7a331f4aa8ce7a935618522984ee0263401ce9ed820e0fa85cca17df9cc605ff6d4c,common_voice_en_20730484.mp3,Malcolm jumps Leland from behind and succeeds in wrestling him to the ground.,29b8505586cd43382cd695da6b943f401104be710a5b60e814ac5fe7e06b39459cf8fe1701ca83f8154b3ccd749df7c2aef33ff23950bb1a135b1e1c393dbcf6
t0567,male,James,james,351,1.472,common_voice_en_27703525.mp3,"James also has three sisters Annabelle, Susannah and Charlotte.",42b4b33626b4173347210d0959772ef2ee1a58b27a6b0af6ed932af4ab4d9b087ff07ec307c14af893d5ef6da466f6c85e90bdfdc5d7328b3e2707568257da10,common_voice_en_27703526.mp3,street,42b4b33626b4173347210d0959772ef2ee1a58b27a6b0af6ed932af4ab4d9b087ff07ec307c14af893d5ef6da466f6c85e90bdfdc5d7328b3e2707568257da10,common_voice_en_20050739.mp3,The Canton Fair is the largest trade fair in China.,2e76af42d8126d6da49ee16d1b13f91f65df25bc4d8546a697658b9b89b316995bfafec067d40dd4be5f7adb529f513574dce522cd803177149b7fdb8bf9e894,common_voice_en_22303171.mp3,He is also the advisor to the Singapore Dragon Boat Association.,7992ee59c8a9af9b74fd6f0cc12eaee3da35f588ff19c8859c39fb46d64da542518c2cbe3f8d7657ed6838f721781f9bbb0c82bc15bf31fb662c88b124ba6494
t0568,male,three,three,713,2.353,common_voice_en_27703525.mp3,"James also has three sisters Annabelle, Susannah and Charlotte.",42b4b33626b4173347210d0959772ef2ee1a58b27a6b0af6ed932af4ab4d9b087ff07ec307c14af893d5ef6da466f6c85e90bdfdc5d7328b3e2707568257da10,common_voice_en_27703526.mp3,street,42b4b33626b4173347210d0959772ef2ee1a58b27a6b0af6ed932af4ab4d9b087ff07ec307c14af893d5ef6da466f6c85e90bdfdc5d7328b3e2707568257da10,common_voice_en_20009031.mp3,"He also produced a less-than-faithful version of the ""Iliad"".",2f4dc5eda973d3417eb06536b3f01c6f18c7dc619f755a9c6b1a25a058d4c5fa0d6e05f39b307e1c25e2cd90c1752a77340d1413d8f90acaa62df3dce91a7286,common_voice_en_18465389.mp3,She despises me now.,9550a590a3453307aad258d9efa73a347bbdcf4e358f379691ff80c24674c39d41a82fb6f6840f771d2377fb634243c9f01feb7aec1fc6a0f0aa51e14d4edbc0
t0569,female,member,member,409,1.454,common_voice_en_18634650.mp3,Ibrahim is a member of the board of directors.,69a0609f88e199375d01542fdece3c120c0acc97c25e0fa337d93b740fd9cd7752c9de466b97ae944e3e6a74120a0656395db2e21308c09af70e0dae755385c4,common_voice_en_18634554.mp3,such,69a0609f88e199375d01542fdece3c120c0acc97c25e0fa337d93b740fd9cd7752c9de466b97ae944e3e6a74120a0656395db2e21308c09af70e0dae755385c4,common_voice_en_28106894.mp3,"Hence, this again is a Dirac comb but with reciprocal increments.",4cbced96a01d967939d63d4d35b3068a70aabb0dcc567b6ca56dd19405156ea9e0888fd2fc7cee4eb2628da36aee497848a19ef87671e5b9275744d2ff844372,common_voice_en_41014.mp3,This horse has more than one horse power.,2a23786d280fc7dc7c44cd01fa6d4f1774197a8e11d0311300bf7ba4ab9d86a7c7caacad044f86b9e9dcedb8c2aa51dd5e85469a8fcd88ad493b8a5c473cf194
t0570,female,board,board,73,1.974,common_voice_en_18634650.mp3,Ibrahim is a member of the board of directors.,69a0609f88e199375d01542fdece3c120c0acc97c25e0fa337d93b740fd9cd7752c9de466b97ae944e3e6a74120a0656395db2e21308c09af70e0dae755385c4,common_voice_en_18634554.mp3,such,69a0609f88e199375d01542fdece3c120c0acc97c25e0fa337d93b740fd9cd7752c9de466b97ae944e3e6a74120a0656395db2e21308c09af70e0dae755385c4,common_voice_en_19807693.mp3,It was recorded in that Southern American city at the Royal Studios.,455fb78232ba59ccf2315af5c21f45b145f86f1ae769f63a727e9d30eb34ca6d8379a3b9d8739b8c5eb53f527cb1bee300944663e592ba04d3783e6a0e8655bc,common_voice_en_23618660.mp3,This tradition had been born of necessity.,cfcceeb236c95b381f274d1a4375ad2ad3cc54129cb70f98644659cb912b089cf33289480a82f0696a4f6cf0d2a64572f21f65a1e98f4085a5682fed86b44cb0
t0571,male,longer,longer,387,1.583,common_voice_en_18338332.mp3,But there was no longer the mother yearning in his heart.,25f51d3ad1cf1ad2a659ff86f2de8c50a170a6b2452f52f28d829226ccbd4f558f87f5f2aec8dc6320664ab98cde5f9be96e615964e1b889eebb9792795507b0,common_voice_en_18338328.mp3,,25f51d3ad1cf1ad2a659ff86f2de8c50a170a6b2452f52f28d829226ccbd4f558f87f5f2aec8dc6320664ab98cde5f9be96e615964e1b889eebb9792795507b0,common_voice_en_17910495.mp3,"I think it was last Thursday, but I am not sure.",8e05a9762bba8885d665f8ab67084a8adc8c1690725914992dcf9f84a1f11352da18624b6bad7d77301c9ae6a69e3dbf0a68e91086fd32a256cce450e2233db5,common_voice_en_28880648.mp3,The Texas border is west of Shattuck.,2cfccf5633563195c5548292de9a360d1dd0f7f5d897ff25e70dbd7ea3feb5cc3cf5e268ca79c13168a0f3a0c3bf5a5fdff2205eaf25503e057509fb14d318c1
t0572,male,mother,mother,431,2.164,common_voice_en_18338332.mp3,But there was no longer the mother yearning in his heart.,25f51d3ad1cf1ad2a659ff86f2de8c50a170a6b2452f52f28d829226ccbd4f558f87f5f2aec8dc6320664ab98cde5f9be96e615964e1b889eebb9792795507b0,common_voice_en_18338328.mp3,,25f51d3ad1cf1ad2a659ff86f2de8c50a170a6b2452f52f28d829226ccbd4f558f87f5f2aec8dc6320664ab98cde5f9be96e615964e1b889eebb9792795507b0,common_voice_en_27183032.mp3,"As an artist, Windling specializes in work inspired by myth, folklore, and fairy tales.",15f4b2d89fd6ef677ad0cf16118393247db64e892060c2b238c09fa625e31ed5d5c4b4e05b0de21c6fc2202db2a2ebf567b2fd032758dbfbeb9897aecb2ab555,common_voice_en_25077756.mp3,"Like many other Royal Navy vessels, she was confronted by Icelandic gunboats.",57d9be2eeda5fbaad0290c45f4e95813da95e09633d5fd84df35a758151788abec644a351cdf610c7b792561d1db0ac6f122dbc94404646941967bd6f0befd44
t0573,male,meaning,meaning,405,1.72,common_voice_en_18338328.mp3,He understood the meaning of the look.,25f51d3ad1cf1ad2a659ff86f2de8c50a170a6b2452f52f28d829226ccbd4f558f87f5f2aec8dc6320664ab98cde5f9be96e615964e1b889eebb9792795507b0,common_voice_en_18338332.mp3,mother,25f51d3ad1cf1ad2a659ff86f2de8c50a170a6b2452f52f28d829226ccbd4f558f87f5f2aec8dc6320664ab98cde5f9be96e615964e1b889eebb9792795507b0,common_voice_en_20304028.mp3,Rostand Island in Antarctica is named after him.,369f95af3c3aa39c656bc22e8a706374e55fa12d6c05288a0e75d57e558d04d00d2c8877bbf77d678a60a4fb2f1861380f2cf7c440b41a0c739ee84fb0fcbb25,common_voice_en_27930758.mp3,It serves as the Main Street of the town.,16407ab9e237bd10bf45338224524ebc08d8748b00256d2b2f58b738cf237296062fc8554a0a63e83d9f34c3ef22004134cffa980958f4fb1f375a565ab77796
t0574,female,through,through,714,3.367,common_voice_en_18971360.mp3,He was sent to Arizona for rehabilitation through the guidance of Barrows Neurological Institute.,89450dabbc4ed159645444d45804b0d8a2e46427eb6502fccc45bab428039dfc5f947e0fbdfd14832e24f258a1469e173d12868b499daa67a1ba473dc7872f31,common_voice_en_18971311.mp3,hatha,89450dabbc4ed159645444d45804b0d8a2e46427eb6502fccc45bab428039dfc5f947e0fbdfd14832e24f258a1469e173d12868b499daa67a1ba473dc7872f31,common_voice_en_27265849.mp3,"This method promotes a sport globally, in a very successful way.",0b3d55acf115fdf88131d7324fa9a7e1a26542405b0671d5ec0d9ed34b40fa0158576fd51ee9cc937a41b1c529f49cfb23fec693ae1382f21ec8fed796a9dece,common_voice_en_645994.mp3,"Nope, not going unless they have a giant inflatable slide.",995e028794f85b21f12ec5880ae7d8140e8c53b523cad6dcceee552ee4bd39ed59e266c62a70bb57ee2eab0d04acfc7ad71ba2edda18635b1e2f81153c241643
t0575,female,"taking,",taking,689,3.923,common_voice_en_18971364.mp3,"The new organization employed entrepreneurial risk taking, based on solid research and brave innovation.",89450dabbc4ed159645444d45804b0d8a2e46427eb6502fccc45bab428039dfc5f947e0fbdfd14832e24f258a1469e173d12868b499daa67a1ba473dc7872f31,common_voice_en_18971360.mp3,guidance,89450dabbc4ed159645444d45804b0d8a2e46427eb6502fccc45bab428039dfc5f947e0fbdfd14832e24f258a1469e173d12868b499daa67a1ba473dc7872f31,common_voice_en_27549387.mp3,Three of his companies had broken.,5eaa49f00193ae8a891fa69e0c5a5ddbaf415ec00f344e11d982c8ec02606e2c4af3b7d9e4dc96fc3f68a296ff841aabea06ee2177d4966adfaeb885a7031ced,common_voice_en_19549286.mp3,"Despite its challenges, crofting is important to the Highlands and Islands.",bbdc814e9e35a69a41f79ce7454b0d8fef10cbbaa322e3a9b96ec97bc71c47292483666375e31cd599677be352539aba885ed342d45ddf7e5e52cfaff4f39bef
t0576,female,based,based,54,4.364,common_voice_en_18971364.mp3,"The new organization employed entrepreneurial risk taking, based on solid research and brave innovation.",89450dabbc4ed159645444d45804b0d8a2e46427eb6502fccc45bab428039dfc5f947e0fbdfd14832e24f258a1469e173d12868b499daa67a1ba473dc7872f31,common_voice_en_18971360.mp3,guidance,89450dabbc4ed159645444d45804b0d8a2e46427eb6502fccc45bab428039dfc5f947e0fbdfd14832e24f258a1469e173d12868b499daa67a1ba473dc7872f31,common_voice_en_27147389.mp3,"She died in Ramsgate, Kent.",d90c03dc4ff3bc9d888415c8bd0cca61d4f2104a66134ce0ef5d455e322eac5f3988c3cbcacbbb6943e4dc35acd23e6cb5374daaa7a29bcfde5293d0c7b2f73c,common_voice_en_18065928.mp3,He put his last cartridge into the gun and fired.,64b9623abc2396d296ea4a014a54d7eb8ab53b36957d346fa2785f7400443f55816b226ad1ed09ad13379588b5082312f78e1ed167207d960c4eb51ab6491ebb
t0577,female,research,research,579,5.308,common_voice_en_18971364.mp3,"The new organization employed entrepreneurial risk taking, based on solid research and brave innovation.",89450dabbc4ed159645444d45804b0d8a2e46427eb6502fccc45bab428039dfc5f947e0fbdfd14832e24f258a1469e173d12868b499daa67a1ba473dc7872f31,common_voice_en_18971360.mp3,guidance,89450dabbc4ed159645444d45804b0d8a2e46427eb6502fccc45bab428039dfc5f947e0fbdfd14832e24f258a1469e173d12868b499daa67a1ba473dc7872f31,common_voice_en_20101882.mp3,It continues to be played by Dixieland jazz groups.,7ef2aaa49f8335f4598469236c64cfd82d82ef6f4665766395a30f60d2a63d2d93e310f336bf899e3e4c5a26f11a5b8cde395d141ab21e3d49af9551e84779cc,common_voice_en_20417087.mp3,It is the administrative seat of Sittwe Township and Sittwe District.,5d5fd64f6728d33e2ef6802802de9aec7c4b2f2f39b4842adf336724ca99e9a01c434562907f15c5806ae4c1d4d74943369c5ff5f58057b8f2eebe27970f8485
t0578,male,established,established,223,2.83,common_voice_en_18800383.mp3,Peter Cash is an established figure in the Canadian music scene.,d1239589424ff80f61ff7526def05de2eaefed32e56cf23c876b06852c8a92f661b40661272a7ea0494b6484dbcf1b14e73c8693d54e7110539e43397bc2465d,common_voice_en_18800415.mp3,rob,d1239589424ff80f61ff7526def05de2eaefed32e56cf23c876b06852c8a92f661b40661272a7ea0494b6484dbcf1b14e73c8693d54e7110539e43397bc2465d,common_voice_en_606533.mp3,"Yeah, better if people are already familiar with one and are thinking of switching to the other.",2a4698fdef9d5e565aba3ac795716c6882f5fbffaf7d463a423883cd90844d08635f1d45e7f74031b8d670c65dab54b1eadcaa334f02c4ed704412e64dd4bcf3,common_voice_en_26588027.mp3,In the mission support and maintenance groups majors may occasionally be squadron commanders.,5eaa49f00193ae8a891fa69e0c5a5ddbaf415ec00f344e11d982c8ec02606e2c4af3b7d9e4dc96fc3f68a296ff841aabea06ee2177d4966adfaeb885a7031ced
t0579,male,Canadian,canadian,94,4.426,common_voice_en_18800383.mp3,Peter Cash is an established figure in the Canadian music scene.,d1239589424ff80f61ff7526def05de2eaefed32e56cf23c876b06852c8a92f661b40661272a7ea0494b6484dbcf1b14e73c8693d54e7110539e43397bc2465d,common_voice_en_18800415.mp3,rob,d1239589424ff80f61ff7526def05de2eaefed32e56cf23c876b06852c8a92f661b40661272a7ea0494b6484dbcf1b14e73c8693d54e7110539e43397bc2465d,common_voice_en_17416269.mp3,"The TNT blows up the granite, forming a tunnel to the coal and iron ore.",78e67a34deebfed9ef9d720972eaebd3a138784a3723ecace2322726c5a8eb3718d7579066979215dbba7594d60428fb10d5f52a5477a8f12c6392d15b8007f0,common_voice_en_22295240.mp3,"It is straight and level, and double track.",8449194e8b74b81d761d7a3786cdd5d099aff4f33737c7f476edf3435c3eb483ff6d6515d153c7cfb9193821f01a3a0bd6b049740b029acd7b1488df9bd579d8
t0580,male,music,music,440,4.928,common_voice_en_18800383.mp3,Peter Cash is an established figure in the Canadian music scene.,d1239589424ff80f61ff7526def05de2eaefed32e56cf23c876b06852c8a92f661b40661272a7ea0494b6484dbcf1b14e73c8693d54e7110539e43397bc2465d,common_voice_en_18800415.mp3,rob,d1239589424ff80f61ff7526def05de2eaefed32e56cf23c876b06852c8a92f661b40661272a7ea0494b6484dbcf1b14e73c8693d54e7110539e43397bc2465d,common_voice_en_20984487.mp3,The origin of the legendary figure is not fully known.,2f5b4a834b09c01981290d69bc8d545f2f9897d8e9397f7fd143fce72f05535ef3424aa4befc8f255e483e245b541b947a98318bc60e299486a241b080344c4f,common_voice_en_23385130.mp3,"Other major cities in the Kara region include Bafilo, Bassar, and Niamtougou.",9b90df6c08143f35da9d96f2be91c232e3b620f28c0a40556b25458a2c3b25932fe3b9de3872f807ec1bc35ce26a29d773875f92e04f96bf1de34ccfa63d9553
t0581,male,"however,",however,320,2.418,common_voice_en_18800415.mp3,"Ken persists, however, and Rob reluctantly agrees to let him have the filly.",d1239589424ff80f61ff7526def05de2eaefed32e56cf23c876b06852c8a92f661b40661272a7ea0494b6484dbcf1b14e73c8693d54e7110539e43397bc2465d,common_voice_en_18800383.mp3,figure,d1239589424ff80f61ff7526def05de2eaefed32e56cf23c876b06852c8a92f661b40661272a7ea0494b6484dbcf1b14e73c8693d54e7110539e43397bc2465d,common_voice_en_21264065.mp3,"The magazine opposed the Korean War, and an article by J.",372293e65cdab88771e028a4351651ab2eff64438ddafc211e089247dcdccca350153465eb5409ce708081d9ad384af45d1dc57bbe030ae1a2c0edd561322fb8,common_voice_en_23667055.mp3,It's the first significant example in Boston of a movement known as deconstruction.,70c21ca1cc3de05f3c23b11615cd7d5dd078e03cda0cd46224c802cb358d2bddc9df76042f0f15fe5c3d655d19f20193db107b130128af209e229afabf047b54
t0582,male,called,called,90,3.663,common_voice_en_18800420.mp3,Newspaper columnist Herb Caen called him the king of the Beat Generation.,d1239589424ff80f61ff7526def05de2eaefed32e56cf23c876b06852c8a92f661b40661272a7ea0494b6484dbcf1b14e73c8693d54e7110539e43397bc2465d,common_voice_en_18800383.mp3,figure,d1239589424ff80f61ff7526def05de2eaefed32e56cf23c876b06852c8a92f661b40661272a7ea0494b6484dbcf1b14e73c8693d54e7110539e43397bc2465d,common_voice_en_27502590.mp3,It leaves a black trail within that is filled with droppings.,d7b8bd57a847b9f6a92eb975f2fe0a8686ee95a9e71b0168d5ee36090c94b373186a93d864491807465a14b0cb0cd867c6a52509095f73cb3c58490f0fb7f149,common_voice_en_23849000.mp3,Hicks was one of the oldest men to become governor.,f138d75a743543591fb23c61bbb2cfc4a204866aa791fdddc2a868be75a3f5851013ee0e9036241396a08fce890ff0911b3218224b0b11dc917eb7b4fa2e8cec
t0583,male,school,school,596,1.654,common_voice_en_18800416.mp3,"While a high school student, Esumi worked as a miko at Izumo-taisha.",d1239589424ff80f61ff7526def05de2eaefed32e56cf23c876b06852c8a92f661b40661272a7ea0494b6484dbcf1b14e73c8693d54e7110539e43397bc2465d,common_voice_en_18800383.mp3,figure,d1239589424ff80f61ff7526def05de2eaefed32e56cf23c876b06852c8a92f661b40661272a7ea0494b6484dbcf1b14e73c8693d54e7110539e43397bc2465d,common_voice_en_22398075.mp3,The influence of medication on the quality of handwriting is not clear.,372293e65cdab88771e028a4351651ab2eff64438ddafc211e089247dcdccca350153465eb5409ce708081d9ad384af45d1dc57bbe030ae1a2c0edd561322fb8,common_voice_en_19429974.mp3,A player can erase a letter or simply draw over it.,57906cdb97e4fc75e8cf4f47decb13344742b4700da4484d38d8ad46fac2494a9f2fc1ec10083775eac056b9854fee9127c19ace6cdba439f81584076cdc058b
t0584,female,became,became,57,1.807,common_voice_en_19981320.mp3,"The band became the Makers and the Gentry, and was eventually renamed Spandau Ballet.",3d24aebc0c06f0b0f29dcb5b0b1fc5438e0bbe5139a1603f9dc34d5b3bcbeea08072a6ad2a8152c034772ab1b9f329ab79e426bf1494351433be68baff830e5a,common_voice_en_19981321.mp3,fastest,3d24aebc0c06f0b0f29dcb5b0b1fc5438e0bbe5139a1603f9dc34d5b3bcbeea08072a6ad2a8152c034772ab1b9f329ab79e426bf1494351433be68baff830e5a,common_voice_en_17259290.mp3,"Tyler, Lucy, Michelle, we're going to space!",cf8a4971b1d4b02e2288c478fdf1f3752897c8865f6b66c71190942fed56c4790d057cbece75cdfa1a9fda1d9d7e3879d0f7c5db944a53047c5f50be921c5298,common_voice_en_18857427.mp3,They often have conspicuous heads of white flower.,c977d33bca3a08066369f008752ff9bee597525b59dbb35e8a279c73f06c25789cc24766f3018e6965cec0ab528179151d70bade91fb2cbfe3cbdfe45abb1bc0
t0585,female,eventually,eventually,228,3.995,common_voice_en_19981320.mp3,"The band became the Makers and the Gentry, and was eventually renamed Spandau Ballet.",3d24aebc0c06f0b0f29dcb5b0b1fc5438e0bbe5139a1603f9dc34d5b3bcbeea08072a6ad2a8152c034772ab1b9f329ab79e426bf1494351433be68baff830e5a,common_voice_en_19981321.mp3,fastest,3d24aebc0c06f0b0f29dcb5b0b1fc5438e0bbe5139a1603f9dc34d5b3bcbeea08072a6ad2a8152c034772ab1b9f329ab79e426bf1494351433be68baff830e5a,common_voice_en_23340445.mp3,"However, the Bisons, despite a strong defensive showing, could not generate their offensive potential.",cf658764e695270837ad8af4462cb4fdaeec21a451e3c9ee585dcec3b999e0ac6f0a5f2de7548e919d2ffa1cc94d7f78fb8dbc1eba8bfe3cf0875c9c50235b63,common_voice_en_21213676.mp3,Indigenous identity therefore became socially stigmatizing.,30621d145137ef109668b8ebe69b487a9115909a334e9b9e86ad7036b55bae6a00babe7cbe9fcae69add130a94b62aa1a9a256b18b31e261f1693b7cbcc80260
t0586,female,become,become,59,3.796,common_voice_en_19981455.mp3,"By the time of the Industrial revolution, it had become a rotten borough.",3d24aebc0c06f0b0f29dcb5b0b1fc5438e0bbe5139a1603f9dc34d5b3bcbeea08072a6ad2a8152c034772ab1b9f329ab79e426bf1494351433be68baff830e5a,common_voice_en_19981321.mp3,fastest,3d24aebc0c06f0b0f29dcb5b0b1fc5438e0bbe5139a1603f9dc34d5b3bcbeea08072a6ad2a8152c034772ab1b9f329ab79e426bf1494351433be68baff830e5a,common_voice_en_23167569.mp3,It was paid for by public subscription.,cf658764e695270837ad8af4462cb4fdaeec21a451e3c9ee585dcec3b999e0ac6f0a5f2de7548e919d2ffa1cc94d7f78fb8dbc1eba8bfe3cf0875c9c50235b63,common_voice_en_24103564.mp3,The Shield is the official seal of the university.,256bb234e19a37a279d031eb72e6d2c83d95826821858bb8cb17bc23eb1a4f76e70dfbd3bb2e214ea82a47bc5ddac7d37a57bbe9cd8027ade0c619ff12b3aeeb
t0587,male,can't,can't,92,1.444,common_voice_en_23753858.mp3,"If you can't figure what else to do, just walk north.",5d21be2c97f8382dc29df69ebc0d225a6093b1b6434375c351ac7a16473f719c42912843a979f453209beb29e09dcabc85e38441662b48f56d57682cf8bf0c54,common_voice_en_23753860.mp3,asadu'llah,5d21be2c97f8382dc29df69ebc0d225a6093b1b6434375c351ac7a16473f719c42912843a979f453209beb29e09dcabc85e38441662b48f56d57682cf8bf0c54,common_voice_en_27741457.mp3,The incitement that echoed through the streets was: Hurrah for Mary!,d7b8bd57a847b9f6a92eb975f2fe0a8686ee95a9e71b0168d5ee36090c94b373186a93d864491807465a14b0cb0cd867c6a52509095f73cb3c58490f0fb7f149,common_voice_en_19990448.mp3,He later toured Germany lecturing on the atrocities committed by Japanese forces in Nanking.,bdea72a9d47e94442507b87873c49c1edbfacfffc03da98530d551fd2f39181bb8e729816907572bf0fd690058342c79ddffff1476a8a0454e42418122d7575d
t0588,male,"countries,",countries,158,2.346,common_voice_en_23753861.mp3,"This is a crime in many countries, with varying punishments.",5d21be2c97f8382dc29df69ebc0d225a6093b1b6434375c351ac7a16473f719c42912843a979f453209beb29e09dcabc85e38441662b48f56d57682cf8bf0c54,common_voice_en_23753858.mp3,do,5d21be2c97f8382dc29df69ebc0d225a6093b1b6434375c351ac7a16473f719c42912843a979f453209beb29e09dcabc85e38441662b48f56d57682cf8bf0c54,common_voice_en_21506321.mp3,Ireland again sent only one archer to the Olympics.,b0c3b9ef5bdbce1ca71ec0edfbf3e4bad5ff3b93feef139bc68576a0d4fbcb4c898a54c3fbbf09dd60c85a8b4758dd722d1ccba9604dcdfbef50914312e9f63d,common_voice_en_25077854.mp3,Repton also added two octagonal lodges to the side of the Lion Gate.,57d9be2eeda5fbaad0290c45f4e95813da95e09633d5fd84df35a758151788abec644a351cdf610c7b792561d1db0ac6f122dbc94404646941967bd6f0befd44
t0589,female,around,around,42,2.575,common_voice_en_563002.mp3,You do all the hiring around here.,32ef689910d78bd1b2dee1aa616774156ba49f7e9244240305fd87fff3b55b7469f6592a850b1ce1c091f2043d857ef469bb17631168966eafb4af7d91e4710d,common_voice_en_563005.mp3,reactions,32ef689910d78bd1b2dee1aa616774156ba49f7e9244240305fd87fff3b55b7469f6592a850b1ce1c091f2043d857ef469bb17631168966eafb4af7d91e4710d,common_voice_en_17919890.mp3,"Well, I have one last play left to try, and this one's a classic.",1bc6f6cc91f5d6db1ef0ed24173ff21d9141196f68cb2d5302c251a0eb4d4e764662a40efd6ecf9cddc7a032a823129e9b880aaee0c219f06fefd4d0df700641,common_voice_en_27258016.mp3,The character Lorien is played by Wayne Alexander.,b15e81b74f3a01152401371744ce17a419c45a9415478075dd9d5dab5818374ad025c732871b55b1d5242f40357f577ab2dfd02950081c195bf04dd7b8aa7910
t0590,female,possible,possible,520,3.899,common_voice_en_563005.mp3,Catalysts make chemical reactions possible at low temperatures.,32ef689910d78bd1b2dee1aa616774156ba49f7e9244240305fd87fff3b55b7469f6592a850b1ce1c091f2043d857ef469bb17631168966eafb4af7d91e4710d,common_voice_en_563002.mp3,,32ef689910d78bd1b2dee1aa616774156ba49f7e9244240305fd87fff3b55b7469f6592a850b1ce1c091f2043d857ef469bb17631168966eafb4af7d91e4710d,common_voice_en_19757147.mp3,Gaoyuan Hong in particular has introduced elements of Tibetan language rapping into their singles.,deb84f2071c433e699d881d69ca709979161da7ea1de4cab0046ce737b31d9fca1e9d7b5b765082ae872201fbff90905e718bacf89af718feeafbcb3f2f97f99,common_voice_en_23705025.mp3,These games are often called Gale-Stewart games.,505d3052b731e49ad6c4f40931ba42bff7a9046b894c676803a4044fead6272d3340ac3ea1fdf441cfed2fc4b1c81b85bd1fab484d7d9d86357b0affbd0739ee
t0591,male,voice,voice,759,1.898,common_voice_en_18155147.mp3,"The voice, Chest voice the real voice, Head voice falsetto.",d5b36f700e564782ffe52bf5a709fb27d61408e0577b40c2016ae9137d6e6d9d03ad70ec60326b14f59e1fba0fc9962f660a5c0cc1bad894ab83703d23dbf0f9,common_voice_en_18155144.mp3,,d5b36f700e564782ffe52bf5a709fb27d61408e0577b40c2016ae9137d6e6d9d03ad70ec60326b14f59e1fba0fc9962f660a5c0cc1bad894ab83703d23dbf0f9,common_voice_en_156370.mp3,A group of seven Asian girls and boys are waiting to cross a street.,73a931d5f7bb11eb8d69ab9b02d0c02c71018a5357e4a85d51a36449c0265bbceae2e053716d392f05471d14c2da17fdcccca6dce34d46a67271fc4a4b5551b5,common_voice_en_27243981.mp3,It is one of the endpoints of the strings' vibrating length.,fd52910d24299328945044ddd49dd2d79ef95c7b0d6e38d06d65a1d9330f64f45a8426cf556ed10a705307dcf622e1fe152ee48d5bd2e38b89b4da815b5c38a6
t0592,male,"voice,",voice,759,2.713,common_voice_en_18155147.mp3,"The voice, Chest voice the real voice, Head voice falsetto.",d5b36f700e564782ffe52bf5a709fb27d61408e0577b40c2016ae9137d6e6d9d03ad70ec60326b14f59e1fba0fc9962f660a5c0cc1bad894ab83703d23dbf0f9,common_voice_en_18155144.mp3,,d5b36f700e564782ffe52bf5a709fb27d61408e0577b40c2016ae9137d6e6d9d03ad70ec60326b14f59e1fba0fc9962f660a5c0cc1bad894ab83703d23dbf0f9,common_voice_en_17273975.mp3,"If I knew it, I would have told you.",fd9ba7f235c9fca11040e679856484363a907835d1b307b4f4d834237f3c09f6c231352abc9691f45fa9ee6ff3eb669e7256651cd44c62146aaab8c46adb1dea,common_voice_en_20300922.mp3,"Taylor had opposed the Compromise, but Fillmore supported it.",eb171463e0b8beec4295c7c89975c971a65ad05727c781c088d0f3a62ccfb4c6e2627fcc3fb714876f9ff537dcb2a2deb8051750b95ea27b46ebf3d1949cc639
t0593,male,voice,voice,759,3.667,common_voice_en_18155147.mp3,"The voice, Chest voice the real voice, Head voice falsetto.",d5b36f700e564782ffe52bf5a709fb27d61408e0577b40c2016ae9137d6e6d9d03ad70ec60326b14f59e1fba0fc9962f660a5c0cc1bad894ab83703d23dbf0f9,common_voice_en_18155144.mp3,,d5b36f700e564782ffe52bf5a709fb27d61408e0577b40c2016ae9137d6e6d9d03ad70ec60326b14f59e1fba0fc9962f660a5c0cc1bad894ab83703d23dbf0f9,common_voice_en_28757049.mp3,My friend and I danced to our favourite songs and genres.,4459d380d2a931d0968adfb73d7596ef969b47097e246611c7c17e987ea568b8457a26964ce11f99ce95e18ca8c8579365a4acb098e48b8d560d4935e96709e0,common_voice_en_27467473.mp3,The Government of Trinidad and Tobago provides substantial subventions to religious groups.,8e113a62d59ae29f19f0e423fbcf978aaa9eefc16913ce4901b0aa105ff590bb7c6ea13da0c5583c0772d6905c0a964d355e8667edd35c7a08442c2312439d79
t0594,male,Valley,valley,752,5.111,common_voice_en_31084232.mp3,It also took part in the Aras Valley campaign and the Lachin offensive.,61580ec20b8fc6574282d2fc19becba82601d27e71955b37809cce110890b14edf316fbd4336530952aa326908a67068cf404331aafd9ed166a71f41afd11fd2,common_voice_en_31084234.mp3,victor,61580ec20b8fc6574282d2fc19becba82601d27e71955b37809cce110890b14edf316fbd4336530952aa326908a67068cf404331aafd9ed166a71f41afd11fd2,common_voice_en_17247940.mp3,"At the hospital, I met a very nice nurse.",7a10b4e436fddf2d0292cc16c2b2485989e066d463435671267ff4b9bac4f258407454a59ba4c29f10275f1d4bb5402a83682656785623a8e6109882a3e85c24,common_voice_en_214859.mp3,This is Jon Davis.,f423e3bcaa299c37a26510090d7e7718d2776208de4214b6736c41cd03697f6b6f53d914812a0e8e5ac70c97d8f0585ffec88e307431acbbc2fafac9c481d344
t0595,female,dream,dream,199,2.296,common_voice_en_537760.mp3,"""I have had the same dream twice,"" he said.",16774194ae429d28515370af47c4d01519d0bb262f989a4072333bcf653483bf8715c0d5cfcfaacf4c4da1b0af3994d3ac44ad804a5973f8966fa9965961e652,common_voice_en_537764.mp3,thummim,16774194ae429d28515370af47c4d01519d0bb262f989a4072333bcf653483bf8715c0d5cfcfaacf4c4da1b0af3994d3ac44ad804a5973f8966fa9965961e652,common_voice_en_666632.mp3,But the alchemist continued to look to the horizon.,4aeee3b6cd00ed5559478dc374aa555330f4077f17d56f8316f7f8bffdd8be5679d07e49306d51725693df31a21e6fdffb939b086db3cc96f0c13f2e47bdbf7b,common_voice_en_27605134.mp3,"Diana, Princess of Wales used to visit patients at the hospital often.",757beaeb3dcab1faa1135fbbebc9a4315e7a569f749fbe21a8816905a981bec0b5aa2fe402d60d902cbc2fcaadbd204e02d7a72d388b389e9d7ff3b170f879e1
t0596,female,"twice,""",twice,737,2.838,common_voice_en_537760.mp3,"""I have had the same dream twice,"" he said.",16774194ae429d28515370af47c4d01519d0bb262f989a4072333bcf653483bf8715c0d5cfcfaacf4c4da1b0af3994d3ac44ad804a5973f8966fa9965961e652,common_voice_en_537764.mp3,thummim,16774194ae429d28515370af47c4d01519d0bb262f989a4072333bcf653483bf8715c0d5cfcfaacf4c4da1b0af3994d3ac44ad804a5973f8966fa9965961e652,common_voice_en_18685626.mp3,Oklahoma had elected to replace him with James B.,18ae3b317f15a738e98fc195f953e7f975a9f2ec9bd739e3cdf054c7bafdded24be9b549f9fffa5cc1a9446ae31619cfbd832c74597b9e1e5bc97cef15cc5081,common_voice_en_22968498.mp3,The existing prohibition of smoking throughout the London Underground network was tightened.,5cd95c7c22c6fd21f386f93b700187d1559ab9a63eab1b44b4af4717e61bee61dbf54a0de0d35e3014a441bc557f5a0a4d36ad4e3a815d4bd3c395c9e98daade
t0597,female,could,could,155,3.364,common_voice_en_495113.mp3,Your rusty bicycle chain could use some lube.,185a19520056bd31c0b7613af5d9eb45e5b9eb8061127fc839233aac463eee2c687007a5977d117e7301d2c959de1b27d9331f7cb0bab85f776e64120795c77e,common_voice_en_495102.mp3,,185a19520056bd31c0b7613af5d9eb45e5b9eb8061127fc839233aac463eee2c687007a5977d117e7301d2c959de1b27d9331f7cb0bab85f776e64120795c77e,common_voice_en_591162.mp3,"And in the end, everyone escaped with only minor abrasions.",a1e7fcc70c9f31b6eb8e9bbfcc7d0fa322f45bcf0c1d2201fe29a4018aa231027f4477263a3686dc59ea3ce1bf0dcfbdeaf5f5383fba83ea71f0fa129fe03de5,common_voice_en_17414049.mp3,"As they packed their bags, the tsunami sirens sounded once more across the bleak shores.",04aba4f46908798181420e5da649ec77720abdb6ef6b5346ca2111f354b80085ccf07fd4e0ed6cffe8b6e290ab9140e684c9dd85477f01286cdefe8ff02498a5
t0598,female,"behind,",behind,63,2.155,common_voice_en_17270512.mp3,"She was beautiful from behind, but he couldn't see her face yet.",185a19520056bd31c0b7613af5d9eb45e5b9eb8061127fc839233aac463eee2c687007a5977d117e7301d2c959de1b27d9331f7cb0bab85f776e64120795c77e,common_voice_en_495113.mp3,bicycle,185a19520056bd31c0b7613af5d9eb45e5b9eb8061127fc839233aac463eee2c687007a5977d117e7301d2c959de1b27d9331f7cb0bab85f776e64120795c77e,common_voice_en_19867618.mp3,"She has also volunteered for many camps, youth organizations, and hospitals.",29b8505586cd43382cd695da6b943f401104be710a5b60e814ac5fe7e06b39459cf8fe1701ca83f8154b3ccd749df7c2aef33ff23950bb1a135b1e1c393dbcf6,common_voice_en_17904052.mp3,I want to go on.,a47d8d16da8b865bb0635e6d0adb5c7ca4e68606ef48e7b4f5e02edb9eb46f4a9a1b46f3775b4fcbab0e2ad3654a5934b926832821654e54b52ce641c6bdcc7b
t0599,female,couldn't,couldn't,156,3.176,common_voice_en_17270512.mp3,"She was beautiful from behind, but he couldn't see her face yet.",185a19520056bd31c0b7613af5d9eb45e5b9eb8061127fc839233aac463eee2c687007a5977d117e7301d2c959de1b27d9331f7cb0bab85f776e64120795c77e,common_voice_en_495113.mp3,bicycle,185a19520056bd31c0b7613af5d9eb45e5b9eb8061127fc839233aac463eee2c687007a5977d117e7301d2c959de1b27d9331f7cb0bab85f776e64120795c77e,common_voice_en_81677.mp3,"A while ago, I rode through the desert with a man who had books on alchemy.",eb89de7394d6f2706c61544e638292ec988b638f617bc09effa1bde4701a8473abb76a305a3b50e1f081f72b53e4ae7668ca5db5d84a0860ac6963f855ef02f8,common_voice_en_20478891.mp3,His name is the Latinized form of his Dutch name Simon Bisschop.,372293e65cdab88771e028a4351651ab2eff64438ddafc211e089247dcdccca350153465eb5409ce708081d9ad384af45d1dc57bbe030ae1a2c0edd561322fb8
