path,speaker,gender,dist_norm,masker_full_low_energy_fraction,masker_center2_low_energy_fraction,masker_leading_low_energy_s,masker_trailing_low_energy_s,masker_near_zero_sample_fraction
common_voice_en_19602408.mp3,2ec948b472641b7a568b411deb78fb88ff38aa0710ba485edef11be07a50f88b501cc24f429d2d21afeaaa3aade5032654c32befbe672488ec1e423080351298,female,railway,0.3132530120481928,0.1507537688442211,0.46,0.0,9.977324263038549e-05
common_voice_en_20872634.mp3,9401b4e245a52861e6e9dce2a2a0f4531695061c86df8c349dcd4694fb6152bde7461e0044926007f71fe689765f75c0f1631c1d689938f7199d031ec2fd32f9,male,newspaper,0.21686746987951808,0.271356783919598,0.0,0.0,0.00010884353741496599
common_voice_en_27856405.mp3,5c1d9762b15793f04fd2fe654dbf78f6c7d2616b4fae0e17a5432687c01e4bd2a09eda5e303e5eb01476d885552593e26f0b55b0a448ab72e2ab0c48da4dda7c,female,festival,0.008032128514056224,0.005025125628140704,0.0,0.0,0.0
common_voice_en_18666651.mp3,57e30d78bf216f961563ed55a1e27b87021cc509c6fea2e7a2420af69ff9ed6232d21ab41d09af05be53543e60aa9408ba118f01798ae65b14290dae73efdefd,male,black,0.10843373493975904,0.135678391959799,0.0,0.0,9.070294784580499e-06
common_voice_en_124341.mp3,0c70eb9737d90652ffe8e61b0e07fd8470ef9065cccc35264fc95d958b8cf155f64f4462d2748d3a8f31f375edc9b2c299ca4305dcf73c1cc9be574a7bb12dd2,female,between,0.0,0.0,0.0,0.0,0.0
common_voice_en_103519.mp3,ed7c78df6f89c8596e7e2451b4dd68e6d067acfa46e4c7ec98504910ad8886a641aedae4b058db92728734ef801bc5fe1f899c40b081f16da5a34cee0676b941,male,understood,0.1646586345381526,0.18592964824120603,0.0,0.0,0.01673469387755102
common_voice_en_25159712.mp3,a98c6a29bbe6a7a668ffe33180ae32fb3766097a286163393ff8e2e52f46cdf3e97d74ac86cbca8f700fbeb0dd9cdfecaf22966991678825397276718c207367,female,after,0.43373493975903615,0.41708542713567837,0.53,0.0,0.0007709750566893424
common_voice_en_26948463.mp3,d13dc0af3b09fbad33cb40b4969c52d8dd96096dc455b2659e28c79ddcb86f30b20419c7fa8fe18324a9a73055b555c3351591d60c74cfb75d90af7e54ce3f35,male,opened,0.0,0.0,0.0,0.0,9.070294784580499e-06
common_voice_en_19284099.mp3,ab24ac5a084320d92ed2b7e9413dbc93543a714c542ce322cfad2843cd3d463dc496cc1cb3f0ec907b95ad7cdfaa0f2bc415ce18e8f8131986001fc2d4ae5dcd,female,election,0.0,0.0,0.0,0.0,1.8140589569160997e-05
common_voice_en_23061771.mp3,26b93e2671dcf919544b6a98332a6cc231c4ba72a342d4a12aa16deb367541f1dff0bacca34cb01f9475f3b535c984af2ba8b091adf1e9aeaf3225e2449c6ec7,male,personal,0.028112449799196786,0.035175879396984924,0.0,0.0,2.7210884353741498e-05
common_voice_en_72022.mp3,daa9b0e528322889d876358cfb3c2a7336123a0e4c00e30b1531e349d7fe7af7b6a7eac8021c3044508e75146082999798ecdce197ad6d511ffb4cc2456ca75d,male,contains,0.008032128514056224,0.0,0.02,0.0,9.070294784580499e-06
common_voice_en_19742276.mp3,e2b72827e2f13550330390f4502a3d183bac3ee472c64cdf92664b295a8562c3485ee741efd8fe89382d5e1da66aafc08b56715aa621529eec02cbc2c77e74cd,female,public,0.0,0.0,0.0,0.0,9.070294784580499e-06
common_voice_en_577412.mp3,acb931368cc4eaf03d51350b1934d9b8a414780ed461460538e4dfe24420dfb139282a71ebb98299e1bb1bfcdd1e3174753da5cebd817d4bc4af9d77ae6f98e9,male,around,0.08835341365461848,0.06030150753768844,0.01,0.0,2.7210884353741498e-05
common_voice_en_23960766.mp3,e2cd7ba0f6148a43d40e2c7114ef737271b9a95777899b849d52b976f96178831f0d95bc492209350e24a96d1c820e5039ba3f4eb03d1defa00a279395e9c600,female,years,0.0963855421686747,0.020100502512562814,0.0,0.0,8.163265306122449e-05
common_voice_en_27474945.mp3,08b5a904165059a734d6c2a7349404fe0cc1464aaf834fbf5794c45394847c427dfb70cef320982ea1d49ecb28682cdcef7f7c79d57d0f4f22f4e5a060b5fcdb,male,seven,0.39759036144578314,0.36180904522613067,0.0,0.66,0.15591836734693879
common_voice_en_22049359.mp3,633d89bf8a4bbb890c78da0f58d185e4fd91e78a3937a86acf3c368378d8ac0ce27413c170843880ca0674c2c9c4c9db03ef746146b6b6a5386762e1879f8141,female,members,0.10040160642570281,0.09045226130653267,0.0,0.07,0.0
common_voice_en_25283.mp3,ec54f3643a45017bdcd22ca190182266d73dd6b4e23ba8a366d8e55a16ae71ad402379f77fa9eecdbee1991376b9ca450ddc12c73df8473bd7d874ab562524bf,male,hours,0.0,0.0,0.0,0.0,0.0
common_voice_en_575248.mp3,5cc3f9914e5705548e9170f051f7f983ebaa36d591e419dbb0757a1ee11d911f3b70f0e4dd9e34f81bd947fd8b19ffb9e36c6097db27c36dcfe21a29e204f675,female,table,0.0,0.0,0.0,0.0,1.8140589569160997e-05
common_voice_en_17260682.mp3,5e82c6a6f9e7996d567f1140f168c15f69c5ef0765e872e22fc093a62c41fa7f6b73e5d9f70d6a562aab7ee0ccddffc6ed5742e44e1182cc7440503900f96798,male,stopped,0.0321285140562249,0.0,0.08,0.0,0.0
common_voice_en_20275259.mp3,b98579dacc927cb57cc7a60802dd8be20db8efea1e86f166769186177fe6e3f9dd83a79b0f0ebe9d644d540ecaff35987c03351ffeb91c77d72502df1d994c92,female,event,0.05220883534136546,0.06532663316582915,0.0,0.0,0.0
common_voice_en_100171.mp3,dd827ca548f469685d7d21bb88f8727594248ef02059b359e4cfa576404d19c461876d24342fe0f9d02f6719f04a51e9e1abc36d3733f3a310fe948ed646da07,female,experience,0.0,0.0,0.0,0.0,9.070294784580499e-06
common_voice_en_21812549.mp3,113f19f69eb0190f94f96dd3444cc2a58e9d2128425b251818f8a5c3d6a75bfdfd77ee19aabae0deefb66874ab2778319ec345965340e5e0a8060ff5423be95a,male,called,0.04819277108433735,0.07537688442211055,0.0,0.0,9.070294784580499e-06
common_voice_en_192033.mp3,8ff5198bbf23a82cc3cc2373aa1ac2e85cccb7615f301033863bec986819e0fccf326ac9d7432215ff0c06cbfbd80902b85c6396bef624d0f388685ab0a85bf9,male,cause,0.0,0.0,0.0,0.0,9.070294784580499e-06
common_voice_en_19536687.mp3,2a2cac163f1d991ffd1a614dc00a8f44f25676bb61f0de23fdc05d10b94965d7e5f027d6a8aeed8ea8716c28e0aed9c6d2f8190a348e698b2a3ca174e63c5b54,female,appeared,0.2931726907630522,0.21105527638190955,0.41000000000000003,0.06,0.00010884353741496599
common_voice_en_27008288.mp3,1404da85fc0553545e9c1018a214806370c2811aa08edd13c123cde15a9884f8e8691ea6b7e358563e0dfbf2b446814f392aba53db8fbc4662d46fdd6c6f85bf,male,community,0.0,0.0,0.0,0.0,0.0
common_voice_en_25034433.mp3,94796df469d4a3dc6594d9d759a97275d001a4aabd862b04e5bb10bb6d1991c349084f6e5120e28213bab509cfc1a892321b96ac5d0a50d5496385a32abcd94d,female,coach,0.0,0.0,0.0,0.0,9.070294784580499e-06
common_voice_en_19607858.mp3,523288e3906a9b76786c7f8a863b7e786c2d9ceee81bc04c51395d8f88af753a599d5defc7cf1559928f39307d5fe019096eecd11ba2022b794f9652f5ad5fa2,male,important,0.10441767068273092,0.04522613065326633,0.0,0.0,9.070294784580499e-06
common_voice_en_615052.mp3,7191d345cf7c8b6302aaa1cb9c7f854509b6077eaefff9073b5ff002e95448025f0f2f4df858c2e53240ebd17fc207e8e59cdd9999bbe163ed84a043e2ed67ee,male,world,0.20883534136546184,0.20100502512562815,0.16,0.0,9.070294784580499e-05
common_voice_en_20751468.mp3,e6e77fd9be108917d93f8d5a71300aea2bb4c528d0101dd4f83445c488a3af9b43fd0df0e776209d93f13f08d2d647e14ceafdfb6c6c49ffffa6fc684f361790,female,making,0.10441767068273092,0.12562814070351758,0.0,0.0,1.8140589569160997e-05
common_voice_en_622974.mp3,bb3038cbb3130feecd31051017cccd9c08db62f118757a8ec194fd9e90b89d7acab67c9451f3fca4e36290adf68e48af64380ab75a3014f324aab712ded865a3,male,south,0.14457831325301204,0.1708542713567839,0.0,0.0,4.5351473922902495e-05
common_voice_en_28595990.mp3,e31dda7fc2095f734816af9b3c74dffe4ab4368cbd540be9c0d2968b65d68fccd8e85454a3abbb269c80d09b708f7f68815d11a68cbab95d14c6f22d8a845bfb,female,lived,0.3453815261044177,0.35678391959798994,0.0,0.0,0.10328344671201814
common_voice_en_18431017.mp3,c9e3dd3c101e6e8eb9293e725b729b4d5995d06e6e7641ee64bd0a12703c378dbda8d0415228479b5179e07d6ca206a4217476986aba1781269f7282360b014a,male,until,0.0,0.0,0.0,0.0,9.070294784580499e-06
common_voice_en_20289111.mp3,ca8c7adc1ba50d45370485fb6c530e710c02d39f70af16c1b0c84057c8931e642a86e8878c4cec171dc07a5ea7476aa6cf374c0067e515aaa2a5425e056a0f54,female,several,0.06827309236947791,0.07035175879396985,0.03,0.0,0.0
common_voice_en_684738.mp3,77f4b6eeda4675f5768b2b025f6aece0806946889ca91be7cb5bd04149cb0ca72c77952de5287c428957a7aa1eddcf30a5ffe3f4fdc1f6e8d0684b8d8b1784db,male,don't,0.1686746987951807,0.08542713567839195,0.0,0.42,2.7210884353741498e-05
common_voice_en_21877477.mp3,7b078d68ac8c3a795a3b4a28afef165712db00c8e4c825e663625fee37443747d11985c26bf5b29a94d5ebeb1acfddbf0b514980b7d9052a6ec0f4fac1f7f658,male,charles,0.05220883534136546,0.02512562814070352,0.0,0.08,1.8140589569160997e-05
common_voice_en_18211602.mp3,49a397db788909b0dcfea5df7e4596f812215e80b4a4947617a10073c6bfb5c59d36a35819aebe801aad686fcdd336e2049d65425ffef9e9178f9beab995e4e5,female,right,0.0963855421686747,0.0,0.0,0.24,9.070294784580499e-06
common_voice_en_668286.mp3,02718e6068e2d4292ebb32deaefc1cb424d3bf323c8fbd29225d1265b58089ef26ad1e5295382ecd05c48a150ff399f46d10059e2491b98ceb5b08c498afb1eb,male,stopped,0.20883534136546184,0.1507537688442211,0.01,0.0,0.00020861678004535148
common_voice_en_18818583.mp3,3518da8d17df0454fd4a52ba7a3793537da5085bcf394ebf6ae9cfa915b60115828f18f6a512176659ff4895a2d049dac31f10c5b04df0d6042df7f2e4876ba4,male,making,0.060240963855421686,0.0,0.0,0.0,0.0
common_voice_en_18707485.mp3,12cfb67ce9417419effcc58d158d4d6050dfc41ee1c8270b9b02fa1ba7f1b834286a244b34c0fe7cbd0b3cc83fa9ad93fad729c1039512202f34f544188fb092,male,named,0.004016064257028112,0.005025125628140704,0.0,0.0,5.4421768707482996e-05
common_voice_en_23991459.mp3,15e708764394d858b79253427e794a7a566d8f4277b9c3b48285ee7e06cf4d1982d9e7e260e3801217e23bd02e72aac82bc8bec3325e5f31411becf728184af2,female,without,0.020080321285140562,0.02512562814070352,0.0,0.0,4.5351473922902495e-05
common_voice_en_186546.mp3,6e114681569d8d40538452f28f28c70f9a16a9b1a5b9a11252cf4faf35947fd1a7697c308ccfda862ea8487bd3be5420f1d9438c4570e0617d1b9f654b49efb3,male,could,0.0,0.0,0.0,0.0,0.00025396825396825396
common_voice_en_577494.mp3,3ecce10ba7b6bda83222b6c1ad3581bb6b6653ad60939181a537f8f6db7e720064515581fc8ff7a68cca502dd649ec048674cc6591787334dbf60c44a19a329b,female,caused,0.012048192771084338,0.01507537688442211,0.0,0.0,4.5351473922902495e-05
common_voice_en_30125263.mp3,7574732380d022d91792f92703a14891c8137fed6ba98bd98cd95cdaeda50af75af80421167e1163f3ca99d04b70bce234a2832fa175f8a1b0c65f2fa13ecb4c,male,different,0.21285140562248997,0.1507537688442211,0.0,0.17,0.16587755102040816
common_voice_en_20314154.mp3,966343cfb8ee2593e007a63f94727fd4e3e0c0269fa9fd6cbc578445753ca1048e32ed9e655a3ad2e05882a269746151c3fe0735ad645329d0cecaec3aec86b4,female,remember,0.5502008032128514,0.5979899497487438,0.0,0.14,0.00045351473922902497
common_voice_en_27949458.mp3,44418ec299dac048aec19c462d63a6a8cdaddb55b2807c63df116ceaf9d9a154aaae88256f3ca85b0235c66a389e77a0b1a75e1304e3ada8eb0bb111580e2e26,male,floor,0.0,0.0,0.0,0.0,0.0
common_voice_en_20093059.mp3,e426bcb05ec87eb3a3e61c832f259422133e4952245520326f8b2cdd8f2e33d268e8b53bab58eda0e728f530fd075259bac970325dd250c2f0eeccdff51e01ea,female,trains,0.19678714859437751,0.12060301507537688,0.0,0.43,0.0008616780045351474
common_voice_en_30429097.mp3,014c5ee427df8f5543e0f8839afdeff161d7c7fa323f5972bf6f105049d0867235efeed8711d6e44f57454c00962f1fb31bcaff8322d70deb41ff546aa567cc0,male,called,0.0321285140562249,0.04020100502512563,0.0,0.0,2.7210884353741498e-05
common_voice_en_19755414.mp3,deb84f2071c433e699d881d69ca709979161da7ea1de4cab0046ce737b31d9fca1e9d7b5b765082ae872201fbff90905e718bacf89af718feeafbcb3f2f97f99,female,season,0.08032128514056225,0.005025125628140704,0.0,0.0,0.0
common_voice_en_19854922.mp3,367efd96fb14976da205511799a3cd7726f1d751055e1efa4f6a8f2d85c2ef8bfc1e976bd3466885d431ffe5f54c9e657bcdbd9bd09ff52738f79d88d04a6b3b,male,important,0.10040160642570281,0.03015075376884422,0.13,0.0,0.00012698412698412698
common_voice_en_26607314.mp3,f0155f4d2c5d426128ef60ca519d89326cc8c4f78791ca9382da998d2b120716f1d74f0742df386cdc58b23efa3f4fc6bd22f6090af202996c06cd77fc1d05ff,female,lower,0.21285140562248997,0.20603015075376885,0.0,0.1,9.977324263038549e-05
common_voice_en_85384.mp3,b03781b18974642885f00a0126713367e250e22e249654a0ecdfe42dedda20c83f3eb68a419eb49e71d178f52c009268f03dc0453bda7cfa708dd51e6efc3d4b,male,there,0.24096385542168675,0.16080402010050251,0.4,0.0,0.002204081632653061
common_voice_en_23662647.mp3,4462751a405c9c2abf8c185544b86d6682c84863d5ac204a0f384bd9bec050673823d21450fe9977a79cfb37c4858bdad2c46d6caca243e53aad16678c1661a5,female,played,0.0321285140562249,0.04020100502512563,0.0,0.0,9.070294784580499e-06
common_voice_en_22462055.mp3,69876e372e158c68b22540c700ced00f920c5a98ba9a3777903c95e546ac5f4dc76cf700d013ecb24c8c5b0e1bc23a954eb5055cf572072dd132b31ff617e6f3,male,further,0.321285140562249,0.27638190954773867,0.65,0.0,0.0015328798185941044
common_voice_en_19655069.mp3,ce96282db34f57a581cbad14ef5cedd7ec8bcc79e5eeebb6b3688a626723b17fcfd44af81b76f90c55db7fe74b4d046c54feccc5ca70c6701f909038c5449eff,female,unique,0.008032128514056224,0.010050251256281407,0.0,0.0,0.0
common_voice_en_17785095.mp3,c7c7fc358ed5c212f486a13ef00407d2e438312124069f05a3b3f47dd725368adc296c5de41725af10e5848847dccc3f533e943e1129435775fc22ffa708ae38,male,people,0.0,0.0,0.0,0.0,8.163265306122449e-05
common_voice_en_19979988.mp3,551b27933301406ae775c435b3b3160a0d038daea79717c86d9e106ae36692cf7de955575b3c468b0521b0b7efec5f0eb6c7f1625d226eb85406124f184f3521,female,using,0.0,0.0,0.0,0.0,9.070294784580499e-06
common_voice_en_18686709.mp3,19b2046ab57dcd17a6625b665e2b2761662e682b9a5b5fc77ccda65e4addfcdf185118af5e67efef290dade4864b8fab97a21d0151e91e900608b0dea80777f1,male,found,0.008032128514056224,0.010050251256281407,0.0,0.0,0.0
common_voice_en_18825752.mp3,d4de4d50d202fb063eeb3f2d4d84cc4e429d499d508579d9085fa27e66ae1546aaacf815e0aab64a0721909eeacbca389c740a04b960fded98192913092f72ea,female,about,0.024096385542168676,0.03015075376884422,0.0,0.0,9.070294784580499e-06
common_voice_en_19618955.mp3,7961120f9b93f1084661d5921d428a38571ee701cf01590c866ad67fa8a8fdf11d1e924a5d27f693f8ff29a478afdccb8cfc73590ce314aba0d853756b3e0746,male,first,0.18473895582329317,0.1407035175879397,0.0,0.0,3.6281179138321995e-05
common_voice_en_74450.mp3,33d272c551a0ee99585fe8089c2e09df14240e1860e1e67f3f751d8e355e8b302ae5dca2c7879445dd96fddcebb86c9743bd0d110d8cd6f906c9713154fee4c9,female,against,0.08433734939759036,0.11055276381909548,0.0,0.0,1.8140589569160997e-05
common_voice_en_25181887.mp3,411d076838ebdb02ccd12fadeee1d37b52a9700aac5ab24dd35123370019660d4f5929ecf2e87cba6fdb45966be0ec3c5ce2da85b70cc59bdcf3ea6a6d858739,male,started,0.09236947791164658,0.02512562814070352,0.0,0.0,9.070294784580499e-06
common_voice_en_17854392.mp3,435510659e4e9857a151d7a4711f30ed58803709377aa0da57013494af70e687516ce57d76ab7a504405e8b173f7d2cb56674196e4fc289f68cf02448fe7bc26,male,published,0.0,0.0,0.0,0.0,0.0
common_voice_en_24718238.mp3,f202bcb04b591baa6e5149d8ec68e1a1303ea6153ba87f024f4580f981872bd2e54a87082b216e283d1abe1ffb119ca7826bebfee77284cc85657903f1d0401e,male,state,0.0,0.0,0.0,0.0,0.0
common_voice_en_18304023.mp3,19fb27444eddb6f5883355148f15d37fc957f474202fd3d2e91bf6a30de30636c35effc1de90ae6e509f75a1f66b6957661c51858a931cf60be17a4abfe82481,female,experience,0.0,0.0,0.0,0.0,9.070294784580499e-06
common_voice_en_29083249.mp3,c2f9823f99efd104b16583651f3b8f8ed29e5f28a0655f5ae0bdfc8f0df9468f008e859c255b8b404c836273baca98c82c4c88d0de2c19f8293d4b1e971885d8,male,australia,0.060240963855421686,0.04522613065326633,0.0,0.0,0.0
common_voice_en_19849038.mp3,3f5d92c3cbb1528ea35bf822cbebcf6e5881c6d993d7bf818c1de28facc05b0ee7e3f851fb05f81998e9faca25e7e81a8ab83010748585c5860fab243ca52de4,female,catholic,0.0,0.0,0.0,0.0,0.0
common_voice_en_46142.mp3,bf6512c5148f2e6e4d453c4c7abe8c33b557ee608969121be423f281293a662a8b2aacde59962ed2a1fcd83b7bd9596d1f8f67f690bb1a4fdbc6e4016f1bb7f0,male,slightly,0.040160642570281124,0.03015075376884422,0.0,0.0,9.070294784580499e-06
common_voice_en_23816568.mp3,d9d59062f29b9486803e81265bc61a4ec7731644dab65d818e9bf272929f5c3822945609d6e498bf17d3578d084cc59df96d793aae62e86a4b5f0698dc7d36a2,female,owned,0.0,0.0,0.0,0.0,0.0
common_voice_en_31772043.mp3,08b5ea8b4d08270dfd2bee4378e9929ff61b3f58afda77165af001afc31906da55d7e066db58a81b8455a273536b7b2ed785854a2be3271387db5b6bdc6d1ffc,male,trust,0.39357429718875503,0.3015075376884422,0.12,0.76,0.00047165532879818597
common_voice_en_19781150.mp3,28bd37842deb8d040773df5ce954976abf39781a4d0d92a889314f77b282eb49529a35fe8854c9975b9faee2b4b4d1d32efa985d284a7a610aaf85a8dcd26bb6,female,museum,0.11646586345381527,0.020100502512562814,0.0,0.29,0.00013605442176870748
common_voice_en_657948.mp3,17fb5f3d35d9dbc1e92f70426c8bfee176cbba9e4d4e44b1a4997bf9a1e3c822adc6a34d3f7c9b3b264c41e3f273b0d4c1d2c9c4b272c7cd42f65470da3d5505,male,you'll,0.0,0.0,0.0,0.0,6.349206349206349e-05
common_voice_en_212746.mp3,e35eaa3a4f03e48cc76909fad88c029a7efcf730c151b95044ddccc7c63723bc02e099d868533a9690ffee3be0e2b6d18fbf3fd3ae6d634d0e281f7c92f5b67e,female,showed,0.07228915662650602,0.09547738693467336,0.0,0.0,9.070294784580499e-06
common_voice_en_20002372.mp3,48f48da505573df2ae0b591a7d6b7ace44cc94ac5838f627c60c415d49acdc596b3fd06fdfe94284589fb2022d03293965eb745c9380ede36976a16d8cf59483,female,story,0.18875502008032127,0.11055276381909548,0.37,0.0,0.004308390022675737
common_voice_en_25110186.mp3,6568fa3a64d7aa4f9793de2e5aae9dc787f0edc2e304239092463d16ae201d0e822b08436f78a391b170adeefb28a1e59f2c5d916aaba7c4070a28a2f0152a15,male,parents,0.18875502008032127,0.22613065326633167,0.0,0.0,4.5351473922902495e-05
common_voice_en_20246784.mp3,566ff4c5860177f0be0af05e4c913ddcf789ef0eaf0c16a8bbe0389897e8f99f0255ef7f1fad5d6dc0da93efddd626378b0ca95d5025e0a5d2d324f72fe51e3e,female,named,0.0,0.0,0.0,0.0,0.0
common_voice_en_28624925.mp3,1b2853bea9d3a48b77e22fc9f22ad95e9094e2d4a03e2879ebe46d9fde6c8f7faf06b313c646bac390d6bdc3dc56b46762a8162520807b283c65b10e6b75767b,male,specific,0.008032128514056224,0.020100502512562814,0.0,0.0,9.070294784580499e-06
common_voice_en_22917313.mp3,45cd595afd01e386500dfeff20804f2b8cc3d0fc0382cb6af2ee1dea0434485e8d402744c06ecdf94a9a841a1128a56fa60a892a75af4b53e6a867940f68ba55,female,songs,0.04417670682730924,0.06030150753768844,0.0,0.0,1.8140589569160997e-05
common_voice_en_17804403.mp3,a7ebfa3e79cfa59bfeceee01ffd0972b6c171e781f9bd667b4ea602fcadb2e1f72f79efbdf9d191f91350f30b6e091c643415786ba802f49d4fdfba465f43f42,male,company,0.12048192771084337,0.11557788944723618,0.0,0.03,0.00015419501133786848
common_voice_en_24158045.mp3,67446193ffbc8256d0a9d502fe11009f212b557b1f024722e3aedb454c138d94bc16a863c2c78f287d3ff2ab63139dbf49446462de1a8d6ffe39c93267b16c61,female,include,0.03614457831325301,0.04522613065326633,0.0,0.0,0.0
common_voice_en_25118970.mp3,dd93aa0a31658cc8042ad06f281197ae713427c5e32c0c7e0139d15f9888b932d15ed54ca73563debe4fe2fc57f9198f860fdcd848aa5411f37e8a2a2078b854,male,received,0.0,0.0,0.0,0.0,0.0
common_voice_en_21495061.mp3,01a06bac47e97bf97578c6a03703aef81444722adeec140b7dbef151b9147fe441091f9538b768b7d9e396f0b4a37c876dcdf97ecf68be0b7dbe877ae48c2ae6,female,generally,0.0,0.0,0.0,0.0,0.0
common_voice_en_19161875.mp3,98e7c985c322c6fc4659f149e94c931bf1a4f0b9dfb6f469f71f672447321e9f53bc8caff06f22a24bee20298973cd0e496f5d8f798b5ff65bd8a7cb23941891,male,referred,0.0,0.0,0.0,0.0,9.070294784580499e-06
common_voice_en_490376.mp3,c00f57fdc9f5711a07ee7b12bda150ca34872ee2ef12d8f0caa0fcc858531cab7262c26d5905dc1975d0f1911047412b49f59e50bc79956fd47eaeef9ab949a4,female,power,0.27710843373493976,0.22110552763819097,0.0,0.51,0.0005170068027210885
common_voice_en_23815833.mp3,f9d78b9b61b2128f01c51dc1adb55447235fc5a04cb70e0abb078924dfce23e550517f004257047e533b7be616a2d77333634c45d9a6d66990539db0fb753c75,male,appeared,0.008032128514056224,0.01507537688442211,0.0,0.0,0.0
common_voice_en_19067559.mp3,9cd8f1ca12ad6c84f9aae0b99ed4b6a786060e7043878a9656ff8204ac5b477b08f6eaff5d4430c24b219361fd0a2dd44a141bdd49a4667e3934e9f4afb1e083,male,coming,0.0,0.0,0.0,0.0,9.070294784580499e-06
common_voice_en_22260547.mp3,9089375c39cf9283e663f6af9973e6c0d91ec2ed9fcbe42b7876e646b2ab395c47520dc63a64d6e9359114be6ecb1f69ff26d9bf92d6a32854f435c95da10c6d,female,there,0.0,0.0,0.0,0.0,0.00012698412698412698
common_voice_en_21370183.mp3,2854d727f5a5af10cb4ee88668506d02cb09aeea925d4d857e9610d19222ae0eb70419a08892a8bf5f4ca024c82a68fabdfaffcd2faf05d27740b1743102f3d6,male,junior,0.0,0.0,0.0,0.0,4.5351473922902495e-05
common_voice_en_21555298.mp3,ffe9800149e31022036ed109f6a4334c6b74bcbe22c6691236d53ee4540d9f4639d9c4202d1dfa405098742543b6f1698aaeb9319cb3894691840aff11118059,female,project,0.0,0.0,0.0,0.0,0.0
common_voice_en_19652799.mp3,4cff74811341a2a099fe9ded53368d26c12e8dc007c733e0b40e30dcf061f3fe6e8827c7219fcc8ca691d1ac39d6a444f1780c1b855fecbe7dc707da38b93249,male,career,0.008032128514056224,0.0,0.0,0.02,9.070294784580499e-06
common_voice_en_26523112.mp3,27f5f89604fd3eaa9692918769377945c0dfd53b1b0e4f2b42b871041aa514ceb4d0182ba5635038ec6d8f80f51ff6d54219fc5e307e463a4e228197114e248e,female,forms,0.0,0.0,0.0,0.0,9.070294784580499e-06
common_voice_en_26685026.mp3,147277db6ab5cc09394b632ebda6d20466d7d61f1134f43813371e6eebcfe8e03499a3bb9f2c8738ee73d87dc10f05eca785e5843c6f618a9a0513cdb14cd847,male,united,0.0,0.0,0.0,0.0,0.0
common_voice_en_17258662.mp3,85a539d7e362d5cc2a3314b77b20c5464d38e27044e1c6380da7651155550560515da5e0424d41830ac34b4df1d00a82dc3fa12decdaedfc125504661c660427,female,books,0.18875502008032127,0.11055276381909548,0.0,0.47000000000000003,9.977324263038549e-05
common_voice_en_25281072.mp3,6da7db3ab1076da2ddcf72d4ba83fdbabeeffc94321e641736e300df2e23b09497784896537447158e0ebdcb09d17329e66cd1c8f24da85c760b53953997ed7b,male,american,0.0,0.0,0.0,0.0,0.0
common_voice_en_16047821.mp3,a6ad0d2ef5d4165d2b4f750d0fb71a648600f55d141ac348ee58c6341fb377ecaa72be5079015335c7da57932435bd9add9d66a4160c709427eeaca6ba15836b,female,stood,0.0,0.0,0.0,0.0,9.070294784580499e-06
common_voice_en_23403381.mp3,e980583615ea4850c1d70d9e4a51d9b0aa66bce503f9ab5210ce479fbc5a0dc7a0a1da6ff9eadc311faf064998ee7d53a8bbb02a87a1a6fccacaf03335822024,female,produced,0.024096385542168676,0.03015075376884422,0.0,0.0,9.070294784580499e-06
common_voice_en_19982860.mp3,14adb49512d8a69c998ba5c9cc37e529d8f21499bc3d909675964fc86c3ef01d936db9e5857f39a2bdaa5542d2bf897f9b5665d218792bcf5572db8e3a31f52a,male,university,0.040160642570281124,0.04020100502512563,0.0,0.0,0.0
common_voice_en_27004071.mp3,61151af44d5401c2361610ea5a49cf786ae5c94b25befc242620ef5081dc9d9e37e3ae6a69319f59717a2ab5cf94a0367bb8b3fbed6a4dcd27db4ca77ad55dff,female,several,0.0963855421686747,0.010050251256281407,0.0,0.16,2.7210884353741498e-05
common_voice_en_17279054.mp3,57df887fa1313ebea6ceda18f79ec5a3ab6366113bc086bd31c1c7753355ca55cea77bde6833d87dba9733efeb29dc3655585fd36933f1c1007dcfc58f6f9ea0,male,going,0.0,0.0,0.0,0.0,9.070294784580499e-06
common_voice_en_17444726.mp3,49c6b5e3d9b384b3cd7068de616438f013a5f6c89b1855998bacbf1762c82bf867fedb9f992020a319fa7ddd2aa8cd800a31224338fb9f675fbaf986fa84525a,female,started,0.01606425702811245,0.020100502512562814,0.0,0.0,1.8140589569160997e-05
common_voice_en_286550.mp3,14f48f12b7bb8f4649306bfbd4f50ad11c8480ad684efd50e543dc0d6c8076c58b8118f16e9391252c23543e1c4575c867e279bdd503114cff2d66de475b7819,female,seemed,0.0963855421686747,0.08040201005025126,0.07,0.02,0.00030839002267573696
common_voice_en_12606712.mp3,b5a7dc4e9aa387a2c721696d4839e54fba6c299d994a180770eb877a8c713fd88e441991cac8ad55fb74d29e9f2c1dcda13fae38de609e99cea44de67a99cbf4,male,include,0.0,0.0,0.0,0.0,0.0
common_voice_en_21847595.mp3,c88a1378bf6c778763dd6593f061d89a1452ad423c8a9cc5b7f7b5a5026a6a94713ef0049ec0b45fb1e4861ef918b1051747b5a1fda9d9f71b1d177b4c87b736,female,another,0.0,0.0,0.0,0.0,9.070294784580499e-06
common_voice_en_20203651.mp3,2e061ca2b56546dfcbcd558a54a837734161203b96409b11127d8700b93d437d00c4acc57419d5ef9df02c88baab4715d74c8a5bc8e8d56d9d003be7e8a9e98d,male,three,0.3293172690763052,0.2864321608040201,0.0,0.81,0.005442176870748299
common_voice_en_454803.mp3,7fce28752e2bb81ed71173e1afe2a3fa686628f6abc0d1d9a0ba93c3a6a9e664227a0c8b78d6eb53581d26531d2602ea8c0fd55b35e6ecd4f100027d7adb9fb9,male,start,0.1927710843373494,0.11557788944723618,0.26,0.0,0.10584126984126985
common_voice_en_18856109.mp3,de18bb74a2feafcc34f35924413422cbbbd98cb0dba4291438ae034811f699f20e86f929a6c1195f9a21231eca2607de7d9d136f8e5ddf6d423b66d2b0574012,male,player,0.5381526104417671,0.4723618090452261,0.0,0.88,0.00020861678004535148
common_voice_en_27743628.mp3,d4dfddbf6b24e39c56a8c5ba2caffad802f3cd73b763d93ecac06d8a891f68d9b2b7198daa3a064c92d6445df5437398cf39976f8396f784a8dedaa85e935e5a,female,school,0.08032128514056225,0.10050251256281408,0.0,0.0,4.5351473922902495e-05
common_voice_en_511043.mp3,66c5eb7d66b8494a12cbd95f8e6ab9eaf13e2a43cbe87f10a71e6f9f1779c8475330592061e5980fd6e0c1db4391bbe235140650af00b9f54a1ba00cbba3c47b,male,would,0.07630522088353414,0.09547738693467336,0.0,0.0,0.00019047619047619048
common_voice_en_18838548.mp3,a19067c6fd5388959b0ef60fb298d2a97106b9110e68c9d70724d2f30282610680c0ad3371bd2a1075e458317c356678afec510c41a865caec06532bac5a8d4d,female,variety,0.0,0.0,0.0,0.0,0.0
common_voice_en_488980.mp3,9b8eb13b32c04b103436f8988032de17713518282d208f77beaa11f351d30297ce48103ec2c64903148cecce03f4c6e9965b45548171fba66da238ad70b73229,male,always,0.2891566265060241,0.24623115577889448,0.15,0.0,0.00024489795918367346
common_voice_en_19617921.mp3,fbfc752218c9e27621fe7b23e73d3847630985d5e911378f85686b8e59ef834fc28be09882c89b6cd55a81db351995b85b06b0e4226cb47e2da302cd8c743775,female,little,0.3614457831325301,0.3316582914572864,0.0,0.29,0.00010884353741496599
common_voice_en_16047336.mp3,bd3ec7c935c6e5ef19d9f46101c2d9fdc1d97ef8b0c138c353c097593290d1c036654c6b598af18beb1f1efdfe2714d7dc4cb542fdab1d3d1e6b466ec276e565,male,getting,0.0,0.0,0.0,0.0,3.6281179138321995e-05
common_voice_en_19673570.mp3,dea2a404e1946c6f842c2a8e195c3311b6058ab80696ad33dd9b9d9632e56b01cd09f1e07fcf1164861b26259d05f2fd4f30b5045872dc271c8519fa808ccdef,male,festival,0.012048192771084338,0.01507537688442211,0.0,0.0,9.070294784580499e-06
common_voice_en_18781939.mp3,8cbd52c5a408f9721da625fef7e53d7b59f90b6de09986666260d9510792b9d0a8b011ad2a1688cd275c0cba5c78dded64c663512997ae3e8fe88cd5d1f76f02,female,mostly,0.008032128514056224,0.010050251256281407,0.0,0.0,9.070294784580499e-06
common_voice_en_24976099.mp3,0663aeb40f5d5ea46610cac3ca0183f2193b429770c84b516efe7d199b8b110944005539d986613fdc9d6532694f43c3a8e4dfc9de8ae7bfbc8b57b412ef71dd,male,serves,0.0963855421686747,0.04522613065326633,0.0,0.0,9.070294784580499e-06
common_voice_en_17284058.mp3,6d6054a081499041e702c3328a54fa8c7e3ea814d170313025fec3cf0453267bcdfc0f1906869a329a83cbe35ea07697de0eeeab8b3e9ad40f0675951fd700bc,female,because,0.14457831325301204,0.10050251256281408,0.0,0.01,4.5351473922902495e-05
common_voice_en_18841724.mp3,50bcb7871c2f05852e95f5993688b2625afe38ed851dd2ff98ce8fe29d5a21324a67043dedc90eabedfadea2d30bdd3e39ab2e7ef0bb16317eeede991fa0f4c6,male,first,0.44176706827309237,0.45226130653266333,0.1,0.0,1.8140589569160997e-05
common_voice_en_23651028.mp3,a833b8b93e961926c49db87e1e4b0c4d73bef6899b389d46f11b8bb39b58d50d320fe0568a2f077a15916044e02298882906e6959d41dc64e8781d492602c37b,female,forces,0.30522088353413657,0.2613065326633166,0.0,0.55,3.6281179138321995e-05
common_voice_en_23366942.mp3,a6fefcf89a7300550e4155d9fe59dbf721f47a2ee7dab133f3102936dd64f3fa3dbda65c08153fe2239082cbc5a6e768fb884842a14e58d36e6950f11515d90d,male,opened,0.0,0.0,0.0,0.0,9.070294784580499e-06
common_voice_en_18676886.mp3,3335dc624e951cc2315dfe73db5923661a171e10283893c4846dca24fed5e80874a22bf06f5fd12a8dcc47557b51d40610d0aaa180aa63c18ea7ed2e1ea2ed5e,male,twice,0.0,0.0,0.0,0.0,0.0
common_voice_en_561831.mp3,8474f6a6329603fd33703cd6d5163a7f9b391084a233e30c0aa090ce56780c63cf5d5fb4480cd1a74725b1853d812198fc3b8656ec470745aab9a8b131b4e139,male,should,0.04417670682730924,0.010050251256281407,0.0,0.0,0.0
common_voice_en_29033859.mp3,61d14d2c7329a0b537d70d10d386ffbb95006f79882624108882658f6500ea7ef33c998cde403201508af8304c35a8ee33a7dd44135d6bd44436a0db9797ddf8,female,county,0.04819277108433735,0.0,0.11,0.0,9.070294784580499e-06
common_voice_en_20026626.mp3,ae3195e1430d7b9bd3d3a267ad78d220b08b3d5bddafbf1dbcc8706a54af41e065675bb078a18678fe16bd9c02b480584f9a3b86cfca341dd8cc7d155720a224,female,station,0.0,0.0,0.0,0.0,0.0
common_voice_en_19626496.mp3,23429cc30d8a128fe4dee3aa02248e09b6a7baa8958345e2ea466a576b57b1f012beb1e2d5d4f946aa2dd2774eb0d002afa37d8fdaddd47ec0a12974308e1eca,male,still,0.0,0.0,0.0,0.0,9.070294784580499e-06
common_voice_en_463717.mp3,b8ee33542aaf0757008612151356ca7b9f6af253af9c40317ef32c8891d8ee6f0ed4e327759b2cb15e23d1df1fd09e8bdc5fea7cebd63ecc4df54d2b491fae45,female,still,0.23293172690763053,0.1658291457286432,0.1,0.0,0.00020861678004535148
common_voice_en_26817160.mp3,64e4dc460e4d9d2fb73da4e877719ff77822cb2083ae22970ff568971cee94978f2dadba916ff612e0548ba18760f8d592d1188e446564ee6b26d8493b9b4445,male,located,0.0,0.0,0.0,0.0,1.8140589569160997e-05
common_voice_en_23645757.mp3,eb3bf592035b0afa56401f2123df352768edf7ccfa55aca37b15e86f316d06c7f5fd4d8427b10c9b95aabbb685879fa9373569534711a01cedc6389d9579dabd,female,through,0.040160642570281124,0.01507537688442211,0.0,0.0,9.070294784580499e-06
common_voice_en_24721376.mp3,c0585c2bb060b28d11d696bd2039ce65779b7299aa6df0f0ce778819e9236c69bfeae759579bfcb61d4330adbe705644ce3c6bdc5dc42eac877e0ed06b8a76ad,male,official,0.0321285140562249,0.02512562814070352,0.0,0.0,0.0
common_voice_en_618686.mp3,fb776cb9d4d47a4d939ddec90494a61fd566348d83f88bd92368beea51b0ba1a407211c81b7d86d73ccb1b3248c2487fccb55b9e0cc70a4616c1b9ab7d34455f,female,things,0.1285140562248996,0.0,0.13,0.05,3.6281179138321995e-05
common_voice_en_19679894.mp3,cf1e87f82de2d3610ca3f85f36e1db4955e19ea57bb70f5df2faeecdcf6a59f714f1b6bed55815a548b2419e4204381b2dae817f09da75fbb87371dccb15d1a3,male,entire,0.08032128514056225,0.010050251256281407,0.0,0.0,1.8140589569160997e-05
common_voice_en_19452783.mp3,afeb0d5611c3bfcdfdf8d97514bfcced8f743d85dac6d4cee7ca76c259a62385d9ea533a35ff36e27cc1fa728f33f26577bbb5ee5c1620f58460c9b8b00fdccb,female,making,0.012048192771084338,0.0,0.03,0.0,0.0
common_voice_en_19593993.mp3,88ceb1a2c4ac0d733191804484f3aa905a9e4c4bad305e6d14dc64df47289b064d43fc464d7a3a2a824268d7e935f3a68f2c6deecde16007b5396240deee5d9a,male,forest,0.36947791164658633,0.33668341708542715,0.0,0.88,9.977324263038549e-05
common_voice_en_19816826.mp3,67bec880265b6e16f037c62668f6438e3f70a8a83085b80d8808aa6bb90d8b66b2ea7498301347f1baa834c785fe8c1d62e56278218de285c8bc1a95a26d9da7,female,quickly,0.0,0.0,0.0,0.0,9.070294784580499e-06
common_voice_en_18532761.mp3,dbf1eeda4c4693eae7bb3f91d5ce67b8eea91f0b8f6341dba8a8eed35c0df15a1e9cbecd27e11d236f2b197be00c4e1092d51b809104fe1c336a037bc09820b1,male,played,0.40160642570281124,0.2964824120603015,0.63,0.14,0.00015419501133786848
common_voice_en_19641041.mp3,17fba8a76c2d3ac54167733cc30e972a5507e9be44896df06dcfdd02dcdd7d1450529aa1d69c569258db3d80add39579d6f9626766ec47a58b995c95dca45109,female,called,0.020080321285140562,0.010050251256281407,0.0,0.0,0.0
common_voice_en_27398996.mp3,9f3bb525effda76ff715ba34e7310db26f8b63172a1b70611b187dcdf99f7f2738e1993b662a13f1957e5b29b237c7c60e5ca934477495a1ecdb67df89e24990,male,forest,0.028112449799196786,0.04020100502512563,0.0,0.0,9.070294784580499e-06
common_voice_en_26155350.mp3,89953d6eb61e6541b8e6ef09dca164ed4de5cf5a3784ba5b5e1e24bf04b5337ff88f5710e375c031a914b05834f40046307b50c8c2fa52a44742b2ff8a349986,female,divided,0.0,0.0,0.0,0.0,2.7210884353741498e-05
common_voice_en_18592322.mp3,bcc5b03a0e96df98651b062b63e772b82d528a56b04a913c7b0f6f643ba6362a1f4cd2f11a2940ef4432717093520979939b026e34f5ee908151c6eaa9e094d5,male,voice,0.22088353413654618,0.12060301507537688,0.0,0.4,0.10091609977324263
common_voice_en_23684445.mp3,38aef6b5ee1f13bcae5fdcb9224fef0c8fa1a7f7ba4a3280ef34d75bc196e603d2546a69785e25657b57182e7b87165c6e15de4e24037c95afa28cac3ed81ae1,female,turned,0.008032128514056224,0.0,0.0,0.0,4.5351473922902495e-05
common_voice_en_19623440.mp3,c20364f727e195bfc39da8f023be9acce663252bcc8b9242c4c455941985d0b6a1c2353f945c403e54e4d3ea820d28741334c05781606fbdb45e7ba462b3a502,male,station,0.0,0.0,0.0,0.0,0.0
common_voice_en_17429706.mp3,fee722f4878211e20bb080a0f4ca915a8b95181526b1a621639e68fece49c0a0c1cd254fd4558e6cddd56c29a1e6ef0f6f4d8b483252243eeb7e204cca814f9a,male,today,0.07630522088353414,0.08542713567839195,0.0,0.0,0.0
common_voice_en_15905030.mp3,d98b409c00e0a89eaa2f3dc945d74e74baaf258696e072f49327341b71f832ee86dba9ff32a23a9aeaef23f2a4276f8e2050aeaf4553a53ebc61dbb787e572a7,female,least,0.04819277108433735,0.04020100502512563,0.0,0.04,0.0
common_voice_en_25245731.mp3,209d5fb54b91277aece31ae03ae1ecbe553e8d3c263b9809ee1b22ed6aa95eb36ffeda1c17ecd845f99a34bfb278674774f184b2a15a361c3161b57e6a19abab,male,design,0.0,0.0,0.0,0.0,2.7210884353741498e-05
common_voice_en_18753041.mp3,905290e6c425fbf58eb647e6e1882d5e687fd6a720de8c34564950251369c1cea398a674f7a55dc88efe433a021d0d368471417bc22966d648fbd1b02e034909,female,director,0.0,0.0,0.0,0.0,0.0
common_voice_en_4975442.mp3,29f352af2e88600f69c3053870010c4ffc2567e7a8c08859812d4f1b0c2eb71bb951a0cb818dac4596f80a934972ee9ae3cae599437c97d5255c397a1825ec0a,male,material,0.36947791164658633,0.33668341708542715,0.0,0.92,0.0019682539682539684
common_voice_en_20159070.mp3,02a0c47555a29d08a1d5b5751e5f52a3dc2661f8b11cd564e0519c509ec81bba90e9d396e5d6ca6cacebbb30f3e7c18bbab57ef85d98597aeae197745baac57f,female,what's,0.07228915662650602,0.03015075376884422,0.12,0.0,2.7210884353741498e-05
common_voice_en_554281.mp3,d14da537165379705441d49cb883019f686be3d367b49ae8b1f7945aaaaff90149f8c03ca020c12b7c1437665a2857a684e0ec467cc2f54ff3cea69481443e3e,male,other,0.0,0.0,0.0,0.0,0.0
common_voice_en_23348844.mp3,9c6565b3bf75dcc1260cf3faa4f747ff772c778c21ad713095ff2444369cc566182cbb2b064e4d27fe32d900bc2c6d240b6f46e074ea0584455ebbd89c4e6bb4,female,carried,0.060240963855421686,0.02512562814070352,0.1,0.0,1.8140589569160997e-05
common_voice_en_19729160.mp3,c81b8ae2f39b8cdb54c6e0fcf03d2e87f031ae621bb44416bb78dfd4a2fe5a0c9787edf24c2b3b637e6e467cb2dad58d6855b36d97ca21827ded8b86de37a9c4,female,placed,0.0,0.0,0.0,0.0,9.070294784580499e-06
common_voice_en_552057.mp3,f2ca756bfb1eab66c40df66c22abd0057d38f27facf71786b0345e668f2b0ae16d06e6b0681b008fdad02cae159c96e4011b0f2d70dc06c6763594411e96aaa0,male,playing,0.008032128514056224,0.01507537688442211,0.0,0.0,1.8140589569160997e-05
common_voice_en_19666248.mp3,0a0f98c5fb5bef528a71a83b74c59c06901144a415e24378d4e67d54101b981ed70310d8360c1bc1cb558af6810ca2178bd26ac22920b1d815d001bb871a4f3a,female,michael,0.18072289156626506,0.08040201005025126,0.0,0.4,1.8140589569160997e-05
common_voice_en_209911.mp3,e3599f708b9537dd788ba33967a8104904b0e9b7e2cb7c274eeef646284e7d0839b93cca4f7c4fb18ba82a68047bbd1df2e7ed8c3234c7800c862bfe59eda52a,male,guitar,0.10040160642570281,0.10050251256281408,0.0,0.0,3.6281179138321995e-05
common_voice_en_22147138.mp3,212a5322dcb4cf11731bbfa13b3a6667e1ee23553bd3755518f623ab89c5d03c81d9950b59d3327640b74793e115ea8f61b8132e00c22bbe9540e497c061cecb,female,received,0.07228915662650602,0.06030150753768844,0.0,0.06,4.5351473922902495e-05
common_voice_en_17261832.mp3,1bc3dc0bc84f16ba31209af3ff03ec57825fb126e2afbca29c4abaa493c1edb2a209c4c260df10a094c5707acc1ad5afdd2e8e8c04f41740ebdd654ac3745994,male,years,0.01606425702811245,0.01507537688442211,0.0,0.0,2.7210884353741498e-05
common_voice_en_19736310.mp3,e5d3f8891da2b3a75a449c8ac08fc03f3132107de8053a4b375f770b9cb790e0058e1862a0a42bda46edf939f998be0a55421b9f96a08a29b65ad0dea1496089,female,south,0.05622489959839357,0.06532663316582915,0.0,0.0,9.070294784580499e-06
common_voice_en_23568311.mp3,28cc249eda5ad9e3a544285dcf7a3920618256a8135cf98b517aaeed94348701d5df1fd92bccdfa6ccb13fa4b984fecb2f9a27914c83491b037460b12494a017,male,saint,0.20080321285140562,0.135678391959799,0.0,0.05,9.977324263038549e-05
common_voice_en_28133002.mp3,92e8b507ff4a88d51da949d74f56adc905a4b28d39eb9b022f4170676eab6c7d6d253f8760608c03151bb2aca21276991ea50e8062221f72fc3c8268ea8757fd,female,surrounding,0.08433734939759036,0.04020100502512563,0.0,0.0,9.070294784580499e-06
common_voice_en_20224043.mp3,ad7188d111e83c5d3008c0f67c9100d7cb631bc717b36c40069c4026d8a80b11db33573075b9ce8dbf2f6986f3737bfb2db225ea4e986deae50111160ebd9725,male,station,0.3413654618473896,0.32160804020100503,0.0,0.8,8.163265306122449e-05
common_voice_en_19620474.mp3,d52f8bd0736ce9392da1266ee220411cd820400ef22909d191e4fd5aac97c980bd5c71cc935ff5e8ac7d02f2816d3b962b8b5c6cc32aa449faa48cb5b3c98d9b,female,while,0.04819277108433735,0.03015075376884422,0.0,0.0,6.349206349206349e-05
common_voice_en_669853.mp3,254efd48a9c66ba9b514b428e3bc912a101269ce77daf341c5e79d72fdb73400dae5d1317941393524db6d93afa1e6f2d7c3fd215f93ed41ba0f967d7fabb912,male,include,0.05220883534136546,0.06030150753768844,0.0,0.0,4.5351473922902495e-05
common_voice_en_474449.mp3,7e4a5155ef7068f3d9140db752d800b628435fe1a263902b525a2aacb9dfaa7f1c39308809991df5603459195ad24a4400a5312569ed00d3cebfb11cae211fc6,female,about,0.0321285140562249,0.04020100502512563,0.0,0.0,1.8140589569160997e-05
common_voice_en_19670706.mp3,a06f932822cfef587222a93bc44ce79c7aa8a6a7dab2ede5ef9803801036e4902386c17d692619d87748d347f2248c0d1dc4b6b7dd6e95c0591d32fb821f249c,male,district,0.012048192771084338,0.010050251256281407,0.0,0.0,0.0
common_voice_en_26110485.mp3,286b3e8a1836d09e6750eda31ea961d87e0d6aaf625df6135d7da264ed96150cef6cfda72f484245956373ad3c393aaf3cd3d016ac64d26a9facbc3cc069457c,female,something,0.11646586345381527,0.09547738693467336,0.0,0.07,2.7210884353741498e-05
common_voice_en_24036849.mp3,bad11268b86191278a0702b96fffeb5faf0fe528b437eeda2ec77197f81dcba4e5ab6120af5758d7755ec168c8e132bd837fc71040b633c7c96459b456d07d40,male,better,0.004016064257028112,0.005025125628140704,0.0,0.0,0.0
common_voice_en_22053828.mp3,d71b863c19684153e935fd6b8687f5f2f4a0e70051fd54300da29ad73e2063abf8468207d971e033714069056af13c5172445306b219f66906a4f3ba34353c50,female,which,0.1646586345381526,0.20100502512562815,0.0,0.0,5.4421768707482996e-05
common_voice_en_19807301.mp3,fd93fd3935d17b77c6aeb279e53c3c1a3387d0e08f3aa520759ccb5a11e7bdfe6be387a293d162dfbbf92178055c6f6c7107476c651f6c4d58b55c7ff93781d3,male,origin,0.07630522088353414,0.09547738693467336,0.0,0.0,2.7210884353741498e-05
common_voice_en_19979535.mp3,895e6d85477e1deacefec31285869303149ec887bd81b941a7ad82de857b4f8e8fa01405375e9c757aa8b0167a9b0e421280cde28606b133371ced5a29af679e,female,members,0.0,0.0,0.0,0.0,9.070294784580499e-06
common_voice_en_24761268.mp3,1e3693d113e759b546de3c5d9f8e883eafcaa93953e37878cb16dbf6621f45195b6b057f171d787758a3da1d86619192eeea36064f6d12d98dc473b63c69f4c3,female,raised,0.11646586345381527,0.020100502512562814,0.0,0.25,3.6281179138321995e-05
common_voice_en_18319849.mp3,a23b01c24f1040f7537d9d4b754a5c8cb4389428d979c560404e0907185c3d62c2197a519640a5a9f7454db08eaad1bb187fd72d34e25e6fbec0ecb190787b1e,male,minister,0.30522088353413657,0.2562814070351759,0.7000000000000001,0.0,8.163265306122449e-05
common_voice_en_24386318.mp3,afd10118899991b7e4af3edddf0c749daf768b6669e68c04c2827d572d39771015c17ec7fd8143657ba077a731375c6fa34f2012588f8cb1b78d923a01178ac7,female,board,0.004016064257028112,0.005025125628140704,0.0,0.0,2.7210884353741498e-05
common_voice_en_517163.mp3,dd6e54cfd0eb3aec8510c70a99d2d8db8c4006e1f16bc8758423442641bb61db07c2beeb0175899450537d3dc4ca5b8b39455c0817dc1aa069a6d827b59331e4,male,you're,0.40160642570281124,0.3165829145728643,0.12,0.88,0.00010884353741496599
common_voice_en_27125646.mp3,f763d1835e4436a3a85f271bf404cdbcf23f9b9c6f7d4d76772ab58246f52f10b6ea6697e454caa590e7fc49f2d47db547a0d584303e1f113346ab93378d5ef4,female,towards,0.0,0.0,0.0,0.0,9.070294784580499e-06
common_voice_en_18478845.mp3,51d5e12fa85111b4b12b99e8bc5d42362a00ef90cd0b9fa0888937edadfcaca39393ded2c393d8446d42dfdf0e3fdee94f9f25a08e0c019710c64d013218852c,male,might,0.0963855421686747,0.10552763819095477,0.03,0.0,3.6281179138321995e-05
common_voice_en_24960167.mp3,6f3438861101d016c33bcda85e7573237aa793e0b053b4ef26e7bc520f660e3bf8ba03b90a9aad3f4bcd45af528ec89ef426f51341ac28198f87790b0a673c6e,female,great,0.040160642570281124,0.05025125628140704,0.0,0.0,0.0
common_voice_en_18541003.mp3,18cd37ac3c91e92fcc42094f41f12bafc7f66387b283c0a6ec8323eb19e545c29bc1a9f8dd91b201e0da07853003e2f91441169da6d74a94083019c9e5043c6f,female,would,0.3172690763052209,0.27638190954773867,0.31,0.0,0.0060680272108843535
common_voice_en_23692977.mp3,b995a34bf86d416aaa5f73dfee875981781043fde672fe523a8cc65bc5847f1893117a570e672e54bec8b225610d7783e23aac0ea6dd7116da5803eb87dc562d,male,position,0.0,0.0,0.0,0.0,0.0
common_voice_en_24206721.mp3,788eb575922d8040c178700bbaeaec2f6bdcb589413c1464708cbaab3df95ee1dcd036615cd8c45e0caa9207f906f941565b8943ae2d11a278752ac035a64fb8,female,native,0.008032128514056224,0.0,0.02,0.0,1.8140589569160997e-05
common_voice_en_20465265.mp3,7b4905a47e3ed721f922bae2ccd19c254b5cee023ba8b30955cd2bc6f15027f4e5517d2675fda9ab7a950422cde4e19af4e3cd6baffc907467830b6056e2991f,male,system,0.0,0.0,0.0,0.0,5.4421768707482996e-05
common_voice_en_551537.mp3,c921a35b46417c423222faa2494dead40300552bd2c2f73094cc1eb47eb38e378151bcd5517546641b5a39b40e513dff086c74707cd8a8532fe45f393b3117af,female,group,0.040160642570281124,0.03015075376884422,0.0,0.01,9.070294784580499e-06
common_voice_en_17147413.mp3,c56dc7b06f34d7518c23a4671cc0513eff0f5f6585ff5e61db69044ff67b934cf3b2636f2b4121e65642d6f7ca3b7d1c3f497f1b16250b06352ee8692989776c,male,happy,0.26506024096385544,0.2562814070351759,0.0,0.15,0.0006258503401360545
common_voice_en_636829.mp3,bb72773e465823b09d0da2e4f9c3785e096aee8bea9fd4b5540fd3e4680e61e5edcb14380d22a30f5c591dbdbd494e3e59c970fbb5562386839c0358c52272fe,female,could,0.0,0.0,0.0,0.0,9.070294784580499e-06
common_voice_en_21858284.mp3,3e958d68bdb4e53eda8db69ddba788bee3b7cf8f5ca3f009ab2227c041dc4dacbe7a985904ea49cddcce1feafb55f4964b161160282bb05429d5c27f8fd43061,male,chief,0.0,0.0,0.0,0.0,0.0
common_voice_en_19603798.mp3,051e865815e5562d03fef6e4cacfed89f895d8b6f277e73c127c9dfdba66d8d25e0fb3e573d5993d5c57acc97ae8e122b53be1e5d6b24fc2c5f3d01da3d03246,female,northern,0.004016064257028112,0.005025125628140704,0.0,0.0,9.070294784580499e-06
common_voice_en_18243933.mp3,9c72e2da5e631ba34c9471cc18b7123270bbe3f61f2f56b7dccf3b141287985d4f570343d4facbf8e2292bf7f5746c57c62cdc252f32d4642bb872ebe5642a86,male,first,0.0,0.0,0.0,0.0,0.0
common_voice_en_20696654.mp3,72057512b01e5a19f152ef720f6e84ede4b76d83eec576a3db883ead5610a3164d296d95ce2499ba3d4bfa7aa693edaed199a81c831f92cae9f6c4ff096ba7bd,female,large,0.0,0.0,0.0,0.0,9.070294784580499e-06
common_voice_en_218191.mp3,2616e7a9595a9e57c4be59e468a0197c41afc6508ecc5c8487cad9c1e12624016b262e0d8086bc485d6d7b8ce02e5d333c7681c7086e7bea2fc37d9c051a09e9,male,playing,0.0,0.0,0.0,0.0,1.8140589569160997e-05
common_voice_en_22049607.mp3,2fc5089fb25030ee70cbacc214c73d69101708f1667603b59906eb075997bd5b9f42a74bf7f76747ccbfc715574bd266511653dcdab4e339173ae60e630d3fe4,male,united,0.0321285140562249,0.04020100502512563,0.0,0.0,1.8140589569160997e-05
common_voice_en_20727853.mp3,3e0938d71630fde4362ee5a31c9395ad8875384e82037d06196c52f7885662f31df164ae98c16e0dff6d7115b542574f9d7d66e26bd89af33b38e5415e506910,female,local,0.03614457831325301,0.03015075376884422,0.0,0.03,0.0
common_voice_en_699398.mp3,57335265a4923c6571cb624a31d314f87ddb080514105291736224f916cf01da0cf89cbbaa6aa67d8dff92cb92da6017e3b2bd938676962158512c986bb82fdf,female,about,0.0,0.0,0.0,0.0,9.070294784580499e-06
common_voice_en_19538874.mp3,5c361a68bafbaa5a328d3b60ffe322a789244c3b3f3fe636a02a982be2d4e7cd88684720ed07b14b11acb642486af91dd3691dd9a7c22d687bda2e8f6ee6771c,male,which,0.12048192771084337,0.1507537688442211,0.0,0.0,3.6281179138321995e-05
common_voice_en_17272359.mp3,1ff73a000be4542471e5c7970e9e23a86126ab7bd92c0e1c4c38095e02a8adc5fc4dd83ce801917eeb84d5920bf9aaddcd510d18dde76cb609383c10fa9c9ad4,female,information,0.024096385542168676,0.03015075376884422,0.0,0.0,9.070294784580499e-06
common_voice_en_18415736.mp3,f74dcee66ee8ee52a04ca1458d94a5def4c24455d1fb83645e92b346aa1f00d7a4bf337191973654677b1c91ba6e8f02faa283671b6559706277dcc0501ee19c,male,immediately,0.024096385542168676,0.03015075376884422,0.0,0.0,9.070294784580499e-06
common_voice_en_509809.mp3,eac853a10cce520157bdee32af47676dbebb0cac0763c94e882382ea1c14cfaf831ec78ccbf76bcbfc8d636460c5fd52d85bfbc829fa2f9138d2b081eac9839a,female,among,0.01606425702811245,0.0,0.0,0.0,9.070294784580499e-06
common_voice_en_27660206.mp3,b6e10acd98b79450720306c7a80fc228399bc10127d11bb6476a4ac97e845facb6661c5c02cad9a6beabf23529e0a09b2b7023ca50f9bf2d1ae12c862ed73e33,male,found,0.0,0.0,0.0,0.0,0.0
common_voice_en_20154159.mp3,29b8505586cd43382cd695da6b943f401104be710a5b60e814ac5fe7e06b39459cf8fe1701ca83f8154b3ccd749df7c2aef33ff23950bb1a135b1e1c393dbcf6,female,radio,0.08433734939759036,0.02512562814070352,0.03,0.0,0.0
common_voice_en_21177674.mp3,fe6d946e7bbac71d21bd0bf1f7a6a6ee129f1f43c0a87c7981c67d3d1163b2e7d99ad92b9bcec8248cfc760c7603a88d2357f8edec1660431f250ca54dbd2db9,male,released,0.0,0.0,0.0,0.0,0.0
common_voice_en_20247581.mp3,0e0aea7357aa0f297a003c0a983e9ed0f6d674c57a138f486489acb33bf1caf26504f1639e3848a4cf5a86d4f9ec6844218317132943a00a441d76c3d7bd5e14,female,important,0.0,0.0,0.0,0.0,9.070294784580499e-06
common_voice_en_18506113.mp3,6efc8d4c78ceb0a0de7f2d2c49cc55c5fc55387cfbd6b6209dd7202646bc231e0f80e874abd47aba9a17aa67f0259bcef260f8638fdfb25761e28b7f627711f2,male,simply,0.0,0.0,0.0,0.0,1.8140589569160997e-05
common_voice_en_17879421.mp3,adf822b59655d58e47534f5bec2ab20d9f15a9d00e708890f12dfef43e0dbd000962a84a1099a019d9de5afe0cfa0f9d45e62a5ca40fd2b3f85b67c122f1b791,female,events,0.0,0.0,0.0,0.0,0.0
common_voice_en_21574046.mp3,727be5e85776a12ff3478ce5ea938cf2e4d29dcf29bb2fe7e795c93c2d2a82a64ba9afb0c7c8c9e5da7dbf73685b50e0a807873775a60fc014b7b7a305e930cb,male,raised,0.08835341365461848,0.06532663316582915,0.09,0.0,4.5351473922902495e-05
common_voice_en_20008854.mp3,415181dd3f1c55f1a85159db41044b2670e5ac4617530d205779bb6e08330e8392382e184acd8f80747cc793c83bfccd696f12756d1bf729d7cc66e009cc819b,male,number,0.012048192771084338,0.01507537688442211,0.0,0.0,0.0
common_voice_en_482212.mp3,cf13483ba38443e4f682100222a13a5e07e2a74c740b3c44c9f8f360c6f3a99ccab0cc3fcaf05f0986b056b797ec07bfb2f002816a5c4019ac1c85db5f1c8ba2,female,green,0.11646586345381527,0.05025125628140704,0.0,0.19,9.070294784580499e-06
common_voice_en_23819785.mp3,06044ffd6fc712ce6bb73e11f6bc7637a94ac2899b2240202ccef0f291d80272c86e1099f81d942bc86d99173dcac8e089d23d06615e50d62b07c68adb532476,male,group,0.0,0.0,0.0,0.0,0.0
common_voice_en_19666737.mp3,b542aaca9c4b6556d089d81acdc5c831a6ee624ad0e4f2cd4d44775ab0cfe76e7f1f92f8f02ecb3d70da834e88229ae28432558b1c5738ca59eefc9d294ccc5f,male,includes,0.0321285140562249,0.04522613065326633,0.0,0.0,0.0
common_voice_en_17255666.mp3,cb5b2099e6c052672cbe9cb4f4118266e16ddd09060216b4a0d0d65111805c93abf087d340ff9e64c2ade3fb116bba3e128b22d17c9c0053efd52b1833d89a9c,male,remember,0.1686746987951807,0.07537688442211055,0.4,0.0,9.070294784580499e-06
common_voice_en_19610077.mp3,e9bc1cf56ab092ea29265075137c2aec83f8a6b8354f70e88088f82c7a9f6c0259e139e5a3551733bd74bdebeeaec77ec0c9589fc225e755a0e6eb0e0ca7c333,female,official,0.0,0.0,0.0,0.0,0.0
common_voice_en_17862361.mp3,35989621ff2dd1ca672d5dd7ca789d3ded078310ab09232937d0951b34121566d276c1f6888bb92281950eac15ae2325ee19009f4aab528db3d2864a0c341756,male,according,0.004016064257028112,0.0,0.0,0.0,4.5351473922902495e-05
common_voice_en_23703273.mp3,177bee55973286de1b2bab468270e4deb5ab33583a209679bd36c7c8a05c39c1e4c646d041cfb6e6c9bbb61fbdc9b6c2e76c2bd8a44143a6f991f31630ea8794,female,county,0.13253012048192772,0.1306532663316583,0.01,0.0,0.00015419501133786848
common_voice_en_20776268.mp3,bef2270a2d207564cb2605413b8ada0959d2604fd274136a2870301d6a79c9a26e185d5cbe413dbe5392165ead17b1b366684778890b86080d73b2c2b82c9fc3,male,beach,0.0,0.0,0.0,0.0,0.0
common_voice_en_17284555.mp3,f21f4aed01cb9796dee248dd61281a2594b5433733c16a992975745538119a6336a6160d19a007caf622e9dac88334e9b560a79f01c96eac0e25e0772f1a32b0,female,think,0.0,0.0,0.0,0.0,2.7210884353741498e-05
common_voice_en_19724987.mp3,14a7aacfb2e08470b131153c6f83c98a21bbd797ef01de71e1bf7502f2428a804296cc819079d1b70dc11911516ebcf0f1dd4ae4da3aaaf474429bbfe2376539,male,never,0.0,0.0,0.0,0.0,0.0
common_voice_en_23865499.mp3,da3e262a28d2da934d128bdb06b2e126f20019b1a64eee1ec20a144c10b6e08c2105cbca1aea5e0d7c29669bc3d5dc799d5709e07bab2195e7248f316983c9bf,female,award,0.08032128514056225,0.10050251256281408,0.0,0.0,5.4421768707482996e-05
common_voice_en_18508873.mp3,aeb7532e68a7656f77a502623ffb5b029b39eb2112c0ca6b97cbf8930510a82cb7770863850a175a5f1640fe273f0da50d4e8a12a1f42486523f30d8a4aa848e,male,couple,0.05220883534136546,0.03015075376884422,0.06,0.0,0.0
common_voice_en_17832012.mp3,904bf0eff8ed17d3f197f14adc863563aef3d58cf4ae67f5de10b09d90e3d4e31d4a0a1ddab877d91334d0437c8c05156be3a254683255789023a85c3915724b,female,learn,0.06827309236947791,0.06030150753768844,0.0,0.0,0.00020861678004535148
common_voice_en_243487.mp3,4f0b6210777e0cca751fb145e0ed6b0d54bb299a7163bc66cc4c7bbbfd1a7b68dd45a0e12d479d0c8c8f6c8a2417a88d022fba1a35e15cd7520c4eb52a0117ed,male,great,0.41365461847389556,0.3316582914572864,0.16,0.04,0.0007619047619047619
common_voice_en_19519119.mp3,322088d33a570e786e4d51f62cb109853f6cc301e80d4146b344e5854c40cd3b08d74795abeb717af2bea473c28c546a65b96240439cffeefdda3f9cd4ef4e37,female,first,0.0,0.0,0.0,0.0,9.070294784580499e-06
common_voice_en_10596185.mp3,1d8f17480d099989267d8f26fc8fbaaa206b7fb6fffbdc678552f52ef9b774b7fa684a3b674832d3d53600dc6cd47d4d4eaed7b0b3965ad8889f43fb8dbb5400,male,often,0.0963855421686747,0.0,0.24,0.0,2.7210884353741498e-05
common_voice_en_20994300.mp3,8999c6389b4b2558cec08230702408a37daec710ffdce120a0e28ed1a1b39ba7a58d5216ec6929155303108bb9f189f7cce813a4d8896f44d2a56b4c9bfdaf39,female,eventually,0.0,0.0,0.0,0.0,9.070294784580499e-06
common_voice_en_17962947.mp3,54e83673188f28f810e0805fc2fd9ee1b02d04de672e5faec9dd579e4213b8f56733d1eb941f554b1b45d65f5159f6d0cb6c29ef66273d4fe8e77ff652067505,male,found,0.0,0.0,0.0,0.0,0.0
common_voice_en_23341480.mp3,57ecf6c9d6ce90a9b2c5a243b966a84bac1c687edfa74d587735c35cbe672e6ebae6b6ff2a99372f4f3e1d325c54849c5e2801bd107ad4f57eb042d29e3ce0a2,female,effect,0.06827309236947791,0.08542713567839195,0.0,0.0,9.070294784580499e-06
common_voice_en_19380244.mp3,a8b24e07099e1d79378eb8565c64c892cc81b3c44be6ab61b5c1f12d93e6a6a3142fa2d67e433fcae45489a6499db70183bc97ab6105c6149a5b5b87cde119e1,male,recorded,0.10441767068273092,0.03015075376884422,0.0,0.0,3.6281179138321995e-05
common_voice_en_17262465.mp3,77af022395ab16a6efb992c5fe1dff615d50c0a22682e1fc7188cde5c4696b1c69199ffd92ce9dda699e9a492955694c39f4ff0b5af8c2dea4db3026e1890266,male,wanted,0.14859437751004015,0.0,0.25,0.0,3.6281179138321995e-05
common_voice_en_52628.mp3,ca781d2a832b2770600cb09dce70303d0ceb0500b4bbff7ffdb59bf06f59f128b3d9b217a3f681b4d662303ca29c1a166727474c56600170e9fd11622ff0a5ba,female,their,0.13654618473895583,0.04020100502512563,0.33,0.01,0.00012698412698412698
common_voice_en_409450.mp3,bbbe42d8e31d3c8ccd1043be9a36ccd17369c9d1c2834e6e376d06b48504cd53f5e3cbdfe1e09ac734d1f0b23929e902583db9768ffaa0f667b565ab95260cfe,male,travel,0.10040160642570281,0.035175879396984924,0.04,0.0,4.5351473922902495e-05
common_voice_en_19603656.mp3,bf13f9275a55f99848c3c2d687f5b70f79e32312e27a79d26a9f5e774682107101c72aca8af143859bd992545622a205e7fc4019670c8856b16f79c625a51ae3,female,earth,0.08433734939759036,0.05025125628140704,0.1,0.0,1.8140589569160997e-05
common_voice_en_24953558.mp3,25bcddae148dc587b01e32092cbc7ca6add57ec1bff45762cc7abb4e5fb111c96a0a39e9271e92e639e1c00e33011a2eba8cae62c9166bcc45fac7eeb36b3d08,male,political,0.12048192771084337,0.11557788944723618,0.0,0.0,9.070294784580499e-05
common_voice_en_649348.mp3,428745fb50633dad75ef510c38b4e9030f17643e0a260a19cee9e5a493ed96ad46038fa33c3d2160569ac17b2b50163a623c21036a8a8b811c89a328147c1c5e,female,taking,0.08433734939759036,0.005025125628140704,0.14,0.0,0.00027210884353741496
common_voice_en_567148.mp3,3c2b729d94bca573cd1bebdaeccb16f9cbb251406fc4d51298d7913fff0fc3466e1258586d8187c7d5685fb90c1396ce1dcd4f588f02c8b8c8463eb24e446ab9,male,instead,0.0,0.0,0.0,0.0,0.0
common_voice_en_25868344.mp3,c8455eaf1e7c8bbc594bf57027801da0bb4d02d443c81bcca606bc1facda9264ba38853cff21799d4b98f59675c6b917574c5631d7b2cdd1d851ca3f0a664739,female,central,0.0,0.0,0.0,0.0,9.070294784580499e-06
common_voice_en_19768385.mp3,1ffcd33f01696b22ae8b0710869445125a187c740a3cd9a0d80ad09afbe92bbbb50df44188a9eb6730a66a7fc6e342d34f9cb9e892a8051fa8c175dd16e4354d,male,years,0.0,0.0,0.0,0.0,0.0
common_voice_en_109808.mp3,f04bf531e2d304adb5420d930c71a3f72e8ce7bf3a604ffe4426a753304ccab023ee7c2e8e9b13a973a0bfe217b247d45a73c7738b021ef8fb706ab326092fbf,female,middle,0.0,0.0,0.0,0.0,9.070294784580499e-06
common_voice_en_27817854.mp3,f0637f39be8c7f25b678bc245a29d5fe194b7be78171deb6288732c8043cb681760d0fed7a2a019a0527bd3baa9ab8b950e82e4b63b535a032e6bd29eb5be59e,female,upper,0.18875502008032127,0.22110552763819097,0.0,0.0,4.5351473922902495e-05
common_voice_en_21522074.mp3,aa9128d54cc927785ff6a2adac1894a3604a2c0f4b4055ab71c288490406b2d78d1714519af882356e4b43282fe46cc59a20dfc538fd0049cb38174618a34f1a,male,quickly,0.0,0.0,0.0,0.0,0.0
common_voice_en_608669.mp3,e9c0df027d3e623b83d420545ec3d67128124e6adda8e79c6b15bb3500eadcc70e1c648d6490edd0b37ea3a4f689ed3187c54edb4af3353c56ce87ac8934e83b,female,wanted,0.0,0.0,0.0,0.0,2.7210884353741498e-05
common_voice_en_17698938.mp3,c31422aa2aaef0eb0db014072cfe9bc9c34d21dc4b202288501dfabb81bd4be1285777ab977511f2ff2f0a8e60f5d94b65080fe6877c08bdbe0ecea626c60f45,male,since,0.008032128514056224,0.0,0.02,0.0,0.0
common_voice_en_17979389.mp3,97b5754c2b7322d08cc69d621f60a6be00d50a86ef476e6a240529cb2dc06025626beddbcafff75d80ec8871a4b8cae6dd253dfa7009ee443b82423108973e01,female,which,0.0,0.005025125628140704,0.0,0.0,6.349206349206349e-05
common_voice_en_21638765.mp3,53c42efe110197457ad99269255463e1be279c453655375b3e5992bf2406f2e360c5ac64800f5d74c9744f35b493303f1668ca2680218adf2215e96796dda5b2,male,didn't,0.0,0.0,0.0,0.0,9.070294784580499e-06
common_voice_en_19497135.mp3,3db6c451dd714c161f5d1493bb42effc31022b76392985f230cc3f8be3729dd581c81ea95ecedb529d0e37457778bacdc15447d8d8ca25c6f7d7d082d2d9bdce,female,called,0.11646586345381527,0.020100502512562814,0.0,0.25,0.00022675736961451248
common_voice_en_571544.mp3,79fbd981b81ccebd95fb4e7ad741294539dd8a861e6ca02581760b8c50c2f1efe879efac0b4beaf72db12c192ba8e1640fbe6fe4d346389a41ee6eeff4b3c5ab,male,thing,0.0,0.0,0.0,0.0,9.070294784580499e-06
common_voice_en_21228047.mp3,f2ce6f0028a1e5419eba9929f998b24a9030ab797841ab1e2faa1d17cecaf583805375f42057bc06661ceeef1cca543579d83e2a0e2ba5e9be9274ac3c5f0428,female,above,0.0,0.0,0.0,0.0,0.0
common_voice_en_19994774.mp3,68693461bcf3d8414565ae0c5bcea4c120927bae6777766c2a8bc4cc304b13a03854a385eaf3ce25482765a544d29ce299b710a235f17a1977f88b20d0315b02,male,covered,0.12449799196787148,0.05025125628140704,0.06,0.0,0.0
common_voice_en_30483501.mp3,495bba6a39411dd00646990ef78388633ad4bd7badb78e81a211f3ff004bd36766d1ddc8fa854afb3a647df965bef11e8f2e4e1d35742b68ba3c7a29079f1a4a,female,people,0.004016064257028112,0.010050251256281407,0.0,0.0,0.0
common_voice_en_19071739.mp3,ab20bdb7d88c29f10e8f2f9a20bcc7712b4fdb3f37cffcb3c6b39c1d2d180714876beeb43e7b69258ca5f45f56be6a60a3f4d55d0b54b2c410ded71a4a4f0c17,male,written,0.08433734939759036,0.08542713567839195,0.0,0.01,9.070294784580499e-06
common_voice_en_18493948.mp3,8f2bd969ff999e3dc042096cf9f959f53b9ac69bf40e46e462877b1f1d32b511359a34fa5f2a186695d1fed0c65d45fcc32fab78229361ed36e15be344742241,female,before,0.1646586345381526,0.08542713567839195,0.0,0.41000000000000003,0.00015419501133786848
common_voice_en_25204043.mp3,270d42d2ba32ec497f2e47418407ea75c22dd2c7d9a8c177259be21c7fe11c436a7c7471692c255e3e9a189bba9bd2f933c1a70b87f6cf53d4837fb8684a4393,male,division,0.012048192771084338,0.01507537688442211,0.0,0.0,0.0
common_voice_en_18421351.mp3,eed68fdafab251d58c658b4bfa38e94ee4847696d73940e3ecaa68c59609b08e27efbc2f114503ff9404e79772d65d3f53c5892d5ff213146956b050ab38c1d9,female,thought,0.13253012048192772,0.135678391959799,0.05,0.0,1.8140589569160997e-05
common_voice_en_23233219.mp3,9d59a06ab5a0d98132a09cc56afb7d460b94f094e35a353c53697bf3542d81dbcbcf3115a464ed55f9a32c2f9809258ffb15ebeab5ec85f268eed8c90415514f,male,built,0.03614457831325301,0.04020100502512563,0.01,0.0,1.8140589569160997e-05
common_voice_en_19804876.mp3,afae1300692498275168b994414157335668c3a344f40cc256c9e285f890160d2222efeb55f037ebf9fa2b16c2c85ff0cbed74413252c2a6fa41332d042abea2,female,study,0.004016064257028112,0.005025125628140704,0.0,0.0,0.0
common_voice_en_21780825.mp3,68c8b63c848632cb12b4996770b95e9381c1a222a7400b98ebf2b3315d136108574e819875c4a85e81894b5fd0e90505be7c7f838d876c19f8e2de85308e81cb,male,their,0.08433734939759036,0.10552763819095477,0.0,0.0,7.256235827664399e-05
common_voice_en_605699.mp3,3c978ca81e06f535dec2cdd7bdc58598515108a6838d83298784df6c508065b2eafb4ae968429e08ae929b337630ca63fb862eb4f11868354179532710be9374,female,because,0.0,0.0,0.0,0.0,2.7210884353741498e-05
common_voice_en_18299094.mp3,b67a91256a51b4481509dab3ce6ccfebbe5008561cc1b3ec4b364e08e37c9dcef3dfd58d999382063fed1ec8c778207f5fe90a15f454ed03cc3725be33e66ed3,male,allowed,0.0,0.0,0.0,0.0,9.070294784580499e-06
common_voice_en_141807.mp3,dddf1a60042e0e0e33047deda93b5ac984ec3fc5bd23beafa440ffa94f25c83951fd13d5a33dcb0eae4be73d60a71b9f21f2ece10e74682b4fbc5a4a8a8f706f,female,album,0.0,0.0,0.0,0.0,9.070294784580499e-06
common_voice_en_18489158.mp3,5e90618b24711ec29c28f751e5218fbd14a2a30d2a4dcb71485a08220d921c97530bbb69b95e574f6a5681ce1b77ae0910bdf532a3b6027d69078a09c619bcab,male,floor,0.0,0.0,0.0,0.0,1.8140589569160997e-05
common_voice_en_19632400.mp3,8391c602b34fcb2bc7a601c8718ce7e5ca3867ae14c3bec2a7cda3fa6d0f12d022348ceeb9e0281d639c4317fcb273ca045c52f736056430295db1e804cf5769,female,however,0.3253012048192771,0.2814070351758794,0.0,0.65,4.5351473922902495e-05
common_voice_en_18522027.mp3,f7f83c3a63466ddb4358b89cea651d54761ea3e4792a7e8ffa33e9bbebe45fb138860f23042bea9967ff699480ef036b7c2c7774ed9bfef6ecc8bb721e1a1c64,male,makes,0.3413654618473896,0.24623115577889448,0.0,0.56,0.00026303854875283446
common_voice_en_685230.mp3,51de6a4824d808ac6dec52d7ae0f0693b7f49b111c51ca2f37ed3ed1003a5160b8d4eef138f14eb9c402fe175e08766b9e8a27df69b69d670ea118ea743ae146,female,already,0.0,0.0,0.0,0.0,9.070294784580499e-06
common_voice_en_20011218.mp3,f896f21fa26552099d1de857eec58152c5a051eaf1fb20ca65403056f5ec15c9c3273aa782c17d4591e1342bcac8c7ec92eee6e177607377ffc45dcd212d8d09,female,other,0.05622489959839357,0.04522613065326633,0.04,0.0,1.8140589569160997e-05
common_voice_en_25608759.mp3,7d9d8ccf4626da839b01c03f960709f6cedbb924637ff9b911869c6e2eb596e590118425d6592dac712e59fffd184419735341d912bd8a2eb08086a84c2b1f30,male,death,0.008032128514056224,0.010050251256281407,0.0,0.0,0.0
common_voice_en_17291163.mp3,aee69431a5e53ca6a98f83be2e44e62aa96bf28fbfdeb6258f345641cfbe61a982151549d299bad813760647674a2c89f07a616234b12e79ab585d8b00ace81f,female,important,0.0,0.0,0.0,0.0,6.349206349206349e-05
common_voice_en_17788942.mp3,5600593f36d348ca2639b75d4cd80af70d62362ed3f3de28f44754293938d9226ff5679a1bf807e32f160a50103caa637ce3faaafd3ef8760c86658a954553a6,male,piece,0.3092369477911647,0.2613065326633166,0.37,0.0,0.0005986394557823129
common_voice_en_19815373.mp3,9ee8c22f8da82739605995ade45daf86bbeba4358339a0bb7876be3aedf001ca97f12acb081a8e15b9c9acc1cdddd15d590b9bcf8116fcf762674256fb122fde,female,ancient,0.01606425702811245,0.020100502512562814,0.0,0.0,0.0
common_voice_en_21401014.mp3,05ec60dfed3e6fe3781634fb751ff69293370980db651922a75a5809cce1b4a5e199ff12fa8ebb5b03629cdba4a8d573befa56ef64942a968acfe628d9236307,male,according,0.285140562248996,0.2613065326633166,0.0,0.04,3.6281179138321995e-05
common_voice_en_22108946.mp3,8f7828d4742bdfe5635d00fdca4af71287029e1d891a2e28e8fd60335af140f6845e6974bf855731dae9510c56e423a38af1569312cd43311c38eb2cde17115b,female,british,0.3413654618473896,0.271356783919598,0.77,0.0,0.0005986394557823129
common_voice_en_17273818.mp3,15b66953581b2ff4fd0ba880daf23ae4025a238d7e19d0d03664651e2e1cc9b571a5e19d137b0b4d6ecf7cd285492862a83602bedf9dbfcc3477cd1743adc389,male,short,0.21285140562248997,0.20100502512562815,0.0,0.0,3.6281179138321995e-05
common_voice_en_22443513.mp3,e9768a4d1c05c4ba8bd42b540170bed0cee11a60db9ffc8893403bba930abade49289f82d89c5cfcfe6e1cdf53cad78d4672946a488f4e88963d3cf31f3edd68,female,played,0.13253012048192772,0.12562814070351758,0.0,0.0,0.00010884353741496599
common_voice_en_20704530.mp3,5ce6c36decc8474946ecc22871751dbcda980943ab6871112733c602c93fae3225c8a3b4bdd6d3ea912cf3453a4ed99d6888adb58086536089f164046734907f,male,awards,0.07228915662650602,0.02512562814070352,0.0,0.0,9.070294784580499e-06
common_voice_en_19725349.mp3,7d8abf433fca661f0a3a83999f777569d573eadada90e71b27ec397d4e1441e22fb375f9832d72449ab9fc415ff2f0c16c04ca685551b24eb49b8e76cdceeda3,female,three,0.012048192771084338,0.01507537688442211,0.0,0.0,9.070294784580499e-06
common_voice_en_25541636.mp3,bf479173ac9d31cf605cfd45bbd4fe1366489bfbcefdd7f6bbb6e46f77a7c849e6c97ef00f31c1a19425a6327a3715dbaf7a2f1ae58e517a1942d93909de60f7,male,other,0.23293172690763053,0.1658291457286432,0.46,0.0,0.00019954648526077098
common_voice_en_19769056.mp3,ed0d2c6f0bfcd10cd4fc01eb731e81abf5e4cb88ccf6ce69de4709a6a0e3dfafe66285d4189060a9387b6701913f863742f6a48b689e691dbcd82b55b9866087,female,place,0.0321285140562249,0.02512562814070352,0.0,0.01,0.0
common_voice_en_21103536.mp3,542e51142e7f0746c7ef828928a784d40419d84df3b234da0519d97a970a64b5b9c5fbc34e0dc90d43e90c42011e85c7249158bf9eda4d86367215b79e0974ac,male,worked,0.0321285140562249,0.020100502512562814,0.0,0.0,1.8140589569160997e-05
common_voice_en_21512820.mp3,05de509eb6cc61c14c1666dd3ed14f3cea0eb9d6ca6ded3f3fd74bc1dcc8e89c94e75d4549c921aace6b14428188564f271e73e121ec227ef4d4f6f4f0ab9ccb,female,these,0.1285140562248996,0.07537688442211055,0.14,0.03,9.070294784580499e-06
common_voice_en_17366973.mp3,7efe5aedb1b3c8f90c3ba5167255bb5b593119967603e52169d85d8542cab18d47711581bf67f32acbded062e52a4b6086f4ecfec744a2e40bde54f96aee2e40,male,really,0.13253012048192772,0.04020100502512563,0.25,0.0,9.070294784580499e-06
common_voice_en_25934461.mp3,702a514ce3cd655532f26a49e65f837d8a63563da2f6c93f8c180562aff853f104c19968ec012cef07d5e1a65de461596059338dad54f6c022dcbb2481c6f702,female,floor,0.08032128514056225,0.05025125628140704,0.08,0.0,1.8140589569160997e-05
common_voice_en_20517541.mp3,590efb5e59f4990f55cee4c9946e80fbff8c24fbcc3429b5093b5c40adb6bf73009d9b7a4fe4526f97edda0b1344f37efb99b766d84d58bd86d8ba99789d34ec,male,continue,0.040160642570281124,0.05025125628140704,0.0,0.0,1.8140589569160997e-05
common_voice_en_27141939.mp3,9db4af91cfb326ed35d6e05910a3ae8c33afd4ba2dee76d7429b7d50248d469dc84937adfcde4bebc9ad3965ede48ef14d7d471d0ea676348bf412e408ae4aca,female,sound,0.20883534136546184,0.135678391959799,0.0,0.37,9.070294784580499e-06
common_voice_en_25940405.mp3,3d0200180a8eec92f1d872de3259878ebf2610eae74204fe7af5c46ad1bd8be30e7374164bea0b6608738fc00bd7ca5fa333cf0c24827980af421dcbef97e4f7,female,small,0.12449799196787148,0.03015075376884422,0.25,0.0,0.00012698412698412698
common_voice_en_540346.mp3,d5e71e278f9a21755621a8daa2d4352a5e479ef6ab272719bbbe5544038f4f35163e51898d6b1786b53363196e7f55aa4a30c61b66a15c66635009839eafa382,male,stood,0.14457831325301204,0.07035175879396985,0.24,0.0,9.070294784580499e-06
common_voice_en_28689250.mp3,33fc48f7a23fbc410d2cd12991dfbaddef44cc3facb818b0c4649a086497965ea5ae2b6ae034543b4528d150edcadc3c8020a4d683e584f2c25d9207e7848c2c,female,remains,0.0,0.0,0.0,0.0,9.070294784580499e-06
common_voice_en_487620.mp3,4c6a3e18859e53257a990f3efb40108c550cbc62a7ca6eb6cd223138ee7d00b6592742949b3c58ee9eeea9abeeac68c6bc18320a913efe61b7e8325b7d167413,male,moment,0.09236947791164658,0.11055276381909548,0.0,0.0,9.070294784580499e-06
common_voice_en_678148.mp3,f1d91af9c994bc8df7aefc6a4d16980ce0c9bf23ee65d897f3988649c312f013a83a9893ab0c573d051e39a4843e76f2c65e6a731426a045702922c1a7d7138f,female,hundred,0.012048192771084338,0.010050251256281407,0.0,0.0,2.7210884353741498e-05
common_voice_en_19961340.mp3,bfb329cbb682270434c34e5b12a16150140168bd813cad61095ccdf72715728d8e4c0143b74f88ce3230a9a3dd23c9c4d487edf7084555a875d492a6332170af,male,related,0.0,0.0,0.0,0.0,0.0
common_voice_en_583023.mp3,75de62a4fb3e5aa6080425b2862baa8638420f5ebfa0e38c40f55ab6b92b1f41f4a6bcf3b24b32660dd86c00efd74bf0015f8d8014d3bc7d5e247303e114de09,female,popular,0.0,0.0,0.0,0.0,1.8140589569160997e-05
common_voice_en_564657.mp3,9f1758ac02367952075c58540f3af43b6bcc8a791286b8d7d7612e8db12c7d9f289c6f8597cc4e6ee014a6ad1429e361a801d9c83cae483c899146cbe0e67d8d,male,together,0.1646586345381526,0.010050251256281407,0.14,0.27,0.0007346938775510204
common_voice_en_28335432.mp3,9ee001a4e9d063c7c763528b9f343d55eb960f0c91ef384cc3350801f481da9469ffaa929bbbff386ade2a97c0242d034755c78237752db3e763a1ae952363b0,female,again,0.03614457831325301,0.04522613065326633,0.0,0.0,4.5351473922902495e-05
common_voice_en_27807687.mp3,701e781d09f417803dee20c17b0cdc20d83477ab9d487b3eb87a0926f569268b49082710adeaab2e8169e028b3f76f020e3c211951f9d24a9c4e7bad37c0f61f,male,mainly,0.012048192771084338,0.01507537688442211,0.0,0.0,9.070294784580499e-06
common_voice_en_22201632.mp3,654133594534cf4790e73824c0bab2ed95207a26ccb3198e4d3f56224a3556031f76b4fda7b8521464bf8e4958c63db610198b6eff8983a8b285159d141bf221,female,continue,0.14859437751004015,0.07537688442211055,0.22,0.0,0.00015419501133786848
common_voice_en_23793784.mp3,21e9e0128cafe8441ceba07e1c33df29b8db82cae5ce1a77739908b5bffc9dcd57e32bd7a03b7e6df8ee7429cbdf912f785a94ea6e6d2da1b0df97ab8ede8b26,male,north,0.01606425702811245,0.020100502512562814,0.0,0.0,9.070294784580499e-06
common_voice_en_23651905.mp3,26620174910afa474ffbfc864e0bc1b02d04a41cb879fb31bad17be72c91f0b32cba5e67b56da970f8fea1dbfc0b4a2789fab3259ac9195a7119ad75ddfff461,female,higher,0.004016064257028112,0.0,0.0,0.0,9.070294784580499e-06
common_voice_en_32786.mp3,de296504d25dc1a139db06e1425daed95dc73b36b56ed75fe1ac1017d5a9f832b3a391aab80ea141baf333e9750619367b8e32f61922645f6a6b8ed17b539f62,male,because,0.0,0.0,0.0,0.0,0.0
common_voice_en_42578.mp3,03f0138e249e7ac006ecb1750ede47aa7d4ec5ba30fa3a483971ce9c232e1e99eb65fef594d242d4e4c1a958c1e13da09e81bbb3aafee37db3ce823f2b2c5986,female,before,0.020080321285140562,0.020100502512562814,0.0,0.0,0.0
common_voice_en_18965954.mp3,9557e816be37d23991388000813457dc01aa5a4147adfb107b13c077f5bce8498e205cbd2348b8228819a38a33d7f9258308b5ffcd86692c9f701bca02381304,male,several,0.01606425702811245,0.0,0.0,0.0,9.070294784580499e-06
common_voice_en_23595631.mp3,b0848d8fc31fe0d7dc79cecd0e6fdd2dca4b541e0b9ef47ad13ed3dcf3dd62ff54fb4cb2b2dfdf8ffb59c7bfbbf873ec354de3a7c76aea17a5384e222a103d3c,female,school,0.0,0.0,0.0,0.0,0.0
common_voice_en_19675997.mp3,5bdce9be5ea2267a1273191d3209f4898850c3f1e2165a8e799705544d0f6310b79e321be2a032086b29765d2916800541497524e755d16180c9b1a843fb6119,male,which,0.060240963855421686,0.05527638190954774,0.0,0.0,3.6281179138321995e-05
common_voice_en_18584049.mp3,3e405493a109bcfc0275621b12352adfb4b685620d330fae9d805965e93f5e1e56f737cb1e0c1ac0cc88bec1621702a745349bb7c687773b351e8791f432d3f1,female,provide,0.13654618473895583,0.04522613065326633,0.23,0.0,0.00015419501133786848
common_voice_en_17296336.mp3,3a951ef4cff59417bbe1b8edca1c85255cce121c6582524a8b326be8aab571087c29788e0c3790b23eceeff5e06dbb29e1bb953d573164153248aedcc256ea30,male,makes,0.08835341365461848,0.05527638190954774,0.11,0.0,0.00019047619047619048
common_voice_en_19894321.mp3,e8504344b5630a6c617ebdaa4eda824a9cd90020e6ab46e9e222b134450d3e736c7900f572236a8fdc27746940cacb24151abeecc23efeaf9ad93bd1e3a3bce5,female,around,0.13654618473895583,0.1306532663316583,0.0,0.0,0.00021768707482993198
common_voice_en_21482934.mp3,f0324273bf8fa34e0b2de8351f8c010d715ee99564c14e0054ce1af55fe09aa41606b9caa73b172661228ca80716614d7f28f3179498b980f4f6d3fe6f7ef490,male,would,0.04417670682730924,0.07035175879396985,0.0,0.0,0.0
common_voice_en_1874422.mp3,2d23ff0e112f9ef6af1e358598f13f24300bc9ebfd42596fb126beaf496a51d605dfd47c782f7223117c797189423e23d5f122814c7124fa205958ae3afef193,female,order,0.2289156626506024,0.19095477386934673,0.02,0.0,0.0008072562358276644
common_voice_en_20008665.mp3,a80b9138a245963cd1e3db8ef2d151cafe4fe55a0b3990e771df01f2e3d679c6ca2a0f30435a1434c459ee8e73e98b8290e2dc809afadab46a079dc88dc468e9,male,school,0.09236947791164658,0.11055276381909548,0.0,0.0,0.0
common_voice_en_21755567.mp3,76072376b393ba0ffcda3fe070f830d3f813393586f56b9fb559990dbea41184a75527616f8330a6e63e13194fbf451b9f2276187d211332b4869fd973c536c0,female,international,0.0,0.0,0.0,0.0,9.070294784580499e-06
common_voice_en_19657474.mp3,8e3f6b49b79234320596200a2a4fef8c605daa73adcd63c813aaff3696e8bc470e08fd59e64c004c3d759a7707acc40f11d86bae23b17c3d20bc7086ef21c0fc,male,quite,0.008032128514056224,0.0,0.0,0.0,0.0
common_voice_en_19748063.mp3,e8a02d58abad3b3d2f731d364342b86a910cd524c55653da87b14bf98bf6a50ff952d740cc8c34dfcd04ad9d1e9a18b506fd4299a4d8451707cc75d5d41ffe48,female,named,0.1686746987951807,0.09045226130653267,0.0,0.39,2.7210884353741498e-05
common_voice_en_18319926.mp3,c79a8e44b9fe2c315a95bebda40f2915f6f836accd5e8202117ccd7dd69c7e363fe7bb72851f8297624821e17a9ba02c44fed6d27d4c5904381559ba0830d779,male,creek,0.08032128514056225,0.01507537688442211,0.0,0.1,1.8140589569160997e-05
common_voice_en_24971996.mp3,f092be23c0f145b6ca7bdb9c263bd5fd2557b4bed821fff53f68d5a70bad3049bbb2005d76d3e3acd3b15ce0650b2a8e5968d4b3968f82a2106b64b6a2845d9b,female,provide,0.028112449799196786,0.035175879396984924,0.0,0.0,0.0
common_voice_en_22606787.mp3,3350812485ed21637f18f18e8abe6ebb68318e37b04001adf6e575cf6b87f198631f4b6f55faf7ab987059083c28be93086f07a8de69d2e69ffc84703f952a4e,male,service,0.04819277108433735,0.02512562814070352,0.0,0.05,1.8140589569160997e-05
common_voice_en_25273091.mp3,545f7a37f1a8073151467439956c7f9112ef035aaa2f3cc7ea11b41fa711f651eed3924ea055b9c823487f9be93d014808abba5a89f256fb22e86fde5abd8fa8,female,program,0.14859437751004015,0.11055276381909548,0.0,0.0,4.5351473922902495e-05
common_voice_en_18965287.mp3,bf452fbb031f8c5230e8a1b6e5de2a67df9698749d0f61954d700e9ec99efa883aeef9ae68381f3eef512710ea9a2c19d6052f107c69d70f329b42e7b7e3975a,male,private,0.03614457831325301,0.005025125628140704,0.01,0.0,0.0
common_voice_en_18954080.mp3,b0b79274733d9828140ce88591b1766a9fa3bff7a002fcc89086f557d805ca925e50ef6d8c75a489b2134f1711375c09ac36378fc43315ebdbff040fe2880c53,female,using,0.0321285140562249,0.04020100502512563,0.0,0.0,9.070294784580499e-06
common_voice_en_541973.mp3,44caa25081145913e6f17f59158ce0caedfeacc95385552046ccbe2c5912ba523db6047e843e91c0e08649deca4b108cfc0ca51a8b4e6c5a3ee57d1680a17d02,male,great,0.0642570281124498,0.08542713567839195,0.0,0.0,9.070294784580499e-06
common_voice_en_17296181.mp3,fe9eaa9a041a28c94a0d0e1307e2051edba58b9da342164359b43599a371312d73bf9cbd7993dc97aebe6ca031ce2cd5db468b7c8f80b8a499ef68cd72a4fece,female,japan,0.0,0.0,0.0,0.0,0.0
common_voice_en_17798746.mp3,a99bcf6d196a60b1f8bedd92d3816f0996e231571ac58cdccedeac6529da5a5d18dfd6fac0023dc1dc57f58bc65a824fbff7df50403d19f0c76efbae9736ac3e,male,place,0.0,0.0,0.0,0.0,0.0
common_voice_en_21407782.mp3,60c224658fa5060b2f64012c2ee73be48208602709b3bb7b750575252fb6961f50c3faf85fc92d36b1127a53de4c28b1dffa1344eafffaef74124e0b5cfc1754,female,years,0.10441767068273092,0.005025125628140704,0.25,0.0,0.002893424036281179
common_voice_en_21832995.mp3,cc92328b233ebfdbec08eb474eee9e17d3c89a912846cc6b608a1a609f880a740309bb3f5b18a6efb16b35625a44558c6e8d806c66abb504385947561cf41483,male,alone,0.17269076305220885,0.16080402010050251,0.0,0.03,2.7210884353741498e-05
common_voice_en_126044.mp3,3a90673b441eb9a958152a6f398e27d3e240d6fd563f950f6c29187074042626f33d48ecefcf7d8f924c39507453448603639f7fd425b1589d1fd3d745d975e5,female,desert,0.24899598393574296,0.31155778894472363,0.0,0.0,3.6281179138321995e-05
common_voice_en_22728780.mp3,8cd034df2b8aaebf01f51196e263c6a42898fb0f7452d9d2a0f2b09203efb779f6fe16dce6103be4ddadf66e5783fa19b9d99858a2a2ce54e4f6be8dc8f6fc09,male,among,0.0,0.0,0.0,0.0,0.0
common_voice_en_22773210.mp3,802125f63717e7a0eab7e8284ed83941d738a391181facb3abbff14f6e549ceb9b284dc73b3f96301475be4bd4064906c05141e3b5210035f1008f20c6434663,female,possible,0.24899598393574296,0.22110552763819097,0.0,0.0,0.0056326530612244895
common_voice_en_29266499.mp3,1040cb992295aa6344d2fd5495325a151117334a90a2891fa6ee8044b1237f0bc81bad828fdfc84e77d40bff919d4e59d235ffbc9456c0236896d55477e36914,female,office,0.14457831325301204,0.0,0.23,0.13,4.5351473922902495e-05
common_voice_en_19627647.mp3,7dd38eeba14d64e512fee607feb87caae4889bdb92b874b4f0be42a93e51deb8757f80b2439fa11774fdbe398d21bcab3b3cff1dcf8a8a2df051606639ebe3e6,male,other,0.0,0.0,0.0,0.0,0.0
common_voice_en_20113743.mp3,ad636ef43ae07dcaaaf96e962fa1cc5c6303fd83b276c694cc5700f97c45d8e12f7a8d1bc13b1dc3f4509bcdbe7eea9cc5d9246fe233f0b2022b2d0388a7c58e,female,popular,0.0321285140562249,0.005025125628140704,0.0,0.0,1.8140589569160997e-05
common_voice_en_20928778.mp3,b0a08842fe5e4700fec7d032107c0d850b19dae33e0e4637617ad1441841195b79759c7e878486757e0cc3407900e988316cc5d892365b6b98893cba275ca4a9,male,between,0.0,0.0,0.0,0.0,0.0
common_voice_en_23976571.mp3,c7bd75ece32a9033127ef5a63289a6f2279d4eac11b47d3c08cd83e62cd9f8afb281132845afe6fa6e2822cd3e49a35d22e600c11acf126aeb90cc3ff8648df9,male,paper,0.10441767068273092,0.005025125628140704,0.0,0.26,0.00012698412698412698
common_voice_en_15498602.mp3,83ba8e96f10f99ec451843e73464c24800ebadab7cf110e3c322f1644a21299a400b5935e2f56eb7c686e9bad5bb5d4d030e73da97e052c743fc9fdbc0683734,female,white,0.3253012048192771,0.3417085427135678,0.08,0.0,0.00032653061224489796
common_voice_en_17390876.mp3,a97624006749654ad8530f96b93eee95d3cd030bf494320df3c13b0c12509f476ba7a43004c9885c4510aabe76e1422a64748d6b607ed441cb6adacd6cf1b0ed,male,learn,0.0,0.0,0.0,0.0,1.8140589569160997e-05
common_voice_en_20379736.mp3,f79c94e2e2c4646d9885f96948fe1cc6aaf3c8e1b22b0802fddb7f35b0f13c7d9517fe5f7af609f2e6eb78838e77daf971000a3c13d55abf009ee03977deda2c,female,studied,0.08032128514056225,0.10050251256281408,0.0,0.0,9.070294784580499e-06
common_voice_en_20704338.mp3,ee186c0d5f3b13cd58fa675f2830d7729faf5788f2356537f4d2bf486bd6105c6318a7862a045e822e48ad92b4711ea90366d528e92bad960eb8b0d0a6cf7dab,male,using,0.2248995983935743,0.2814070351758794,0.0,0.0,0.0005170068027210885
common_voice_en_1081.mp3,1b781ac6da63e7ec62610ea4424436c53c32e092428589120427cbef8de2e2c0d80d19d2a8c3aeb096d2193e5cf8c6b104e82d052439cb4bc582b20c393aef8a,female,alchemist,0.3172690763052209,0.271356783919598,0.74,0.0,0.00013605442176870748
common_voice_en_19050551.mp3,c34959d0f77e7ed7140a2aebe709da9cfbcc799d3ebbf2ba4b1e5f881d6c1e66c4230b7b116cb8f8be6e2532f8121c828b56e5a7c4c7f91cf6234647df7b4f79,male,released,0.0,0.0,0.0,0.0,0.0
common_voice_en_23412174.mp3,7986f3e190e7c779a741989715632fc42ceb11a70dab407dca8ba723b72f2780a113ee0e4673fe10d7a306d3d0f0b1ef66c78180a4090fa2f6ce77f0881f53a4,female,operations,0.0,0.0,0.0,0.0,0.0
common_voice_en_17297652.mp3,66985e12fe6843f06b761fac3f5879976ea1850e684958044ff7eb35a0e50a6010d18ae83c875e618fd95c202ae9ce4d45b7406c5112a1671ec2d048a6e76ccf,male,computer,0.0,0.0,0.0,0.0,0.0
common_voice_en_19019361.mp3,f24d91aabf9a3b7bd885bf5f0816b9db25e909361586fbb1a54b51bc5964bdd4d59fc104c0ccaf25f1c001aa55dede6118084db3f2cf621c9aecdb9e28c292ff,female,other,0.0321285140562249,0.01507537688442211,0.0,0.05,1.8140589569160997e-05
common_voice_en_20536415.mp3,12203300c3ca4fc405bce0d95900d845a824a8b3682aee8b1b57eadd07ea6834b04c1a182bbe16a122014467e892eb0dc20c3b8e351ed8164e4fc99c26df688d,male,political,0.07228915662650602,0.06030150753768844,0.0,0.0,1.8140589569160997e-05
common_voice_en_24960259.mp3,45217876063b838e7415edc5b480cadbde61a93d151642c36cad75707ec38d245ec9950adfdcc0961c45cea19613cedf19eaf2086860ec45556724b7aef5669a,male,never,0.0,0.0,0.0,0.0,0.0
common_voice_en_17271033.mp3,5076ad7df10634f965b696c4bc542287bea07dda91f6ba8773b918c1cb198b6a481e454a30fd0d19e01977ce2653f4b946c4ac7c76b027fc9077933004e05d2f,female,green,0.0,0.0,0.0,0.0,3.6281179138321995e-05
common_voice_en_669366.mp3,e42863f630a424b4c9ba84292aaafa3cafd73b19235fdff7ddb99114b1e26903afec06e8611e69cdd39a512413f8e569732852d39643adcd425bf26cf06b3179,male,allowed,0.09236947791164658,0.07537688442211055,0.0,0.08,9.070294784580499e-06
common_voice_en_1458.mp3,d9725f27c6da501df5d702fe5fd5a36f451c178aa306a4655794846195d6260c61777f59cb960a4427856c95919c19e2da310855ad1adf1e6b589a487f199784,female,heavy,0.17269076305220885,0.17587939698492464,0.0,0.0,0.0005804988662131519
common_voice_en_19449147.mp3,64a10eb1e92f580518d6cd4511f1f98caccf094745b2a0b3b929c5bc700f2f66c63624fe5750da35d08c8644b2c8da95dfbdb7eed922e7fa4c9de52cfb6a509a,female,mainly,0.0642570281124498,0.02512562814070352,0.11,0.0,6.349206349206349e-05
common_voice_en_17361471.mp3,e0f58b4ce0241735d8d09dfc2a59f234bd724c159ea29666d56ee7f0cfe55c0877d4b9fda0a6b1d8b3f82b0d48b68ac55e4cda1bd67624371ad1c4483f5cd0cd,female,single,0.020080321285140562,0.020100502512562814,0.0,0.0,9.070294784580499e-06
common_voice_en_510859.mp3,fc0dcd8c52e28ac2b8d971d21f9b8195ab575d6387ee2905c27d4281cd69970b982d3d3c5ba975990611b86d7772ad6f4e7b36b69d25da39aa1294bf73ed3d8a,male,added,0.0,0.0,0.0,0.0,0.0
common_voice_en_26199570.mp3,9c54afaecbee78686b8efd9ef969c705a20ef960291ad77288bdcfb6221dbb507f6ec7031c9d399fca7610cae6855ce9509493ee20d1bdfbcda52f57319dde06,female,called,0.0963855421686747,0.10050251256281408,0.0,0.0,4.5351473922902495e-05
common_voice_en_30417035.mp3,2eab60c1465fa1e72a2d8c79916d4b20e5fb80b6d3d55e957c264223aec07cc4a7eee90b5434266a3f1b85d3c008b16f60192096b5bed43a83b196a56b6e1646,male,around,0.028112449799196786,0.035175879396984924,0.0,0.0,0.0
common_voice_en_20750803.mp3,70f8b15127dc3c0e557fdaa6430bbd548193474c6a4d4d7b60329bf8d863da22b9c6b0c8e6eb53fe03c1e68026b848521770981db048fa2d3f357442776a64dd,female,lived,0.08433734939759036,0.035175879396984924,0.15,0.0,7.256235827664399e-05
common_voice_en_27648593.mp3,d1101024b23df10769a61a132cdcafe16152df03346e87259f10eed1e7dec46af7c51ba5f4863ebfe298ef23467c8a658450c46acc6a6348012c08aed840fe9b,male,would,0.0642570281124498,0.08040201005025126,0.0,0.0,0.0
common_voice_en_22739781.mp3,e41efab2889f065e19c71648da8cb0bd26cc64463f77263b41e0346d1e51f804177457c05cb72ef5de1753e2feac24269e0ca1d1c84d4aaa90e061a871c42345,male,about,0.07228915662650602,0.06030150753768844,0.01,0.05,5.4421768707482996e-05
common_voice_en_19964481.mp3,98100c4ab815fb31a09672ce92135666a2d033188ed9f2804b9ece2a2940be69b231804bee2eae63fa233d5fba579f504ae90ed4720e70c454affa6df2b4b0c5,female,public,0.04417670682730924,0.020100502512562814,0.0,0.0,9.070294784580499e-06
common_voice_en_31718510.mp3,ea03678a2d5acb403392528fd1f6a2dde8ea2c51f3e1cf39db118aea8b7fdc159cb1e0066905a91a9e987faf2e8cd8be3c94edc97591c827380bacc8730c3c67,female,carried,0.0,0.0,0.0,0.0,0.0
common_voice_en_19751562.mp3,110fe5315e09983356e84e8aa8629867e86032dd5b66a210cb1cbe582400e211fcf2915aed20245d5eef6c9311c524f7380e3aadd7f205c1577d2843f8a004ed,male,court,0.020080321285140562,0.010050251256281407,0.0,0.0,0.00011791383219954649
common_voice_en_71616.mp3,2e2f3344194b8acf9951c4b07a07276e19bad137debecb0fa5e24f1261b05258290a887f3b3ef14b45b23d8455991763d91775e3eccf7747f3a3907686a768ec,female,before,0.4939759036144578,0.4321608040201005,0.88,0.0,3.6281179138321995e-05
common_voice_en_20600692.mp3,d27fc4194ae50202776054c0147b19adbd5a2eafe38265bb686fd4a3b48c96945ca1fb4ab0a29becd396f0b7782afb748c25cbb038232d54b96d65e6f8f1a723,male,first,0.0,0.0,0.0,0.0,0.0
common_voice_en_22790667.mp3,a75f6ff70061230bc9b5a8c9cfbd17d4cc82425730ebe6d73e98cc8c767d4afda19f640718f1b8d96688b6c12ebeb4e77f695c0f6b312cc3e5f595e64d679c2c,female,another,0.0,0.0,0.0,0.0,0.0
common_voice_en_73081.mp3,4b0aed68140140e160461cf6abf9b5f8538381c59fdca662473b748a88e690546ff800091281bc2dac2a28d10735e02cf0a086800ca045d81a4dfb5486790e88,male,music,0.10040160642570281,0.005025125628140704,0.24,0.0,2.7210884353741498e-05
common_voice_en_553532.mp3,00cf4ccc9614f083b42fcc693876ac20186b58bbfdc983db8563d1b919b8e1d630791f0f675cd3b25fa795d0f81bb15844cc3206affd1ad4ef6e21b8600e113a,female,himself,0.040160642570281124,0.0,0.0,0.0,9.070294784580499e-06
common_voice_en_22948692.mp3,998effbccab98472ee02a2df8ded519e4db97a808af0075e4873d9b3da863c11dd20afef1ddee57f5413031dee27c7cc2fb87cfadbefb489725a43f3752fa024,male,region,0.0,0.0,0.0,0.0,0.0
common_voice_en_24819324.mp3,79fc8f9e906c1c857d1f9314adb9fb633f5d77a5f41298f0942429b1166414e76e6cf9ee3f3272ad3e7e8ab1b5ea5f23024c9c807be23ada63a2c22e62d8c0fc,female,published,0.24497991967871485,0.31155778894472363,0.0,0.0,0.00012698412698412698
common_voice_en_19731434.mp3,69df396dc57e08210b68c6d44596981291909cdb9a93a4af7d90a81cc73f740b4306c222fdd8d1e46e2bb541d1af92b62c69ce523e9b922fed7e9466adb655ca,male,major,0.05220883534136546,0.01507537688442211,0.0,0.09,2.7210884353741498e-05
common_voice_en_81663.mp3,eb89de7394d6f2706c61544e638292ec988b638f617bc09effa1bde4701a8473abb76a305a3b50e1f081f72b53e4ae7668ca5db5d84a0860ac6963f855ef02f8,female,about,0.0,0.0,0.0,0.0,0.0
common_voice_en_238848.mp3,d5ed376f34311e655c695f1bbb2eb909375b2a34d3257eb2d06de7e23b540ba595847b9ad96ba74f9258a1651c767e5afbebb0791ae4a69bb7a7804ea7fc9cdf,female,always,0.004016064257028112,0.0,0.0,0.0,2.7210884353741498e-05
common_voice_en_25428139.mp3,0bbe2504cb98365c98454ba4415ad6935a9794de7063d1c3400af1d456dd889ead7d413c02e5cf68b913da84acb88f72bc49b26eb02eb3e17ac5eb53784b3235,male,hospital,0.08835341365461848,0.09547738693467336,0.0,0.03,3.6281179138321995e-05
common_voice_en_573458.mp3,927cabcfc0a24f8dcc459c1bc135f03a1e4a0c8e8f289a61b7a62b72b940584d7c2828fc737857c562b92da4580b6667e50ede89ffba232c34412e79d297a7f3,female,covered,0.0,0.0,0.0,0.0,9.070294784580499e-06
common_voice_en_568908.mp3,fe1d32a5b6df88f92afa4ed1c3598fa23d99497f11b4b299ad6876e91774cfe0397b538ffd87bc9c64995bb57f98e62a5559ccf602b5e4b0b346f455f249f91b,female,country,0.06827309236947791,0.0,0.02,0.0,4.5351473922902495e-05
common_voice_en_31735.mp3,314021be8c94f3018e13cdea571e2ba8b5747efbb4f640f00626e27459b0cf3b48edc6426a8156c438d0b606407c6ca75b713394a416b3450cdb9102a46e32fe,male,leave,0.0,0.0,0.0,0.0,0.00011791383219954649
common_voice_en_19826976.mp3,24258b5a3d1e9b1822e6b4da0654f727dffad2d8f106c35ac9d8358f9b08741c57a2ca8241d7eccb3c7df52d159bb2f4aee090a063e61c245edf6ca645aaf1ed,male,number,0.04819277108433735,0.05025125628140704,0.0,0.0,3.6281179138321995e-05
common_voice_en_20048856.mp3,e1de98fc22896299f0ac5a8b838bb70156d55cfedff2d9fbc6c53d832f81b719315b444708339ebb22f2811c68ff0e7a919db292af3648d0ad3ac79321f04bd0,male,little,0.20883534136546184,0.135678391959799,0.5,0.0,0.20388208616780046
common_voice_en_622293.mp3,c89f3560b62905bfa74dc7cba3f00a19d050bd5b79aac948b6efe54c3c6693c53520dd385fa69bf2e8b37a01c3e75e40496ffe8d4baa88ccf899af8e27dd9ad9,female,happened,0.14859437751004015,0.10050251256281408,0.0,0.0,5.4421768707482996e-05
common_voice_en_19700394.mp3,985569aa6291942286c741f95a188bb0ca3bb30c25c26fcb4d9ca7503f54192f2741c2cc62f888b7080235fcec5871a4d329bed7b51a32092723b9ab9a099747,male,program,0.0,0.005025125628140704,0.0,0.0,1.8140589569160997e-05
common_voice_en_24140274.mp3,024b990c5e60865d0005153b5eca47d06a843f7a367b45cea5e39edec4db1bc4e85e0a4875725345ba3fa3f17efc83a75df10e3fa5c66477d53aa29ba43caa8a,male,great,0.18875502008032127,0.11055276381909548,0.47000000000000003,0.0,0.00015419501133786848
common_voice_en_22100632.mp3,f15382748880ff43e9de458d1e2b72b06d141507b3d221802bcbce94e9dbf24f1816ec60edcaf9491ffe531ffa21368751f6d089fb4940369a4d29bc1b96d6fe,female,performance,0.01606425702811245,0.0,0.0,0.0,9.070294784580499e-06
common_voice_en_17147757.mp3,4971643d98e232dc2a4b6139326608104e8ed67afb03c0e2351fc41494f7c50cbd5bda98194398ecd1fe0582e521fcbfbbdc32d3fd15eec9d97d61e51398e031,male,japanese,0.08835341365461848,0.0,0.22,0.0,5.4421768707482996e-05
common_voice_en_19105355.mp3,6ec6339cbed1bc9e43f43a6515a7e878a4b5099bc753388039d19ad952183aaaf8a9bdb6990bf81b00eed45fe777e01e491fd4f1e0c40b68ba1ec2a595e483e0,female,playing,0.040160642570281124,0.0,0.0,0.0,0.0
common_voice_en_24980906.mp3,8027e1ad7922b218e543be18749505bcb63cd0098e178756049d6ad9757452f901d6baff6569b2ec5bfa2ba9e0060ef90bde5adf7cff08f88bf61dfb37ce4d47,male,historic,0.08032128514056225,0.08542713567839195,0.0,0.0,4.5351473922902495e-05
common_voice_en_20017235.mp3,3593fe5ffe22c1ebf0257490b31075d6f95f6432c6762cdf49becf379d00d6991c7d295a7d4e7cf5ed69d6b555124e99288587c2fab01a27a0a8205418c2fe67,female,national,0.012048192771084338,0.005025125628140704,0.0,0.0,9.070294784580499e-06
common_voice_en_19761077.mp3,d07c90803550e15473c56404fe7263fd355be1558d03befa6c6cdbc4ed26868c720e658d60442649a44d7a4a03e4bc1f0f32e3022da0ab4fc32983c0116bc18d,male,battle,0.024096385542168676,0.0,0.06,0.0,1.8140589569160997e-05
common_voice_en_29140390.mp3,4843731ff8f9296603a048f09b4afd63de86d6f7b94b12fa4cc6ce9828cedd1098edcc554eeeffb1cd5e0200574f203c180460dba0368f6cb441cfddc6353832,male,state,0.03614457831325301,0.035175879396984924,0.0,0.0,9.070294784580499e-06
common_voice_en_19942786.mp3,41bf7a91f75f72217efb5c0282f88df7cba3d5036642b49b4b28170071ef1aad167db01402830fdf6134bcb0af782e88abc5d78b5b8591d45728356e3863daa3,female,village,0.1646586345381526,0.19095477386934673,0.0,0.0,9.977324263038549e-05
common_voice_en_18733376.mp3,c4a757a595b0b7af133f34967ef48370786b206d1fed1e8132552724f6b8e4d684e4d742742144f94fdc348fbdcb1773f7e63cda0eaaa28912f93f27f656d315,male,studio,0.10843373493975904,0.06532663316582915,0.08,0.0,0.0
common_voice_en_20765905.mp3,a7fd0808e0942c46fad626f2d466bbc75ba58f28566ddbdde4e9a8f15e1bdae6f8f1d9fbcb63bbce99466bbecf009e42c8c5e1e6de45ff0346ce3db0f21b7c25,female,their,0.020080321285140562,0.0,0.0,0.0,0.0
common_voice_en_27421941.mp3,05287aab1c7c331c1b365f20220401df35acfa7185f56cd70cbd0bcaf84def550785214d6754d0b86f0fd2b0a078ec40c6472478b226e3639040921260e84b48,male,typically,0.1285140562248996,0.03015075376884422,0.26,0.0,8.163265306122449e-05
common_voice_en_20238634.mp3,3fd6ecfe6af4731f3d62e2fecdfd2f61678641bb27c26466c2ca5e04126cd188a54c63a95486da60431037a24fc3da2b8455faf741995dcfd55904938519202d,female,program,0.0,0.0,0.0,0.0,0.0
common_voice_en_18712170.mp3,b31374d1ecc336902127763bfc7a91a03e738b2eeb92b377fe7e10ed5235e3056eb646817a7a4f82da41accc6cda4d694d11c3e1d8e6c5df56f057cc53b5e05b,male,built,0.04819277108433735,0.06030150753768844,0.0,0.0,1.8140589569160997e-05
common_voice_en_18612175.mp3,1fee0505e9dcc4a9bb176b73cebf6be028a340ffe993694c92d5aeb7f5a2e28311301a1d0b1ea7062d044f07270d458ac7e397825b8c65fa151d15d006000e95,female,there,0.040160642570281124,0.05527638190954774,0.0,0.0,2.7210884353741498e-05
common_voice_en_6867669.mp3,b07a99e51622a9944cab0c45330b1f92f824a9260146a0fd0696fd0009ee9f5815d937c589166f713bab7bcbb43d9cb448b018c0304ebac6c0922e1aac74ef42,male,countries,0.12048192771084337,0.02512562814070352,0.0,0.0,6.349206349206349e-05
common_voice_en_22273863.mp3,e79d36958c27fa7ae24a0e127ffe6fc4e79b80e22e914f31edf6f62c15e87d1552eb3ee3288727657f97f107ee4e079a6d8888593e8539e392ff13a52b336634,female,between,0.12048192771084337,0.10552763819095477,0.0,0.0,0.00012698412698412698
common_voice_en_25354856.mp3,52923fa0d4a67a5d17d2f0e156a4bb71177dbf2af83c7e33953eeb92a28252d31fe9f9694ec2ce7f08dfcbb6687030d46e619f37a1ca60b9b6f19b07cc5bada5,male,industry,0.36947791164658633,0.32663316582914576,0.0,0.92,9.977324263038549e-05
common_voice_en_22311141.mp3,b7f7fd1f3523b6826317e9e7ffc17174447e8364823edb58ba87dc8d2e5fe2a2a85687f16e5e4240d8430f1f303106947512d684486d1add36d22ef6466e05dc,female,water,0.10040160642570281,0.11055276381909548,0.03,0.0,0.00029024943310657596
common_voice_en_22727130.mp3,015b9d3c8f167311697822e9bd4d19c7eefa860c06acf4df7c6cc4947975509981f297a2a0fee8cc256d83af5beadaafb9e56cc8adb8f43428da0f4dbb680d53,male,child,0.008032128514056224,0.010050251256281407,0.0,0.0,0.0
common_voice_en_337480.mp3,eb0f59fc2da0ca1be314481b1e704cebaf21adf981b48232c970216034dabfdc5e171754991f2d041f37192ed1909d43c358562c8dd1da718dc6b2f1d8760cb9,female,floor,0.0,0.0,0.0,0.0,6.349206349206349e-05
common_voice_en_18769248.mp3,a17485a3303a4cceb032be1de1578bede1966beb074ed263b5b6741e145b8373144b95bbd58fbe4cb72bba07cbb27452b667463844a79b4779c9afc7fd9b93f8,male,years,0.0,0.0,0.0,0.0,0.0
common_voice_en_660131.mp3,1be788e0dd6467988e6ad8164305d6e41bb39a1351e38fad0e051288c579899276fb2010493c68063bf663c7da88bc87d306da6fee1bf437c958d661a2bf4108,female,appearance,0.2248995983935743,0.19597989949748743,0.0,0.08,6.349206349206349e-05
common_voice_en_20052392.mp3,892b45f4fb8e073f66f55786a44589af3b426565865470237f0a3c78b2d47233ddcc17259871df228045ef53748c9038c842c591ca595c3b164064c28316f6c6,female,location,0.10441767068273092,0.05527638190954774,0.03,0.0,1.8140589569160997e-05
common_voice_en_618318.mp3,f1c82d43fc8a29f0b7a18849d3dc99aa74cadd7a9ce7c7d5b5473c6c99849a1b0d5784e593d9790f363c4be74c0f39dec8ccaa7e18d3d4682044ad0476e6c645,male,alchemist,0.0,0.0,0.0,0.0,0.0
common_voice_en_28457315.mp3,fba9df0844896be62a67b9e002408e3d460b9ee4eaf437abdb373f4b8368666c3311400b1f500d2c588c0747526f95015a7ff09d7b5170ca2819b5a11aaf0974,female,majority,0.08032128514056225,0.0,0.08,0.12,2.7210884353741498e-05
common_voice_en_19617513.mp3,231338bce2633fb2b8ad33b23d4b04b0ad0671f86211792ae0923c0bff28afd439017d00d5991137bd440016a0f0c315e15f5a96e2b33deaa99e725741336c4c,male,desert,0.27710843373493976,0.22110552763819097,0.0,0.35000000000000003,0.0050521541950113375
common_voice_en_22105992.mp3,917146dfd3598afad166b795e7ba47eab9c526a61f4ee86399810bb115772951d469c4b2578f9b32f7dbce5c8dfd2f07818362bc3ed90fe39ff6cbc42190b5d5,female,cemetery,0.3413654618473896,0.2814070351758794,0.0,0.6,8.163265306122449e-05
common_voice_en_23356382.mp3,2818a96db2c928372a0a4df9b99936703166bcf01e0226cadb4af0309d2fad6b2caf6dfab6afdad50d970d64606d61ebda68499edc10bc019c4d0d6f72dfb156,male,became,0.04417670682730924,0.05527638190954774,0.0,0.0,0.0
common_voice_en_179356.mp3,4bad78067c5c852f0c800fa13d071259172d3587feaf100cf73048941e5f2aba504bb15583bd71dd2ed2f9e68c8f84d163d28d2076b943e6b6dae433edd587fc,female,their,0.09236947791164658,0.035175879396984924,0.0,0.12,1.8140589569160997e-05
common_voice_en_18285845.mp3,9b75838dc14bf85d3d784194dce9df3baf83c668805d48f76e9471ae2f0b2dac34221067064f30d144187b2ac1a9861800ba91aa45a79622cb28c9101be162e6,male,process,0.0,0.0,0.0,0.0,0.0
common_voice_en_17432683.mp3,827b701d79fe77f0ad7706afd03200675f7aedc01af8ba1bffc147cf3dfc5eb8e96daeeb1d92b4e279b9e4dacc13c4c11accf78fa7b8347cfdcc19c22db97e6a,female,matter,0.0,0.0,0.0,0.0,0.0
common_voice_en_20067451.mp3,3e53eaf42631d7fb4ddf28ff8c8c4447b796054a50d819d8adef79e464f9d4270386bccea7eb5a623720adce262de21e5cce5d5ec5c4d2f34806426e1e6dc533,male,history,0.11646586345381527,0.11557788944723618,0.0,0.0,0.00037188208616780046
common_voice_en_18354220.mp3,32768709e7c03a36766d935fa43bcc07805a06c3443c88fb8a4b9a331fcc68d5f3c8d6cd38d24191697fef4c011d8d1ae515645c972d8bd52cec60f781f88ae9,female,larger,0.1686746987951807,0.08542713567839195,0.0,0.42,0.00010884353741496599
common_voice_en_25566841.mp3,b27ca194887bf5dfb078b5afc822c75bea23284709b4142eddf997edd443fb0fc522c09eb39e29a71bc71418cabf04cfbe7f6a1bd664200010cc109d2a6eac35,female,national,0.04819277108433735,0.06030150753768844,0.0,0.0,0.0
common_voice_en_20952289.mp3,5c144d22a0c4e8060e79d08709c93e34ed463fc9097d8a4200f5ba183380f14acd565a839756d659bc99438e71ddc31c65439d671cf1b73458f02280c9fb88c0,male,today,0.0,0.0,0.0,0.0,0.0
common_voice_en_19038554.mp3,a2db0d999a6d601927a4a1513aea45b2f3add8fff412cc5707d75b09240a8529fa559255bdd90aae75e74faa914da6183614e519c439b81091257ed87a63f7c1,female,being,0.0321285140562249,0.04020100502512563,0.0,0.0,1.8140589569160997e-05
common_voice_en_28967822.mp3,4452d78568c07c1bc082ebb8648c8f0244aab67e002ba293052726ba7592472adf30b74bd9f749e2a7395ebc00c233a879296dfa13cc0a675643e547bc7cab95,male,white,0.5582329317269076,0.507537688442211,0.0,0.23,0.41478458049886624
common_voice_en_18304233.mp3,d0715a8f3a47109e2e3abbfbd28766ae37645751c4447fd65ee0d670fbb3c96ed1914b062dff24a8415efe06fd5de72f995282f7a4ff239f480a5b31951095e5,female,where,0.3333333333333333,0.1658291457286432,0.32,0.35000000000000003,0.00021768707482993198
common_voice_en_23662005.mp3,81bb4ce191e39f7b0a181c793b0882dba096eefdf41d3dbd051f323360d7aa5ba9ad60c4771a1b1badbb05d1826dc4067aa32877916d45603142e6733b200963,male,river,0.1606425702811245,0.07537688442211055,0.28,0.0,9.070294784580499e-06
common_voice_en_27705047.mp3,5ccea0f927457556fea53cb801e3981bce609f433f0ad9bdbe26470e33efe11b7289c85042771525943f51df9c09813e7b5b828aa8c1bb62bdb953a656636a48,female,include,0.0,0.0,0.0,0.0,0.0
common_voice_en_21832128.mp3,1e79ed1e7ff378c00bff22d2bdc0c54509180ddde252e2e3923513174b1023f7754a3c3e571a10a6ef64ee87aa8eb42d7a1cdee2dea32580cabf4bd3214c3fe7,male,football,0.024096385542168676,0.02512562814070352,0.0,0.01,0.0
common_voice_en_25741937.mp3,1c481e49b606c246221071d4945ac72b3aabcbd3fb470ac6deecd06ef7b370f42f9f627cfd60e60418fae688576c00c19d9a2a2d5705a8e30fa48b4c9dbedfdb,female,standard,0.04819277108433735,0.06030150753768844,0.0,0.0,9.070294784580499e-06
common_voice_en_21059606.mp3,382fe8d152980f39d076822690dca9db5684a79a707a3298967757e402e1eaaf0fc5c651ade469c52473bfb3ef9356758b18506a4d4b2d5eb4ace9548f03cd4b,male,three,0.0,0.0,0.0,0.0,0.0
common_voice_en_48211.mp3,7f4359970defa9fa534bbd0912372891539c1103177a6ee0857b6deb6dd93516ca3064c60178c2ca9edff8005a8f24b18f2e7ab75b247ab86d86c2cb03899baf,female,stopped,0.0,0.0,0.0,0.0,1.8140589569160997e-05
common_voice_en_23611354.mp3,33d716ab9705f3a5edb46c4f940eecc9825683841782baaccc15634d8583e07c79b0d8eea6c67447e5dcbfd1634541dc418fa458f876f87de76cb43bd25cd497,female,today,0.01606425702811245,0.020100502512562814,0.0,0.0,9.070294784580499e-06
common_voice_en_18848220.mp3,1e525945d88a8385dbb86b12600e3e18fd1fae5beee06355d498aed3ef38668601bb30a96375800788491f6dc3545228661cfee522c8c994c201035964d2166e,male,hospital,0.0,0.0,0.0,0.0,0.0
common_voice_en_17790308.mp3,9911f704c287f6a7eb3bf91dce7cc3286afb349caa1ff91e0c3ce974950da976cc58a55fd03121feb6f859280c9b59c18a4c1f6bbb21726975c50c94c8750ef1,female,which,0.0,0.0,0.0,0.0,6.349206349206349e-05
common_voice_en_18779317.mp3,7ef2b5d0d369456a355b9c90d7bf38a2f40f14efd4b95463ac7bc0cf5963ec7c0e865072aebb4e73372f01738e663db2469a1a8709a148c43cc9b66426822429,male,story,0.10040160642570281,0.0,0.25,0.0,0.00012698412698412698
common_voice_en_19456088.mp3,a7fe9d9da3a0fbd5afe28303a2ce0ea901f4b6e0e6697a21e8990ac66b17fbba08ec454fa249df8dc55332f93f93d3bc2efb183f1c117a2024c90e73912e325a,female,spanish,0.012048192771084338,0.01507537688442211,0.0,0.0,0.0
common_voice_en_18493455.mp3,a2500ea277bc93b7ead43b875aa9270404e30b64a860823a82dd9dd6372ee528cde242c4ffa5a1ca095d09655a3bd5494d1320762427ecf3bfebe4077e3cf97f,male,business,0.21285140562248997,0.19095477386934673,0.0,0.0,1.8140589569160997e-05
common_voice_en_18667003.mp3,1ce770dc6ee32c28882cf66fb38a9557ff644d3c96603625e15136f81c383091759241f325f99310048e1200a7ef6ea18ef245df25340e4f706c6790ed595b6c,female,again,0.004016064257028112,0.005025125628140704,0.0,0.0,0.0
common_voice_en_26008545.mp3,42dbccb16fa1ce50253a96dee532a7c4030f9daa92599271e4c0692efc8e58f669205bbcedf0ddf1f51f1e5753260ad39f6e0a5e6f85d5d24b3c5b3a20114c4c,male,covered,0.07630522088353414,0.020100502512562814,0.0,0.0,4.5351473922902495e-05
common_voice_en_19740023.mp3,b154a75a89ad51dc3c95bc6a98f5b69a4e4d739bb2abaa4f61b2480f8c290706dde5ca21f16290f4487695dc52612293839fb9085bc26cbdce3894cbb8d822d8,female,three,0.004016064257028112,0.0,0.0,0.0,9.070294784580499e-06
common_voice_en_20871574.mp3,d0d168fa49a50a66181e2ea900910582bb7ccee4313178a617016ecc863e2027686ba81f2d5fcaf094d56cec6ab21efd61e230f36163c5e6a3a1418b8e477721,female,rights,0.0,0.0,0.0,0.0,0.0
common_voice_en_25444188.mp3,0de6a47c6b0d4a99270b585693280ada05c1e57f6cee0422310057779b344ac7e581c8bd2722c3b3550a395fa6e4e005303d398676e06db31c1df5e1384936b7,male,about,0.0,0.0,0.0,0.0,9.070294784580499e-06
common_voice_en_168557.mp3,04971038f08f335d6ff6aa6b7fb7b3461023cbbf51ff2cb19c5ac33a3e95dc430e6af9d9d4ff485247fa1d99c79ed2fce6d662b6ee56105d2ad7628bdf8fbb41,female,others,0.03614457831325301,0.020100502512562814,0.0,0.0,0.0
common_voice_en_22290058.mp3,4256122ea6561255350ed3783b44495c9db8457078a63211d95ed0d125896796f80e8edb3f99b50ef29a693f336d153ddedd79e3179a5a65a583933129b6e599,male,within,0.19678714859437751,0.1507537688442211,0.0,0.19,5.4421768707482996e-05
common_voice_en_19631320.mp3,19d90dbab97cb99f18435116646a044135b497733b0439c4128d9d13adc333d03e75bd384acb4b19b8934822f6d7f158c72f5af94651b225a9f5a82c477ee91e,female,features,0.0,0.0,0.0,0.0,0.0
common_voice_en_23785227.mp3,675dce69485dbc26f49ba89cd015aec10752bd104064bb8f5e2c2247b25b50ac760d25e93eadf0558649348bcc0ef22c54276f662852063822323ca5b017105f,male,native,0.28112449799196787,0.20100502512562815,0.0,0.65,0.00023582766439909298
common_voice_en_21453264.mp3,5e993cc04ddf098bfc9abb8b3846bb0457ec552dcdc83ff742f988837bf873f185fff135d3b0a25469ab9535c29cd8d30274010cdd6ac0e437857873bb1a938b,male,round,0.020080321285140562,0.02512562814070352,0.0,0.0,0.0
common_voice_en_20453044.mp3,62403ad44223b68b3a24ac5a2cdd1d836185eda3bcd21f4de3ca0033c526822cdb7c5ba65aa3fdf8af58ec3e315d5f09e4c543b9fde957f46457e8b144624d59,female,these,0.0,0.0,0.0,0.0,0.0
common_voice_en_19636956.mp3,181ed4de75dc97d655caf9b5a91818eaeeb2c9c9d48ccf4f8d95cfebfd82a963d281b00b7bd621d1fc562e4c7ba459e1baa324ffeb69f4e0bdc09477842b3073,male,published,0.13253012048192772,0.04020100502512563,0.25,0.0,0.00011791383219954649
common_voice_en_18725367.mp3,43bccb5378b43342e92ec0ed9cd44e2bfdaf7fff1e52daa3d6f175ba0951293ccaec3cba4a48516de4ba2f7f725dddfbc92f91f02295bdf790ffe3ff983d9521,female,saint,0.03614457831325301,0.035175879396984924,0.0,0.0,0.0
common_voice_en_21425673.mp3,ebf00255a670d116001c8866bec5ba8ce98d293b92c6679e01622001dcaa43d0c4ddda06c89157a8c05968d9e617905c7edfd0ffb8d647e9cbbe2f619e91ef24,male,group,0.020080321285140562,0.02512562814070352,0.0,0.0,9.070294784580499e-06
common_voice_en_22095111.mp3,94765405496ca7d03c58a7b2bb267ab7f206e24e89f6762b1f803f18e95c5547e3c6884b154a3a79b31e06e36199d12a89a41937eb34d13444eecf149c3aac52,female,named,0.20481927710843373,0.1306532663316583,0.31,0.0,4.5351473922902495e-05
common_voice_en_28336131.mp3,043f7f8652b6a1ceed6a5dc981e5e569cf36757adbb31af25e857d67ffc4e3b97c59234a67c9f89ffff631195030c9a23270fedb7266fc0a18c298ed0515a01e,male,appears,0.28112449799196787,0.21105527638190955,0.0,0.42,0.00022675736961451248
common_voice_en_22029970.mp3,75bd4b2a4376c93ecfbe0f7aca691c74c7d7254408a7030ce796a675d33fdcd09a95c821c8046eb203533ccfe69920ed117279b0ecb267045fa5d3b0a4003900,female,firefox,0.642570281124498,0.5778894472361809,0.0,0.65,0.00035374149659863946
common_voice_en_375842.mp3,e0b3a78143bc1e0900e4e85893139659caee16d1e6b2717c62331562a737cc638c218938df2a65971e53a6bcc782a866c2dc5f21adbac68d7c7075f1699218c4,male,which,0.0,0.0,0.0,0.0,2.7210884353741498e-05
common_voice_en_68561.mp3,89c2b4d1b17091efb6159770081d7b1dabc1267103332384f6725ba8a1e766a2ca0d70f3131de520cf4913008ba5e910e8536fb6cd39503e28aa862aa56fb46a,female,there,0.07228915662650602,0.09045226130653267,0.0,0.0,2.7210884353741498e-05
common_voice_en_20864079.mp3,baafafeb09e2e14760eaf8b182d6c4485ea5067ad126d03aebeba8cdf43f95d9f2b33c3f655b33c7855bd440b1cb1b02832a85949bade04c0f4f8ca33789efad,male,found,0.10040160642570281,0.04522613065326633,0.0,0.0,0.0
common_voice_en_19637938.mp3,c602aeb8a00c04b3aa5e17fe2a8eab864725902e0bb64ddd31f18b2b58473b2a605e922f931211bab715470ce26f557e0168e11a138b8f143754fdb4ab2a301a,female,cemetery,0.0,0.0,0.0,0.0,0.0
common_voice_en_17267909.mp3,1e442bdc3561a90d9aaa92758cb7dc3f43110045408ec35d00b636bf7bbdbb8588f7a3b85029c5b901f33e008bfee10388a243add0884cba76c5ac1384523afc,male,happen,0.008032128514056224,0.01507537688442211,0.0,0.0,2.7210884353741498e-05
common_voice_en_19675266.mp3,e62191545c734494b9c764f2b0f43deef5d9f61f91ab135f45595b314982ffb3911040c90f4463d035894d1e64bc01b0a8ddb1b5d2503b7adb72eb61035e0736,female,allowed,0.0,0.0,0.0,0.0,0.0
common_voice_en_18507500.mp3,65e66d234c1b684151e08365a5b1e5af5bb8a35f5a70f5b8bb359013bdd774a3199cdfc925bc028fd4c1dfcbd268567e818515ecd421bd5ed741b99cdc5c5449,male,shape,0.41365461847389556,0.2964824120603015,0.02,0.0,2.7210884353741498e-05
common_voice_en_20944977.mp3,85dd4692c01cdc60e5a3954ba07a79969489b75a6d40c254a63cb1c8da842a088b83f37cba3b7774543af091c24aad5ef277dd6fac1c7d2d0033101f93f85f8d,female,school,0.008032128514056224,0.0,0.0,0.0,0.0
common_voice_en_21797399.mp3,055ef492f625731277f3bdeeece308e5f3b190ced59ab63781af16ec3263bd3a9d30f5a0aba7f5d9a22f72bc6c02e810b8cd18803b9906d0843be7dd35b79720,male,large,0.07630522088353414,0.08542713567839195,0.0,0.0,4.5351473922902495e-05
common_voice_en_18520284.mp3,5a666645619d24190b71bfdcaaaa7a49a04bb4dc08d02d5a36f4004b58e75356762b3b24ef91dd354fc5f4ee96efac56558d1d1a945fd6f245da6a6f4fe0f3a5,female,house,0.14457831325301204,0.18090452261306533,0.0,0.0,6.349206349206349e-05
common_voice_en_17730640.mp3,ee8f342e90194edcd50c69e4b639b2513abdbdaf0c1515ce240c3b7f7e3dd4cfe1363b7c1eaf55fa5889e44ffd8bc441092e54350ed6c17675f07ce6ac2ca36a,male,forces,0.01606425702811245,0.0,0.0,0.0,4.5351473922902495e-05
common_voice_en_17270926.mp3,2f208c5faca2479ec810103e67c71c1877a1fd9c04021d385dab7c9164893475853c547f707c0618feef8b24b21f6039630448e35aa04e5bb90f10ae53cdd723,female,instead,0.13253012048192772,0.11055276381909548,0.0,0.01,0.00019047619047619048
common_voice_en_19831632.mp3,4f6841833ee04bcb285f268b5f8a667051fc24ee5ab65f81276dbc0304020d79f58062eb029da303cbbf0bac81cf8b9648ce71e6d1e736a0190bc9df0d246b76,male,industry,0.0,0.0,0.0,0.0,0.0
common_voice_en_19595928.mp3,bbbcdae5adebbd384d8eeb3bb7d56790fdfbcc7a7b0eeaa557bfb7629995ad2e0b895a44093f70b8964c09965421f56c5003b3d19da654fef869b6718fa1b221,female,school,0.008032128514056224,0.010050251256281407,0.0,0.0,9.070294784580499e-06
common_voice_en_18306121.mp3,91a3aa6601aa270d0ce547926d8831cb6038dd3f2e75174f6e2001027dae31c89fb3ba05ae365cd2bfa0a66caf5c954111f1e15b2c9670b15428f2db4ceb5370,male,politics,0.10843373493975904,0.02512562814070352,0.0,0.22,3.6281179138321995e-05
common_voice_en_19944488.mp3,3619dea7b0bfc6d259d4365d9e20084277342e651464ca25d5ca558499edb2272a874b7b9bcb5d1b6674bd08fe9ea0e971d9d89bce6fdbe757b4051fdf166062,male,example,0.05622489959839357,0.07035175879396985,0.0,0.0,0.0
common_voice_en_26141418.mp3,d6de29e11679e83bf2d9000cd413b0c1043f9c2129ca9671bc1ce90a6c96c88f56da43e751d0ff82c0f8364f127b374843c6f169850432bc30547e33d016b603,female,possible,0.12048192771084337,0.06030150753768844,0.0,0.03,9.070294784580499e-06
common_voice_en_19808065.mp3,a957f82350a723026fcf31d6b1dfcabb8c9e62a8fdcd9565c5311f4db8b492674d2c9369d581d60f57a860dc0092e166d4a99300b9e910b0bc719c3564e9bda6,male,going,0.5100401606425703,0.5125628140703518,0.93,0.0,0.32291156462585036
common_voice_en_29736655.mp3,54e2e59c45bc0614fcf753ad3ffbd191f2a1f1ef298dcada513c7ffb7b963454350c092a47eda4fabd762e2800480030dc87db321fd521fafee02f3f99879a1d,female,group,0.040160642570281124,0.04020100502512563,0.0,0.0,9.070294784580499e-06
common_voice_en_21555720.mp3,fab9792cb3277e0f2d81a930e3a0b6f9f2e418871987f1194f4bfa8feb34bbd4fd2d5b2ec51ce4f7962a25a9e829382d7766b19ad5badb763d77ec24bc4eeb05,male,child,0.21285140562248997,0.19597989949748743,0.14,0.0,0.0
common_voice_en_19596811.mp3,8024d2b359b368d477d471b579ea098cd81bfe0bcedb6054b357a8db5f179f18749978a3b188f8bb7955ab5b2147276dca34cf1d6f85a40c52661f4bc81dcc48,female,radio,0.0,0.0,0.0,0.0,9.070294784580499e-06
common_voice_en_516615.mp3,83af1e6f2f8a7212942ea72a0e097950e8e965b171e1934bea3800bc6ae6ef37a4ef91d9950c9d753bf5817fcd23729ef8f376722b35a9a8f8611035166f16d5,male,nothing,0.3333333333333333,0.2864321608040201,0.8200000000000001,0.0,0.00028117913832199546
common_voice_en_20234755.mp3,f4ef77bc57f26744a537a54d7cbdbb6855e6806d957395c7ac3fce81a0241d77571dfa6d786320384390a4e0ddef70e57bcb4afca05595b3443f53941cb6c698,female,formed,0.0,0.0,0.0,0.0,9.070294784580499e-06
common_voice_en_19806922.mp3,613afed1c6dd6364ad012d667124025129bf3340bbcf7324361edb98bfd80665d3466d599580efc6b76a32e2b644052f4a2cd5c189adbe24849c5a49f93c9382,male,style,0.1686746987951807,0.10552763819095477,0.0,0.21,8.163265306122449e-05
common_voice_en_17916936.mp3,e1329204494f101c2a690c6cc7def61850f91f4e46ca40a20ee7318d1b631b706fa2f3a59a0ff71e6b8caff86822dccdedb038f51aa7adbbb281a2bb162dbc76,female,entire,0.0,0.0,0.0,0.0,0.0
common_voice_en_27147806.mp3,1484ca4d6eb2e1f827cc643460e419e7355a87281e456d959f6a4c00f6d57276e4d678bcdf1c39b571c26354240e57313a9afeea36ed075523e7d378c6685675,male,known,0.26907630522088355,0.12060301507537688,0.49,0.18,0.00032653061224489796
common_voice_en_20243977.mp3,4d38844c8b4c95e0cc9eb49a7d87edc369be584b321ba648519541bb78e8a20c4979837c34d420f86ba5c165fa550f0dcc31f9f6ce227a5fc7d25a1803de4b16,female,third,0.41767068273092367,0.3969849246231156,1.0,0.0,0.00015419501133786848
common_voice_en_18556.mp3,67bc9038f24d0ce9ccbcf10f1ca1a2303d34f729d85ad9370f4ffb54fb7e937f3c8936ed9ea8dab8df50bf3e6896c5fc4714c2b478691fb00a5d50e14eeda656,male,looking,0.0,0.0,0.0,0.0,3.6281179138321995e-05
common_voice_en_19804800.mp3,eab7d4334fd9a0195cb3bda0b5c08111ee8514d97496233adaf6d04d5d4708f1cdc5bcd5f1f3f71c35299ec980c89399231f1de18ffa5ad6c941de64358bb57f,female,generally,0.004016064257028112,0.0,0.0,0.0,0.0
common_voice_en_27311511.mp3,49f97dd096c0e07be989aadb3a1dd3add77c8dd93151f32e750a078c92caeb82d269ea90d14d603c336cab2d10f1bf07d56edb9615b025e381e74cfb30a0b082,male,private,0.04417670682730924,0.05025125628140704,0.0,0.0,9.070294784580499e-06
common_voice_en_19017774.mp3,d9c6935d3934cc221cf48df65e97326b4ddc5bac4ec2438ad8ec4b9682d591d9ee19e9f2565588ae8a8673e6bae04461728cfa563bcd7443de56d4a47e680d4a,female,never,0.05220883534136546,0.06532663316582915,0.0,0.0,6.349206349206349e-05
common_voice_en_28296004.mp3,f3b51bd2b94428d5e91d79280cdfafe9fef3af741436dfd211d1112749bbec5f86d7efaf6df147094b78ab624ae6ca623138ad225b6d1a19e1d924f046b7930e,male,primarily,0.13654618473895583,0.09547738693467336,0.04,0.0,7.256235827664399e-05
common_voice_en_676115.mp3,808ec47cfcf04f5ce4498e09821551e4b0eaa365414aff163ae12db2de1ed0089f1b698bdfbcf4ce5cc559c7b123d1a9bddfddd8820695cb8afb790ad0773a00,male,decided,0.04819277108433735,0.035175879396984924,0.0,0.0,5.4421768707482996e-05
common_voice_en_25619619.mp3,293991b0537b2155a2cb97378675e76a04e56c8ec9cabe282b02b85c8485da6c75be6a020c2ead647d4ea9bf961ecde0b198843087f505fb47aa714bbd840061,female,current,0.27309236947791166,0.23115577889447236,0.0,0.18,6.349206349206349e-05
common_voice_en_19200336.mp3,e3153d993d64dbcd35e8a4c7ab4f44bbbc253022da98fc360fa30686945394d9e12ceaa5eeeff51d9851ac5cb33ef233b05f323f2c8b6c02d6a1be76d7be3948,male,german,0.020080321285140562,0.02512562814070352,0.0,0.0,1.8140589569160997e-05
common_voice_en_27065727.mp3,1731c993682ad8cb4b9ea562cc56f880b55226db66f7f56e46150661b6ee4dfab80a1f4e84cc81772ee52fb6f1ef36c81c6ae1fdfd0278f284481ae63eae8563,female,language,0.19678714859437751,0.05025125628140704,0.19,0.05,9.070294784580499e-06
common_voice_en_17262508.mp3,41187f1b8ce78a7f15c758d93a1aee430326ec6b7d1d8f96db1cbb52c9d9d69d852eee4d376a9dced66dfdb8733704090cbe12e929dfde6ba81debae1b529df5,male,little,0.05220883534136546,0.07035175879396985,0.0,0.0,1.8140589569160997e-05
common_voice_en_17280200.mp3,fd2e4dcd1da668dccf7535033063b5b3b9e184ae6bca21fc9691991cd82f32025a59c3d40b5ca80503f4ba914886e7826f5a93d509baac8e12dfd85ff0a90ad6,female,eventually,0.020080321285140562,0.02512562814070352,0.0,0.0,0.0
common_voice_en_22751316.mp3,63e71424741bfd9cea081e68d1c6c4b4d635b3465bc4c79e147ec58f172bfd42c6bc254b36fa1ffc59746104386bacdd893b0b48603ccdbf1ecce3f763839db7,male,success,0.01606425702811245,0.010050251256281407,0.0,0.0,9.070294784580499e-06
common_voice_en_17632372.mp3,44bc33996b8b4a68aa5c11c46bfaad9c52e37ae6d9b5b7dc30605390645429e9d417bb2bc1e61842af3eb9ebbb16f13ae515a7d966a5afa9a534e673055f2757,female,light,0.0,0.0,0.0,0.0,4.5351473922902495e-05
common_voice_en_28650581.mp3,79d3151950dca896fe614d91be1910928a0553e1b33197d683bc2f33bda2d5e030e54e64806a4fcf224acf2d2c01398f9e0b4ffbbcee93a02613a67db2aff046,male,original,0.020080321285140562,0.020100502512562814,0.0,0.0,9.070294784580499e-06
common_voice_en_17669706.mp3,1aea3c0f2103aa1f6ea3ace092afda2edc346a5a423f8e079cbeb534d6130beb233f37e53352a3a350a124e0f5420a39d79169a230d45364d80edced8435c7c3,female,places,0.23694779116465864,0.18090452261306533,0.0,0.0,0.00019047619047619048
common_voice_en_19726990.mp3,8f2b85a86859f0ec7628249617fecfcf774439cfdc06bce61fd1271eb5d7d2f69d815fb88ce133dddf417a42fa10b82d6082479031311ed6484d5b4980a0b804,male,offer,0.1646586345381526,0.09045226130653267,0.07,0.0,0.0
common_voice_en_26683928.mp3,788760f250f53c3d241f03ef55d3bef7b2aebc774154993a7427c72c5549cf2d5801ae0b9fcf3f57b3c6376a46353eb199495a80338fe8131d7208c15e91f03a,female,opened,0.13253012048192772,0.15577889447236182,0.0,0.0,0.0
common_voice_en_113675.mp3,f78871d8a9ada0e1b29f3e8beab55999c89ccdaf2dbc064dd047ed1192d08f2210ff86a44474073b6781ee42560489ae1ee53c433960996e3cdcea2a7b1a5176,male,little,0.012048192771084338,0.01507537688442211,0.0,0.0,2.7210884353741498e-05
common_voice_en_25003089.mp3,543b95c2661bbbf102b7131eb739deb6d9c912944a8945a2f8711294d921485bfe5951ffe8a85c1a8a7322112812a9cdf8e01aaeddb475f810a11800878b701c,female,quickly,0.08835341365461848,0.04522613065326633,0.0,0.0,9.070294784580499e-06
common_voice_en_20777245.mp3,372293e65cdab88771e028a4351651ab2eff64438ddafc211e089247dcdccca350153465eb5409ce708081d9ad384af45d1dc57bbe030ae1a2c0edd561322fb8,male,married,0.04417670682730924,0.05527638190954774,0.0,0.0,9.070294784580499e-06
common_voice_en_20329114.mp3,636275bacec06bfd7a28a2b56c8719d341f6e82918405b51d8fc8d6931115a7cd3924cd5f44fbdd636b0764e04181bc94d4cf772de405f298781043f21e1480f,female,programs,0.0,0.0,0.0,0.0,0.0
common_voice_en_23112990.mp3,50a3974c5ad2d08c1b064c761f39a0065d1d1a6b686e9723b24b9eccec71d13762b8d5807215cb8fb5e7c6a27efe6b7f038e962f32b4a24ab07d8f0feb0a2807,female,didn't,0.13654618473895583,0.07537688442211055,0.02,0.12,0.0
common_voice_en_21796332.mp3,6da09a0f14894079b9496cc78fbc5f8b636c58169a3cdade4941a2da73d3907e99c8e9682e45bb3cb58b2e15c904bd1d1827915dca2436ff77b4ad540cfdcd81,male,similar,0.1646586345381526,0.08040201005025126,0.41000000000000003,0.0,3.6281179138321995e-05
common_voice_en_75268.mp3,ff37cd89be65a77f40fbacb06363cfd896d1510fbc81239ac8e872526aab23656d4d2d198d61987e17b8b78af72329ff1822ec59667a3430340d2810c92d74eb,female,brought,0.12048192771084337,0.1407035175879397,0.02,0.0,2.7210884353741498e-05
common_voice_en_18295850.mp3,00c3f0e7c691ef30257d1bfa9adc410535b7ba3f48e344faacdace5228b2333848044c47f317281954529eb0c6f7e739577146d35a2fac4d8acf96cbda6335b8,male,still,0.040160642570281124,0.04522613065326633,0.0,0.0,9.070294784580499e-06
common_voice_en_21150407.mp3,b8827aa97d86836e19092a6f0a7da651048867d945ed8fb473951db8ec0039786da7fb7f1870aa36e3b21176b045aaadb87142e9b2b67e665b38fad12247f229,male,place,0.18072289156626506,0.10552763819095477,0.45,0.0,0.00011791383219954649
common_voice_en_26601320.mp3,4498fc8a02fdc71bd6238e7020b44ddb11b2922e44e1fda1ccc177f6d24c99b0ef8b526c40d48f44b73cf32a8138e49b9e0fc93e64be8c318d8b7b9f84870bfa,female,works,0.028112449799196786,0.010050251256281407,0.0,0.0,0.0
common_voice_en_20727188.mp3,f01fdc860ee6d428f306c3bf980a1a5617bca9e781b39e0703419bc6da57e632d967938f1f0d6c078db41c78a66238344166c680bdf96f948c25be7f36d20de9,male,played,0.1686746987951807,0.06030150753768844,0.0,0.37,0.0006349206349206349
common_voice_en_20905661.mp3,2641f4f8c059d709f93ea1a34ffa0a8dd4a97e6582e643d6d564bbff690c335c0538f8021cf6d9aecbe616b778d6ea868f46379dd3f8fbeb8f2abcd504302569,female,music,0.024096385542168676,0.0,0.06,0.0,9.070294784580499e-06
common_voice_en_18171038.mp3,cd9ef2c9ea144c2f6d9e7502e0e3276ca4173de2f8035c7307b18a0f9d8dedbf847b12d36b674ac1146c97b6b3ed427403a0e0f757ec478551cedbb6d800f590,male,police,0.008032128514056224,0.01507537688442211,0.0,0.0,0.0
common_voice_en_17429037.mp3,f29ccc48dbccbed6276c09cf7a9e6c8c579074319752352d9ea369390eed4517052744a89e000cdccfbd28d4de71812d7c19c62867d3336aa901811898c75e69,female,developed,0.028112449799196786,0.010050251256281407,0.0,0.0,5.4421768707482996e-05
common_voice_en_18472381.mp3,cdd10f681f8a0c4d0d9a74010cc24a5135eb6ef7efd43aa599f892360e3f08d74ee17703365b289857068b7dc1991adcc374efbfbb0d9ee1979c7470447b5392,male,their,0.01606425702811245,0.0,0.0,0.01,0.0
common_voice_en_22204073.mp3,2477eaa09a7a22355ae4d674e9685a6ba4bb0c24f7dafca3d7944eb0e9e6e1c042341c6d87a964141ea7db4659fda1d0072deb682aa55ee2fe4146b80c1121c1,female,which,0.05220883534136546,0.06532663316582915,0.0,0.0,9.070294784580499e-06
common_voice_en_26984517.mp3,b4b26fbfc9f858c46eeed33fc8ca9eb6e1c8827d640714068f325a07bfa7a273304bdf5329439762c5418d71c310780f8dc6829517a41fe4572eb30528fbc6a2,male,hours,0.13253012048192772,0.135678391959799,0.0,0.06,6.349206349206349e-05
common_voice_en_4561565.mp3,7d7c76e7c86b305e34ffa566404ea51c74da1071b6f509e72531667526c8199031628a99e6d70b40190cefdc91fded90896e47e7a8c1e90fd0426b982dddeab1,female,between,0.0642570281124498,0.010050251256281407,0.0,0.02,9.070294784580499e-06
common_voice_en_18506344.mp3,98036677c8519a9804dc4d4b4fa05a572dcc3e930077c28da179bb489d731df13592ac7385293b0b153e2bcfff326033f123b157a852419a8e4e9a3c37a0b752,male,hundred,0.0,0.0,0.0,0.0,0.0
common_voice_en_656320.mp3,dd07cddab248668bbff5901fb144b1b91fc2093d56f83e7fb74a4765e8b7d3ed9b611464084d203b41ac3f17c9201bc4fac5abf0136c07e3edaee47352d9f12b,female,running,0.0,0.0,0.0,0.0,9.070294784580499e-06
common_voice_en_19172269.mp3,8aca6d5ba7c3caabe9bf69849fe20324ea566e5b0a76aeeb48e3a75b6f83024790e237c3017619f027030df78a3271e671bd451b5398b68733035fa1604f92c3,male,common,0.24096385542168675,0.17587939698492464,0.6,0.0,4.5351473922902495e-05
common_voice_en_178360.mp3,74ef621ccb767f930f02e6373db0711459836e8c2c1206e2494feb362934e2beb51b9e74dd3209811e08b0312344bbe5649971a7d02a5c97334726596b6dcc6e,female,thought,0.2248995983935743,0.27638190954773867,0.0,0.01,0.00021768707482993198
common_voice_en_26116367.mp3,2ebfff70730af8309f99d36860cd1b9fd8eba29c5474261537bc37862639a9d782cc952688d34aa895b09861d351b3ebf35d6e990f4e4bbdba8c909d77cea54f,male,variety,0.14859437751004015,0.01507537688442211,0.11,0.2,7.256235827664399e-05
common_voice_en_554970.mp3,b56d492324d69615e5efec5ac41a34c22f0d093bd92826e6c1df2d4201f98d63bed5845b93a813de893991dc7bd5366c7eaabc65bb1ade4d67b10875130d831e,female,about,0.004016064257028112,0.0,0.0,0.0,0.0
common_voice_en_27056669.mp3,7f8f6bed628404ced065c2774373ecfd1c9571bd2688f3e69b905ce14936c74632a111e32d80fc49812b62f1f2472f93247625a3c18f10bdf3ed442b36b3a91f,male,services,0.020080321285140562,0.02512562814070352,0.0,0.0,9.070294784580499e-06
common_voice_en_28752113.mp3,df752d88da484d71122d88c1b6181a75e7b2dd9bdadd557cf2729ab351af55a4cd47acde0448c59e96641cefe0ff3a9c170173024cf049b7a467c87c31e4938f,female,people,0.1686746987951807,0.08040201005025126,0.0,0.28,1.8140589569160997e-05
common_voice_en_18486818.mp3,912d095f0e171cdd8287a0c4fd57fe432a328085d81bf11fc79b4e96f3e96aac84b0a8a543b3fb3c757f9514e4ec7d879ea5ef6f6248517ff28e131531f956f9,male,taken,0.17269076305220885,0.08542713567839195,0.03,0.03,1.8140589569160997e-05
common_voice_en_26897333.mp3,f0e700cd36d5d3b9ac3ba22433b2ca326fdc003f8f21eb839e9cf487df204fcd3ab28a079ff44e53d33b17bfadf5e5618da15526d7178ee897aeb31d3b9804dc,female,location,0.23293172690763053,0.07537688442211055,0.23,0.2,5.4421768707482996e-05
common_voice_en_18105577.mp3,9d0480cbab4b2631f1ebc52aad1c0abcd457af3e01d8510580499cb9e191cdadcefef13a1411b45592c0b7a3bb2bbc42528706a3e8c259d20b3707120972469f,male,anything,0.04417670682730924,0.02512562814070352,0.0,0.0,0.0
common_voice_en_19732441.mp3,09066c2150f851fe50b0bb5b9d42bd39dab8c4a1174980890e3efe594bc48c625f9fffbf1b5faba82ea9a17f8eb85253e08a0acca73a87eb727e47f5bc83c8be,female,french,0.25301204819277107,0.3165829145728643,0.0,0.0,4.5351473922902495e-05
common_voice_en_20244007.mp3,431cd2108d2153634ec6a79a3a07f78fc8b4ebfcc5a03f1c19ae2988113bf96f0f301ab4df7bcb4e8c3a96b4fafbaa6ec805e45826cc0b55d8a025eb72af71a4,male,route,0.1927710843373494,0.19095477386934673,0.0,0.0,3.6281179138321995e-05
common_voice_en_19979853.mp3,c8c2941bfa8cde207bda4cc2c998df6130328e63456987027fe101449a20db29486833006fe23eaea28e0ccdca0e6d2ffedf7b6bc9f98d7e4d49bc5721184428,female,between,0.0,0.0,0.0,0.0,9.070294784580499e-06
common_voice_en_18437373.mp3,cd18f82bdcaff00eb95346f97c5393224605994f4fbf62d527dd677c15a0f045bec26ebf643ef1e42bd97e77a36b082299a9e6be962b038479ff5e16fc32dc77,male,asked,0.0,0.0,0.0,0.0,5.4421768707482996e-05
common_voice_en_23723820.mp3,0f5f35ece4c56835c105d10c1048233facc52d893c155d4471342679a0a7c202531d648b4740d99d40527eff8aa31af2500630ab0be5acdb1372669f12805048,female,small,0.0,0.0,0.0,0.0,0.0
common_voice_en_19943202.mp3,9db305175f78cb274af0ef15daca8a06b22761b491428b42bd622ab8aee7d08f3a5afa767113b6c1db63ff9ffd6ca0248a08e4b79f89020361bf591611d6c98a,male,important,0.19678714859437751,0.22613065326633167,0.0,0.0,1.8140589569160997e-05
common_voice_en_17794386.mp3,129dfb122eea8f2a59fedca92ee8f0bbd70d925e6c073043f86c28d22548ba9cf0dd25d071729643bb32fca4e15ee4d30cba062a0451268ac63eaf64abcfbe75,female,engine,0.06827309236947791,0.08040201005025126,0.0,0.0,9.070294784580499e-06
common_voice_en_26319840.mp3,20e86ec2de4d25d65ec3b74dda052ab203f3dd02a7e40137d9b2dfe676166dd91301df203cd52f5205ac21b49d6358c48259c6a01a9292a2af3fcf74a39d4bac,male,development,0.23293172690763053,0.19597989949748743,0.02,0.0,0.00021768707482993198
common_voice_en_19612313.mp3,43e6823e520d3b3f2a3c9c9b2ffc78a613669019ec991a31b5e437a6c77c2dd7f11e6a7f078f2dd1044423d9e10d15b4ea34d675d3e2552a79f3eb81b2330398,female,published,0.21285140562248997,0.1708542713567839,0.02,0.0,0.0
common_voice_en_17264442.mp3,810851b3afe636a255c64258b7d6374c0feecec2e7ede3d112458538258ab90cfc15b5e1378aa79dd534d894773fca0feb4c3c308f41b98adf83039e3f59034f,male,especially,0.07228915662650602,0.08040201005025126,0.0,0.0,2.7210884353741498e-05
common_voice_en_19011343.mp3,c0d3873169fa60a7cd0318009b70f68db934a4291aa597fc4aafa1f5ce07c8d78ea14e640e27c1f0ecaa7c05d3938eb0bb14b68ffd08950a12e56715a551dce2,male,always,0.14056224899598393,0.06030150753768844,0.0,0.21,2.7210884353741498e-05
common_voice_en_21362905.mp3,84ba10c780fe691a3eee610db4f1189f8154c642ea6c8fd3611a6e91d651b8c85c420f2a861754338f42c9956259c82b327adbce5ba7f34407a7e9e75d073a3f,female,available,0.0,0.0,0.0,0.0,0.0
common_voice_en_663933.mp3,c6eceecdc22e807e0d317db6e61e72cd0a46a5de7754f298924605aca1a6811918cb0ed07e81be2f8bfd0e04546f7027ca3ad2fcb9a0bd5fbfc221c3914a7964,male,carried,0.0642570281124498,0.06030150753768844,0.0,0.0,9.070294784580499e-06
common_voice_en_595632.mp3,dc6adb8fdf9768b70286e54e61515c3b8e71086e678fb7d0f1688749349706cf5db7a298e30992422d320cd0cece96b795c162e4148f259cf49f3a027ef11c61,male,called,0.08433734939759036,0.02512562814070352,0.0,0.13,3.6281179138321995e-05
common_voice_en_17269898.mp3,1e633c876cd18b96db98c051eca84f1d528ce35993cfdf4dde7586cffdbca6ea44179928328abcb965c00c2cc9e9998bd73f6b2c9b5d0ebf7f81ce77c9a7d171,female,problems,0.3453815261044177,0.31155778894472363,0.0,0.86,0.0014149659863945578
common_voice_en_660765.mp3,2e52ed8548c8d87c0e4e46c315521609118221bef3ea7e642ff0748ccb4fa1dbd35c2917bd239811b9d61ab10540534f9e7fd2d814e4a48cadf476fe6b6ac47f,male,would,0.08433734939759036,0.02512562814070352,0.11,0.0,0.0
common_voice_en_15733420.mp3,ec2b118acbb1c9187e82bc0f433f471b1e5658607afaf4af4c1d6a7dc36c916f76e07ea50ca083bdd7d85849f1bc15f9a8d030e16d07cdc883fdf86b9a2228fc,female,lives,0.0,0.0,0.0,0.0,0.0
common_voice_en_19176549.mp3,432a48a777864481d0765d1264e8b47efb847dcfdab63ad5dd42f43a4b1a27707a038716a470ff463666a896e8e45e09735e43a2829f8bb0cfe39951134ece74,male,attack,0.17269076305220885,0.09045226130653267,0.0,0.42,5.4421768707482996e-05
common_voice_en_19037376.mp3,76fd466400956ea396fbb86b0b58805ee49da0fb7acd9401d54bbf0f5e1e8255671e6b574bb475be18dd651afc7f296bfba7f41ad0fdd5ef290b60a22efac802,female,important,0.0,0.0,0.0,0.0,0.0
common_voice_en_154022.mp3,d0db9ec40cf3a3230d4f2c5d2e29e9f39958908150064be5b1ca4ffdb1f09710c63e884422b01a5ec0d68924ee5f212adf33279921d724ca23e768b94914dced,male,covered,0.0,0.0,0.0,0.0,0.0
common_voice_en_19478376.mp3,017ce31ae5f54cdead19d87fcbfec3bbad12e60c6bcf997419bb19a0392d7795490ad42d0075db52b9e2e2a125ce55143aadfb13b93c8f897e3607d3dcb408a9,male,found,0.012048192771084338,0.01507537688442211,0.0,0.0,0.0
common_voice_en_31767009.mp3,9b76a2fb7ac7d5b830741141b4c43634e2163cf21415698339ef3f86728fc09f9c764629b3f20369f7322818e0a7ca71413826de205df5e95b8485fc4b98dee8,female,research,0.028112449799196786,0.03015075376884422,0.0,0.0,3.6281179138321995e-05
common_voice_en_25191955.mp3,0e5b9e39547ba372e339b7eeeb3fb20cad1a055f0695b137a44397eabb020001afc030a9fe1febf7cbfbc92998165e00e0cae4c115b7c9ace09f13911270b582,male,place,0.0963855421686747,0.09045226130653267,0.06,0.0,1.8140589569160997e-05
common_voice_en_598993.mp3,0be46d83001777930ca6c60660816031fedbb5c0d97a466b1df0fc57753dc72c550f8f644b9f1afd9a92efd3c9b18ecb0170b76951cfd7c27ca1246b07fb645f,female,seemed,0.12048192771084337,0.08040201005025126,0.0,0.03,2.7210884353741498e-05
common_voice_en_24441268.mp3,a8db6257b983e5cadf243cbef8521590ff720bae8aaa8c6e0c315f1b24ca90d0aa3bf33fb7b507404e0946998636ec93d6df53e52bf1e22c3be9e73cf47b9292,male,cannot,0.060240963855421686,0.05527638190954774,0.0,0.0,9.070294784580499e-06
common_voice_en_1464439.mp3,1df0d15ab78a1f1c654ddfa598a17827e50072d04cdc5676c2c2d2c781d8a9c76e94d61e6415751eeec575ad05efc50ef41a3348dedf31fb139ece140d2ead3e,female,there,0.42971887550200805,0.4371859296482412,0.0,0.0,0.0005442176870748299
common_voice_en_19744956.mp3,b8e464c627fd630f44e4599f81f3fc9d2f7dfcdf360ce0c3588abacf86e68a9ce300aece96ad51a46719154d4c314a8ee635f036c0ef1e276d5c21b89ece443c,female,first,0.25301204819277107,0.16080402010050251,0.0,0.0,7.256235827664399e-05
common_voice_en_18845497.mp3,a5d6652a987b0a1463af395aa167e91c4a34732ece0c48b9af000f49f796f3ff82ec9045a492bebff36591f53a2fa7e850fb4de11aa4766bf671f6a1551e22b7,male,their,0.14457831325301204,0.04020100502512563,0.0,0.36,9.070294784580499e-05
common_voice_en_19679492.mp3,65e80bdb1786a25e28c7f0ec7ba0bb804af17f1dabb8bb6627c6c1442e2f533116ce41f5b81bfbb2c4cbc3ea3ac44763027b03ff3c2ba5c79250bbe8fdd58feb,female,county,0.0,0.0,0.0,0.0,0.0
common_voice_en_3792740.mp3,a9b8f06fad54f885830d25d4472c3993a03336f263886cd6be9083d5d2ad0b23254c78b833c0b64dfae108654cf36fd58e5cdcad9a9c2cdd656d19788509bb84,male,believe,0.42971887550200805,0.32160804020100503,0.18,0.84,0.0016417233560090702
common_voice_en_20523411.mp3,d01ca5411e21034fe747e539e84fecfc95629c058096ec665ac164c6a548e3c2017b19ea29a40e62aa0354ead408882ecf66d954ce0905d33a8a254188cd0c3c,male,friend,0.05622489959839357,0.06030150753768844,0.0,0.0,0.0
common_voice_en_20236507.mp3,eb8b3dd5c6fbf5e2dc64b28ef5800e68a8cfe23af25f982b822499e86b21f54784e4a7da1de2f62ddf49d0582f5ab67dd83fe0f1199ae5aaba321985f120edeb,female,lower,0.04417670682730924,0.05527638190954774,0.0,0.0,0.0
common_voice_en_560070.mp3,e19c500b9797085b2cc7465a5df803fc2b6b2d2ae8bc4ccb4a9b77591c21f2bb3c386662307a66fa11f86e2d18233c584b081558d8a76440b5121e1f1c931cb7,male,young,0.08835341365461848,0.135678391959799,0.0,0.0,1.8140589569160997e-05
common_voice_en_144675.mp3,d161bb2f97a3772fa7f6d0c7e68e1b24650fb6caef458718c63c0bc780a9901ad90098e962e2772692fe8ac1e076b7ed547eeae638a1df922d479485b676245e,male,third,0.0,0.0,0.0,0.0,9.070294784580499e-06
common_voice_en_19673601.mp3,5aacb3171a7a06a6b6842e175fc380af114fb99ee58e02061ebaf02e57aa904e18040c1e39a414d720d28ea0b71e1acfe200da8723933463904644d2b7131666,female,still,0.08032128514056225,0.08542713567839195,0.0,0.0,9.070294784580499e-06
common_voice_en_180142.mp3,10fa7cd889a1d01afe7957c49492ef7b5f6779ed35db09c46d18447f12258d3ac35028e45989592472f4c67d3e27befca1d6a5a235b35bd7ef1ca85784876289,male,language,0.06827309236947791,0.07537688442211055,0.0,0.0,5.4421768707482996e-05
common_voice_en_24808206.mp3,85f43e75e0bee46887f07d1fe7dbf1b3087a675ec9b13a511df130242fe2c923d57b9eb1224456777c388b53587cf664d69a9cb03fe27397f3eed349b118e29d,male,national,0.03614457831325301,0.03015075376884422,0.0,0.03,2.7210884353741498e-05
common_voice_en_18558363.mp3,018f31016ef5047d04ae2a79512942bf74e3531eebaf0dee8abef9cfba7d25d6696ce0b918b4a76015f0bc66e1a852b09d473a2bcba3ae083ab33e93efaf602d,female,garden,0.10843373493975904,0.09547738693467336,0.02,0.0,2.7210884353741498e-05
common_voice_en_2462110.mp3,05008b93902a3e80e5a2c443d07ed5226e09c0b44b8c34a346c29916ee134bf1008a53d9af4b9778e284a65036aad7c3d0995b279928798a924901000e633fa8,male,enough,0.18875502008032127,0.11055276381909548,0.29,0.0,0.00014512471655328798
common_voice_en_22274827.mp3,169d337b289ea9a096b6e45f4c81b839f7bda484b4ff35df7dc8cf9f7ba6a86c3ad1b03c61baf08d13d7896c91fa2cddfeada7e6816cbcc7bee9490db63902f1,female,southern,0.07228915662650602,0.09045226130653267,0.0,0.0,9.070294784580499e-06
common_voice_en_19807250.mp3,9c350ab01d1b5ef080e3a0561b0873b262c6ba90712e25aa3722bdd4462acc5796e41f6ce4c953d8c5cb2309a65709042f5e1b807d94554d1f575f603a65deee,male,government,0.004016064257028112,0.005025125628140704,0.0,0.0,1.8140589569160997e-05
common_voice_en_20038768.mp3,2d140518af97db9ceb5c74c0c4327440d813bd57edda2083cf20e3a629c627dff694b4d69635026a8cfc62cdcb296acd7d3347e1b7c3194f9cbf28d0bb6f83fc,female,school,0.12449799196787148,0.035175879396984924,0.0,0.27,0.00010884353741496599
common_voice_en_19384924.mp3,ae3ae1350286d96b1d5e70350d34bc642afe9e379037321b2d77911e43ce17a05975c53c81b1a60190604e686c19938224ee7a3b05d3b84f8c1a7af2c0b4bdb9,male,under,0.0,0.0,0.0,0.0,0.0
common_voice_en_657906.mp3,00d7497d66984484742d347996236f3775742c8f16630472461039537a9b63bfa02b4efd7ff4791759dfeb43c58e9c75b0cfd3646763e15314912b41659483d0,female,needs,0.25301204819277107,0.19095477386934673,0.38,0.0,9.977324263038549e-05
common_voice_en_19725459.mp3,570afbd6419945803790075c0fc3c9bd8f3963aab3d3bc1b01df7209c67e0d438da7ff11730af348d73b87ae56ad875a0eeeada8d3453c014cd3508eff51a081,male,among,0.008032128514056224,0.010050251256281407,0.0,0.0,9.070294784580499e-06
common_voice_en_18816004.mp3,55fa716ad8c980b6244468cf93f6373ecaad209cb7406abce0311c5cd04226b3777ff8e11f0e4f14c80238bb493d85be347baaeccfcb48d109b1efbf058b5a57,female,associated,0.0,0.0,0.0,0.0,0.00016326530612244898
common_voice_en_18500925.mp3,24ed3d48aad6dfb3a8ff5eb2aa3715202160459e26e589106f372901afddcb0d4ac951fc0344a7ea80c2dbcb31fed91ba8d4f71bee7ae93ddfc3186346cec7e3,male,going,0.21285140562248997,0.18090452261306533,0.06,0.03,2.7210884353741498e-05
common_voice_en_28715461.mp3,72813e5c63d428f98201a6f6578b8b1c7df890a4305caf9b223c51389cf19e5c7e3bb584eacc402bcd9cbe33b690fdf5edfc4badab011dcb622312e2076b9bc6,female,second,0.10040160642570281,0.11055276381909548,0.0,0.0,2.7210884353741498e-05
common_voice_en_22720697.mp3,c4edad94cfec6d675b4dc30735d9ca1a9d5d04d6212697fb0428b578eabb47963daeeb086967d8325942025bf3c037ef2c51dd6719d581fcf685beccfafb43f9,female,james,0.21686746987951808,0.18592964824120603,0.0,0.04,8.163265306122449e-05
common_voice_en_17297446.mp3,92611046367adc04f7a9d18162f0235a8f0077e6fa39d115dd70e51b6e88a4e843e7268e5fe2a7d6607f6500dc321a5ae014414580b796c3b1fe856e76e88f39,male,about,0.06827309236947791,0.08542713567839195,0.0,0.0,9.070294784580499e-06
common_voice_en_23667046.mp3,c91c7f2202f3910a7080da49df6946f9fa8576b49fcd0a62f49f68635c167239664015e76d1852f0dfbed484558b6f2517a56e83fbbd52ac672880848e7fe2fe,female,international,0.0,0.0,0.0,0.0,0.0
common_voice_en_18530749.mp3,9ffba21c3742d311cfb693b871c3439de76b54c8d1d51f9ddbffa757c1782061d5b1f5a5cab2131d3b8f4372433f16f3fc2e838cd462d86a35c79728f77a6106,male,family,0.20481927710843373,0.08542713567839195,0.09,0.41000000000000003,0.00012698412698412698
common_voice_en_528001.mp3,3ec6bbd769e43283781fe27fceac0dc6d16db1a361dd640a6f4b3a6e5d0ae12e587b008a811ce2819f73b7e9f7f46c7f834aedb9ffb2343d57590cb0b87a283c,female,you're,0.3172690763052209,0.34673366834170855,0.11,0.0,0.00021768707482993198
common_voice_en_21887232.mp3,dfdac17441b977464ea9a44a4eca51008cc05a552b8aba735d68e0517ad428d2ccedc8d47912187bf6a841ac082f262ad307e6a7f1a8a468af301714f4758979,male,before,0.0,0.0,0.0,0.0,0.0
common_voice_en_19691636.mp3,2f68889158dcbcb571edf00059fbbed6d705938fba086eb731a0ca17bf6a53d330c8f8b5cf683c2e8dd59209cb08e4cbb7f7be76cc97a9e2334330742bac7015,female,included,0.0963855421686747,0.09045226130653267,0.0,0.0,0.00019047619047619048
common_voice_en_24561557.mp3,8807f4066f8f90fd83d34ae77c70048bb3877c9507387a0db5a12ffe084acae2eefc85d41c4ae0d58094a7bf7640ec4971399b4a9ced42d11dd83b7e5646f4b5,male,western,0.0,0.0,0.0,0.0,9.070294784580499e-06
common_voice_en_694632.mp3,428bffa120f2bdc4d9e6699298eeadebdefeceabb39c051fffc9b2dec650e75fa10c769b9c659910a147b1da526a6532466df2202198d7dc38781e0ab25dca84,female,small,0.0,0.0,0.0,0.0,0.0
common_voice_en_24003761.mp3,674602aa1da9d241694e819fa45db0c3cc8b937a1a0f1dc0de8b51d57cd874b7b713408ed7bc5a0ac05f57d95e6038dc4a2f01b891cef3eaff6edd9217296898,female,school,0.12048192771084337,0.05527638190954774,0.0,0.19,0.06015419501133787
common_voice_en_17250062.mp3,77b1d55ee44d0f0941a434c326f611e63fe9851e49785a3f710e31bfd18066ac3f1e552dfad6569edd8dbb31c868b8605b49ba1018025956f7a63afc716fb505,male,often,0.08835341365461848,0.03015075376884422,0.0,0.0,9.070294784580499e-06
common_voice_en_17576852.mp3,e445f33c45d0979af9e18170b1dcd822f2df5b6ce709be09e42d4f73ea6f05b1f655c42ec7892d9610b869e7d0068cd5674d0125abf4c3efa0896416c1d3c483,female,least,0.08032128514056225,0.10050251256281408,0.0,0.0,2.7210884353741498e-05
common_voice_en_684306.mp3,4c7699050ca149ed8ee68eafa23e19480dd2fd7c96552f276483453d88daa7dd363b37c7f25804dd2731827ec884f28e716ccaa77419042a371a1f4b15d32697,male,today,0.30120481927710846,0.24120603015075376,0.01,0.0,0.00013605442176870748
common_voice_en_19524785.mp3,2ad0b6b7d3e486a42ab388d4c4efb4c8726cfe903cb3e134a7f5ef6b7acc3a6d78afa00015e964ad91b6d119ccba486306a10ab72c1428fe5112e17249207d99,female,plays,0.008032128514056224,0.010050251256281407,0.0,0.0,1.8140589569160997e-05
common_voice_en_25161757.mp3,e8ef5cc49f6ce17779019afff05850e399bd0e907ca773528381efa2314865e6dd5c63f2a32c122448ee10eea33f9e8567a7b57235ffb983e2f25907e5f2f8c3,female,french,0.008032128514056224,0.005025125628140704,0.0,0.01,0.0
common_voice_en_19717676.mp3,200faee63c531cb0df2ea585303fc1c1e5f09a760101f024a7b2701b874e34be3bb471357cc61b7a2fd048012ae906dbf06e37fd4e658e177cb68d0b64ee1587,male,england,0.0,0.0,0.0,0.0,0.0
common_voice_en_19768225.mp3,2e2a56c22f64a4b0439f49636932160cfa56e7bf74a5d61d62b18760c4f905b34540057ff08511768687101a420d8298ccc6191316644469e51e3559c2974cab,female,helped,0.1646586345381526,0.10552763819095477,0.0,0.16,1.8140589569160997e-05
common_voice_en_19727542.mp3,42f02d4fe66fcbb0e006ec71f1fea2aa04c1f2af2d32620684bdd6189703abf5969e20d6206616401ac8b117ca3ef0a0f401dbee6114a98738c0cf78139adb44,male,james,0.0,0.0,0.0,0.0,0.0
common_voice_en_25307864.mp3,be642d561f87d3a27b08347506c1f51166f1491043a652f4c9a1ab344c1e175b722fdafddf8778c5be20d2df7955eec3e77a967ee1f99a6ba03b537370269610,female,became,0.2891566265060241,0.24120603015075376,0.11,0.0,0.023056689342403628
common_voice_en_28155266.mp3,6083a85845fdb3aa937269d7193ae6c943edca3847c66e403e776e84a986fd1aae0796a6c33eb5970d1376e922b025cb22f53c30c164f97377dc72b44482fc9b,male,others,0.0,0.0,0.0,0.0,0.0
common_voice_en_28119081.mp3,7ae85d448375d0b8a7dbb15d1fb721ce54aa06c549c737931c51c89c319442fb929be605ee8d476a362aba29c75111931000a54175987cf38e9d47d75484cc09,female,produced,0.004016064257028112,0.0,0.0,0.0,0.0
common_voice_en_23932340.mp3,57b2cf3ca1c6a281e16c90ec67b40d815b6327b31917b700529acafce5fea45ccead95c690757a940ae7486436d4a899d1b1a66784ce367a22e88cf8ec59674c,male,cemetery,0.0,0.0,0.0,0.0,0.0
common_voice_en_19467153.mp3,33bfafca6e88cee7c92ff7a509cabf82b2ab5fdb5e8045613d3e21985f508968b91174aac72de2af12ad602197a34b400d6fc3c416bb1b2539666eef31d1695d,female,within,0.0,0.0,0.0,0.0,0.0
common_voice_en_19575684.mp3,edfb8cbd9a91cb9bbc73743b7e85dd357114579bc7509823e99b302ebd85c77310dbcbbd43e2317d58e4c57b46b99f56a23c192ed84e7d0d32a294d891295e96,female,common,0.0,0.0,0.0,0.0,0.0
common_voice_en_603067.mp3,6c01cab98e1f68a4e858394776cd3a1fdf989f680e901833b9ed8ac2789755a78740b45aede37d481b097e889cca73b797eb46a1fd3a49b6618e9143ca216545,male,woman,0.0,0.0,0.0,0.0,0.0
common_voice_en_83150.mp3,c1720a16b25fc20ae0805b82b6e65117d2cf3d1aaf4dc0a35191da350d3f4bab60c27176f5e09ac93abb73268853a26c5a74ff9e6576f554a2492ce430eaf5ba,female,might,0.0,0.0,0.0,0.0,0.0
common_voice_en_28681843.mp3,9ca1e4b673d15a2ba0ce24509674d988d261e5c8274e63a10ef28a2cbcca74571d3feb8172dcbfdcba3f374cee0c638f3e24d962159d5af2897a52c87412ad56,male,control,0.0,0.0,0.0,0.0,9.070294784580499e-06
common_voice_en_111721.mp3,feebcc1ef5770a2fd026c2c1c61275c65cced1bfb14d7d0de38460ce8e3b01329900bb5d02acb46214affbd5ad649610ac8602ed3fb34ec36089349f32373df5,female,heart,0.24096385542168675,0.10552763819095477,0.35000000000000003,0.14,8.163265306122449e-05
common_voice_en_18424380.mp3,bbe47989b1e8ba101e9e006b3a410bba7568e01719c2a03c9c1a3570ec6bd5b92713bf3848109db1913a131d91df34be540e73aebbae2b475e3df6e133e63345,male,whether,0.04819277108433735,0.06030150753768844,0.0,0.0,0.0
common_voice_en_18762741.mp3,e140a69135f35bc81e98140a267e18a382807d684099be19e3d4ce8b24bac59e329aa4da97524e916e1d63e43078f585462b292c1c104675aef1f7e03428472a,male,never,0.004016064257028112,0.005025125628140704,0.0,0.0,1.8140589569160997e-05
common_voice_en_22222457.mp3,37b9cd1f6abdd1fe80bd2328602f6aa8adb35293ec0e9ca960c768b7bd6fcf68a254a3f8e3b8ecb27d9aa4f2d6223f19a2e5a3807f6ce31f177cf34b5ff89a09,female,involved,0.14457831325301204,0.1708542713567839,0.0,0.0,9.070294784580499e-06
common_voice_en_17261447.mp3,f90aae120de8c8c5ab0427f7f88264f72158e2bca4346ac79816cc0782a961a61244caecc3809de126f3a6879701aca45a7ebd77071497a54a9c878c0d7e4dbd,male,that's,0.004016064257028112,0.005025125628140704,0.0,0.0,1.8140589569160997e-05
common_voice_en_262737.mp3,6df0e2ffe00f4ea6e16bc902aa6770578d1df125281e3420f8d25fe0afcca25ec1b47cc2d0e7faa43b9c1691bf84a4a174822fabc490e007b49d7188d28085a0,female,these,0.26506024096385544,0.20603015075376885,0.0,0.58,0.00028117913832199546
common_voice_en_28132219.mp3,86fbb92b582949bf32035e2dbac05360bdc696d70ef26997e901cddd1c7f0eb86a4bde0f2a4a9574a557bc331c45c10c66346bc0a9c1e0f32f874aea09f25577,male,about,0.10040160642570281,0.035175879396984924,0.0,0.13,0.0
common_voice_en_637520.mp3,ac2abdf2c80c8ba5708dd87710f68f855e050dcc6e2a21597cfc128da3cb5540e6e40dee92344742b08dd1ebe2e8899e27c9c4703f7a7a73047205d23fce0ec5,female,changes,0.08835341365461848,0.005025125628140704,0.21,0.0,4.5351473922902495e-05
common_voice_en_603915.mp3,e3b2d4a935fff4de05090226e7fefd5fafc2f14810f6e0a4c120cbd31ddc5617c404633937032348794d81b6ab6bf305079dcb8898187f9792bddcea1620fc40,male,though,0.0,0.0,0.0,0.0,0.0
common_voice_en_28932866.mp3,7017ebb2870bb9e628efe9100ff0e52cea726c0c9fbfb51069cf1c971423460267a78544a40295fbe5aeedad54d4747e7be905067dc59a5c7fa39280810d3b37,female,required,0.08433734939759036,0.02512562814070352,0.16,0.0,9.070294784580499e-06
common_voice_en_19724095.mp3,5e5e3b47d154282386d83078985830eda40345a77f846ee8d270730173977a6e6c225c73e26e0a3227ac5bd9b7409eb527977a765ddc9fcfe71f5a3cf5215902,female,island,0.040160642570281124,0.04522613065326633,0.0,0.0,0.0
common_voice_en_17263620.mp3,fa3a72f7238a6ca6a50548c7f973b47e30676f6298e961936551bbe219c513388dd22cf275b9eb787af0abb4afd80b95bd06b1c79e1257c0f6de2a2032fb777d,male,course,0.0,0.0,0.0,0.0,0.0
common_voice_en_155449.mp3,4df256269ffd75e5b1b6e8a6f5f9b0b3b979d532cd7d9c68639b54d2fd8e3c45fbaef186308d3dc5387bba20ee3b7dd251a91434a05711253ee7cf90d219f2a7,female,black,0.12449799196787148,0.1306532663316583,0.03,0.01,0.0
common_voice_en_23734109.mp3,2994bdcdc4613336351799fdcaff4030f4cd8b9ebc303a6c7383d0b2f2d58dbe0e7c6073bbf159792ddfcdc7ab1e79cec0916be9f8f7edefdc80743ab3e5203f,male,owned,0.1927710843373494,0.11557788944723618,0.48,0.0,0.0013786848072562358
common_voice_en_562628.mp3,eb1bc726d40b6eb8b6c5e57bdb6e6bb016721c084ce00b09488049457e1ff6171164140c05afc3c9d9cee3fb587d00fbf61f1732c309ebe935f7546169a89aac,female,between,0.3654618473895582,0.20603015075376885,0.35000000000000003,0.56,0.013378684807256236
common_voice_en_22485.mp3,c04ec5d60e0f057b8c71505926fc8b28635e774a3d4c0b76c4e170518d1e9b1007e83d93fa24f131a8a2b2d74c78d81f1a1ad7c623f87f582743d98b32df70d8,male,began,0.05622489959839357,0.06532663316582915,0.0,0.0,0.00019954648526077098
common_voice_en_586704.mp3,4f1ea467ef0b88a9588e96b18b1dbfa3b9420a64aa946495d5c2970de6c9d9486a6fc3b5759d1fa2556173971f9fb693cf0e2f3ea86b951c4b89d0a94f6a29e9,female,lived,0.22088353413654618,0.1507537688442211,0.55,0.0,0.00010884353741496599
common_voice_en_20182465.mp3,eeb001abc2922936dd6d3ba7684e71d09048351bcb2739c5c8da3c9bdd00ea1d6dc801815de929b33a20b0b2c7d5860f7ad34906e1091d6a9e1a284b1cd1f877,female,method,0.024096385542168676,0.02512562814070352,0.0,0.0,3.6281179138321995e-05
common_voice_en_20583510.mp3,8b0647866222fa0a5e1e5084992f78f0841ed03da97e81b4aaff683b8814524db617b959baad74f4666cb46136c2abb13bcae43540dbd92f20b5a9f37238c228,male,minister,0.0,0.0,0.0,0.0,0.0
common_voice_en_17350039.mp3,125ec9e93ab0e71ab516898b59e6d3c2159abd934551666136c65b705d898f3506b82a7ebcb335ac8303d784d1f0cae7961d1298faff095acbdcfa36086b2620,female,largest,0.01606425702811245,0.0,0.0,0.04,9.070294784580499e-06
common_voice_en_19623721.mp3,dcf75c8f7c1a9e07144d5adf92d791822979010c9504a971d4269a8efff830655359c62f7b6b9b5f271cf50135ead0bff8b46b523125ad1d980d3447d2d5ed2b,male,ground,0.028112449799196786,0.02512562814070352,0.0,0.0,9.070294784580499e-06
common_voice_en_22450175.mp3,6ad12a62d071e2b881098390ac5afc334289013656b4ec82a70c3638e2690d93ba0481935164a2028c51a8b6c901ef859724f6369a63f20101eddc3801987929,female,region,0.14056224899598393,0.12562814070351758,0.0,0.0,9.070294784580499e-06
common_voice_en_634028.mp3,ee36a3e81db0cb31404f1bcf3f1bfae28ad1be12170cf9e2d071652d646b517b9c880ad13af8f097f535ea672938cb6a53c151c37c9474771d81ff58ba0f7d10,male,father,0.08032128514056225,0.03015075376884422,0.0,0.07,0.0
common_voice_en_17288212.mp3,d9b0ada789eced1d9f2a35efa398a9ece3d136cff327abe9615fff70a6f0d719dd4647709e0a814c464606fa94f4a7c8cd41d9884ab6cfe30d9804f379567f98,female,sometimes,0.0,0.0,0.0,0.0,0.0
common_voice_en_17250854.mp3,72b220071a1f664feaa88e18968d96f09c68eff99498a99d815bcf688b139501105bf7c9e9b9bc9c351097902290760f7dc23e2df78cbbbdedb6807ddf7fe88b,male,generally,0.0,0.0,0.0,0.0,0.0
common_voice_en_22147747.mp3,7bcc9f06a5ad734f1434ad2b2d2351bfe657aa0edf5bb24e1a732ab30f36c0e66697d7130c198fb3344c53f3cbde07424cd03d4d659c87847dd24ddac8f1699c,female,located,0.0321285140562249,0.0,0.0,0.08,9.070294784580499e-06
common_voice_en_155036.mp3,b4590f49c04e176b21d862b3416055a03da506080c7cc58181f7abbee49f6eff743429cef322d59f8ac7974e80d9c8f9e18e96609315337246e55b242b9bb2ae,female,young,0.18875502008032127,0.18090452261306533,0.0,0.0,0.00039002267573696146
common_voice_en_22727389.mp3,27359a2cb088d5f00fd7ebfa2042030d1c5ad666337522417a7c32d1af2dbe26930eefb2a4cbb8da40a4773ce1f8fe0ec59b03eb7b4bc594139191af3338a4ac,male,later,0.11244979919678715,0.1407035175879397,0.0,0.0,4.5351473922902495e-05
common_voice_en_19684751.mp3,8d14929f70903c499ab3d3680192db9c8a56f44f3a9f4339b7a655ad61fbf0833a7fa186de52a0590cbf828b6d51606f8c8383098ca5db93bc8a1a0ec4442bf7,female,machine,0.040160642570281124,0.0,0.0,0.0,1.8140589569160997e-05
common_voice_en_17282517.mp3,6d10b28433163a0425bc3729dc578424e9704a4b948f7e76e4523707eccf78011bfb7fcb4db8b7186f6b3728c5bc4da370c6c55544bc149bc14a50500c651dcf,male,order,0.12048192771084337,0.04522613065326633,0.0,0.05,9.977324263038549e-05
common_voice_en_648331.mp3,76375bb3045e551b59f85bfdd23832e6323e02f1adf50aaac96f12c095b4dc44f6e3c23d5ae384ff5f7ee8fa017a6cb4b2b2f5c7a38a4c3de9b4621330174df7,female,about,0.2248995983935743,0.10050251256281408,0.29,0.13,0.00012698412698412698
common_voice_en_17874528.mp3,fe58659dced0d785a1b9a5deb799c8d4131cc2c0569056a65f289f399b3abfb196d9619281b6b1eb66b2e23f6d0a7ec274209fc24fea80b9b1d29b1310863449,female,often,0.028112449799196786,0.01507537688442211,0.0,0.0,5.4421768707482996e-05
common_voice_en_18535020.mp3,f4fb6b506e0705d2cc32ebda7e489938a4208f3f4c162fb966289cd6b2f9311eca4385205831035b54ff5acb246aafc185b03d37a28a68120a9d33c77580afec,male,nothing,0.0,0.0,0.0,0.0,9.070294784580499e-06
common_voice_en_19471028.mp3,7bcd21391e9f740108e4b0b8cf3ff34638156af1ac76c18bada9884b9e17613e6cdd9428f6a501d1c8dc6426d775fc7669a446dd8a61627d6ad1e76a74b70ffc,female,without,0.04417670682730924,0.020100502512562814,0.0,0.0,0.0
common_voice_en_20090003.mp3,5d5fd64f6728d33e2ef6802802de9aec7c4b2f2f39b4842adf336724ca99e9a01c434562907f15c5806ae4c1d4d74943369c5ff5f58057b8f2eebe27970f8485,male,continued,0.05622489959839357,0.020100502512562814,0.01,0.0,3.6281179138321995e-05
common_voice_en_19613018.mp3,be940d17c10718c73f7a3b72f867f767713bb8f9a1d94711aefbcbb558bdf659640cf605da105c6de58378a78f195d9d56ae9c9e1ce2f9a4df38988beb7d72f6,female,capital,0.0,0.0,0.0,0.0,0.0
common_voice_en_21948999.mp3,599247c4a05dd5fa72ab6e837fb5442a598364396b07b1f2a66238bf56db2cf3d750ef914966065753d2cfb99670a77072f5b0b24e569c74d5198f5cfc65dd85,male,worked,0.05622489959839357,0.07035175879396985,0.0,0.0,9.070294784580499e-06
common_voice_en_19707216.mp3,472e7e02847b3faee8d6bafd7e83e10c54f2b429cfd8c3fe593f4cc16615ceb97fd417602604ca0d2f48473507ab2078a5ac0200087614b1cfd6b8bd31f4a1cb,female,complex,0.0,0.0,0.0,0.0,9.070294784580499e-06
common_voice_en_18800266.mp3,852e985f35bac81224887d8b1f7b36e8e5d978d308c9778f118c1526d7b8bcc6d404e28d2c8ce746b5aa56312552a1d87a8b2a61d06b65043537859d33cace7d,male,engine,0.020080321285140562,0.02512562814070352,0.0,0.0,6.349206349206349e-05
common_voice_en_19686203.mp3,b19ff13a77014659e86e719f8ae5eb56642f40c973ef14c47d3d64232a41fcc6a65cc1a4e37d09dde1d8941f77500cebafc6f3c2f3f194af46f151be76cccdb9,female,local,0.1285140562248996,0.15577889447236182,0.0,0.0,6.349206349206349e-05
common_voice_en_23940893.mp3,01a63af1aaf4c3db21798c79951c56832c7583fe2fa8646d4b75e91724b18f1b45e1c8f9ac790972060beb466961766b4a58429709c62bbf04c695e7092f7796,male,which,0.06827309236947791,0.09045226130653267,0.0,0.0,9.070294784580499e-06
common_voice_en_17250431.mp3,d3813d0b8804709bd8d4f3ad937e09e286ce50a90d0f263abb72d343818aba4db614141a256f5f60b4904f53e95f63eaa66ea10b2a4fc9fbea18a751f5bc0449,female,musical,0.05220883534136546,0.04020100502512563,0.0,0.0,1.8140589569160997e-05
common_voice_en_19428395.mp3,08cf46845b4b4c7ed8c4d3a6b53072a1ca4a2d6edb2637da7fd7786c9526eb96d730cf637901b8f7c1b78c993c2c848a876f8551c1f5e0bb09cad1882cf8d8b1,male,social,0.17670682730923695,0.04522613065326633,0.0,0.06,2.7210884353741498e-05
common_voice_en_17275194.mp3,a626228e5f0e182b11395850f2b85fc3c0f7154a990885ad2015a3a10e08e52896595620df41faeddd08fccb266a77fef514d24c827eab99c09651ad02c5a366,female,across,0.020080321285140562,0.010050251256281407,0.0,0.0,1.8140589569160997e-05
common_voice_en_17270798.mp3,12581f9525a2b5cd9a900dc971f8a90d65b4da0747367a2a6c38bfb3f0f3dfb5a721970dfa9be3d95a1edeadad1361f3b6be4ea15a736ea22aff837bd0969b0b,female,couldn't,0.285140562248996,0.32663316582914576,0.0,0.0,4.5351473922902495e-05
common_voice_en_25647813.mp3,96ccdf5df734ab20779d76c3659dc98bc26281d8ce8d3bdbdd93d854d935254bfbd562e51f4ba7d7382df4b752b344b244c5c471a9fb2556dd53401df3a06584,male,served,0.060240963855421686,0.08542713567839195,0.0,0.0,1.8140589569160997e-05
common_voice_en_19954794.mp3,fe8b274f86bcf95cb60698687e610df01dcad0a7fd3bcee9b44acbf4b77ca9bd33a7004e45beaf260bab1949fcb83bd8fe0101b4988b998af1c1006f99b7e55d,female,later,0.0,0.0,0.0,0.0,0.0
common_voice_en_18238070.mp3,e5405531f2b37ee77ca3a5ec21a5943185e6ff8d655ce2b27a00a0526d2910f86e1b42b45b49af81283475b39941c459b43f6e5a9e9704a7916c285b2f3f2b32,male,government,0.008032128514056224,0.010050251256281407,0.0,0.0,0.0
common_voice_en_665639.mp3,8858e396fdb39e41ea610ee2caa5f7100ff1d4bc0264a8aaa7b895b0b9683b27ddc58e9884f8b58e659a2e0b6921434f6d58df32a0d788c8c92d257ed8840002,female,found,0.0,0.0,0.0,0.0,1.8140589569160997e-05
common_voice_en_286353.mp3,31292f8f16feb716bf73468b508ea499a1aee1a5a263a4bafd60d93145eeca7a9ef70eeeee788e5cd442aef070386fd48bf785bea90fdd3935299153947f724c,male,capital,0.357429718875502,0.22110552763819097,0.06,0.54,0.0009160997732426304
common_voice_en_21998520.mp3,32da51ea6f13edcfe7f37c9000cd1db2fca705c1f13d80e9ee5d4e451b83dd331ce7a5e1582109032200fe3bda579356fc403212806022fe69dd31943bc570c1,female,entire,0.05220883534136546,0.06030150753768844,0.0,0.0,7.256235827664399e-05
common_voice_en_17725516.mp3,13625e98c5c0f1e9fea4eb3ad2eb7c54135da803e0abbbe5b97f05a4a25e356e55aa3958990a4931c43538f1709e325c33805126d9010675985500848146e77e,male,death,0.024096385542168676,0.04020100502512563,0.0,0.0,1.8140589569160997e-05
common_voice_en_20026433.mp3,9a9e7aaf4dce5baaed853bdd94660a67d08e8efeb97d4b78cffcab803071d4332308df3b6fd34776baf62b28b900ac1fccf00d8b5dca755fc7a73fae56995cf0,female,private,0.012048192771084338,0.01507537688442211,0.0,0.0,0.0
common_voice_en_23781848.mp3,aede291bc2480c8a56d3588d1f4f9227dbca466e138c345ae6f5b4e9378a8440aac89154e68b8c99f9a673191bd3166271010d0c8718134bf993b14b0d7f3814,male,should,0.060240963855421686,0.0,0.15,0.0,9.070294784580499e-06
common_voice_en_17543657.mp3,aafd8facf7da569b53c9e6f81a6a91f2d11d228c35e841b6973370a9bcda000fd14d64e5a9d0b46ae3b12cd95ac68924685d48da6ace3083cab8c021aa694a79,female,won't,0.14056224899598393,0.17587939698492464,0.0,0.0,3.6281179138321995e-05
common_voice_en_18224179.mp3,594254325bf2bc6722fe6d653e351baac00145c5c7dfaf81416a296e74244997cef3e6e8564c7f6f9fb47a486817da513c567381ef2f0a02b54ca05da7499e74,male,woman,0.0,0.0,0.0,0.0,0.0
common_voice_en_17828425.mp3,fca29ceb6ff82e7838f115792e22e2d8198eadfe4929fcb6d392caf9bd2e1ebc399329d7c379d5bf87e956a6fae07cc36141a48988bdca89d59eccf7eafe2e61,female,thought,0.13654618473895583,0.1658291457286432,0.0,0.0,3.6281179138321995e-05
common_voice_en_19712382.mp3,9e4cfea3f7c3c8f25be0d794430d8e0f314ff07210a6c494ad00886aebdeccd7e2b629f2cc9153fb8e77f240c7f1a90934bf01a4dc7135487028f4caa8d60307,female,caused,0.0,0.0,0.0,0.0,0.0
common_voice_en_22954341.mp3,7b9ff8d288889df70bd3efeae4f857094e41091e5acf7d41de96c37a08598433ba9d42b77aa9b7f189b0a91816804ef50535226f14f048b9e523cc7ea9bd4134,male,charles,0.11646586345381527,0.01507537688442211,0.26,0.0,4.5351473922902495e-05
common_voice_en_222173.mp3,9e43509873d1ebc17cbcf5245ef800b182e063bc3dab582f71ba557f2ee2269b771238bbbad110645803f2b54d26c24acc0dba122b8f1e7617b153b6a8a09309,female,slowly,0.12449799196787148,0.03015075376884422,0.31,0.0,0.00037188208616780046
common_voice_en_19577831.mp3,124bc5348bf2c92bb5485f5b53101020907e2eb020c3ba568a868435ee8b35b3517bc1e9b4c92d3f77b07d0a6de641696b4be80264b9510ba02676dd77a2cf16,male,inside,0.060240963855421686,0.05025125628140704,0.04,0.0,9.070294784580499e-06
common_voice_en_19959416.mp3,6ad11d8ffcd3af11cc9427de976a09a7eebb6211dc16a0dbd24b9535a522ea0e6a97532a93f4c831e8a35bdde889fd67749ee60050134771a665628749236f36,female,canadian,0.060240963855421686,0.08040201005025126,0.0,0.0,9.070294784580499e-06
common_voice_en_524472.mp3,cbb529f3c3dfa8940068fd159c7e76c9c71471399a9b09fdadbca0125f9407929541aba459e2abec9f7f31d30f812d6a717343644937c462529a154af2b04bf9,male,waiting,0.40160642570281124,0.2663316582914573,0.73,0.17,0.0008526077097505669
common_voice_en_19813146.mp3,752cfac080d4bf59fd14a50a5f3182397006ef41765e0020a5299d70cef8fb305fd63f7d5464fe1138cc739cd15183cf009cee048700e4c2670d758feaa29a03,female,later,0.0,0.0,0.0,0.0,0.0
common_voice_en_26324326.mp3,e9b5748878a6ea3ff5a4a41bcb7d12e41f17472e06f1b6ff62bc13779d7f616d0791474a7f9071aa8c25ed39ace7a69da90c66ac7f46f79b0a77fc641c6d5ded,male,friend,0.028112449799196786,0.03015075376884422,0.0,0.0,2.7210884353741498e-05
common_voice_en_29997136.mp3,fabddb74891631411822b276f32ef70795f0a1730dd1daa1da142c14b0aebcc2b7637c83cdfc9469065feb41771ebfb2c2d6f86b8de8bc58d5fc0e5181bca27a,female,heavy,0.0,0.0,0.0,0.0,1.8140589569160997e-05
common_voice_en_20451954.mp3,d8f8326fc447508eebd951db332b8920bbed193b9fd26f530435a53ae8445680a45ae1d8532e15c09f0dd33f515855e51bf7eed05fa8e898674d27759f8f42fe,male,several,0.07630522088353414,0.08542713567839195,0.0,0.03,9.070294784580499e-06
common_voice_en_18056860.mp3,ffb4b04cf6f8c83283894c52b34fe9271d257f8385d31d784cb59539534dc57b116c1064fa24cdb4216ef57a0ec60bcb4c19dd167f9f4b46737f2f3284693294,female,around,0.13253012048192772,0.035175879396984924,0.0,0.23,3.6281179138321995e-05
common_voice_en_19698483.mp3,bca35369e18fefaace885a14ada6fc2f464e4d046cc6de76641b1d899f694bc182ee92468a9de8274b5b73bf6af66b9d8f48083abb126d100ab4e3bae034d61b,female,garden,0.20883534136546184,0.2814070351758794,0.0,0.0,0.0
common_voice_en_699720.mp3,dd38445bca014dda70e99f6b38abcdd690cd0ed3a7efd9626ef6189ba4be5cb6a6d09df550f67863f489e11c93d2e6dfde0d5a893654bb10cc67f6052d4f1efe,male,think,0.0,0.0,0.0,0.0,0.0
common_voice_en_25719732.mp3,a6d3506e67ec1528638e44bd3cb52f00ab554ba4b52ab2489c445e9280c45a0002989070e36711fc00eadf5c8153554ba0083be9f5e52a9a937e698cb8ed5b42,female,because,0.08433734939759036,0.09547738693467336,0.0,0.0,4.5351473922902495e-05
common_voice_en_19151003.mp3,3db4d991b3de584e9bf5ebdaffba6dcc4aff31cc074b46bb3fd174a97ebb679be42e747df634081b3fda5aebdf5ee528ec08751b67f698bc6c9ad5fadfc60c76,female,their,0.09236947791164658,0.08040201005025126,0.0,0.0,2.7210884353741498e-05
common_voice_en_20065479.mp3,695eb52694820d1f8e20cb9391bde92e1c9b1a9f1e2d892ec396e2df3afec149836f274168f8eef2e10d5c3a282e6201c571ed399ede261d7542855c997d1187,male,death,0.0,0.0,0.0,0.0,9.070294784580499e-06
common_voice_en_24504891.mp3,1b2ceb45d507792494ad27ac843bcd7d943217ae68b7d2d3cc5b255acddd94240be2dfedf6d11b61c9387850a64860f101e57587f53aa53493174a7ed99a6151,female,southern,0.0,0.0,0.0,0.0,0.0
common_voice_en_20024506.mp3,66ebbdff1efb4c9d4db8e1a09534e01802ea8b8cd999d3a185d46484b92de0aa981ceb31054c34998156ce0665c1f8ade388b4924f0467bbf2f04c420698fec1,male,access,0.0,0.0,0.0,0.0,9.070294784580499e-06
common_voice_en_24677671.mp3,70008594c141a084c6682a0c52f4c2ef63281a3ad2ff5689dfd5540f8710d9ed500fb0b08b6f8d3571317031919e8a54a8db3ed3e35e44da79e9405649cc49cf,female,south,0.20481927710843373,0.1306532663316583,0.0,0.32,0.00011791383219954649
common_voice_en_86616.mp3,3f291c773aa2bc7b8a412a3ddff8e6e005f8814187d92b86e805b313c2efe36bee8e192c36910708b6e82a1af623d96b184c580c563091acd3288357bbbf36ee,male,person,0.0,0.0,0.0,0.0,9.070294784580499e-06
common_voice_en_18534877.mp3,cbb2b719d2dda8093988cd130012952e154f3e4dfefcf4f20c16d1637d4c0d0fb139956e4ae557e41bccdc73eb641d958caadae6ff363cc5433f6c5dc220078c,female,without,0.08433734939759036,0.10552763819095477,0.0,0.0,1.8140589569160997e-05
common_voice_en_19965414.mp3,d58645652af2e1ce747a364b006e7979f9c535b4f5dbf0a7b8981af92a8859a0ca9ec8a84864ccf3d4d7255ce05b003bd3d7695722c6acb123e5eef4a6a594fe,male,power,0.10843373493975904,0.10050251256281408,0.0,0.0,0.00031746031746031746
common_voice_en_28941264.mp3,1e46584a6890146fb4c77d353c8f30c4389e0be40a94e060fc1b6d64f0b1262ad7e04859b4fa70d56f20149fa330040e3d275058674e34e2b5b926d0fc833e87,female,country,0.008032128514056224,0.005025125628140704,0.0,0.0,0.00030839002267573696
common_voice_en_168245.mp3,86c63c99fb69d4bf6f25cf47a1369ae0f9921998854bcb67fa2303b449e071ddd31390acd5fadb57cb81ec1e3f61c05696775e85ff5415365848db35cf7abd45,male,people,0.06827309236947791,0.010050251256281407,0.01,0.0,8.163265306122449e-05
common_voice_en_17707662.mp3,d0f7dd07dcabfbb9f1d70c7af8195b46a6d15dd3833e409e8f0f4173ecc242d3c6b48e236fed4cdd2d995635422f8d8f3bbeba830c6cb0ae83fd894868d82a39,female,internet,0.0,0.0,0.0,0.0,1.8140589569160997e-05
common_voice_en_20514448.mp3,0a4ac1a38202b672e8763226d82d0775194daccdd158d2e84725c57cdb6faf269d1df191345d2d9805a675ba86dde995086fb8644510da99a28f9d5623af0098,male,building,0.01606425702811245,0.0,0.0,0.0,0.0
common_voice_en_31500131.mp3,fa9e5212486e51ab48608a3465eb952fca954164e0ce8f7e757f309488657f026caca7e1d13d64d3b09c6fc37637f19cecf87ed9f411196152f5cb34388ecd86,female,college,0.25301204819277107,0.19597989949748743,0.37,0.0,0.003891156462585034
common_voice_en_595362.mp3,23cac1ca8e839618f5a0546117b74fd4d0a6ceab0e2ce1b6f1b047cbc84abe61937a8e51a75e751ef33471845f8244170804e44f0aaf871798032dc5110dcba3,male,began,0.004016064257028112,0.005025125628140704,0.0,0.0,9.070294784580499e-06
common_voice_en_26943122.mp3,cd67c06bcf3210ca30a9d5e754b1cfc2f1d887940f4621c6fa3a033e54d83811b52c8076d25b36bac077bc1d053fbe8e9dfa645f03f568fac0286353b49c2da6,male,business,0.0,0.0,0.0,0.0,5.4421768707482996e-05
common_voice_en_19602820.mp3,93ffb5f0f8970405164227f5fa34ea0e7329891550231830830339ad176d241be7c72c4515ca566f78a525a3c8436d4ebdd5a30546e95460efd7c2a5cba82d87,female,moved,0.09236947791164658,0.0,0.23,0.0,3.6281179138321995e-05
common_voice_en_625564.mp3,cc1ee486ab4b35d61b9948e991fff774b1e64898425422ad111314c281d1fb56f751e34f9022e2374d103cbab346991b5ce2267f7ecd0594cdf14709ea7172c9,male,that's,0.07630522088353414,0.05025125628140704,0.0,0.0,2.7210884353741498e-05
common_voice_en_19759713.mp3,cd17e5baf74f5528ec4ae3e4be62ad871743ab8a3c53c25c4e773ce55de210c68f7c2be8a1e6b66af064ff0d1107bbad61546046608e2c43058bb18107d5812f,female,above,0.004016064257028112,0.005025125628140704,0.0,0.0,0.0
common_voice_en_22291350.mp3,06eb40ac579f42807bcff6b5422646c4851d2425c4e2023feef5543bd6ea1c89089a78a04c49a14dd56a9905f2a7674e34affb7b662153c58a068794a14b9262,male,former,0.04417670682730924,0.010050251256281407,0.0,0.0,9.070294784580499e-06
common_voice_en_19727679.mp3,284512fd8e05c7181bf92b5a3649cd467fffb20c0902deaed6bae8acd90cc768c03dc8ff4fb74ee08040e8e5b79aa92f114319ecd74a3a222d7b243b862d0d4a,male,could,0.12048192771084337,0.10050251256281408,0.0,0.1,8.163265306122449e-05
common_voice_en_25026655.mp3,6f25dd0e7a402fbd0b52c9953b9845c9608eac8ea56a615b9c2da85518357014b6dc807a90368b253b5ab88d3c80a955a9d57c626fb782335321c72179d97e2b,female,south,0.12449799196787148,0.04020100502512563,0.0,0.0,4.5351473922902495e-05
common_voice_en_19531835.mp3,f4c9b35faf70523b8e7f5435d9933da6b6762b54c5797e70d77e38872b49ce19268f8f6dd77f52c2dcc58ea389a0f99b4064d08753d3c11e769307cd78046250,female,cemetery,0.0,0.0,0.0,0.0,9.070294784580499e-06
common_voice_en_22355217.mp3,4ba33b63d595dc2e255d4ec60d51a5f70e9f4ba2fbff55da0b5879b1d12a8d96633e2548317c927e2a197bbb135e9fa748a9871801177782fd8fc384d6ba8c9c,male,lower,0.04417670682730924,0.020100502512562814,0.0,0.07,1.8140589569160997e-05
common_voice_en_20995125.mp3,ed421649ae6e9fc01ca3a92e24dadc1da39e6040301790e78363eac0c6daaceadd69e0de61ac217e63983c991bd55f2d73efed5a50f085917d4e660a2b62066a,female,produced,0.18875502008032127,0.11055276381909548,0.47000000000000003,0.0,0.00027210884353741496
common_voice_en_26694344.mp3,2f21ccb06d3d8a8263a6bb0294f0488dfd43fc38f50fc96494361e9d44325baea76e01a1849852c3d13a903bdbf6f8e2728e348f37e267df224e5df77818b3b5,female,known,0.008032128514056224,0.005025125628140704,0.0,0.0,1.8140589569160997e-05
common_voice_en_694191.mp3,ef0fbfdc774c206471bb2a7ba61cd9f0d0b5d9d53a7f8a12b7cd68525b6e69ad5496c44165b0496f2f2178f9263d7a743b0469551516624b1d0fc54e0468ded0,male,sound,0.06827309236947791,0.06030150753768844,0.0,0.0,9.070294784580499e-06
common_voice_en_19982705.mp3,7aa2f133fc91e2ecbe014bad8b087c9adfb84febce9b79de8d0db9791751e8c26dfd8d683e994d7530d13f01ac4c97ea06aee6227d382968e55e9875b7cea272,female,sometimes,0.0,0.0,0.0,0.0,1.8140589569160997e-05
common_voice_en_19967501.mp3,78e0956fe2ac3b96ed9eb7c2ec203fde9c387b16f4eba88ec867e4b8abd2e9ac038dd642cc2977d0efe75e03c109377df5966b2852f7a90dc458bc5dfb8823a7,male,school,0.0,0.0,0.0,0.0,0.0
common_voice_en_591611.mp3,91a7812c2e13a87aecc3ebdbbf385fd34b1f867d7c4126ca42572c1b65b63c35f4c5a5743ec1d29d8b50fbf49dc167cb6e5f72d37314bbbb86b8e1d912df54fd,female,coming,0.004016064257028112,0.005025125628140704,0.0,0.0,1.8140589569160997e-05
common_voice_en_1537593.mp3,2fd972f513c3531e19dc1c43fc0d7d35435e69017f32d83cbb3e9ad6d2d8b5cb1a770771b801744c38fa40a55849e395926e260d1ae0d33769e20c1a10503b96,male,write,0.0,0.0,0.0,0.0,4.5351473922902495e-05
common_voice_en_483223.mp3,f58c84ae9441d576ba0b127ab5c938bccb07ba8d8dd5a23de87fd1b8f24c6bcadd97cb6b2f525a4a96c92bfe455a1bd2a292882928591ebeaf39b4ff47c5fcd7,female,first,0.15261044176706828,0.06532663316582915,0.32,0.0,0.003292517006802721
common_voice_en_25208859.mp3,37a5bcabd342c8fbd3b1b26370247a25b650b20e65200e9de2eaaa81dfbf60f02f320e1f069497159551797c2cbe77c58f3809ddf2712f7f8635132c74eb0b5c,female,search,0.25301204819277107,0.16080402010050251,0.03,0.46,0.00029931972789115646
common_voice_en_19083875.mp3,14762ce4a56a9cf92f12c5c7c772492d20e9710548d9d8d30f6c53c8bbd845477b9611d7d45cae2940e8a11fdf1f0bf0026b776d89b988476d1e43dc68b857b3,male,while,0.13654618473895583,0.15577889447236182,0.0,0.0,5.4421768707482996e-05
common_voice_en_17366225.mp3,344f5006aee895138da70a79feb967a6fe125905f611a2d42773007a08930baa514e91882fad484fca8488e9c6ff12cfc3417888b8303f53bb619647cc4174fd,female,musical,0.0,0.0,0.0,0.0,9.070294784580499e-06
common_voice_en_25224660.mp3,816ca4167d878d888a8cb22e0bef05e733251b401a8dbc5b1593bab9a4b0314ded516569b8e3b7a4c20b4670c86c59a28cf42d70af3da06fc1edb658d215409a,male,still,0.11646586345381527,0.11557788944723618,0.0,0.01,0.00017233560090702948
common_voice_en_222147.mp3,72a26d0140853fafc24040af194f1e0327bf5b65a79148fedfe0c308bd98b04a407866bc7a89edc70682af85adbb14a29cc310bdf4e0628c88da6245eb8a398b,female,things,0.08032128514056225,0.05527638190954774,0.04,0.0,4.5351473922902495e-05
common_voice_en_26608006.mp3,622155d600ee7ad186bf3921da58da2750c4dca9ad4f056fa550499d5a33b90843dba5eed4b6924ecc1c22697983b4667f8d55c7fcff167e5214781cfe5dd8a2,male,other,0.028112449799196786,0.035175879396984924,0.0,0.0,0.0
common_voice_en_261916.mp3,1e8706617a3f0e01b7a1b6cee34d556730246b6e82b7efa040434ad4f57bbfc7513f8b226fa27cea019693345f1ac5042f37e9506bf270914376a9c1bbcf42b2,female,possible,0.012048192771084338,0.01507537688442211,0.0,0.0,0.0
common_voice_en_22457258.mp3,96b22a0a726f477ab5f96f191ba4a2fff1c08ebbe59db1f45262eaa286e826d47d0b955e4c9cda97b5fb86e2e868457f6e3305d5ffbd0c00aafe31b0eb4d9552,male,success,0.0,0.0,0.0,0.0,0.0
common_voice_en_20010735.mp3,e85b4529baa3032ec94a44f352da0ea0d3248bf454ca19de0c9b5fd37fd26563b464b5c065e167938406e28ba2f7d43d91793e1c1d90d14dd61c9f026238aacd,female,attack,0.0,0.0,0.0,0.0,0.0
common_voice_en_20237409.mp3,661988d4eb32f5513f497d7226df1b4fb145d9bfe4243f1c78f164df5fd5d4a61ce1be08c59a06923cad74907264a5ed9b33a2f19a8291909def1694040e0b1f,female,founded,0.040160642570281124,0.035175879396984924,0.0,0.04,9.070294784580499e-06
common_voice_en_19854770.mp3,bf1285e6634173efe01bdc06f68db814cd9f1e95a512e66fb105d726354871a8d106346488acb3d16ff52986273832d317799578ece77098b3d29c530dec63a2,female,central,0.06827309236947791,0.05527638190954774,0.0,0.0,2.7210884353741498e-05
common_voice_en_66858.mp3,b8c7f10b2b3d9198aa74c5702ec19a96f688c51954fd7e26fc239368db784abcabbe1e58893d178b3a920c7d58186b5bde37253bd4418dec0d93b5a515d550c2,male,reading,0.0,0.0,0.0,0.0,0.0
common_voice_en_25833569.mp3,11aaf8c511c676a6f098b9c370b8e254134b053435fbaed49dd3b343e494bd29ae15e5794b80de71878ff63ca3f849af1bd94a07ddf6e20b027e9ddb6739af55,female,career,0.27710843373493976,0.2814070351758794,0.0,0.13,2.7210884353741498e-05
common_voice_en_18954906.mp3,8e93f9eab492a1ad3a0e55fc17ed0fc88a34b4d64c7225472d4bf02804aa8fb88b3c4c719c181a0362e16473fef0a2f433fd5b8d862466bd68c0fa956650a09e,male,became,0.0,0.0,0.0,0.0,0.0
common_voice_en_656758.mp3,159b58b5b8c0be4886690fdb1021843612807181e092f8c4e248190b8fb4e3a300bbdeddc8b9eebf043f129da38256409213f78bdf4cca33e4650a9eaf5d8526,female,believed,0.012048192771084338,0.0,0.03,0.0,1.8140589569160997e-05
common_voice_en_22944768.mp3,264c3c18df91f9e138205e1e6a4c54e599a15ce71f5e4068566330ab1e3ca8e304e7c0cde766dc716483fc355330369b1b4db76159bffc9df6055ab7488798dc,female,world,0.23293172690763053,0.2814070351758794,0.0,0.0,3.6281179138321995e-05
common_voice_en_598808.mp3,0112ea2c84d865c1a58ac4c58622062d9de1aef1e8a7538d54c4c5d9845b0553c755dd6c149cbf4bbe4ea4c4c0b94f55d8eef12fb24acc75d29ab1e2c7883db7,male,thought,0.3654618473895582,0.3316582914572864,0.9,0.0,0.002331065759637188
common_voice_en_20006628.mp3,c1be94fdb941bc4fc0d37755a09588147c4f27148c2dd7416ed58dcd57911ee840fff37908e2aa9c948bb0712397607bcfe0815fd92eaaedcf60d355ffe8b155,female,position,0.0,0.0,0.0,0.0,5.4421768707482996e-05
common_voice_en_20032393.mp3,605f08e299ad265c5149126b87b5f4fe5085b72e143de3189795ca12e6c549c72fff9077b41ef2c779e11aed4211871d7da62087e399ec42a90ec4eac6dc8248,male,majority,0.0,0.0,0.0,0.0,0.0
common_voice_en_22001264.mp3,c66ca65c3a538f88bb8c835332068be824720026c53f41724f24ff56bd70e7730643ef0385e1297080161b3afb624f93ddf4ae8f41abd68e002bed319d5f458f,female,eight,0.7228915662650602,0.7035175879396985,0.01,0.91,0.00035374149659863946
common_voice_en_19750395.mp3,43005aceaf3fc9eb5315048729c2e1d92e421358267698be9cf6f6f84f4eaad282de842022d67760589c005b6b3dc2ad53e7d3d1827e1d2b7849cf6d97b0f6a6,male,simply,0.12449799196787148,0.15577889447236182,0.0,0.0,9.070294784580499e-06
common_voice_en_20165675.mp3,79d6c421934d1768e19feaa5800f2f7ad7e83dc2e4bb09dda1af8236c550a9f6a8d41feafc26e13e94e3a395320da353f9363a6ae188cb4f9e86ccfd4a3ead4c,female,first,0.2570281124497992,0.20603015075376885,0.0,0.0,6.349206349206349e-05
common_voice_en_17296494.mp3,2d54ff8290b085f0e8add292186437f1a1838802e179ec170b38f4c1c365444ed2806ef33e409a9d2e575fc1e33af86fb15d23d251cba61e0ca17ec86952792a,male,bring,0.08032128514056225,0.07035175879396985,0.0,0.0,6.349206349206349e-05
common_voice_en_19439383.mp3,26566d36a521f8bafd752963cd6d9aa1f6edb9c242c03f690b30207d7e22c391abec5636a72894757ecfd3e92ddabbcf2801c6f0cf123385753af8d972c2dd65,male,within,0.012048192771084338,0.0,0.0,0.0,0.0
common_voice_en_658322.mp3,f24e0353b16435019d2e99699d4e0ec6bd18647e5c97dc4387e38bc80ec3100926e51c359da78d2056bfd604dceb6d3ec947f6883819423cfb8e537c682c2d2e,female,right,0.6706827309236948,0.5879396984924623,0.5700000000000001,1.04,0.26806349206349206
common_voice_en_24424770.mp3,6bb391f92521451f6ebd38532223ac8cb3ac7f6047a508b561e9cc3642fbd53a84f81fbd394adabac005ed7b8f6dcf011aee2925f11dc799d47dd102358b29a8,female,continued,0.0,0.0,0.0,0.0,0.0
common_voice_en_20204307.mp3,3cbd13d580af99ce8baf0b527e37dc54b22b0658557f1d19945370c6e35ab51a40e7bf2c847bd0ac8aa7645004f7011f9fb0bce6d357a213abf4244b0a999098,male,small,0.028112449799196786,0.035175879396984924,0.0,0.0,0.0
common_voice_en_19807695.mp3,455fb78232ba59ccf2315af5c21f45b145f86f1ae769f63a727e9d30eb34ca6d8379a3b9d8739b8c5eb53f527cb1bee300944663e592ba04d3783e6a0e8655bc,female,served,0.0,0.0,0.0,0.0,0.0
common_voice_en_19260375.mp3,3599d43df6ac18b4cbaaea9947abc2d7be7ba4ff67e0ff6aaaa7e54812597bfab0e81b7252a1909f6e2f6718a06c450eb13905c91bce5d05af8ee3376830bd96,male,tracks,0.008032128514056224,0.010050251256281407,0.0,0.0,9.070294784580499e-06
common_voice_en_22782440.mp3,c5a1d7a7e2f44161ce38ca328a06f1050e4b2b5938ebf9e743d09fe411982475c95624ed4733904cfd97e57ff32e7d0474c79dacdd9f1bff6fd6d577489b04a9,female,george,0.0,0.0,0.0,0.0,0.0
common_voice_en_24983266.mp3,d5839923bb36b9f60ed5f1ada877400d6a7ad7ef0bd832cfa445f8bfd05230e6171e40cfe140831f21308258673aaa4b1913f30db937eea9627dd96baf176496,male,university,0.024096385542168676,0.01507537688442211,0.0,0.0,9.070294784580499e-06
common_voice_en_70916.mp3,45db985c0f9f2e44d17fa2154f3ca65f16ddf2205da69eed365bef15a25da7f58cf829c46345f17ab65f41578963967112bbef8d9f126b270057fb9fd306429b,female,that's,0.3333333333333333,0.2914572864321608,0.43,0.0,0.00029024943310657596
common_voice_en_19451155.mp3,73b5d39d184362cb956ffd4da31bb8e552c0bf4a74de73a23b0458e08508fd366343e1f65b92a65e1f18f0232aa3587ff181e0c2a754f37de851806a2f23551e,male,power,0.0,0.0,0.0,0.0,9.070294784580499e-06
common_voice_en_527832.mp3,b6624bbbf99e0b2bed85e383226f948c57a81c8eaee39e91e3845e839c4da2d84a31eb7411d76d8ed0d49381c476d629e87b32568763c6e69f4c88fcce925f0b,female,little,0.03614457831325301,0.01507537688442211,0.0,0.01,3.6281179138321995e-05
common_voice_en_27930310.mp3,8eeb30c3eea2723c335e5ef5783b79ff8c72155ea7b1563fe516e21a1f5ce96bb6dbbc020869d022488324526a908eafc4fff1ec02fca88464df021753e6fff2,male,twice,0.2248995983935743,0.2814070351758794,0.0,0.0,2.7210884353741498e-05
common_voice_en_374414.mp3,9c1d3389d52fbf3ba95c5bc2249040e60300b359654928c274c6841cc3d776cf18bd256d6d54debb8d8dcc9a8110e8e1d31b87592d5cee85bd111143809fd73f,female,function,0.0642570281124498,0.01507537688442211,0.13,0.0,6.349206349206349e-05
common_voice_en_687473.mp3,22762ceb90b99045b5168019820a8d8c60f646d42887d0c46b8ee9b76d37a407a2239bbf6978e084efe902f604b5ad01ff40fed8a5da366a51d2d76ebf88bcf2,male,national,0.0,0.0,0.0,0.0,9.070294784580499e-06
common_voice_en_22185001.mp3,c69130a3e19945c0d14980fc2ffe0069362ac9af410703afe5c24cb5640b943d6ef752386572199e804c5e2fc446c363a914d8825bb7a197f6bcb62a7f3b3769,female,after,0.1646586345381526,0.06030150753768844,0.32,0.04,0.00019954648526077098
common_voice_en_21691099.mp3,35304cfb85cdf8f6a5d7a6be0d863c2f198bd6c838936367d991e187edfc3febf871abb665d5f48468b07f67a3b908f6d8c4008ccbaf2209fa869ed8a8a34716,male,support,0.0,0.0,0.0,0.0,0.0
common_voice_en_22446470.mp3,d195b564febeda023bd1889f0c9b1271a0008b359b70ce76aec7f0b3eeeb0232e3c7fadccd6ae0d959f5117e99e02379d7359e07e70dfdf3736fccc57de56ce0,female,these,0.1566265060240964,0.18592964824120603,0.0,0.0,9.070294784580499e-06
common_voice_en_21062425.mp3,37cba580ab641dc1039019f51f313ae426d927101b2cf251f0aede25bbdd1a45e202a75b7089c939324159caa5c1905bd02ea8f204a6089f85cc6f820f02a543,male,william,0.028112449799196786,0.035175879396984924,0.0,0.0,0.0
common_voice_en_26968657.mp3,92cbd9242eeb18fa768bf5d49076f49171a8d40cd6dd15c8352a91f0c8a45eb0d0bd5e7f4fe70dc2aed40810a1b914c5e005ac0f51fc2c5d3a53df35b24a4198,female,based,0.3534136546184739,0.25125628140703515,0.23,0.16,0.00023582766439909298
common_voice_en_17743864.mp3,d84a5c1237232c89dd9c876e73fe68713daeb187b4656e12bfd57f8aae0be6150ec8963c162a9a8b84404cda523c9d2f6b4cbd88dd0b4a6f52ab71eb24ba0a75,male,however,0.008032128514056224,0.0,0.02,0.0,9.070294784580499e-06
common_voice_en_160311.mp3,e48677560545099a71b83539a8fbbd3bc7df5460d5e56ad182f2cb903c8c1ff31f702e463368e2e6bc670ed5ebe3b88e20634b2255534f8028f8a1e7446639e3,male,being,0.0,0.0,0.0,0.0,0.0
common_voice_en_22775042.mp3,eb03de76e58bac6f37d4bd0c0bea0e96788852101a8b5e968710279efa581267eae13e4a7c34b6bf5be3c0af713abef191d468832adec64af0c8e93e3b25bbac,female,would,0.2289156626506024,0.1407035175879397,0.38,0.0,3.6281179138321995e-05
common_voice_en_18456619.mp3,7603601c1171c16b7a49ba238630a7933ca79e19085dffd90378616602dc78c54ca018be1d0e99abcf77aa4c53c918f965ca9b9ccb26eb46c298f56ddd581681,male,course,0.18473895582329317,0.135678391959799,0.0,0.0,1.8140589569160997e-05
common_voice_en_18851490.mp3,dc9ab6e3134d331e3bda49a20e3330029fd67236775bc45b2616bd1eaf8fb40e33f60c261dd4a04fd26194c8ef416ebcca2b4894ed52ffd4b8a4efa9a786ea1b,male,especially,0.0,0.0,0.0,0.0,4.5351473922902495e-05
common_voice_en_1089348.mp3,ba399d302a8062a25db66858c2e17d07d21e8307811baeb7ee6285bd21681893e3453989daf2057b7d31a21e1dae087d1608f6d46a3dfa90103a5a0b2a930e67,female,there,0.2248995983935743,0.16080402010050251,0.56,0.0,0.00012698412698412698
common_voice_en_19667425.mp3,6958c74025099315e62e8b2c492b3f67426e59cb98297aa45124f1ba8757327f0157deff83da7c260f85db03f5c596fa5eeb33c18c208363cd08a1ac4e5f1c1d,female,france,0.11244979919678715,0.08542713567839195,0.11,0.0,2.7210884353741498e-05
common_voice_en_17451107.mp3,76591ffca5cb2ff06e90d38ec1e5af8330ea4eef88555ee9ac740fe61af586322064b65064142cacb91859d4a68197888d2c331438ed8178248ab90c60e36366,male,issue,0.3132530120481928,0.2663316582914573,0.5700000000000001,0.0,0.00029024943310657596
common_voice_en_31122209.mp3,16eea6b6aa312a175d73b0f39dd35a1a8d8670fa7548f50b34dd93bf20d0f688acf3a695f78c0508e6f3f9616cf16399cc635b5b9af72e1ee2f3c95737396c91,female,private,0.0,0.0,0.0,0.0,9.070294784580499e-06
common_voice_en_18869417.mp3,94841d90a26f9ce040c9b8039e104f54ea61602e92efc6c0222a42108c326b7c6095b8cbfe8f4733d9aebc0ee595ce78278c238c21099dcc6e8c479270302686,male,consists,0.05220883534136546,0.06532663316582915,0.0,0.0,9.070294784580499e-06
common_voice_en_21356408.mp3,12a8849d8f2e0d14506c46b168c87e8e27fdb3e23355247a88290c0cf132e8a4e0c952e6ec8a3d7418a2e1892d0f63fc6c4979dea21eea31b61e644c74a9fe07,female,after,0.2289156626506024,0.18090452261306533,0.0,0.0,6.349206349206349e-05
common_voice_en_653338.mp3,5b504a40a69fec768a3a0dc92bdbce8f77e08fb7511c36076c2c7cfcd59f056c0dc617ff506247d31938f44145d1de0f534ced65bc8fe9f34c97368b33730a6b,male,house,0.42971887550200805,0.3869346733668342,0.06,1.01,0.00014512471655328798
common_voice_en_20882365.mp3,07aaf0a5ce24ca5dfd4c0d118158c5d8ceb775281eb4b2fb77b1d6afc3626cdd2026d55a2e2f4def04554d21e942a245d1ac346901560b28fbc4940fcbabdb6b,female,history,0.004016064257028112,0.0,0.0,0.0,0.0
common_voice_en_19018426.mp3,0470a802834b16ef6245d96cabc5a8992a1cb07083d450d0e10413ba84f947e5a956f8d537cbf3390898e717fea6b1adb34c292996cc93a58103a53d13822ff9,male,wrote,0.26506024096385544,0.271356783919598,0.0,0.0,0.0
common_voice_en_22343791.mp3,b3961cff4e138378e44ab10b2b74628a228dc3cb5ab075cbcaa0bfbd14851ead5e241108aac75c15feffd7c64793ed983bd605304262dcd0c8cd06cc80e5d1d4,female,three,0.19678714859437751,0.24120603015075376,0.0,0.0,3.6281179138321995e-05
common_voice_en_214715.mp3,15a134bccd202ffe1a823fcac536931992eeab14d933578902ed154dcee1bbf19cbfd5531605c1312a6a93b9955371af242ae8a2a59148d8033984c5002c9e9e,male,evidence,0.30522088353413657,0.1658291457286432,0.25,0.15,2.7210884353741498e-05
common_voice_en_19845174.mp3,e885af92d7ea0cb61624b25756986bc73fb8d543742c07c108e689c9c08328f9e40bc2f897220f88735b0fcc696f13663d23ded2dd5cad8f0c5ab622bef149aa,male,different,0.04819277108433735,0.06030150753768844,0.0,0.0,9.070294784580499e-06
common_voice_en_22332393.mp3,fd9601fc54d4f8d88a43d8304b18e9e6c4d7f37d748afa6f3ee1a9ddcff9e190a9bf2ea12e6440301091cb5496d38c817d7c237be376cc1bd462b5ea8ab82eb2,female,village,0.43775100401606426,0.49748743718592964,0.0,0.0,6.349206349206349e-05
common_voice_en_17910957.mp3,a0e44640904227b92fdfbd14b44292b6b111e22db9c85a490c130c3a3fea7dd9bc763961fdbda089a5e731c2a3233aaa6f11e527cf2cc688e082560ed77a8cad,male,earth,0.05220883534136546,0.06532663316582915,0.0,0.0,3.6281179138321995e-05
common_voice_en_24006031.mp3,672229f2d103c33ac3790d10c9b32b3b36a111b47c1af0191805681449900ec58affe5f06e3a49938c4a27c14abd339299bb4e4a9f2e944697ea4264596bf9d3,female,similar,0.0642570281124498,0.03015075376884422,0.1,0.0,2.7210884353741498e-05
common_voice_en_162188.mp3,8d4112cd817c77f7bc4a32dffd1e1495394c088b3499d42976193d6729ad6b8a98dca56cf0aeaf6399880caff318f025a276de52cc03aa3da8f471cc879c75a5,male,because,0.4457831325301205,0.4321608040201005,1.11,0.0,8.163265306122449e-05
common_voice_en_20223193.mp3,f2d560115d3a0d2f89ba93869c465a26c341946aaa2b4426dbfd0e4f2ddf8df0fddd8fb6ab080cc37e132405ee041d1d815aac4d95a3e325a02d7a0f3781a0d9,female,ancient,0.004016064257028112,0.005025125628140704,0.0,0.0,0.0
common_voice_en_45529.mp3,f31db2f1ad340e6ed2938ddbe53b7858891b6b2ded6b4fce7e96408da86c2cafee1f411ab1ee0562a433d75d6bc6e4c0032339782cb2e76d5de73c78732950ac,male,their,0.4859437751004016,0.36180904522613067,0.66,0.53,0.00019047619047619048
common_voice_en_1371006.mp3,062c2fd5fbeef6bef7d8b470eb26c4476c3a1e9db21d5731fc3d7f5fc2945e5c591d728b7be7d0b33889a4a31ad82f611ca62128c335fcf0afe5976d65164e72,male,before,0.0,0.0,0.0,0.0,1.8140589569160997e-05
common_voice_en_19961493.mp3,108ed24d65e2758f808343b2b47aa218ecbea24c10e5e164440fdbea047f13d2106b13fbe2ea86bc1c806bc01ac1cd311edb8436d246894da04c6e20c1c36f65,female,great,0.24899598393574296,0.1658291457286432,0.58,0.04,9.977324263038549e-05
common_voice_en_18508707.mp3,e0a2260448f28e2bb71fc29cbc973464cc6c9017ac5af85cb5cfc302e6fd603ce9f350cd6440b02c31f939335eaf30fe960ecdd253b21fc3324feb265b07c666,male,couldn't,0.7108433734939759,0.6381909547738693,0.28,0.9400000000000001,5.4421768707482996e-05
common_voice_en_664289.mp3,b8d5e51d33caaf17e0ec7ed6477e330eb8c995e8ec090e0ed880c19bc51eb094b660c63108c1ec4674f4000ffbd5ca01e1890b06b7d07ee47060b9b85bc72f88,female,desert,0.2570281124497992,0.2964824120603015,0.0,0.0,0.12439002267573696
common_voice_en_16048373.mp3,0fdae6ae54d9a41284b8781ae39390e0f22966d02ef1492c156b2ebe947092168d88fff269f12d8c34d5613a876df0b838cae13aefc6babfaa4871e145ad787c,female,player,0.39357429718875503,0.36683417085427134,0.0,0.9500000000000001,0.00033560090702947846
common_voice_en_17894981.mp3,92049fd26936205eddfd0c016beccc7bc6bfdd9bb5d78dab79e4881da6d58a956d7750bd64db94eac934caf415f8577564d92457d953d7f5ab15813a9ddac0c3,male,didn't,0.0642570281124498,0.005025125628140704,0.0,0.0,0.00014512471655328798
common_voice_en_696122.mp3,e2ca55c3c749b97370454048ec634a9c507676dca7a81e801ac9890eed856e2caf8b9a99ff6948625d8fb5f56cb7379269a815907f8ace9e1f817b8e9343273f,female,point,0.3614457831325301,0.32663316582914576,0.61,0.0,2.7210884353741498e-05
common_voice_en_19366199.mp3,d555563cdd1c2a401b66108fb28022e5f1ba804d519f8c69247234dbef24afc66d050481588f222e43652a754ccfa3daddc7dc9e5e786038653f2a54fac5e69a,male,church,0.0,0.0,0.0,0.0,0.0
common_voice_en_18890424.mp3,38e8609422ff8af7eb85e2d927990498833319e6f3144f78dc348059cb9567ce1e96e6d729ebcafa41706b11f2ed8c88bbf3b240942093f835c10b5b10c4af3f,female,eastern,0.0,0.0,0.0,0.0,0.0
common_voice_en_162843.mp3,6c3ca7362282a38dd3272705c229f78dd4fa7b74c521a47da734e6986672dc426d99f04497daeebf0ffe659958ab3ae88b2fa213ecb430f84bc82bf89ea937f5,male,voice,0.020080321285140562,0.02512562814070352,0.0,0.0,9.070294784580499e-06
common_voice_en_26987239.mp3,07004fed5c5e5b0eec54cada1f3e929b0d4277ec12f041a78b23410ce9269fe955940493daa36cda1786372d101e45bc707e24b232c664e5d2612c6458a47acc,female,large,0.04417670682730924,0.0,0.0,0.0,9.070294784580499e-06
common_voice_en_21313007.mp3,69d77462824f202f3a7f5b8c43e17e8d1da3026d0267348111273faf80e3fff70a664f74180228f0e0dbf8d33fc205755166c371bb3031c5eb602f58e740533a,male,point,0.004016064257028112,0.0,0.0,0.0,0.0
common_voice_en_17727451.mp3,7fc9d38f424b4a50ab648bb9ee1379f3eda1654f3861bed746cc1fc4148e29e673973bc77a5a29bb8e406dec8567b322d594fc63e88e581fa35515abf55df398,female,don't,0.357429718875502,0.3065326633165829,0.86,0.03,0.01906575963718821
common_voice_en_22238308.mp3,1db46ebfd92940c41a433902c2f4db9cbdbf3672ac7ee25d962331dec010bb7896947be2873ea8c02e8cc14750a84d05172ababcb0c0de28309643bb0679305c,female,largest,0.09236947791164658,0.11557788944723618,0.0,0.0,1.8140589569160997e-05
common_voice_en_18580777.mp3,4b701bac680b33224c55d586ad07bcdd30718950897c5213ec594d88a8fb2a34252878c9505bb1ca881ad55a711409b1f9421427688b4ba955e6154f88ffb8f4,female,things,0.13654618473895583,0.010050251256281407,0.25,0.0,8.163265306122449e-05
common_voice_en_25187523.mp3,1522d5da3f2af890f592d240e32c42e86f2fe64553a576803e13d682517b2bb9a9dca42aed7abd9ebe9c9ceb4801b17ac25d183cd9254622f99725ad2bfb7744,male,force,0.024096385542168676,0.0,0.0,0.0,0.00015419501133786848
common_voice_en_19743941.mp3,217c5ba2aa93986fda6ee91d1fe504c0b7e88964d0487562e02db2c0df90e3ecde464271b408ec4ac1da67b308bbdb319ebd83e7da1f493b831a04f614311a9b,female,writer,0.04819277108433735,0.06030150753768844,0.0,0.0,3.6281179138321995e-05
common_voice_en_25212253.mp3,f46f02ec89328c78ee28c21a5cc63da48a2eba53eac059168f1ea6496c310117bbf2e8ce9fd1edc9f5502c1e81aae07ed666265f735732384cd935856c68140f,male,being,0.24096385542168675,0.3015075376884422,0.0,0.0,0.00014512471655328798
common_voice_en_23870222.mp3,72185b051cb780d0754a6d098bad9fb94ce531b30ef89cb61f2ac6d131528fc590e864e3f0b3116772539455b310da66babf58745d2b88ea60a1400b03fef49e,female,james,0.40562248995983935,0.36683417085427134,0.32,0.0,0.00019954648526077098
common_voice_en_20375249.mp3,334051f7afc273086d22ebf09ecc8e93840d983e187142da8edc33612d5704288ebb4a8a6f7fd64aa95cfb5575ed40f963b804411c50b22062441e5b937064be,male,older,0.37349397590361444,0.36180904522613067,0.0,0.0,0.0020498866213151928
common_voice_en_23806998.mp3,d41f1040b1deb7817ec405888029a9b80e5d9d46200b7f0253140477c12b76fd93ce6a1ed5f7759ff47ca1baf988b8f0f388a96859aea49c6e251a5347c9a6d7,female,after,0.03614457831325301,0.01507537688442211,0.0,0.06,9.070294784580499e-06
common_voice_en_20379894.mp3,459245e87bc94a130f4dec8b5d78841615759bd8c9fe029f4dc12f7952276768684d4cfe8519bee2eb9edb179b8674aa2010be8c366656d1fbc2ab9957a46e85,male,created,0.04819277108433735,0.02512562814070352,0.07,0.0,1.8140589569160997e-05
common_voice_en_18758926.mp3,d35bc38c3247a264270a48c40eb8e924b9870e6e2ed2b52259f24c4ddde21cf8216bc84f7458931a5c6c5de05e1cef2323424b1c9335e500b83fd9a5623a5c11,female,never,0.0,0.0,0.0,0.0,0.0
common_voice_en_27535749.mp3,bd194a2179213c0d073748fb0d734b990194af2e26d7247d1ad85eec874a5d22830a20a64739f1b8ac30dd6f6e81b728878202638274cbd9e5270257d41f7a19,male,behind,0.040160642570281124,0.05025125628140704,0.0,0.0,0.0
common_voice_en_19631902.mp3,32b9e4952deec2ebd9284b89ad55c6d90eab545fec92dc0b409e1c7cd68db3c9c152e0bd940979b2dfa57f288502b268b52f674a39d7d1f97dddf9b160602742,female,south,0.08835341365461848,0.135678391959799,0.0,0.0,4.5351473922902495e-05
common_voice_en_27519489.mp3,1653b3e712fbc8fa22462bc80547f4a715770cb4d55aa1b2c5302279d73b6cfd650dae5015b23fa7160dbf9cbdf66634d89193cb5380299a9463c56e2ba66c95,male,route,0.1566265060240964,0.135678391959799,0.08,0.0,4.5351473922902495e-05
common_voice_en_17259028.mp3,932143eb16de788e62500eee7613721e291a33606757921517894b4684c21d692fc4f4add13c98805cbc1c838f1b9074263e6908ae6a1ebf1730a959422cedc8,female,would,0.13253012048192772,0.1658291457286432,0.0,0.0,8.163265306122449e-05
common_voice_en_698482.mp3,3f2da72cc04bcc93955f752e184edd521cfa294c630f6f5153c82e881a3b1d5ab55bcf92bfb5a799e6adebd91e9998380b8add7fe16b6afef392f8ce1330837f,male,himself,0.14056224899598393,0.11055276381909548,0.08,0.0,0.00016326530612244898
common_voice_en_28323860.mp3,0d3438895270bd3890c94d8947c08a4a8fc8936db3c4557cc8633b08271c56ecf2691f5cd25ccddb80da793d62c2bfdcdb250f1b9d4820f30e65819f15eb7ef6,female,united,0.0321285140562249,0.04020100502512563,0.0,0.0,9.070294784580499e-06
common_voice_en_17297502.mp3,add279d0a26bb574adf993d851a61f74a308db54e7ae38745e84e6289db38dabe5c5b839146317649d5051f8243ddd14f17f410677bc207be9719391bcec80ab,male,could,0.0,0.0,0.0,0.0,1.8140589569160997e-05
common_voice_en_26227887.mp3,467fdbfbc592fcf6be41e14a01e77761dea9dff0c115b5e8b9bd08a0ad8a80b9c91a3e328ca2309d83cbffb512a30a237ca4965495d99946db5892830a428b25,female,matter,0.028112449799196786,0.005025125628140704,0.0,0.0,9.070294784580499e-06
common_voice_en_171004.mp3,4e303cfa70714cb235e46505eaf96aea6675289f48396bb836160b17cbe3a0617a4b294fe1fce7292a1f45049b549e62d7c30a84554843c78a80b43b05d8d936,male,wanted,0.08032128514056225,0.04020100502512563,0.04,0.03,9.070294784580499e-06
common_voice_en_19619855.mp3,9b3da99f49a3476f21c9b2c7344497f46a0693bc00cee1fd95a473b4d3c5445bb07a04194fcb4f2fee370ab4ac937dc55e2638a0279d03c8084da471453fb146,female,added,0.09236947791164658,0.10552763819095477,0.0,0.0,0.0
common_voice_en_20974140.mp3,aafcc5126f1023229ac799e5fcca4c18b8264473d2c771e033812d72a6bcdca7edf93d89b580e371f1ce0c5091ce37a5d935aab82d5cfbb4a280ff22ee5039a6,male,private,0.3333333333333333,0.2914572864321608,0.0,0.59,0.00034467120181405896
common_voice_en_25028016.mp3,d45d14040e27c3eae278ac9460c5f41e2bd0758c8d519ec7aeef1ce756ff0457306c28c53be6a2aa8b98f6e974d9e51cf6f5ac7cfe23080c78743f2e6f443454,female,professional,0.020080321285140562,0.0,0.05,0.0,1.8140589569160997e-05
common_voice_en_28002440.mp3,c11ff62e3f3f63af7082c64fb3c21a5ac76ac6e847c96eea7bc2271ca0b81dd6e1f5c135adcbb400dd45f3744bc1f575693452137feffa8787f1aa9da6fee2e3,female,third,0.17269076305220885,0.20603015075376885,0.0,0.0,0.01797732426303855
common_voice_en_29829159.mp3,9154f99fa204cbb6cb3a73ba2f5381ada7eca1caacd507e25a67de7da3b71fd55adbd254b64fb66b0b677d9231574b1bfd37db50e7053584a5d5185ab9c8a672,male,population,0.05622489959839357,0.04522613065326633,0.0,0.0,9.070294784580499e-06
common_voice_en_22976667.mp3,3822cd4630c89edeac00da4d3b539a5e1cedd4bdf2ed11be7f83b494df4c5361234423af978ac47693eb1cee25f8edfc22264427b04b4b0bd7ae712117b9502a,female,place,0.42570281124497994,0.39195979899497485,0.0,0.1,0.0004897959183673469
common_voice_en_30726760.mp3,26a04aa44d9a8d795e2e675eab7c8f9184bfafa6d232c1652db40be2c379b5c7a7b66ee41eab71e36551633a5140c24604342f7271c77b6f13d2b3daababdd5f,male,helped,0.024096385542168676,0.020100502512562814,0.0,0.0,3.6281179138321995e-05
common_voice_en_20779011.mp3,b62a6f1a528c059996af3ce3deb658c2a3539d0779f51ead2b9ab56110402c2e45d876da97437a073e414cc9ece7b1cfc921a4a73577804b0cfcf77f67a99237,female,include,0.0,0.0,0.0,0.0,0.0
common_voice_en_17251480.mp3,03f6e1034484df6f837e0e5cd52e662971779097ac46d8cf0aecc0d3deefe47ca23c068e32c0a394a0259cba6c22cffe8ae7c667c49552a5d18c7422fd5f8156,female,waiting,0.0,0.0,0.0,0.0,1.8140589569160997e-05
common_voice_en_27603662.mp3,b768b87daed4d46a15b05f037c9a4f8e71021daa67107983e4865e35ebf402b0d2ceebe29adc2bd0798b9d9c47aa3b98b55511770cd9c57a66b7a6fb49b440d5,female,father,0.028112449799196786,0.0,0.07,0.0,0.0
common_voice_en_26243585.mp3,80bc7f7ed5c383dba0902b8bad214957a0d8d3f2dbf2cb713f2980bc04b0a8b53bb08f2a7d74785eab7104b18a7e11e571f172bde0daeadae025d70f216185e5,male,river,0.0,0.0,0.0,0.0,9.977324263038549e-05
common_voice_en_20343661.mp3,b53cbd7f15b78c7a1b44cedf8194c56af735fe09f4b39302171700844fc4e42fe1a3931bb5b4792fd55fe06151711b1608d68a6207a365ba37e79df6cfadf290,male,however,0.17670682730923695,0.22110552763819097,0.0,0.0,0.00028117913832199546
common_voice_en_18404321.mp3,f748c3446cc12be48e26ebea896c3422ed8c447593cb4ebea1b829cb299d1bd5fb6d9d0b08be0d399a19a66dc5241d83603859cc01caa939d3dff5059e02abce,female,before,0.2248995983935743,0.1658291457286432,0.0,0.15,2.7210884353741498e-05
common_voice_en_582755.mp3,31d508cce8ac0d31371f016070b62c98b8627bcd3a81b1fd81f8988be27d5b6330e32ba175383b510635922805e8f5298d9e31f0a8208231778c1a42890ffe0c,male,yellow,0.17670682730923695,0.135678391959799,0.0,0.0,3.6281179138321995e-05
common_voice_en_19003145.mp3,b7f319c40ebad0359cd35c72911e5a631dec601f1a4caf5981a73f7297aaddcf46e61e6a9c6e99d4090261935c81199c0ac61cd83dd73b9d37d7d7b754285c23,male,another,0.0,0.0,0.0,0.0,0.0
common_voice_en_18894654.mp3,3fa2cec1ee25d05514e7a84033726ff31aba69b33f0cc84e8c36630dbc221e71e48319dbc5f576cc63fd7d599c04a08d7743fd92fa7279673a7dc267ee0ca450,female,local,0.004016064257028112,0.0,0.0,0.0,0.0
common_voice_en_19817199.mp3,69f16b15d5ccfd15b1bd3ed4efa0627a80d51609950c9854904f34c711cb01c5555785b2d2539c02de41b4d306fa87125aed83983b57e2b8a8fd034f59ba44db,male,related,0.0,0.0,0.0,0.0,9.070294784580499e-06
common_voice_en_25067430.mp3,3aacc035f8e3915006ac9416ea0ad9111d0b6a593f309e508c01fd5458bfce7a3bb3ed79036b16cf51a862dcb7dc182e843f163406c2a68645b22dc69aa09da6,female,museum,0.008032128514056224,0.010050251256281407,0.0,0.0,9.070294784580499e-06
common_voice_en_18987690.mp3,a64af495fa3190704b1c76c3c043eac34195045a4b2920b3d06cd400a1617ef0b92ee342f7f0b18a149071863f7a6769aa77091c1c86f89d370cec55864ffa75,male,students,0.0,0.0,0.0,0.0,0.0
common_voice_en_11017398.mp3,cd1bf51894fd3e7c8a5d2e2a637b0fea18d1137b5ddd16b6de8277ae3b50b978682c4735dff76e100b9090411bf0e7ca5d59f2d3076464951330a63f5bfbf289,female,thought,0.22088353413654618,0.09045226130653267,0.12,0.43,2.7210884353741498e-05
common_voice_en_147616.mp3,5f047713c8bdb300204b259abe32d12fcf660d9a2cc190b3bb5520d11149e42fa014dd345e5a363027c7e44c54b2855883d1e39562744ed33a43d38d935a0832,male,behind,0.0321285140562249,0.020100502512562814,0.04,0.0,5.4421768707482996e-05
common_voice_en_20065042.mp3,e2e1b23bf620cad4c3e746aa5dee5cf37354850bcfd20163e8f9e9a0cd903afda63c352a542fb4ebb4d69ab19227d6c69bed8aaf60413f601701f73e14c13860,female,issues,0.012048192771084338,0.01507537688442211,0.0,0.0,0.0
common_voice_en_23583679.mp3,6ab60565d3985046cef7487cd638e3ac2d6f6d1cfa1662b55bd2d6e1d66bca00025d02babad3d05be65792320188fc72511d69da1a08e7b9a2a7d850c3f43eec,male,their,0.024096385542168676,0.03015075376884422,0.0,0.0,8.163265306122449e-05
common_voice_en_19617334.mp3,8c8f8cc5b43a443e9e8e8baef56efb4618a27ee103f6dcc5632bd9bc4fe0251ca29d1b83703686c9fb7a2255dd3cd1b7130294580cd04dbbe45d3a0a05b400eb,female,middle,0.10843373493975904,0.010050251256281407,0.27,0.0,8.163265306122449e-05
common_voice_en_25983852.mp3,345ead41094d4bf4aae58398d87ab219b6ffd948dd640a1a2a4da43e2522343c539d11a27052a9cca1014b590e440971db0710852df02639dc9f3d304469aaca,male,writer,0.08433734939759036,0.10552763819095477,0.0,0.0,1.8140589569160997e-05
common_voice_en_37642.mp3,a5944f35ee6196d2ee455e564647693e38402cc6e38b831de1f0859deb52cb8b6059d937bb1afee3485470165901fe7111390a6fa09e7aa0fcc73056fccec420,female,bright,0.3493975903614458,0.36683417085427134,0.0,0.0,3.6281179138321995e-05
common_voice_en_20089390.mp3,1ee8f5caba1b3a9c0a1dda3b9f7fd396a4f6139e63f4594ddb6aac203d11676e9df61ed4b0e4aaa2f152cab9b42fe058aa0fd4504526044a7e17a628ac7817bb,male,night,0.0,0.0,0.0,0.0,0.0
common_voice_en_22434475.mp3,264b18f8b1ebd01cb4e58d0bcf6293c8fc1398d0e942a38d87a934dee47e449cde694cbf13d014a38dd102f58fce564f35d96c76ef5e4f703fc594b35f1573a2,female,would,0.04417670682730924,0.005025125628140704,0.07,0.0,0.00037188208616780046
common_voice_en_30785992.mp3,76d71f818650776c4d4f8149ce0db5d98ba960cd3657b85bf256319129350c88e3255657b835e602582165ae3f4e498fa2efe86f9cf558431832816fce17fe15,female,known,0.14056224899598393,0.16080402010050251,0.03,0.0,3.6281179138321995e-05
common_voice_en_27065063.mp3,2f32184978c349beaa9d4d2b1582a1c9787d532c34370a2ba0b2ccab5e58812481130fd3b09afd9c9765bfd4190dc8436e2fa8c31bcd3312f366713ffa6638ad,female,created,0.0,0.0,0.0,0.0,5.4421768707482996e-05
common_voice_en_88392.mp3,3e322ee41be675879ed9c704d43ce20f7cfbd73d0cf4ad1c6a54690e65e1083922c86ae1e0ab51c86ec50879834e8387035bd21be1dcfb68ea4176529561157e,male,we're,0.42971887550200805,0.4020100502512563,0.8200000000000001,0.0,0.0026122448979591837
common_voice_en_19621663.mp3,fd82d179bb6260acadd3da9ae3d12d366d633d5a73335566ce83f7b91a385735b52fe94e8a83c063254abe712b15f0cacee3f3cd6a625fd1ceda1c46b44ca743,female,after,0.19678714859437751,0.04522613065326633,0.0,0.0,0.0
common_voice_en_19324472.mp3,01e9c673851556f651d3ead43652f4f89f5b14b90e4cdef26b400f8ed93bcb77b642a52826a19accf8ce46f875e1ce6790f862a7b681c6856167d52d898b5c5e,male,through,0.0,0.0,0.0,0.0,0.0
common_voice_en_19635926.mp3,d37a58fec5683ef75487ef2ebbb41b584f207ded8ad71b27d31eb17ed6bc9af10e9fa5c5979479e791eb836aa779e312d28d19ea6f47cb412a17824fda5cb38e,female,become,0.0,0.0,0.0,0.0,0.0
common_voice_en_19703285.mp3,d7710ab5f2615e1c4d154d46e266730122b122d67f11fdbca8c8b7dac3012274e9eef646bf38c72d591ea56f9beba1124f5225ee32f63b68d26b2c4eb0208607,male,complete,0.40562248995983935,0.46733668341708545,0.0,0.0,0.00018140589569160998
common_voice_en_18893031.mp3,9440142e79ae592c0176f53606791e6ac2fc91add0c9956aca40c1f0dc3fa1c64f270495d38c522b6e7b34306af053bf311c2e7ee5a62e4083e4990911c92f7b,female,language,0.08032128514056225,0.10050251256281408,0.0,0.0,9.070294784580499e-06
common_voice_en_20801377.mp3,65663e5c7786de8d909f1c3a068cfc8eeade0a9e69494cc61e5412960d1bdc08e1f015f2c0d91b9adf635cdb6fbc9e42f60efa02f90790b3c0f0d76aa71de666,male,metal,0.0,0.0,0.0,0.0,1.8140589569160997e-05
common_voice_en_25944752.mp3,78616d469e7e77405a03bde1fb0035eaae583b94c33ea2ef9b32300f15b72008cbd35a49c88dc07174e06e349bc21eb0520a41dea5545351d499921ff73e5590,female,complex,0.012048192771084338,0.01507537688442211,0.01,0.0,9.070294784580499e-06
common_voice_en_19310876.mp3,ce4cb565402b68ffd5c702f85cde73187380a0bd071884343932be3fb24c0fb5e48cd0b1662e76907ac489e6ff63d7b7477ed97ab2c0214436e1acf4012cf770,male,children,0.0,0.0,0.0,0.0,9.070294784580499e-06
common_voice_en_19599235.mp3,924e5e5d88a0180fb95cdc618d9f9f19bbef13097053c6e5968a79ee93dfd9197edac55f614cdae43a2caec371de07797e48516388cd6cfefb5a0bbeefd4bb6d,female,table,0.2570281124497992,0.1457286432160804,0.2,0.18,0.00012698412698412698
common_voice_en_464682.mp3,aacab77e030331ce1fc8505150e2907fda872474d518cea30a3f155d8fe929a254e30e6b53d023ce98213c43234e807439c2811f208ccdc01dc56a65c998091c,male,their,0.11244979919678715,0.09547738693467336,0.0,0.06,0.00047165532879818597
common_voice_en_22772718.mp3,c35542c1ec68c2d2578c005d729b09b50d6fff64c8bc9e3f149f0c4c712b765f92933dd726b8de1cde4eef1dfd107c7a4bd0c66542765d12cd81ce8e0d10c6e5,female,music,0.0321285140562249,0.035175879396984924,0.0,0.0,0.0
common_voice_en_19655265.mp3,83619b4c8ce062481ef3ce720ae0e98daff68418db6acfc4376f54a51e8ed13d971a100fc7ef8b30257dea5f29bcd0b8c232611a0bb7807707dd7ce5a0971f46,male,number,0.0,0.0,0.0,0.0,1.8140589569160997e-05
common_voice_en_24986009.mp3,d53b904d3a9ace2b6c9c8e34a566144eef619d56f520384f6748dc71f04b768d7f904cdc3fd2201abfc9b6d905c9c2744c8855b9778349b61629785fcb7c2bde,female,species,0.020080321285140562,0.020100502512562814,0.0,0.0,9.070294784580499e-06
common_voice_en_17280438.mp3,a87aa77a3ecc997ca99280123fe4ffdf50debc456c13720febd128e0cdc6bc62887da82dacf1a83d92267f8a350b65372b6cf25a0580037136c855d60fa9991a,male,without,0.0321285140562249,0.04522613065326633,0.0,0.0,1.8140589569160997e-05
common_voice_en_19701593.mp3,51bc530801ee0f826c8fde9584e8816425f491e5082f34b519a5208cc08e61da8ce1f72229c6082ccf83dbc5aaf6275fc5f9395d800019c41bfe8704cf3594b5,male,california,0.0,0.0,0.0,0.0,1.8140589569160997e-05
common_voice_en_598372.mp3,769022141d5a4d2462fd1e6b8a1257f2bbd693958b11a187250491524965489bce14fbe55fddf3ab6097bbc92b29a75d73020e8c1f5a7376654b1c2012be9716,female,outside,0.004016064257028112,0.005025125628140704,0.0,0.0,0.0
common_voice_en_19666547.mp3,40300f137c1dcc89aff2dc15674432b77be69b8a77dd3336daf452b4719354c62a5590060adfdab0b02d6285446d4e89470e9b2f7b220b13a61c97ba29a30335,male,called,0.09236947791164658,0.04522613065326633,0.0,0.05,1.8140589569160997e-05
common_voice_en_21112321.mp3,022e400c703525e7e786dcbd9e516b3c463e304b80a01d717536e07de648c21ac884b6a4ddd43b34e0d57a960180cb4b432189186f36009fd292b39076a2c404,female,service,0.2931726907630522,0.23115577889447236,0.0,0.17,0.00028117913832199546
common_voice_en_19627215.mp3,c99a0723c91ffc89024c99342eef57188de39a83d0236e6b20a63565350d982f505373f446ec7264ee776606f9b53044d15e4006afe451880418ba1f2c9fb7a7,female,period,0.3534136546184739,0.3869346733668342,0.11,0.0,0.00019954648526077098
common_voice_en_17505354.mp3,8d0b003d968216c0b59619985a9393b2130fa00c2f38b6aea989f18ecc904b4c9b722db2c2d9b3306e401d2496fc096a9f2eed8675772f8e0f5ecd18abbc1081,male,experience,0.020080321285140562,0.03015075376884422,0.0,0.0,0.0
common_voice_en_7910451.mp3,a41252b09bcc346ec0b81990e15bfdb1487e1c2d94c94c77055b482873f35eba1db8e4cbf04a9a456813a6c676912420c0c1542f687e1c0c19150d6fa61c5b75,female,always,0.0,0.0,0.0,0.0,9.070294784580499e-06
common_voice_en_22707753.mp3,574d720c5f0b07b7d49e4adf04e49700a413cfc99e1d1898c378cb13f670f13bca128a3f5c630a5b17ba73da1a40fd606b0788eb0ee23f6d8d2748baa397247c,male,appear,0.008032128514056224,0.0,0.0,0.0,0.0
common_voice_en_517341.mp3,2cf3b617accda8a646b170ae033c11081b72a14929d241d58857c62ca851162c3065e21910418d783027c0bbe41651bd5d6b8715204ae59cc175aa79c0261488,female,changed,0.17269076305220885,0.1507537688442211,0.0,0.0,4.5351473922902495e-05
common_voice_en_19476399.mp3,57ce2620f300179d00e613aa3d1d8b0694cea6d8582b374c4f459af7fa13614724b28a451e25a7b9d1ac9de806f39a189682025a06a597b5cac6b798d0538d17,male,provide,0.024096385542168676,0.010050251256281407,0.0,0.01,2.7210884353741498e-05
common_voice_en_20829944.mp3,db62c877d5905317e82033419291f6c36c435110c13e4752f3c10107b042842a47d1238bb529f8933a0ce70033483055cef5d145e9cc1dd07a7840ad04096e5a,female,after,0.004016064257028112,0.0,0.01,0.0,0.0
common_voice_en_17418149.mp3,bc819decd3f31fa15815f53abde060ed01354fb2966830dcd8b542ca6bd655875e83b3fc274cad002fbfe71713fc68190dfaa97ef499ea6586bfd5600bd7250d,male,rather,0.0,0.0,0.0,0.0,9.070294784580499e-06
common_voice_en_31219216.mp3,366a753846275be279eda9ca2cbda6b54abfef3e22d2b66f252c39722de707e9859e6576abb45f36726cc8291e71aaf5dfa6cbc875f68141417a2666b2263778,female,before,0.020080321285140562,0.010050251256281407,0.03,0.0,1.8140589569160997e-05
common_voice_en_19317306.mp3,f54d0d5be18d303eb8553f053fe4ddcdd08e01065362213e418a8d91b5e1c1ed7bb87cfc8333ceeb861341b053b7241614eda495009c4333788ce8aa13b14ea5,male,include,0.21285140562248997,0.2613065326633166,0.0,0.0,8.163265306122449e-05
common_voice_en_546317.mp3,8bdd1750c4c379a5c9d9c2dffff5156a9e7e3959f84b2b4fa910ce8d4e6db62ab5bc7f3371d7a52e5b24ff448557426057ff44763842c3f880cf9adb3ee0641f,female,against,0.0,0.0,0.0,0.0,9.070294784580499e-06
common_voice_en_754279.mp3,fefbb479c7e7678b96d7f4fd41efa34e02c2407f3a6898c13ffab61e957f01aab9ec05fc9d858c3c325511fa6163073441ac77cfd924d42765f3b57ce3d44d0c,male,covered,0.30522088353413657,0.271356783919598,0.0,0.27,0.00031746031746031746
common_voice_en_29241719.mp3,56bfa7ce2386024d79d85b99277b82997097229015d12fbfd7d141357b4b4a2cfcac39be10115c39174e6438ff278388a59de95be791a2e23fb28a337917cf21,female,difficult,0.12449799196787148,0.1407035175879397,0.0,0.0,3.6281179138321995e-05
common_voice_en_25379738.mp3,02258fdf6f0c156d74159731ece778925171859ecde3a5364d82bfcaca1e156330343aac33223261c752f1a58709b09976eedcab6c38c1f05c2a55eb65529b08,male,shape,0.012048192771084338,0.01507537688442211,0.0,0.0,1.8140589569160997e-05
common_voice_en_76961.mp3,b805860bfd45a8278ab5fa89eef5cbeab57a48c0ca7cf95f24d9e1b4bff27ead72ef7a604c5a0a685274f7f994923aaa78a992b39404c40abd27284c9f69c302,female,along,0.3253012048192771,0.22110552763819097,0.64,0.1,0.00027210884353741496
common_voice_en_19847564.mp3,37944dc901fb6f20d92b5e6ac2c4f7d6a0d54156f983e13c9b321614e5f608429a03568f091cc61beadfc17960160c7cfb1b3a92f367d0b41e79c6f18d910559,male,located,0.0,0.0,0.0,0.0,0.0
common_voice_en_23618758.mp3,f8a82e32cac6f085935e02db3e1ba01bdf54287c1f3eca72cee797e35f58cdd030f1e42fff8114d937e66d2be9f0f3bcb96dda8cf48205e64b0400a932f565e9,female,offer,0.04819277108433735,0.06030150753768844,0.0,0.0,9.070294784580499e-06
common_voice_en_19732392.mp3,d82395e3347f226e0764ab9f3a03119c4a6a2ec31629a808ba30f539b433bff3bac469f4b7b9f782dfae9c055266352a1023f2f662a4efbc39ba4b00f6081d60,male,another,0.0,0.0,0.0,0.0,0.0
common_voice_en_43925.mp3,41ab8e6ed77ed71c5db1f557b13da98e701593c82b2bc63a06fceaa0dd8ce0f215ca8fc05dc00ab59e4ec3fcf05f30efb078476aa8b8a3cacd79cc6fa0b4899a,female,thing,0.0,0.0,0.0,0.0,0.0
common_voice_en_25746808.mp3,e09802b86c238433c9a92ff3a8b971476352f89f67b34a558b553cba5a5fa4d8c3d70a1eab116cf3b8cadaa9bc0af08d97b8c31fefe01ab6134c4b47f1d41e0b,male,named,0.1686746987951807,0.11055276381909548,0.0,0.05,2.7210884353741498e-05
common_voice_en_19570751.mp3,ba398921c6946ae302c9428e3399eb95070017b412e5886be77bcc12389d682ab347148fe098b3e44a4a28ec3957c1e33d7316add71f23737a661acfcd6e71fe,female,world,0.0,0.0,0.0,0.0,1.8140589569160997e-05
common_voice_en_25234745.mp3,4408571797172eaf75bf546f029d7d60ffb054143fa45cb1ae4d4789dfa2311b23aa6783bb51e45bae88be70d128975f68178a9b7453076dddbf2cca792a5f0a,male,especially,0.1686746987951807,0.19095477386934673,0.0,0.06,3.6281179138321995e-05
common_voice_en_153192.mp3,fbb2f4e4b4f1c8c8ee7d161c2afe594ec33c2323f6c7f7022dfa7673f4d3d76b15c02e2c1f9c5b00385965cf23168cb12daf5d56c42154952384b7284789d426,female,there,0.0,0.0,0.0,0.0,1.8140589569160997e-05
common_voice_en_18839990.mp3,51db6b5cef3bd87c99c34be6d8b5b094f94e743c24420d332dc42a40c7f97a481cf62f38ff74aadde707b58a6d4ac6b86493bdb6f5671c97d5f5ecef51f75ed8,male,language,0.0,0.0,0.0,0.0,9.070294784580499e-06
common_voice_en_684601.mp3,45f21028ba7507b4cf4c3e068ff1534b88d7823166f79313c1d61b7dc3355ae1173c0bfb82add3f3d6ce2eb55badef82da1750eb32460ab2cb74cb5b6092e9e0,male,outside,0.0,0.0,0.0,0.0,9.070294784580499e-06
common_voice_en_24271262.mp3,0b7d8b4b462f637d357c1450ba47a3566cf602b3a722b34eef1ac3312b5b4da535f9daffca0ed1aa21e8d268aa961d2a8133b70443ac8507ba33b2bbbc027728,female,available,0.07228915662650602,0.06532663316582915,0.0,0.0,9.070294784580499e-06
common_voice_en_518020.mp3,f2a1ba57344b05e86bed79328b36674e4325f017cf982cc1cfff3d7156cc89602e02a06e6ba05db66aa07722fa9f49ac9b87dd30697e8d3393aa87d19baa339e,male,doctor,0.3293172690763052,0.31155778894472363,0.0,0.43,0.00023582766439909298
common_voice_en_107916.mp3,1e96e4da92f5ad7a12b21e433d0465b8bc50e14d8da7f1f0e7bae2a15ff6443e2f244d995e7969deb2f6a4a0cf06fa4fb629e247c4815fe3e4e80ad25247b55d,female,anything,0.10843373493975904,0.11055276381909548,0.0,0.01,9.070294784580499e-06
common_voice_en_76733.mp3,d434933ec2de588b32fe98bc80fbaa0c0acb149d9ffc10745ede19ecee99d9ee8144d0f739500c481ba0b09cba693364e1f86025b7ceaf5abb61785eef79f17f,male,leading,0.07228915662650602,0.04020100502512563,0.0,0.1,0.00021768707482993198
common_voice_en_23636891.mp3,8957fee35759336343d9d3f448f3740e8d9d29032e6760a9d1956029d9212d611c2d3f4ced73f707c58eb4239a115c54c4b342618b4626da84c12e21d1352613,female,local,0.0,0.0,0.0,0.0,0.0
common_voice_en_656638.mp3,ff7feca57510cbc4fcaf8a91154d6ebb4dfa8857c157ad7594ad113fe56fbf468bada39d367046a555a6a00bcf1c14673df8bf917c994dc13c84d38c91b312fe,male,leading,0.04819277108433735,0.06030150753768844,0.0,0.0,3.6281179138321995e-05
common_voice_en_27611851.mp3,adcb10f8290bb67db0774aeea024c73784aad26b38cc03c615988edcb3c573c4ac29e79913fe046d9f2629523361bbbb584127ed973b5507c40806ed7d8f89fb,female,thought,0.028112449799196786,0.035175879396984924,0.0,0.0,0.0
common_voice_en_18998756.mp3,ed75ae53db41cd7048e3de0469acaed9128a80e2686651af2e5a992af203768521afec500de0dbec5adb55edffe3f10ec1c1fb042f03142a511d3c57261a3b96,female,however,0.2570281124497992,0.19597989949748743,0.55,0.0,2.7210884353741498e-05
common_voice_en_19749268.mp3,307193e8c6c217799fbb31920ea5491874b77d037c6df3c55fe167d248ce069a3c098378aa22c72f71903f30b60569559171889aa7aadec9fee4a905bd330fd4,female,study,0.0,0.0,0.0,0.0,9.070294784580499e-06
common_voice_en_20703241.mp3,2a3f77ca432e0ceaa318c29163cb80973e027f093d94194135568b84e747aa7d44d7523155d98fdc17395880d72c17e77a4b0d5cec5d19c15a104f7688f5cce4,male,location,0.0,0.0,0.0,0.0,0.0
common_voice_en_22816275.mp3,24f83950cfdd16753b44961c550b8a6de065412c05128417b2335dc54bee94bae25afa870e9632456ff8bb2bf244882b3512f233edb0580c234198455e579d88,female,formed,0.0,0.0,0.0,0.0,0.0
common_voice_en_385592.mp3,40e2eea58145526cddbe869a81dd73b13f2aff14acc934c22c105dd9b51e149e9459371eaf94c859fda7303b2a5b43737f235bfb1b567cdac189d4db71f0713d,male,short,0.27710843373493976,0.15577889447236182,0.13,0.56,0.00022675736961451248
common_voice_en_17361123.mp3,10bd7090a8bee0edbbfdfcaf92e0d97dda9ad0422b5bdf6190ca8f1f757390d21f8fbde8499c0e95059e21978d37a0dabb3cde9160dc56c19badfa21ee2689b1,female,young,0.028112449799196786,0.035175879396984924,0.0,0.0,6.349206349206349e-05
common_voice_en_208221.mp3,089ad5d06cfc233d80806fe2505221f918c0f2aabf7869102360380c400a96cb421170f01a5693b7274b4921dd0f9c7b6ce77a28ad11d08cc561ff98a139cf49,female,their,0.3413654618473896,0.17587939698492464,0.35000000000000003,0.46,0.005759637188208617
common_voice_en_19526859.mp3,b4d84da28893d974f362342c48ee5a47e13dedbae4a28abdfdda40418f90badcffa8a5ab75ec6944e12bbe68dbac8d97eb08736fb30cbcf80baac5d2fa2835d0,male,described,0.040160642570281124,0.035175879396984924,0.0,0.0,1.8140589569160997e-05
common_voice_en_144135.mp3,6a2612de2f5397b0f3d665d0e151cadc649c8c9a24e8268d74cc3a79c6c67bfda6931d1d4a77bc5150fea0befa1c3aa19493d2082a2a49086a1f5c09be52ac53,female,because,0.028112449799196786,0.04020100502512563,0.0,0.0,0.0
common_voice_en_18829187.mp3,8321aba04b58cf146bde621f03b0275213e3b70b475d5043ec36a3c7e0b3cb6480288b13c9e2971c49e37d8adc8169e356b1fde30fa019b175116ae361fe6769,male,related,0.0,0.0,0.0,0.0,0.0
common_voice_en_18181307.mp3,4d19485fb7964d500abe0b232a39829ba3a4246f90c9527983d355e61cb47dfaf7bac0a6adcd996fc37035d4f25898a9a93a57069c1713cdcb16853ce1fd3d17,female,called,0.3333333333333333,0.25125628140703515,0.12,0.6,0.006630385487528345
common_voice_en_96830.mp3,3091fc27a0cec5d352e103d9040fcacb3ca8d3a7c1b3283b998c8b2831a0f2e053fd6f6921534715ff2fec271a1b99a0b38ba10e5f20f2bac9a67f37d2381ef2,male,those,0.004016064257028112,0.005025125628140704,0.0,0.0,0.0009342403628117914
common_voice_en_487261.mp3,b1e9edb9bc93345ed4d429d2c2efcd38361d9c4cce1412d09c71ec4ff3e10865231740637ab29376329c18070f0394b42eab4300c2a6ede6fd9eb12535369d69,female,there's,0.0,0.0,0.0,0.0,2.7210884353741498e-05
common_voice_en_17263008.mp3,4bed800735a80eb6dfae2c4aa31c5bb4141d8c2390c753df1cce474fcdaeec91119c2704a19ec79478a0757ac1da774f88c1f3ed98784771dccc2cc9f0ae4170,female,that's,0.028112449799196786,0.035175879396984924,0.0,0.0,9.070294784580499e-06
common_voice_en_19106360.mp3,582815260858ff634d8f41dccc7e0a5ba6f59a6084ce21bf80495cecb038285d2b181a90e46ff14805e7b93908703d1ca6894b7c09ec0eb37ef46cc79427999e,male,which,0.21285140562248997,0.2613065326633166,0.0,0.0,6.349206349206349e-05
common_voice_en_25966162.mp3,14bbf87ca5201a0b24109291dfa96f985c05bcb3b5551f948c078e0d7f01c76c5dfc7945d85d4487fd6ef3f52684ec6dcd6b1792253944877ff092b0695f314f,female,winter,0.07630522088353414,0.09547738693467336,0.0,0.0,9.070294784580499e-06
common_voice_en_537440.mp3,d6100f00304daa0d58ba475616fe73d9c887678d8493d1a336541b3b6361325e3bf683d6cf3e1be5763b09e411aef1cc7fee9d28aaa7b5eb695de857f5c26962,male,desert,0.01606425702811245,0.005025125628140704,0.0,0.0,2.7210884353741498e-05
common_voice_en_18639828.mp3,627206218dee6f3251dfe4088831157ee734fa9eaf16b3d0ea64542ddcb13007ad833a68d50b69998e3115956d86d64e189cdd19d9ca5541383a84928dc680cd,female,stage,0.0,0.0,0.0,0.0,1.8140589569160997e-05
common_voice_en_255534.mp3,052a589e28a2a21c2abeb896d35034d39a7fcea94d141609d29d4fda689d832d8dcbecd21d9fb77242d741a0c704abc8357bae28d2a8191f6132b82403dcf388,male,doesn't,0.07630522088353414,0.05025125628140704,0.03,0.0,4.5351473922902495e-05
common_voice_en_19159367.mp3,e26d042cfc0084720c5ebefd5fa67f4c62b5f851cd6f36f64538cbd8f9b178158e5c8cd52c6320581282a6f7ea271c4c6c2b378603703bff1a6a767973a25253,female,union,0.0321285140562249,0.035175879396984924,0.0,0.0,0.0
common_voice_en_26591237.mp3,9f5ccc37f6d56023d5ae7b7ece7a415cacfcd450c7aaf5f0c08ed3ac3361d5b3194393abe12e9a119ae744bb6f4369b98ee878b9ead4522d90d5824ce0a062a9,male,originally,0.11646586345381527,0.05527638190954774,0.0,0.0,7.256235827664399e-05
common_voice_en_31828214.mp3,ac14b6f52f3c0517d54ce0273ece948756b1337692c7a58dc7bedda480c208c8f03f1cc4fc19e5edf7fe2dce16c967b132d11b065f0f98da2640b3db2513d1d3,female,often,0.3373493975903614,0.2814070351758794,0.56,0.02,0.06337414965986395
common_voice_en_691369.mp3,909a2e6f0e168f1da613f89c8f39b104f84b5eef004e6f82dffe065107198d2fd8bf890eb2a26ac0dfdc6a9a98cc4e6cc0dc01a8be989a3a386c51df14c56f4f,male,studio,0.1646586345381526,0.08040201005025126,0.0,0.25,6.349206349206349e-05
common_voice_en_19232079.mp3,2ef186e80a12a714d633bdec0e3f9c9ca5e87f4c75e1f81d05880ba05ed0c46bbc0b133451c04e97b48c4b0de66ad2e4efc5fc1d227848aa2820059de911a80f,female,never,0.0,0.0,0.0,0.0,0.0
common_voice_en_22038815.mp3,c0b20de7c5a110f9470f42b786f4e41633a7e697bd2274eaee69c401f4c3d6eb2d8234852748a24bb6842b994b23a21536116ac82439cd88a6cefef2c99eb338,male,stage,0.0,0.0,0.0,0.0,0.0
common_voice_en_18068470.mp3,a4efb9b0f66c17224d2a301e14a861a10418dc784b603382b38ac7c72459e9a7dc99b0adad7e19ef9bef6872b46e2c973ac6e23fa93a41fe7a9da490a55228d9,female,first,0.3293172690763052,0.3065326633165829,0.0,0.2,5.4421768707482996e-05
common_voice_en_17288050.mp3,f0a2a7230586d8668d4c5ffa564eaae30cbce57329249883806c9de1b058c2bd9f75095be19cadb9a1dc274f5accb66f2f9540b93d14d5cfcb96d6c030a4d373,male,clear,0.0,0.0,0.0,0.0,9.070294784580499e-06
common_voice_en_22858237.mp3,5b9d24fcb6bba52efa48210fbe10a1a41a60ce1c5035f5006186f2e2b5fe02a7e391c72a8fff75ae29fb0fb9fc040cfb872c9489a260dd0a36b51da0f3e02f0b,female,number,0.0,0.0,0.0,0.0,0.0
common_voice_en_19276048.mp3,d806a645940fdb3eb8acba25d3d09e8ecb89cd4416d0bcaccffdb906d594d91264cedc40bcfebb1d4484970f269509d0de5779bad18ba10b2771659023dd6085,female,during,0.01606425702811245,0.0,0.0,0.0,0.0
common_voice_en_22748029.mp3,ecaedf12377f286ff0493c0d22aa13d5a257244bb0127ef64519307bb9af5eb7051931c015d81c7e9f043936dd14ab2ee0b96e4d06fa2ce5bd598afadda51e21,male,version,0.0,0.0,0.0,0.0,0.0
common_voice_en_19648410.mp3,df731f652026a3cc1a1a572a65d0d465a1c105989a4de2cf2ea59669059da60eaeb87b5e9807634a39b381b4f66e4eb3950e7bbad7481fbb401a46c72e2db521,female,after,0.0,0.0,0.0,0.0,0.0
common_voice_en_26988331.mp3,c127090a8261671f4e68cc31639996579099a014bbd65dc05c580ea8961637ae6978ac28c265bbba5145400258f062bf70f582aac610a13525cacf73579563bd,male,performed,0.25301204819277107,0.19597989949748743,0.28,0.0,6.349206349206349e-05
common_voice_en_19159531.mp3,8d2faf64ce87354abc29c6cbd9ab32b97f11ba5deddf2dd11bd69b61a8e9be911dd9b2721808a22119437203fc5abf9e98e4a8f637413dc0dd1fe9e7a29cf7a5,female,water,0.0,0.0,0.0,0.0,1.8140589569160997e-05
common_voice_en_172964.mp3,f8ace2dae19b876f53fd3b9af776fc109c909098f7d94e3da07b1482ce22ca5c5518431364347b76179933c044d79fedaab813d3a610c4b7039a54deffcb43f5,female,would,0.028112449799196786,0.035175879396984924,0.0,0.0,1.8140589569160997e-05
common_voice_en_25333869.mp3,25fdcdb28f13d4a31842aa3edb4da72e999080192e12df168123ac1012c88a96cc7db925618282f6d6c3e86d77ffcc4cb82b1ae7fa3e6791a0f6bc9277d15b63,male,region,0.0,0.0,0.0,0.0,0.0
common_voice_en_9253.mp3,f1e179887b4a3b540769eb03d5d30185537d37eb2fd6f578f59d3f1f718f931d4f9c429b8a1c89b7b439cfae22c5aa9170f3420d8eeab965e695d2c89fc945b7,female,don't,0.0,0.0,0.0,0.0,9.070294784580499e-06
common_voice_en_188749.mp3,49a57fee4449ac59bd62c61ae2dcddee4008a0c3666fbd57ac7a9562b2d237cca2e383b7ae6587a6ad51ecf3071f22effa4c1f4beb9e62721a00f353eb371c98,male,talking,0.2570281124497992,0.22110552763819097,0.0,0.0,0.00037188208616780046
common_voice_en_586042.mp3,98f0c0c42616d160ee79a738dfcb9f880b32c8ca0f6e99391e9a21b1ed279b5a4705fac6966b70c2145708985f935b4f2b3892ff33987ac8d48dd7547534b2e9,female,night,0.028112449799196786,0.035175879396984924,0.0,0.0,9.070294784580499e-06
common_voice_en_19346852.mp3,da4bd5bc7a79e8f1140a50f2abecb7311ca2aa154f7fc5787b4b4956d5fb6bf3e9cef15b501cf9ba7c4598a014627aafe5f0a372eca6b867ddc8493ba5dae292,male,known,0.14457831325301204,0.10050251256281408,0.19,0.02,9.070294784580499e-06
common_voice_en_19965788.mp3,ea34f395c288abccb22c6e2505de08158e9d0800a0917a2f77adebcedbeee982fdf02a7178dbe8ad9fe385fba7dc7d5b41ec7ec27c65d4222609665c44fc2793,female,activities,0.0,0.0,0.0,0.0,0.0
common_voice_en_62608.mp3,0a0f10d1306657ff2506f99a92144d8f01895d0a66b6fe29eb9e0ddbde8ada1a8dabbdc3097eea128493b5f313991d0134988ecc6389491c00b660f4bf19f827,male,front,0.0,0.0,0.0,0.0,0.0
common_voice_en_18515545.mp3,0bc4bbef5975c4574929e7c9ada9e1e69e79ad3bc88d0abb716319778f006b814937b9de09d306f9cddad9d262b15636148d47ba7bd98e764cf1f7e5d523c150,female,could,0.0,0.0,0.0,0.0,0.0
common_voice_en_21971784.mp3,a7b706154f6e03be4be0fef6eb0a8506a1a9ae8b9c37e693bee9fe6145b57f4a23a64968557ee2562218bde582835bd54a2a5d8cf3421b98112a7073bcee2c22,male,united,0.028112449799196786,0.0,0.0,0.0,0.0
common_voice_en_23755604.mp3,79b1e252b06b3fcc78befc04ca2dcd209063e5fd847ba1e8ebfa571fdbf3ef70101e1327fd96438c5d3227ece44c0d67609fbc6a17bcc855f4debb8c7db2e58e,female,design,0.060240963855421686,0.06030150753768844,0.0,0.0,0.00010884353741496599
common_voice_en_17830229.mp3,c8cf00b3cdcb24fdcd4da1f694e26378a7399917addfac9ab12d6feb57da61f17a152bacc2ea3b605c75142a0d2d62298fc229b3e31b418f0afb893e746c1415,male,gives,0.01606425702811245,0.020100502512562814,0.0,0.0,1.8140589569160997e-05
common_voice_en_170137.mp3,c79cca7d4c2127ae9a701febbb70a6a67975417cf081587b35693f0d90245c00a68de59daa3af7798bfd7df858f7e1b43acc3ca7a6f2419bdfa14ae128150d0b,female,before,0.37751004016064255,0.2964824120603015,0.6,0.08,0.16202267573696144
common_voice_en_17284255.mp3,41a772e076498390042db7ca9219cde5bd6bacc715cba221a726a85e5a1367a5a570dddba9481574493fe34a1093a75c11efc6bbbe4b6cc4c53404aaca326aeb,male,involved,0.18473895582329317,0.10552763819095477,0.0,0.37,9.977324263038549e-05
common_voice_en_25795258.mp3,6e2ff91f3e012dd2a075a23def2b36dc47bf6ff2f634a6397142d8316b48f9fc8efca1dc03ed6550bb5f948115d4f2b6b9166e07311a2f07f31153c38dcacc03,male,placed,0.11244979919678715,0.10552763819095477,0.0,0.08,9.070294784580499e-06
common_voice_en_22957691.mp3,1cc7a140f6a476872ee6e13f51e3517176ddd9711481a90f389b9a9b13baab0f21f22a803b9a50ce09ccd217c4b15bc522cf268dcedd463252474ea839f52ca0,female,country,0.012048192771084338,0.0,0.0,0.0,9.070294784580499e-06
common_voice_en_19569647.mp3,1498235430b8c7e9bcf8c7f7aaa237afdf60868b72906a45d0c13f51a4f84a458628eccdb64359830bb71bd1deaf74b5f49e6f7c68376540ac3e64caec92ab3a,male,player,0.0,0.0,0.0,0.0,1.8140589569160997e-05
common_voice_en_22045924.mp3,6296811467713ab3d812c1fba1342d7709d5fc98da36529b6690db5416e9dc562b17d2ead48a177bcbf40fb320a8e9bb88a514fd1abef074322f6d85d4ed2a33,female,produced,0.07630522088353414,0.08542713567839195,0.0,0.0,1.8140589569160997e-05
common_voice_en_25255649.mp3,191c10ff59690e7cf1f1cf25faa9e4573fc733b2ee0fce42c9383e550a6f05c5065628fbcc99a4c5a98cc12fe014136c6ff4026c0a5141813ea7ed585bda1907,male,except,0.1646586345381526,0.11055276381909548,0.0,0.14,0.016988662131519273
common_voice_en_20250688.mp3,da578437f389403e908154d0f04f982d13f0e62974f2c02b76f30b4ca7a2795754c448b81cfda60bacf928f6ba600448df6afe78bd773191b68048dcfad70c49,female,believe,0.0,0.0,0.0,0.0,0.0
common_voice_en_21643461.mp3,922644204f95370951ca0e608694e7adb8080cf4e4df3b78f34a9e5701a3321f69249a3acd98fd02d35279c9544f7d76084a138c37f2d95d5bee123d11bcb0af,male,created,0.0,0.0,0.0,0.0,0.0
common_voice_en_27422818.mp3,a5742028da918f3b5f6157bb001cbbda80f7b0e01e0b03e297ab2f8f6765f8d2445037592beadcf5904fc39871cc1b39d10f6dab09e7ec3f9cd521c045575f1a,female,great,0.024096385542168676,0.03015075376884422,0.0,0.0,9.070294784580499e-06
common_voice_en_26272203.mp3,7305c628c301d8dc7dc8a0800942a6d466b3fae01eede5e3c348093b73b16cc2e2ab101eb07663d1862cd096503679a65fdd0923b277bba4684768d2dbb8b0f8,male,personal,0.0963855421686747,0.12060301507537688,0.0,0.0,2.7210884353741498e-05
common_voice_en_19623502.mp3,4d2ac3aa0e560e02a1ab4d30f3cb483c3f10267d1f593763c57d31fab6d9f04233006ab05ab45819e11d84612fbb38bffc12213d1a73088dc1f12db648799ced,female,first,0.08032128514056225,0.08542713567839195,0.03,0.0,0.0
common_voice_en_22216006.mp3,203a7ad5617f002bfd89689498d053944333c24b4ca35930f8ed352941b2cbfd30e789046caaee8054bcfbba74ad521662094194042c64f199e0d5913d559c99,male,created,0.004016064257028112,0.005025125628140704,0.0,0.0,0.0
common_voice_en_18106785.mp3,a50cf2467be05a5b58aaed67cdb3179bde4f10258029c1c1cb660173b1f8dfb71f871734f8b37133388a1bd278c0fb4df197a9a926e9ee88cc397ce0847dbf25,female,before,0.0642570281124498,0.0,0.0,0.03,9.070294784580499e-06
common_voice_en_25199303.mp3,22e4a847ad421ba52ed6eed8665bd6ac03ad309ee9024a18cedf589de9e8fbe5ffccd1704cb9ebec3cd3af461860d7497701f78b73238f41124cc00a68d4d4fb,male,system,0.04417670682730924,0.05025125628140704,0.0,0.0,1.8140589569160997e-05
common_voice_en_18531642.mp3,fcb16bb0d63a8ef9999d7f8c2c0667ed7e9db67563df59de1b7141e6f2ce845c2a58a894f82cff24856197c0da92efc1814e95ddbe96742ba7809345705d8b87,female,another,0.0,0.0,0.0,0.0,0.0
common_voice_en_19499257.mp3,2292dba82fe46955d8b0ced9e5c95ce18e4e6a2646fadfb0d6ae6ef21ebaa69bc1f42a7de432f69c6d1c73ffe7630f3a1acf1f45b06ff46df82c64518a0f3e6f,male,established,0.0,0.0,0.0,0.0,9.070294784580499e-06
common_voice_en_19951628.mp3,796909b03466a31874481b43211a28572b657e48c9f139bc4510170ee196763726a0453ba8ab066f67cd2395b4b9c47d640f9b95daba5eb8d8945ad3a89da2a1,female,hospital,0.020080321285140562,0.02512562814070352,0.0,0.0,9.070294784580499e-06
common_voice_en_19246933.mp3,44ad5b3563685aed14955f7b7864a5cbadb7aff73420372e40bc2e9c94acfeb2f517919e451e7a90b0c63208d12aa7b385919401d3b96785a61f7e578d3fd009,male,issue,0.37349397590361444,0.3417085427135678,0.0,0.91,9.070294784580499e-05
common_voice_en_20303502.mp3,fea45a794e9acdccc08136471f8f72a6843f14e7d15943bfe8324464af424d1a69927d4814a259dcb9237369cdb3a701af28472dbead087d05302d5c37e84e11,female,board,0.0,0.0,0.0,0.0,0.0
common_voice_en_22728557.mp3,0e1c9ecd4befdcf4049fd26a524bf26ed727a5ddf38852d3e00657ffb5b902bae1b0efa20e95bcbb5af714a6a714db21a20ef875edb259d2f52d8d4607afa685,male,public,0.01606425702811245,0.010050251256281407,0.0,0.02,0.0
common_voice_en_18664770.mp3,4dcbcad4784e1ed4ac8b4ff5041d6563a4715c625ebbbc049b4ad77c30bf8cb977caf1642d910741d6ec38dcec1b7595f3d78b0e0e6910180e33e8df9354fc9c,female,hands,0.0,0.005025125628140704,0.0,0.0,3.6281179138321995e-05
common_voice_en_21050808.mp3,de1e3f1d60fa89fd43ba9e235e81b3d1a2559221ce345bae0a9893d76d1401c2c232dbaac1d82af2d43d21aaa834fb4bebad6003d34a72cc7b26460fd990c162,male,political,0.11244979919678715,0.06532663316582915,0.0,0.1,4.5351473922902495e-05
common_voice_en_25783289.mp3,87b42e85779256f12cd8467a8790384f4d1ba3aa2c3821b798e151f94702c8fecb77a8f125195bf02e72b9c5cf01c3d6ddda5e6d3aa87b4bc525756a8c2b8807,female,returned,0.028112449799196786,0.0,0.07,0.0,2.7210884353741498e-05
common_voice_en_75204.mp3,15a58b55cd8096b4b028949ec33204c5c5106f9518eb096ad3e91d03bffaacce03211cf100b1f6b4aa9212f7da04340ac85ba05a3f0becd17e0129cbe668ff9e,male,people,0.008032128514056224,0.010050251256281407,0.0,0.0,9.070294784580499e-06
common_voice_en_19945992.mp3,4162406059901aa5b265abf640437e310ec675c531ecc974449a86976f2947d4de7d0b630289d5ccee264482aa5f87ea157391393a0a77d1085a61555f9996d4,female,political,0.0642570281124498,0.05527638190954774,0.0,0.0,5.4421768707482996e-05
common_voice_en_19757703.mp3,a9e011a05fc41ded5e1ce6e159b731d355150f3351c1d29a7b7a197858b346062cf0d1cd731acff2af8a116c88ab3dbf7116756155eddaff03ecf24cbbdef347,male,state,0.1566265060240964,0.19597989949748743,0.0,0.0,0.02673922902494331
common_voice_en_17451095.mp3,1dad193177f363aa413c79bf4b0ca588a426590eb37b20bb054f6395924b1838a2b617eca2c8efbf82571ffd2d68e128571c5caba8fdda46dd5c2a90c173ba1e,female,small,0.004016064257028112,0.0,0.0,0.0,2.7210884353741498e-05
common_voice_en_27794264.mp3,782a2cadb4bcf081a4abed0b88e0c1b126580739b8dbcdd251faafa7ea3f3b1c996bff9274cb184e76d46c15864a58ce58b8de8234bf2a9ace94dddb0cddd917,male,named,0.3373493975903614,0.2663316582914573,0.0,0.72,5.4421768707482996e-05
common_voice_en_20189050.mp3,1f150fa72ab4ef621c4294d6a1ac26a477f4a8b88090c9560a07086a823090bd820852a2c23c96076c62baf2e5479183f58d0257aefc2fc8ee49d0ee724b6d6c,female,practice,0.03614457831325301,0.04522613065326633,0.0,0.0,0.0
common_voice_en_17273915.mp3,97fcff8298fe00988f8c692f778151b4010c9a828fb4302ab7c3374a91b383d67d0e01ddfc5b8737a21ea172b8fa36d2a54a54b7d1215b1eb61901b272aaf1f3,male,being,0.42971887550200805,0.3065326633165829,0.45,0.19,0.0009705215419501134
common_voice_en_27438021.mp3,98c0da21214904b7b527ec2bc1d54340ebb98ef89ff34956f57e8d5e5ddb4699ceae50369887e0600f7e396bdca8be76c31853d1918aa2ffdf44cdbf7f0850a5,female,buried,0.1566265060240964,0.1507537688442211,0.0,0.0,3.6281179138321995e-05
common_voice_en_62860.mp3,ed51535b78dc2b6c75204c7ba28344e3febf0f2b7cd254785b3db9c824353c0d8ecaf7ee0522ee7824a33826adede4ddb93a9933881d56fa44178003ad70cd13,male,course,0.004016064257028112,0.0,0.01,0.0,9.070294784580499e-06
common_voice_en_19724834.mp3,79b95b909d6a5bc9390f813e502b8106e85de8e03405342cfcf1b1950c351ca772eec97744c76006599229fa70c56c582f4b4b8501febb6267797c5a810cc613,female,sometimes,0.0,0.0,0.0,0.0,0.0
common_voice_en_17292265.mp3,7be9237c600b3b71c821ebe59cc4cc020a1d14130ae59a88cf66e1c66a1b58df1ce8477bea6287faa70002de989b0badd97496b6fdb73aef0c2dde1c006e41a9,male,alone,0.0,0.0,0.0,0.0,0.0
common_voice_en_122149.mp3,06925e266598e13114d8e90ac950a84d1700960885b6090259377456cc63e0c1935b7d9dbf5facd5e0f81277bed59a6e376e60e5bd88bf85d02d2a1ce2dc4d3a,female,without,0.13253012048192772,0.03015075376884422,0.04,0.09,0.00042630385487528346
common_voice_en_22084659.mp3,672f0062178c101e32f727f3e9fd65bcd03e5fea5e67371bb430adcead9a4fd2ceb622f0a69b892693bec855fedfccd726c37ab833b0aea7815b0ff031e4ff7b,male,official,0.08032128514056225,0.03015075376884422,0.0,0.0,5.4421768707482996e-05
common_voice_en_27478580.mp3,ab7953296af5b707eea6c1fe0e2d6839f42b38910e33a650e6c065ffc626942161f5ef9c90d529184af957b02c50f389e77ce599b9bda543762028c261d8ee9c,female,first,0.20481927710843373,0.23618090452261306,0.04,0.0,0.059718820861678006
common_voice_en_25152256.mp3,b69e010df6113e5d308dc62955e0f00639179e3f7074a50ff065d102adab88d624810f4c5bb6e59977dd65ba69bdff66ff08dc72ff47bd0dbd8dace3e3c392d7,male,built,0.3413654618473896,0.32663316582914576,0.0,0.0,0.00013605442176870748
common_voice_en_20694279.mp3,78cb8454fcda374dd1cc0450a2940d2be2917d3c558b004ce2019e68f096fc10f19cadf42db626ec4be1ebf0c311ffdca51752d6d190656829e13948140c9aad,female,china,0.24899598393574296,0.19095477386934673,0.0,0.33,0.00028117913832199546
common_voice_en_19715726.mp3,51d4ee6c711035936dea06d1623cdbec1dda8385621179277a0037bfec649d07310baef36a6633da9bdade8e8bbe132b41f6af5b2630d9f5b42e9c07d8106718,male,river,0.0,0.0,0.0,0.0,0.0
common_voice_en_21369379.mp3,c3c8a443f408811c01ad3a93c5efa1e3ad25394188cee1ade28096db353aad7538bbfe13923665e5fa4005a7a3111ba5d39d1e8bcf1db1bffb238ca61f251c45,female,africa,0.10843373493975904,0.16080402010050251,0.02,0.0,9.070294784580499e-06
common_voice_en_203136.mp3,6388508a5aacd1fce927dd78223129e69aae8b789ca13428e47d9a4d691758658f5f69503286f0a59c90796a29ed2f7178939109938d8478b905a3d209e20efb,male,can't,0.42570281124497994,0.40703517587939697,0.9400000000000001,0.0,0.0030294784580498866
common_voice_en_167240.mp3,5c50d0ed3a7e8370ce29fe9dfcca2ac7523d4b66360fce66f46585b16209c792503dcea81688b023740a415ad5fdcbc387f3e3864bc6d4bc715b5912305f5f88,female,woman,0.0,0.0,0.0,0.0,9.070294784580499e-06
common_voice_en_22961315.mp3,044e388aaa65555ec14ad2dee06a1958ca503b1dbc68e402ac4eab5ebd7ded7568557c7f4b650b3eb4cbc0c10e7efb2b1a6fb4d79a08223f47a54df995998e9a,male,important,0.09236947791164658,0.0,0.23,0.0,4.5351473922902495e-05
common_voice_en_23711935.mp3,0f4cef0b2d4a5f36e173710ece3843b801e7f66c41e30b3b67b74aadc2303795f1b6c7a6aa8e4c13194db16bd3c9b512ac9e4d82d2496889e4478bdf2b57df4f,female,finally,0.0,0.0,0.0,0.0,0.0
common_voice_en_20239066.mp3,8d0f9abe71739015ef1bad7efe521e64b83e6718e0d21b104a37a94367ef1149c4fd26aa0a85ee7ff64ae8fd1707f3066a70c918548dbf5c95ab409733247bc1,male,decided,0.17670682730923695,0.09045226130653267,0.43,0.0,3.6281179138321995e-05
common_voice_en_25503133.mp3,f6fbe981d1f5d3994dd03ab50a5819c5417b2fd0b9a75378f6299800220b5e7fcc246597179982820f756c6c64f3afe5ca17b521e5ae68786cb2127111eab5fe,female,however,0.14859437751004015,0.19597989949748743,0.0,0.0,3.6281179138321995e-05
common_voice_en_18128755.mp3,1a89d88e5613b49b8ada61f3f2012ceb01ca9304c37739f9f4466d5ba7dee91b22f0b3669bf3a5d265b3735e6a66155d146b9c2a9ec44fb60e5880dcc20c444d,male,written,0.08032128514056225,0.005025125628140704,0.0,0.14,9.070294784580499e-06
common_voice_en_19602138.mp3,a1fbd2ae803c628e641a53578dc7c1dae87319532623c27a4312aa6671a50b4a8c85df32dce95266a5a8a3dbd8991c89ef62e344114f0ebe5550dd594b9c7e75,female,field,0.10040160642570281,0.12562814070351758,0.0,0.0,9.070294784580499e-06
common_voice_en_18856472.mp3,2b70ad791942839fea1aa223fd4e1312db716f483901a2b09a105296815817a756494627f714bd3936932dbe0f28aba68af02263df529735d4b180d9b16d333b,male,located,0.26907630522088355,0.20603015075376885,0.0,0.29,7.256235827664399e-05
common_voice_en_20975555.mp3,94ab786f72a037281a4977e8c1ed24eabb76c88d90e96c9324ef5dc5f0b480a77eeae13c77d124d0cc4c996ed2ec968502ec782f32131aa48aa70100474a83a8,female,works,0.0,0.0,0.0,0.0,9.070294784580499e-06
common_voice_en_23835357.mp3,2fef24aa921b5920a7e8f780b20df9e8fd24e5b1b5cf20c162b69e0283183a453dd9106ca2cd8768ff4d0760f6804c4c5760bdafe72ea21afdafffa6b9906533,male,house,0.09236947791164658,0.04522613065326633,0.1,0.0,0.0
common_voice_en_22194268.mp3,36518a4744a1ad9f88b8d49228940e18b1136584aac20776d71b4188d3eafe97d6776d1d69facfafc45f1a40956eea1b90a56a189fb76ac982ef74d0af8afb75,male,another,0.07630522088353414,0.09547738693467336,0.0,0.0,3.6281179138321995e-05
common_voice_en_20991629.mp3,85292bd37de17d2e32b3e458c1bac48be6cd7754c0b941cb570348072070ba8dc4f202f9f2b8b30ad20f647e212e7f036e321b9d0c48aca0a7b0a4177493641f,male,later,0.0,0.0,0.0,0.0,0.0
common_voice_en_23626366.mp3,8ad208400d4ce42d96ecf41cd4566f4f0e2dc875b716489cde98b35595af2f25f2b68fb0feecb19ea28ccab231d7c2a1df3e087464301008536116a56adacf78,female,german,0.11646586345381527,0.06532663316582915,0.05,0.06,0.0
common_voice_en_537865.mp3,6dcca4df178f49130349c5756eee44028f4eb99937a60117c6629b8613032383c092d77433b00df7df887aed05aa734ef858e48837c95fcde9790725acdf8bcb,male,group,0.0,0.0,0.0,0.0,2.7210884353741498e-05
common_voice_en_19687856.mp3,88c7f09ac0766ab928c8d29e278cc92a00fe1efba561e7318032b84bfb6d7fb6800a52045e2e70171817f23bf32a95feca7aebeef346c09d698a64580c903f2f,male,believe,0.012048192771084338,0.01507537688442211,0.0,0.0,9.070294784580499e-06
common_voice_en_26787132.mp3,4da8a4538646df7a39ee47e1d0d5ec7c457dbadde8df4304b9ce28ad4a7438a9f96d078ea9b7bbadc96ba1489dbb19424dcf0a1fcf7a6d54557e9f78fe7842da,female,direction,0.08032128514056225,0.05527638190954774,0.0,0.01,9.977324263038549e-05
common_voice_en_24042228.mp3,cf5bd7fce9a12d7b6b99fd763551cd3dfe1924c7cd088ebaf937f7d41b90af3ce4b2a7c393e26245ff71b91aa075036ab39d0285b74f25be25c9cdab2d59b914,male,period,0.060240963855421686,0.04522613065326633,0.0,0.0,4.5351473922902495e-05
common_voice_en_28643748.mp3,a536377e3a904dce7c59b22758249b3425f350e8f908c96f9186a3864e842ff2492c04be8ae5e2fc104be78e96975546ef1a5278dc9d28a6a1b651d99b5231a1,female,their,0.3172690763052209,0.2663316582914573,0.0,0.62,0.0005351473922902495
common_voice_en_19953309.mp3,f1c528c4d22fd176e6e8b30984d2efbea928a22b93975e6937df97c6bfd2443bd157ef65a666f51807a0dd97a75b636919adb81c02f0fe9b64d66cdddd6d1db3,female,include,0.04819277108433735,0.05527638190954774,0.0,0.0,0.0
common_voice_en_17268582.mp3,577ea2f07c83e2cb541d3e3204a6436f0dc75b1d45dec5b5577e14210ba600c59be0a3aa874dc8e6a45efe9fbac8c828f006c2af34c74b17119dbd3a6923a832,male,played,0.06827309236947791,0.135678391959799,0.0,0.0,2.7210884353741498e-05
common_voice_en_23893772.mp3,13fe2d4194885cf2a467daf7cc262b38df8bf3091d9c2d68ee3ad6ad42b0485484155c849badc52ab4b245afc1781168f9c01fd416e364138ef1d17669174cf1,female,simple,0.13654618473895583,0.1457286432160804,0.0,0.0,8.163265306122449e-05
common_voice_en_20303851.mp3,06ba1457e5a973568dcf7af0af84ff313008530f1e5477653919618212bf3a0f06f6c10543b7e604f9d5a8d4775233fe1a733604e15d945bf57cb6962557e898,female,other,0.0321285140562249,0.0,0.08,0.0,0.0
common_voice_en_22957890.mp3,3115f962e20d500a324cb9093353f3222250f6335ac4dc2589fadee3e7c743a2e1749685508c5b864e3345c0ce297e0fcb2e32b61f55353776165b6f1d41b6f5,male,location,0.06827309236947791,0.0,0.17,0.0,2.7210884353741498e-05
common_voice_en_17267488.mp3,48c605d61b5295f8b4efdbb1eb61529fecad3eff93c969b472cbb596a854ecdfb05bfe2378d5585f856bea5fdf92a191677234145fc0992eb5188906d5c401dc,female,place,0.0,0.0,0.0,0.0,0.0
common_voice_en_21829717.mp3,9512ce701610c86108d16bfea418d204afa210e7f6c75d42db9a6b51bec07e9eb09bf98ef5aa04b604915b8c111d85fc0ec4470033196a59f34be1b1d6c09030,male,enough,0.040160642570281124,0.02512562814070352,0.0,0.01,2.7210884353741498e-05
common_voice_en_20008988.mp3,35e58563e557f0dfe291ee299ef4811df8aca681270d43678097f6a02ad51b51aaa89577a2d93c05270eb48f212b11ed622cead3762524260f33740a0af7f689,male,france,0.0,0.0,0.0,0.0,0.0
common_voice_en_30121828.mp3,a27d5b86d9a642209f74545b12078c4cff5ff19b4f69287629ac097db6d7762cfdff1d6a1a7fbf08093b0d5eba2aa8062c12ac896613609b14b4c84c028a4888,female,northern,0.01606425702811245,0.020100502512562814,0.0,0.0,0.0
common_voice_en_22723427.mp3,84011026a6a08b176b04081decf7db663d83d5e8aed0a2bdf8d8c06772335ca21e4771f2b61e78994a3a477da13c61fc4db7245acb78b15fb7ea6ed5e32feb72,male,royal,0.0,0.0,0.0,0.0,0.0
common_voice_en_19651068.mp3,c07bccffc1482143c10f64f0288a4c87532af5c1cf8fe54e391ba7ebb893b047e0cb55ba215c3884c282ef6757abf28510920753844998ba8ab845cb4c754d8c,female,other,0.012048192771084338,0.0,0.0,0.0,0.0
common_voice_en_25141402.mp3,5caaad495b1790a4657ae685ce17d6242fe3ccda3dd9cc70a2c9f8e6db178f04f874eee921edb2f5ac45753b5997ba84f4d3dc340c5c90b6072bf5d1b188ba78,male,national,0.0,0.0,0.0,0.0,9.070294784580499e-06
common_voice_en_19719606.mp3,dd64c5c699017f3e15dc9e57a0ffcd2ec2fb1e469616f78562a8423387d307fd5363767a09605c5db1c8af8d65309a8c70976cceca5179e602ae817d69ce7fe8,female,reached,0.12048192771084337,0.11055276381909548,0.0,0.0,0.00035374149659863946
common_voice_en_19610669.mp3,5da30886189a7983ef33bf81f6a032aa47e60bab31983c23cd371a94b6e9296bd96443b70fc6bfeebafd217dcfa5d256c14a4bc027c070a4b6ceae0904def83a,male,former,0.14457831325301204,0.1507537688442211,0.0,0.0,9.070294784580499e-06
common_voice_en_278367.mp3,c39953b51ddec5fe26c62825a7608218fa95b5edc653883822ced99d9eb3492dce9b5cb3a50a84a92a7354c8061ea13eddc4d5d27ab61d6f8f0f40e4d5b4970e,female,because,0.028112449799196786,0.01507537688442211,0.0,0.04,9.070294784580499e-06
common_voice_en_20003476.mp3,cd034797b39681db5e3c1e5bf0bf94617acc37a4dba1fbfcf0a5703b160442ffd3726762ce7d641b4736d18d5acdde7a81021aad950019bcbca7230eb1c4f25a,male,business,0.17670682730923695,0.19095477386934673,0.0,0.0,0.0010612244897959184
common_voice_en_26601825.mp3,9cb03653a5746d8019d9afe54e3d2b43600a57bdca425b9a1646803f9a85958174e57d47ef65b804353b8be18cbac631a4da5df161bbace92b95d82eb9d134c6,female,association,0.10040160642570281,0.07035175879396985,0.0,0.0,2.7210884353741498e-05
common_voice_en_19678470.mp3,d44af52f800f3044acadabb9ae28e41c0bbfdb9a2e8cd61d914923478a3aa4d7ac9afbd880a38d3ff9c45f3c8f4219aecaa6b26157ea7d4b4e4889a75b028eee,male,following,0.0,0.0,0.0,0.0,6.349206349206349e-05
common_voice_en_18457777.mp3,58cf5c0ff03c770d49f10036d7af89c8a00036a6ec334468064e4cca341c959c682481981570417a91f2c091cf9d1f2d7bab60c9a799507e2a25e24d42380f41,female,minor,0.2289156626506024,0.16080402010050251,0.0,0.53,0.01614512471655329
common_voice_en_17533552.mp3,bf32877b196c06d93818367f1ba0e963e120502b0b4dc662b42f7d4a51f991183a3750429c1db08f0a389df08e2208a97f2b58555258dc072745ece75590c7b3,male,planet,0.012048192771084338,0.010050251256281407,0.0,0.0,9.070294784580499e-06
common_voice_en_22023797.mp3,cedcdd0d269a2517efccdf4f3c74a5f03716abd0109fa6b9806d70d437b4d982dbdb9366341f781628f92245bb384088b92217998ee6353282cd9bc49ce296cf,female,three,0.26104417670682734,0.20100502512562815,0.0,0.43,3.6281179138321995e-05
common_voice_en_8603.mp3,84a5d9948e75d459229a62c37a28279166b13a2c32848146c01ceb4de68a88a902da4ac55f3d664f92921e1b87dd9fa2e76510916061d3d5bed5b56d347ce99e,male,friend,0.11646586345381527,0.08040201005025126,0.0,0.0,4.5351473922902495e-05
common_voice_en_18335379.mp3,db754077734c754e22bb7c6c90ea4fac2f6c4af4fe32282ece61467da4a465c40ec2e22de19ab78b0d0eca3f303575d191b779674bd9c9ee4084910306a97ee0,female,failed,0.0,0.0,0.0,0.0,9.070294784580499e-06
common_voice_en_19340432.mp3,d05a38b7dea49b0c2d3a50169f542c884b4f3c2d0f3ce765ce81364b8202e13e821185f46c5b0905c46b3aba82ca3247078df5d14cc82701425222a27c61c80b,male,services,0.0,0.0,0.0,0.0,0.0
common_voice_en_20024324.mp3,5a45c9bbabb112a329c9201a8ec511ee83470af9e094aa99f02b1330fbebf6667e77f3adee8a19c01825d58d1408b69d99b5e71e5e331993d3a521e65fcc553c,female,against,0.24497991967871485,0.17587939698492464,0.0,0.26,0.00018140589569160998
common_voice_en_17387049.mp3,061cce7aef7c3f48fd053b6fa347c308d2d89c5c1c0f16471e29b04e33828527eda69a7fd4f559d7e4d840c2ec7e67444ea6deb13a9c4c7cf85e6877d87b9fe4,male,mouth,0.13654618473895583,0.1407035175879397,0.0,0.0,3.6281179138321995e-05
common_voice_en_15871696.mp3,2516b77f6c37c7316b25e1d3b2e37d5618e53085a330d35e3aa24739b2f8185cde4f789f44c2d08c3868e0c53a224385915174addaed1400a08d7b5745697370,female,evidence,0.0,0.0,0.0,0.0,3.6281179138321995e-05
common_voice_en_24922732.mp3,ce1ab71d5f28393bee048c1f25b023b37f93aedef24c32bba6ec9500a23cb3d13bb422a5b905e4c561c2658d294d1a4c3b19296219ba30fa3acbdc50f59dd459,male,mostly,0.0,0.0,0.0,0.0,9.070294784580499e-06
common_voice_en_659836.mp3,4234fc2931aec859c5b0e83768b87fefb46d9ab7672b282edbab37809c4c33f9c91b98725805eaad5f5c77de6b97560da7b6d43ae006ecfd2640982e0cbfdd98,female,leader,0.28112449799196787,0.22613065326633167,0.7000000000000001,0.0,0.0074285714285714285
common_voice_en_21351337.mp3,040e185b5757323a0a7623cb16ef82a9ecd7dbef152c70eff9831ab354e9b574e6375762a6191900fc3de21872c1b1348d4e686d77ec4484580239652c2876ad,male,county,0.10441767068273092,0.12060301507537688,0.0,0.0,0.0006530612244897959
common_voice_en_18271972.mp3,f4fb2139cf701e17d09e441d4279f214c866d341cb3276778d92cc948653e64ed9eeb9a9f8a068f3edfa20691c97e2223e1f5d65c7572ea29d669d1a6887b1df,male,using,0.17670682730923695,0.18592964824120603,0.0,0.01,9.070294784580499e-06
common_voice_en_518255.mp3,b6f90a9db3114d4fbf94d03f5bd53aa803bfa066820ce1389523884cfb5b1155045257af48c2e94c925e2ed31f6b42cf05e89dea6669cd8863865cc1ab15203e,female,times,0.0,0.0,0.0,0.0,4.5351473922902495e-05
common_voice_en_21887820.mp3,4582af92cad8803f12bdcfcb92a87b09f110c06368f2556c9fda4e5c270a7d1e24bbf7dbe527af7e8defcc6c62065a33176ab3e10bf0e38cd76bb1b439b7f30d,male,several,0.0,0.0,0.0,0.0,0.0
common_voice_en_34207.mp3,2cdf1b14b14f00db20836b929ee5d571e6a704c2a3af76f5940f7acc3116fd4ddec6ba97c369d51d40c8e0c36cdcf347f730b4e84dfff9e36e89e5e81d99a2ef,female,everything,0.0,0.0,0.0,0.0,9.070294784580499e-06
common_voice_en_21314899.mp3,b50bf45e6d2bb2d6c820c1fc9c22e4dd2b97857d20fe5e30352c22041780e5a8bb10b8912b344aaf49aa1b5558ba4d01269a5481a6bc9ea3ec6bcc2aa6cdeec4,male,provided,0.12048192771084337,0.10552763819095477,0.0,0.0,0.004
common_voice_en_176945.mp3,84da424fbe4e2a978e0c6ca77920faeaa787fdb9d887ea789d16ad196ec586a33257d7fa2dae6a895089d3733f8f8e013852a6315b348556d1eb71d20d5d82f4,female,while,0.13253012048192772,0.1457286432160804,0.0,0.0,3.6281179138321995e-05
common_voice_en_18422131.mp3,83cb18f6c16df542e877dbec298711e6c431bd8eedfd7c5792198f8d82f6f1abd721ca953b2cc59109827ab0af1e40c01d9a5579e4250ec800d9b4937660595d,female,about,0.004016064257028112,0.005025125628140704,0.0,0.0,0.0
common_voice_en_17285309.mp3,24e2b9690c87a65fd2401ce4077f094b6e0ace46b2756759f36515684e98235a9d7854235f093247d0598fa721ad0f2dd53951132215c2e0908b6b5269542b78,male,three,0.028112449799196786,0.035175879396984924,0.0,0.0,6.349206349206349e-05
common_voice_en_17920024.mp3,0d7cc07c1537caa161ac8e3086e52353a07744f4f6c2543f68729792512746b359dd64e36271968b26e8e118a29670ccdc8dbb231ddd3695d9af6042fbc7422a,female,without,0.1285140562248996,0.15577889447236182,0.0,0.0,9.070294784580499e-06
common_voice_en_20253693.mp3,841045c58f7952bd4ec9a2117af29582b6a44f2ce56b8a53da92a1128061f0ff7115a969d33f8d489e9a2070ff4af47c5e1d7b8604efcf679955c9f254092f2f,male,therefore,0.008032128514056224,0.010050251256281407,0.0,0.0,9.070294784580499e-06
common_voice_en_19949280.mp3,ddc492a993bf9cc3c650371fcb7cb99433172354a5933c1aaa89d5801d67d436fc8920e41b0a63cc65e5a17fe4e952d0eb0d226baee748bdb2f0bc58d9114b12,female,times,0.0,0.0,0.0,0.0,0.0
common_voice_en_17285660.mp3,ac556f6edf20d0a94db54310f9c7a1e59f1ab271e7dc2a4c873f416ad8823b157444feec8fb47e8ce8e3cbdd80fdbef01b08001e0ac58f332830a5012746469e,male,italian,0.004016064257028112,0.0,0.0,0.0,9.070294784580499e-06
common_voice_en_21508954.mp3,0e3e078c7205ada5d56e60077d388a4d4546e8907ccfdfefb5a06aceda1f7283f6d7675f3352ecdde2b04e8a596077d9010f6c526f448c3e9acb5dbd8d1d92e6,female,return,0.0,0.0,0.0,0.0,0.0
common_voice_en_27694991.mp3,255a6a05a381dd584e9bc362ae45d0b0ff6239fa030204f1e7f59e99a38a3d2d63366c443f15518374ef10ecb366fc678f9dec8898c118d1645989be63da7b78,male,twenty,0.03614457831325301,0.04522613065326633,0.0,0.0,9.070294784580499e-06
common_voice_en_220994.mp3,8d9b6eb115f13a30346187c0835781041d8288b0c113491ca85595d0ed0c512b5c0717d985039f421ccf342e1d5e56fbeae142368b93c60093ba6fc452abf8ca,female,between,0.2931726907630522,0.24120603015075376,0.33,0.0,9.070294784580499e-06
common_voice_en_22236281.mp3,f45af25512a4bee2a0db4002fc11195797bfd1383aacbeca03d3e8000427b138946a2754282edab923d1d3a5fb997e7d0458882544db40262e495ec2eb0652de,male,opened,0.05220883534136546,0.01507537688442211,0.0,0.1,3.6281179138321995e-05
common_voice_en_22932166.mp3,5ac2fae9551f6b09eb80d1ffb68d633660ab3f6963279cef60cbc77e29f7dc5c52b4df72e70d3b123cd0e7d9467f636bda74350bde867f90141e3210d3a1070a,female,referred,0.040160642570281124,0.0,0.05,0.0,1.8140589569160997e-05
common_voice_en_26972078.mp3,55496897e518bda03ffd6563026189db33465abff1f49176e8e1acdf169994a175db79cdbf4e61587708c0f65d9699a33f5622024466e29a8df2abfb455d907c,male,among,0.0,0.0,0.0,0.0,0.0
common_voice_en_23728975.mp3,3d80b14bebfc25a68692eafbe546e5bbabf338f8bc615e44afcb266acfcf91fae1d332d5275e84112101f1d02ae732898132eeff6f38a23ba2ed247694db0e44,male,began,0.3132530120481928,0.2864321608040201,0.0,0.0,0.00019047619047619048
common_voice_en_17250301.mp3,f536d589e4f65162a60dbb149e7f68db5b0b209f3b360660fe182b8bf089b60bab8dc181dc47c453a2d8339f9c00bf15bd816fc730fce468b719867fe50d688d,male,between,0.0,0.0,0.0,0.0,0.0
common_voice_en_25934525.mp3,cb990ccf8d05ec8f1fdad570fef8a08182a9aad17ebe322267d643835d5116dbe5339049fe65ec29ce498fea290df8274d8dc47633529eb22b737d16a2b4d5e9,female,thing,0.24096385542168675,0.17587939698492464,0.0,0.35000000000000003,0.15202721088435375
common_voice_en_4404466.mp3,670a8adc5352c155bb751f33e2027a7e7f70e924c06b0e436b9b22266b65d11d844af367ccebfa495b8421d47b3c0d392c8a8a3f362ea2e97f7bf9dd807669d3,male,source,0.04819277108433735,0.0,0.0,0.0,5.4421768707482996e-05
common_voice_en_26982408.mp3,c2f0e9fa2c26e994d960c52001617fc40362f25de6da9633b77f57ca97cc58f9846057133fa85c769b4ace0771c35095053e282dc8be23c216473ec5602d7df9,female,largest,0.0963855421686747,0.11055276381909548,0.0,0.0,5.4421768707482996e-05
common_voice_en_24753778.mp3,51f67439a26da3caed47b6fc5595616e09daf322cf649d9a3910e5f290672658a387837dbb5c4df4bf1b733b16005697968eee50016bc521f9086894ea57c3ad,male,became,0.0321285140562249,0.010050251256281407,0.0,0.0,9.070294784580499e-06
common_voice_en_24065571.mp3,a468458059ab4f4db90e6a029dc17dd39d18c78c4615f90b912bdc166c818043864b79fac2c6a159e9f8a74d6ab81a4afef4b078fdb3719a58345a8f98caddaf,female,brother,0.17269076305220885,0.10050251256281408,0.07,0.0,9.070294784580499e-06
common_voice_en_507127.mp3,a623ca11c6f76cdec43858cccacb094ad092f32e9ee896244e42e939fc29686b69441456f45dca6be81f216f4b714f89db469521e4a8709d1dc491e502a640ae,male,showed,0.0,0.0,0.0,0.0,3.6281179138321995e-05
common_voice_en_17270971.mp3,3652b16d8ba968931ceef7968865f536aaca2b73976fcc373833f92bfcf6d7a0d8ca6b404eb67b962f20e81f5ff5ff48f6db8d0c34eb76e02189983158a81f3c,female,since,0.14457831325301204,0.18090452261306533,0.0,0.0,2.7210884353741498e-05
common_voice_en_24971090.mp3,2a52f0d0af430c03549878d78d6a55f419e4f6e7ad40aca37833b3f5c7d55f0f46a838bb6484ae6c877b44f48b7027bacd82a300734b12e681411477dbaacd12,male,against,0.05220883534136546,0.05527638190954774,0.0,0.0,9.070294784580499e-06
common_voice_en_17375556.mp3,5b4cdb9374a8bc2b7c696d105ceac89682b5add138fd78e7a314283bd9a8be15bdc1f7ccccb9358f7bda3aa95a7357be95c346c1e5fc389c7de77cda6b1a8556,female,street,0.04417670682730924,0.05527638190954774,0.0,0.01,3.6281179138321995e-05
common_voice_en_648428.mp3,7916841d261e3f80bfe6bca40a8794989572145074953ecab0fcf18b2b8b220bc2000ef28e0c58e03f4d0f0c5fb87112c875d538a6402b1ca01aa28e63a10788,male,certain,0.08835341365461848,0.06532663316582915,0.08,0.0,1.8140589569160997e-05
common_voice_en_20956225.mp3,02891c7f20efefaece0df2cce7f74e0fedb8bd47d2930a6c44b7774e277feb785e4b8ef237697c8df19bdb5f747f2582955a79073d602a21a87fc222316bff22,male,problem,0.012048192771084338,0.01507537688442211,0.0,0.0,0.0
common_voice_en_608392.mp3,68ebee7ef68e0e5755c2152a9b485ffd5ab81e1b1b8d67a729d7390f033f0f7e8402d24bf98177866e8456fa617a9cff3e686eeeacf0c0ff64cbad22137d5c97,female,still,0.0,0.0,0.0,0.0,1.8140589569160997e-05
common_voice_en_19680456.mp3,f728ae5d9580b03affa1fe066a43ea6cddc2cca766f4a4489f5192e750aace8c2c131526e5ef5086746a755de1bcee1418ed0b0ae8bfd02ec3a7617c315a168e,male,model,0.0,0.0,0.0,0.0,0.0
common_voice_en_21293607.mp3,e7290b010bf35d7cd117f6a85b79dd72c28d246ea6fea4b3c81c7c86fa32528c4f7c69d3c2c625a1df5f1f0420b14ecbfcb89a0053db0b855a8384ef71b1b520,female,became,0.028112449799196786,0.02512562814070352,0.0,0.0,9.070294784580499e-06
common_voice_en_20234598.mp3,3640678aadeb49549eb20c96f8f87f1c0f842939df9971af47319c1548e6c46dd8c198201cbf025482b9d7326e69c69c648b49f593eee5c7a9e5344978ff9fac,female,university,0.20883534136546184,0.21105527638190955,0.1,0.0,0.04060770975056689
common_voice_en_21678778.mp3,759def62aea12ffb827d34b3a58dce087c1611d270265acc216f6e657fac0a77efade89c304b06ec339048caa7e4882c0ac7072c02e1bdd22611465f691415b0,female,office,0.0,0.0,0.0,0.0,0.0
common_voice_en_200063.mp3,f94021783882c8a4c932afa458a00020de53838ef38f49ecdbda8a87b5fe2131a5c157c03a616b8d7373d2d6798012c3643dcce93300554861b1f5c672bc9a13,female,minutes,0.01606425702811245,0.020100502512562814,0.0,0.0,9.070294784580499e-06
common_voice_en_180551.mp3,852aa80c353a456cb30af1e418f9a961a7bcbb4ada51331e3b10a158acbbaf55dad906a2adfe601c0aba7cef2d229490a8b6d2203abfa190c2b2750fc61339d2,male,would,0.0,0.0,0.0,0.0,6.349206349206349e-05
common_voice_en_22498723.mp3,a812084d7919d7e01556e659b0fb05fb5771a2104fe3861eff6a4c730670ef4a5b5cbe683a47827f8743f06e7ad919fc71cb04520025843bdda29475bfee6dee,female,where,0.0,0.0,0.0,0.0,9.070294784580499e-06
common_voice_en_26004302.mp3,851689e0d4052b0461f87ab399631120ff5e63ece79a1e153c340a4583e0b1f6617426e31c41490119a5ebced297a36dc110db203b76059eb14794074ab89a7e,male,should,0.008032128514056224,0.01507537688442211,0.0,0.0,0.0
common_voice_en_18931624.mp3,cf3df0b8ae0ddddea61687d02ca6aad3b14008a13e5e2a124a410f4b9513ca5d0ad36eaf049b21bd2a1e068460fff6ebbe38185d17395957020c56d8525a72e7,male,cause,0.14056224899598393,0.04522613065326633,0.28,0.0,0.00019047619047619048
common_voice_en_19706236.mp3,9d6e61cb296284f825362c7343c5a4064596109fb6f70b7f898b29d6190722e8d77b8812daa57fea4c0599e8481d527605e08acacac313fcb94276851f678cd3,female,included,0.07228915662650602,0.05025125628140704,0.0,0.0,1.8140589569160997e-05
common_voice_en_504907.mp3,5e282e3e11172f5cc80fdcd39fe8e4d7fde6acf4de0cbffc86abe295ac22c3558a2426ac52f0c012ae9499ffecf6facee09c4029ecc2c114c6063ca14bc1a085,female,don't,0.2248995983935743,0.11055276381909548,0.43,0.09,0.00013605442176870748
common_voice_en_17257905.mp3,3e4a15c05eb243fe2ec6f4dd4f4d68488264220005f87434697a76d9887969b8a63827d9b4692a673c1a67aa4ae9a20bdaad26f01025bca98455dbb08ad0d8d3,male,didn't,0.20080321285140562,0.01507537688442211,0.0,0.06,0.00015419501133786848
common_voice_en_25790959.mp3,00ac2a807b1e2e8787204a098a2ef1caa848163fbad554197e9c3102019c42695576e5175f950553946c47df70ccd4b932581904a9783a88bb59ffd1726e787d,female,often,0.0,0.0,0.0,0.0,1.8140589569160997e-05
common_voice_en_20309234.mp3,1452646dd810dffb87efc6bfcbaada9f1fcdbb402215fb748b5e97d4f5c275e572af8fad8a2e4e35d175ed61021784f1d5a31d6d950559b050e7b84d0df1b6a5,male,serves,0.0,0.0,0.0,0.0,0.0
common_voice_en_25925191.mp3,3c7591cfd38ca57372c061a4d30c35d68d793e2f33579ad18d578de2efa07d4b855a0496fecd15450ef89f63400ee95bbcd956a72a069779f64476ed32367ae4,female,could,0.04819277108433735,0.0,0.0,0.0,4.5351473922902495e-05
common_voice_en_23964461.mp3,da10f782c53d93ec1dbf793a1f5404dbdfd390c9abdacd218d0c47e2366a569d50841b5ad9075f9b83e2c16b9194ab1be1f91e407a546218999fa14e2b49a3eb,male,years,0.21686746987951808,0.21608040201005024,0.0,0.06,5.4421768707482996e-05
common_voice_en_498273.mp3,5da788e2f5cf461947e96cf84e536f0094fd929170dc559fd3d5639a15bbecbf12cdf953c0721fff23402caa414db099790dd58d75a02e8246a989fcfe0aaa44,male,played,0.14859437751004015,0.19095477386934673,0.0,0.0,0.00020861678004535148
common_voice_en_19946737.mp3,22b23504c7e5774dc132627ba659043b8e981dd5885d715321ce94dab94012fa9f00e7702ce0bf1d2f31693517cdef6abfa05515a1901a3af4ca4d008a9fff34,male,video,0.04819277108433735,0.05527638190954774,0.0,0.0,3.6281179138321995e-05
common_voice_en_17918659.mp3,72be7d87a0fe5a805c48f792fe0395c12afb5b1a3e2b0d736a27c95b0de00c64e75f84987db01b0ebbd352b79a34496f69a58f6586c62314d39eee8e33f4540c,female,doing,0.4899598393574297,0.4271356783919598,0.2,0.88,0.001034013605442177
common_voice_en_20326490.mp3,184f0a20771ff2203b1c8703763cce1aa085694b695f7ef37e6ef229f9cd24852fefbb116983878bccec870811b955f53753dcc505c859a1a8d518b6b9cbf29a,male,university,0.07228915662650602,0.01507537688442211,0.13,0.0,0.00010884353741496599
common_voice_en_28197048.mp3,5e944a29a00ced6b4b7bc29a1b7c94d153837205d3b014156b5ce916a2d392abcafc1564db9c57c2b666b6f5902193348e40fc92cc50a01041b4816349a06789,female,royal,0.08032128514056225,0.06532663316582915,0.0,0.0,3.6281179138321995e-05
common_voice_en_19641270.mp3,363149b55f48ae2be54d8009e900be7bd455a825cb60026212699bce70ca0518d8e1bc12b38626908120f6e914a5f87d1d68df5f3771ff8712d63d134110595e,male,place,0.004016064257028112,0.0,0.0,0.0,0.0
common_voice_en_27148387.mp3,12e8d1a4cba20ed6e33536545b86522ac870d0d1db10a97a85dfa1df69414d3fe3d5198ebc6590d5a850edce9f75936461084a59d2dd951f1e65f107cb38391c,female,saint,0.020080321285140562,0.01507537688442211,0.0,0.0,0.0
common_voice_en_21359258.mp3,5152eb8ca78035e6789ac8ca101fde860dd39373e4dc6d42a0cefabd627fe6d8b6bc478899c8f4af78d3cb73fbf30a91dbb8ad78139b227724ae4865a5131194,female,located,0.0,0.0,0.0,0.0,0.0
common_voice_en_666540.mp3,34c1ecab6b51a7b33d724a314ec0c16a04ff31c41e70ff222f33a10c85dc64148d5a73a9e757c1b6fae536d513b3abfc6c333815343fd6a7062c7ce56b777f91,male,understood,0.05622489959839357,0.07035175879396985,0.0,0.0,0.0
common_voice_en_20002029.mp3,a371cb87cdae688f24d939cc7266fccf403b8b5e49c3206bdb7f1d34ae20aefcf1829613a3dcd3d2c15783823b118d780b8c10b900346d9f99f4102933a5b614,female,music,0.0,0.0,0.0,0.0,0.0
common_voice_en_17298610.mp3,e7a048bd8f445caf4c45aff57e4d52f9ee3c8eda82c0a240f93e25d8326ffd92451668b32973fb571403646514d33d9d5fd304644b93b5b6a840cf1037b4fcd3,male,something,0.020080321285140562,0.035175879396984924,0.0,0.0,0.0
common_voice_en_19708707.mp3,48636700359786c36f680071c696fea55c28d610b519ca634a53c76f3837bb86df738826974217b81a73618dfe78580e8750e4c29a232ed8debac87297b2430b,female,played,0.0,0.0,0.0,0.0,0.0
common_voice_en_17899906.mp3,57426bc95b63e2029d0b34923211b6f0bda6b0f0213384197f031355699beab427d33267a996b722fe6d9a16dadf1818fa2df278f8528469ee75c0000fd4e621,male,words,0.3815261044176707,0.2613065326633166,0.73,0.18,0.00028117913832199546
common_voice_en_20660676.mp3,7df8746f90ffe84974c17abb175ef0b79defd445fd881c3ddcbe78d070fc4dbc9b9bdc97dfa7349eef613b378ee6eed30c96b46ab27552c1790503d546f960fb,male,north,0.05622489959839357,0.07035175879396985,0.0,0.0,0.0
common_voice_en_18995194.mp3,58299639b3be23b9c7a9535d85f5082269bd1e47cd7e8f864b8758c6f271fbee39b97f57cc2626f042942e5a925453e8ced635bc9df53558f6b869104336791a,female,blood,0.17269076305220885,0.09045226130653267,0.0,0.42,2.7210884353741498e-05
common_voice_en_28352659.mp3,2ff866322fa6124cf703b68efb401e92f42f721ed3e3e7270feabe985dcc2ef7ba58cd9d332f2bf8129b2aa919806cd8a21f37d543e0a515711d065fc83eb504,male,small,0.09236947791164658,0.04020100502512563,0.15,0.0,2.7210884353741498e-05
common_voice_en_24991753.mp3,8c626bb949a5be11706ec607752a1d782842df567b5d4011dacd2dcf667c43c455a8f072ece88b9ac6de6769b45bfd92e5222e533da884e0c6b0ead50acca99d,female,numerous,0.0,0.0,0.0,0.0,0.0
common_voice_en_19874157.mp3,4d68710d1e395a46e28f3839038c9f02b36eb8cb5b0e1d34c605d802d6c9940739517b4e4ad935c1c1b14567653ff308b2f531dbadb569c5e4deb657b5fd5547,male,influence,0.03614457831325301,0.05025125628140704,0.0,0.0,3.6281179138321995e-05
common_voice_en_31681671.mp3,c0c0388b504a7d58ffb99fff6d2c7c5fd5e452b42da55405a2f7e23e3696e9eee767208c15a1783696006fd13f7e55a2727fd85c646e075a38ca12f9ca9bbd75,male,christian,0.0,0.0,0.0,0.0,9.070294784580499e-06
common_voice_en_19951998.mp3,97523a4200606e368eb2da98576fa4dfdbcdbd1a4a5ffd16ba5f9278c23f9dde3bb23c2c6ec72f5c7917cf04b28056c14b4dac139b1c745511cdccb09c44376e,female,state,0.0,0.0,0.0,0.0,0.0
common_voice_en_19361636.mp3,eb1bacefa10a5cca1aac4bd04b5be1ca39cc0bd26178ca5d1f693bae6a7bd45bba799f95bb08f9b7b19f86803e4886ef6be5a83b88dcba46571b89b2c31ae367,male,centre,0.004016064257028112,0.005025125628140704,0.0,0.0,1.8140589569160997e-05
common_voice_en_30674081.mp3,4d75d7fd50d497b1a4210309045d4721f821c800c84d94b2b508df56d200d7b8aea98129020a6ce6ff868e99204b6acd160a1bf07e50730d8278d669c9a03a98,female,plant,0.44176706827309237,0.41708542713567837,0.93,0.0,0.0005079365079365079
common_voice_en_26502065.mp3,b132c70d18476edeab789aab40ee5e4a6f701c6d35e5ff8ca7d81aeb10b13fb04728c1d343621086c1c59f104fc8e9e880e09dbc86e6ef272854a81de257312d,male,under,0.04819277108433735,0.04522613065326633,0.0,0.0,1.8140589569160997e-05
common_voice_en_24145649.mp3,4bf179520c8a951ebc731c96fd21d7e1da6954e2d15e9018ae080a96d8a5f30838f79e4e5e24c391c690621f398e7c0ad3d32e856b2dd6467a6315c68fdf23e1,female,across,0.024096385542168676,0.010050251256281407,0.0,0.0,1.8140589569160997e-05
common_voice_en_24718908.mp3,28eb612fdedb9ed34a3e337ab1e37ffbb2cc54bc9eac754d68193dae6476f91b07dc13b82ad0865134cb451c8eca2cae36928ad03bafe72bce6561c40abe403b,male,young,0.1686746987951807,0.08040201005025126,0.0,0.39,8.163265306122449e-05
common_voice_en_21947829.mp3,335b5350fb7aefa2d54dc3a879994a26c81f88de7d7c46a28322a91900999e72ac7aa34a348ed4d4b9dccab8eed3d3e7bdceb9603d2d584fb7b0e0d7bb0805a6,female,people,0.19678714859437751,0.24623115577889448,0.0,0.0,3.6281179138321995e-05
common_voice_en_20679529.mp3,e94662669d3e1c04db5acb7cfc23de054ba589509c5482457f7f97db2c9400941650dc3cab90d59d04cea744d93940b07f6cde762b3ab7ec50e4814fb212b98c,male,became,0.0,0.0,0.0,0.0,9.070294784580499e-06
common_voice_en_19694627.mp3,68fac73a3907fd26da9436c318eab9c266f63eda630b8016081aee33271b4fcc6393e3770efebb9c73e0cfca60cbfc898ad23cb5bca8279d3185f3d0d4e93b25,female,musical,0.1927710843373494,0.11557788944723618,0.0,0.47000000000000003,6.349206349206349e-05
common_voice_en_17717762.mp3,1e7f82533b6dea6f1bc306931d849bc2e90dc89f3e2dc8faf2ccfe122791ea662913b4da03f18908adb7efeae3a67a41c112187cba2fb5cccc745dff896a9f03,male,looking,0.24096385542168675,0.17587939698492464,0.6,0.0,0.0
common_voice_en_19260818.mp3,c1eccc85c3d52e5db2c10f030b24d87bda23a7c3e498c985b09462b2bc6dd814b34f9050b92f5d31fac1ae5827a98088c3f07145b10ff44a9ced6d14623ba7e9,female,heavy,0.0,0.0,0.0,0.0,9.070294784580499e-06
common_voice_en_21637349.mp3,131beb70272441cb475e8fe6d6421b8ea066508f6e4ad0ec8351be421e4f14ce8dac86901e2d94411802b16d8d1680d10daf74071ca8f66549c4652383700bd4,male,previously,0.008032128514056224,0.010050251256281407,0.0,0.0,9.070294784580499e-06
common_voice_en_23777201.mp3,d1b1b76bb9b4e5b1ccad3111aa69c2aa7cd878dd67c070b1fec2b515004f702ebf1004bf7b22a837a29dbda68f7cb682c3d15f058d540bc8fe637d3dcd07e0c5,female,immediately,0.04417670682730924,0.04522613065326633,0.0,0.0,6.349206349206349e-05
common_voice_en_17398910.mp3,ffec76e6d7ece2004e5f9518ac592adad473def4a7cf751eca38b3b661f3a109a728a04b92cffcca328b779c5b44a659f960969fd3c24dc017265a453f38822c,male,going,0.0,0.0,0.0,0.0,9.070294784580499e-06
common_voice_en_17269066.mp3,fae887ce8c2c1cc27207286323c18574bb86ff33cf263650fce8b7c6dcc7b954d08ec1c320fb5553202c5e470f2e93023b8076e9ed5ae4750e6172e753bf2088,female,would,0.14457831325301204,0.05527638190954774,0.33,0.0,0.00023582766439909298
common_voice_en_588375.mp3,0b64cedb9abde3a51be4e679e74e75dc2726d689a370f82d53443b199de885672c4c1e8f0c57d73199cbf70d001bf9f68c15140c687d03eaa60de472f2cd1139,female,change,0.012048192771084338,0.0,0.03,0.0,0.0
common_voice_en_20715884.mp3,f3013beabfc804724a479499efc6618739a6f466025a95f96585ea75fd12f1fe254bede74cc1dfcea04c0053067cfeacdf5f8d4d573bb14a479d9e7f2cf47f47,male,generally,0.0,0.0,0.0,0.0,9.070294784580499e-06
common_voice_en_19596718.mp3,291b26e4dbf84d858408a7ecc87072b2286d30b8c9f5dc8877f50af60e928199731d58439e24d6421eb01d974b93f73a94404b3306cf0465a70c993e3b8ace8a,female,canada,0.37349397590361444,0.35175879396984927,0.0,0.88,0.00027210884353741496
common_voice_en_20283835.mp3,a833bcf03f0f5746542f714799bb3232f7c17fff135e1cce3be9a8524ac0f0897b2fcf9f28b4bc78b46b0f9b7b8b589e04bd1290c837c387fa5eb8c957c8a881,male,through,0.08433734939759036,0.0,0.0,0.18,4.5351473922902495e-05
common_voice_en_19711856.mp3,32a3e167dc3206a68fd07d47885a723661c52f68b14b0081e800ae12a02e91b2670dd72d8ae3531877829abb66eff79045d4a13eac09a66b01758cc4819257ee,male,which,0.0,0.0,0.0,0.0,0.0
common_voice_en_59363.mp3,237bfca8181f9b866520034f9ab8c12df5777db8e97e5f2d9d48f7004b30b736ac512269977000c220951cc4f69bc68326d4b84c516786ec8444a3f1cde56918,female,stood,0.1686746987951807,0.16080402010050251,0.1,0.0,1.8140589569160997e-05
common_voice_en_18848544.mp3,cf0689d6c12574392907afd5f196e801907d93eb18f40e499edbd69a2a8986aef6560f54c0f2b45991d8c1f870f64d86e15cb5bc26573657784c69ec5d452459,male,title,0.27309236947791166,0.3417085427135678,0.0,0.0,0.00026303854875283446
common_voice_en_19663450.mp3,27f40b78539f84f422bfb5ac2871d96c5647a0370affe724085c63c2a5b6e3bdd459f62c65a6953c99cc127d97187980465f8d9bcedb6ab06ca9f7982c208984,female,problems,0.15261044176706828,0.09045226130653267,0.0,0.2,2.7210884353741498e-05
common_voice_en_19254371.mp3,5f28a60bdaf6a48edf0c1f32f2e0e53a6691b7ef907ff9165435d83131aaca7fe373922a1f847d8ab352607bbdc38a26da2c408bb2b068b36a63582e6cf3f64b,male,local,0.09236947791164658,0.035175879396984924,0.0,0.16,0.0
common_voice_en_21637713.mp3,196c89b6b646c813c71edbb62085ee77f31525fce1c864fd97cc4309b97dc599ed75546fc98adb99a8d905bc9c6bbfed56003c9fd4cc1bdeda5560400cd0c2c7,female,political,0.06827309236947791,0.07537688442211055,0.0,0.0,0.00011791383219954649
common_voice_en_4445142.mp3,d7c76b5b3fd5a32eae7b8f234ccf92656128d7345ec62b8b362dd90f98be10ac7be39d06bc8d7daff48d0256b3263aaf1245be07a5f1bdbff43a37ac9ba86b98,male,mouth,0.06827309236947791,0.010050251256281407,0.0,0.0,0.00020861678004535148
common_voice_en_19665448.mp3,18713fc46aeaed6cf9f0f06a6b048713b200149bd26fda523da0d28b86921060e59cb2b977dc42f0fcf3695219d9c35ae22bff8b7c1d5ee67196a7601b5cc021,female,numbers,0.0,0.0,0.0,0.0,0.0
common_voice_en_22146500.mp3,b6029b4f5f20872cb35d0e0525974fc7320f4479798e1eb9e69e0d2b7c15e439440374ae5c554bc937bc0a2f7cb71e45c664d315a0a9a7f02c0f0b527ae03084,male,civil,0.07228915662650602,0.03015075376884422,0.0,0.0,1.8140589569160997e-05
common_voice_en_74234.mp3,a476ed46bd07866834242c744330ae4be7833d03326f69e67347250a9b82178c247fcc78c8ab6b88189788cf5fb77e07a734204e891941249b823d3931d8b967,female,began,0.20481927710843373,0.25125628140703515,0.05,0.0,2.7210884353741498e-05
common_voice_en_20422461.mp3,c35e7fb42419b1eb82617220e1c1334056e3d2f64a20b82ed9477afbdcc7ba5bfa25408fc8cdf4d83add9aa136b0d204e840b0287a3882cc163ec51aa595635a,male,about,0.0,0.0,0.0,0.0,0.0
common_voice_en_21100604.mp3,a2c387cac001beca0b05d901394777e35072e293073dd20a5326ad42a8e1c8ab0d189a5035b7949c4504123474960d86b8f0506b3b2a891267c6120cd4aad09e,female,forest,0.10441767068273092,0.12060301507537688,0.0,0.0,6.349206349206349e-05
common_voice_en_19692002.mp3,803327937ffcdf6adc9b50cb449550188d4638bce91e342da46a374fca84013fd75e50e45f5ec441841910b95d5170165a703447b3ae2007a38ce533ea5eb93a,male,behind,0.0,0.0,0.0,0.0,0.0
common_voice_en_22301926.mp3,efc1ed2a3b999598da971eaaee998abe860075c1701c876598ac2b178f8e41deeac2506104b904897b1b59a4761f8f241b53db465d385dfd7a2ce00e7d4e0d01,female,books,0.008032128514056224,0.010050251256281407,0.0,0.0,0.0
common_voice_en_484292.mp3,ba6227912c2aa84e0a48d04baba8efb5e55978144e736ef1aec7d4f9d80aadb5291a2c32d4624d34c712693170ef85c91969cc2a9a63a9580476b03add98b0de,male,always,0.0,0.0,0.0,0.0,3.6281179138321995e-05
common_voice_en_25024829.mp3,f71a789982bffe6fbcc6240da694b76a9a6f66f9bf81720f94e0a8ec0298cee0312fb0977a6cca58b9404f8aa2722cb4b2ca95006d7c5471dc75a0c60dbaf244,female,nothing,0.20481927710843373,0.1306532663316583,0.47000000000000003,0.0,4.5351473922902495e-05
common_voice_en_26627227.mp3,d42840b6d9d5b0fff6ab7bb2f3ce7c2c58241b8108061cc1dc46a788e8f7f5f3331f7788f866c23b966b7bd44dedff8300dda2e7a5dfbf038b3eb705e808d5c6,male,replaced,0.0963855421686747,0.12060301507537688,0.0,0.0,1.8140589569160997e-05
common_voice_en_24996876.mp3,7c1ef90aeebe6d66a5952e40b01441416c3e677cef73c9dcd6e4f1678a2c743b55760451baf5774b4aba9f31992af4e3fa729e72aac88c3cf27534e9e419068c,female,several,0.0,0.0,0.0,0.0,9.070294784580499e-06
common_voice_en_17280805.mp3,ba1c7c469210df7814775980825b667202705b4d0765bea471f83f80fc62a6f7e7ee450eef20476a583d60ab5bbda2969ecd98de146916980d4c6f77d84f2aa3,male,actually,0.08835341365461848,0.10552763819095477,0.0,0.0,0.00030839002267573696
common_voice_en_26287634.mp3,0bfdd76be09f4da3d14e625b5727f98bfd75a8bf5b16a8306335833caf65bfc7d4b28e2b04df6bcb67646c9dcf13ccb8fa91d83c1fedddd6049569ae28f271f1,female,these,0.26104417670682734,0.31155778894472363,0.0,0.0,0.0006802721088435374
common_voice_en_17260173.mp3,f11bbaf10dbb365a81e9cebe3e8adefced99bf591492e236652d41483afa946a49290138f4f62a5ce7f4ac3df448a5585d065a4bbdeb09256831fed6408b5f0f,male,things,0.21686746987951808,0.271356783919598,0.0,0.0,0.00028117913832199546
common_voice_en_18514959.mp3,3ed553a0630d06262cf15361716898eb2747b2707afb8a63c14ec07f98969df4180becf13a79891249c98b79f3351ab9a69241ff386e38fefcd5a50c2524ed63,female,there,0.18875502008032127,0.11055276381909548,0.47000000000000003,0.0,8.163265306122449e-05
common_voice_en_4200064.mp3,09ac9173c001d7fb7c08f2d2aa8fcec53cb9eed6ba73f60662258a22fcfa027568e9899c7a7dbb9e0f00cfada6905e05d96ceaf18dd4f62a6b1e71936cdf8b7c,female,makes,0.008032128514056224,0.02512562814070352,0.0,0.0,0.0
common_voice_en_17258098.mp3,f3aadc7204cccfa9c013f2c8fedc6a3ec74ddd3b2c8ea571791683c4818ac4e312d0a3f0012ca84a1408edb3cc5d287dde44ed81d88c247c435b819c739da3cb,male,shall,0.004016064257028112,0.005025125628140704,0.0,0.0,9.070294784580499e-06
common_voice_en_565848.mp3,752818701a039f206ffec619c650e543485d98a3e7e9b75b3133e090989ac3ecdb7d54267e332f07dfe92ceaf978d67384896ecd1c021ea0cea88ea208f2cf05,female,language,0.0,0.0,0.0,0.0,0.0
common_voice_en_17514109.mp3,1433c9fa10f36e7a4ab798f6e0f0f93b0dc3adb896c31c909d80512346691773dfdeb5c19d798fad576c8df3bac394b02c8fcfee3f6957a43c99262b13c4f88c,male,church,0.07228915662650602,0.0,0.18,0.0,2.7210884353741498e-05
common_voice_en_25825148.mp3,a6795b95dc4c2edfee55866cbd43e2594a43bbbc3068f340c1d3d090eb8695539d0f9d2483fba0a19d599ac384f6ab8ddf6e8ebabf9c6fb9059410de8b9a9579,female,generally,0.13253012048192772,0.03015075376884422,0.2,0.0,5.4421768707482996e-05
common_voice_en_29255046.mp3,46369e01baf2553b6269322ed95fc7afe1865c88e5f462390a20e35e6af12cc97960c4874ecda585cb422e132fee3f04da4f91fa41175b3b36d9bc7d7033edf1,male,appeared,0.0,0.0,0.0,0.0,9.070294784580499e-06
common_voice_en_19463755.mp3,bf38a0c50ab06683c9dac87d60a04d2cc68225fb5e13218201350bdc42b0aedbc2371c42db0513946cd3f53bfabb6dc93d4334ff61054508aec402c1c8f50835,female,heart,0.40963855421686746,0.4020100502512563,0.0,0.11,0.0004807256235827664
common_voice_en_19960052.mp3,9116e5c333ffc3b3459e7215d2ae6b8a44b9a3c63e4e575f3f1b817f55183cb5d5a6a450f4be17b187ce423da33675a912a3fb574ff55aaa868b01bdfe2934ac,male,first,0.004016064257028112,0.005025125628140704,0.0,0.0,0.0
common_voice_en_198121.mp3,369cd442eb58d9252523c5ffca1afe66c835065fd719d63aee989ed66d7d2403963ed3ba02d233d063fb182ddb7a66179e5aa60721c3d8250d805b9a78e02f97,female,whole,0.0963855421686747,0.10552763819095477,0.03,0.0,0.00013605442176870748
common_voice_en_18894580.mp3,36ccf3972e698c98a10339a05923d01527ba8e191f2697916045689a24ca9dcfb44c365165c621c81742a6b3b1def30f7d9500e02dca76cbb741c43975a40424,male,served,0.0,0.0,0.0,0.0,0.0
common_voice_en_24770332.mp3,3ba44745cc55bc8aefba9a5410553274b151e8741a078c6e1b154a0cb186b5b1d12f716f24bb480f859e4ec95ca0944d9e1aee142cab012ef83f22e1f6a28e87,female,stars,0.06827309236947791,0.08542713567839195,0.0,0.0,0.0
common_voice_en_19673078.mp3,70b81dd9b39d99e1e6a73466f07fbcb7ff56075db3979887826c900d8f2f705d1d19834da11b2d38ec271b584172882e4ef2763ded27926966f4e2eae8e4bef5,male,might,0.1285140562248996,0.1457286432160804,0.0,0.0,2.7210884353741498e-05
common_voice_en_119350.mp3,8d6ff5db9bdb289774cf019e743b0ef53811579c18d27fa16b69be3395e6b1b8359fc9ef94225f886d640964457e522f2810fb34fafdb94b9ece3f04dd85b8d6,female,moment,0.05220883534136546,0.010050251256281407,0.0,0.0,0.00013605442176870748
common_voice_en_546525.mp3,cfcd9dd8a48be4035c9fd8e54d40566d20e0c09ddc9c8763656ede0dbf7a6ae50643c326b72bca8a221637384a87942dd32b80c7cb2823f0f1af9c0270f8806f,male,style,0.1686746987951807,0.1658291457286432,0.1,0.0,0.00040816326530612246
common_voice_en_19951114.mp3,59dd9e2b5cd07156895520e28770ffffcf0fd055ddba38fba4c2ac3e504bcf4ddd1274263a900ef84b204d6a4c73e1897225cc9f4e077da60fb94b7a56d4106a,female,short,0.01606425702811245,0.020100502512562814,0.0,0.0,1.8140589569160997e-05
common_voice_en_25004132.mp3,883ad801a66469d0da98635559d79c636656d6614048702ddc858befeecb82499fb1b49e6489862fe5fb84241861badd8380ec2e8f45522a71833e59edb014b9,female,every,0.11244979919678715,0.1457286432160804,0.0,0.0,1.8140589569160997e-05
common_voice_en_9920835.mp3,9a5d5b2d2fc40768e07db87583a08d849d78070b83add2b593b3e6e65c10e5f90e40d20894f0c220366d15597161bbf18a68c93d674a28c6e3325c4459c2c9e2,male,better,0.18072289156626506,0.035175879396984924,0.18,0.25,0.00015419501133786848
common_voice_en_20451283.mp3,988638e6e01aabe603cbc5398c89a916e927b40630446fd728c6eca427cbf43f7fe6e7913327c5b2bcbedb46f0e0363009021b637bf6c4c693ffee254fb06983,female,became,0.024096385542168676,0.02512562814070352,0.0,0.0,1.8140589569160997e-05
common_voice_en_18404210.mp3,cdd481d90a9301ba7ff586f33b01fcd6ddcb31d7b35d067539cfec9c7ce0454e6cadbe2f0ed8961490771b4b11836cf5a7ef7a462ae7819e3c2b41f54ec745c0,male,little,0.30522088353413657,0.32160804020100503,0.07,0.0,3.6281179138321995e-05
common_voice_en_209632.mp3,33450eb388de60fa6a9907092ae242b8df433c71557ab6b6908373c3300bd9c11890a52fa8f4ecac0a91ecb4c49edc7acb6e1287396a1f28f5b8f1fc1c66107c,female,called,0.17269076305220885,0.21608040201005024,0.0,0.0,0.00021768707482993198
common_voice_en_82285.mp3,a18a8d1825d1fbda3e9859bc4aab3b2f9a8e6d5a01d9e6ebdce04c747ed192c8cad1cd7e7c527fe107e12f06101a2352c798214fddff0c00802dc32458bbfbe0,male,could,0.0,0.0,0.0,0.0,5.4421768707482996e-05
common_voice_en_581058.mp3,afed5caeb18e27e8adfd8e676944a8d42e18a730416745e7b299bd0aca297fc2a6a341c4989cbd412ea8331975b937e755bfc77fb4f2bd8a41022c63476bc111,female,another,0.0,0.0,0.0,0.0,1.8140589569160997e-05
common_voice_en_20621258.mp3,53073f7e72919ad84465c47a8bbc15c6d116015b97672b53417b5ca5e0b5514dc8095ef709cd66773d56e6c19563bdb65c5a53fe0c4e0d9652e08a215320cdf5,male,first,0.0321285140562249,0.04020100502512563,0.0,0.0,0.00010884353741496599
common_voice_en_22175579.mp3,bc5f6c63de1f3873912e0e0579bff7e6836aabd48305c4a0dd20bd350c4e8d1cdddb739adfdf712386e31c128965a539e06c9b89e24ad0c7f04b0ff9ebe0c3b7,female,minister,0.07228915662650602,0.02512562814070352,0.0,0.0,1.8140589569160997e-05
common_voice_en_17267876.mp3,cfef46bc1799eb40b2ebdf6c2bb123fca8afe8309ab6cf9b28097df87ab66358111262c1d7ce9abc35153d11214ed91f22bc622e48891048b98a86938c6a41a3,male,going,0.1606425702811245,0.0,0.23,0.17,0.00011791383219954649
common_voice_en_18510952.mp3,6a2f9b251c8f220691125b50134ca04ad7a00ec3d4e0a3117e2f982f9abe9f2e75a7ce4ad580b5b93b006a1aded013b707f8d54b16ff96f743ae512a98fca85a,female,machine,0.18072289156626506,0.10050251256281408,0.0,0.43,4.5351473922902495e-05
common_voice_en_39441.mp3,ad3724272adc4af1bbcab75418d284961d815fdec263440a6e77e0e3b06e5d6089742cc8ccddf99f781b8b39aa81065af0c175ad923ea346c0b875171a704d43,male,desert,0.0,0.0,0.0,0.0,9.070294784580499e-06
common_voice_en_19524811.mp3,39fffaa43eecb8af8d5c91185c57d6cb0aaf755d6ac958cf19e0fce73f58995ad392fa7418f5f4b5810298a51c685a33a0c7d882fae433924f9e23d331784d39,female,never,0.2971887550200803,0.2613065326633166,0.06,0.0,0.00019954648526077098
common_voice_en_184577.mp3,d2a81118f133141588566e5358d3a9bbec103e8010ac4b9780e66161a8faffbfbda66045bf43f0d2f428b11ac3ee5eab15582f8229e1c4055684d88aa4fc116e,male,between,0.09236947791164658,0.09045226130653267,0.0,0.0,0.00034467120181405896
common_voice_en_505390.mp3,4ccf2d412d7e3b434c19d8231b5dbbf490149b2d91b23d8bd0415b87c1c0af4c1683e151a6edf0196f1bd927f47473f3e8a847fe9be821653486cdf0a5e1f630,female,brown,0.020080321285140562,0.02512562814070352,0.0,0.0,9.070294784580499e-06
common_voice_en_19595524.mp3,0e60a578941d41849394691c611be044c19753d68b3dc6ca38dd1526016c9536219350c8aa1d6c0b974bc68c24592c39030a094ed6223399ab873f93e6a457a2,male,followed,0.012048192771084338,0.0,0.0,0.0,9.070294784580499e-06
common_voice_en_25994816.mp3,ba55291b3ae5f21131128bf62afc9ec780e85b31bf26f00fa6f12f0512f4eee3081bc7a2c0b16cfbb4be9a784e6026dbeff4c4313e44badd181e00060afaf4a3,female,became,0.008032128514056224,0.010050251256281407,0.0,0.0,1.8140589569160997e-05
common_voice_en_20674212.mp3,15de6d21b49951ad31a3b2000effdebc75f192ae7e736340a3ed52af018bda44439ff90f9a0832718ffa0e554dfa9dd2574f4a1017d96a0df6cee567ddfb8ab8,male,multiple,0.0642570281124498,0.05025125628140704,0.0,0.06,3.6281179138321995e-05
common_voice_en_22299825.mp3,c77769458a732dc6b0af74b783fc655d53e2f0feea3d6f92c2f28ad42997faa0dd4eb9da6d0c637a7767c52e040446a1d17f3ba3d190b7fde85df06bc8b49d80,female,specific,0.0,0.0,0.0,0.0,0.0
common_voice_en_20794683.mp3,ee3ac7744c02eea3e64128abaf16114df05d2ac3f1ad869665623838c43d6fad45b298f9251ba965150b57b153858e5423d869c260ffc3c116ea3f8b5fe88ff3,male,water,0.0,0.0,0.0,0.0,0.0
common_voice_en_20001755.mp3,f450efa95eb83375bbd0602a25095e8d2b218bcd1f5ca626df2cf1740970e8e0ce800d95a99fb629b4b956293bdada06fb864e1f7bc41d8f8f2e3aede2f8ace7,female,valley,0.39357429718875503,0.36683417085427134,0.0,0.97,0.00025396825396825396
common_voice_en_22939419.mp3,70b542938ae7924121f987c373140e19ea9155a6ee961daf16e0e7306ab5c18097d42a380336c734532ad13ad1e4c5b4046706964df52eb9855b0c028b63381d,female,noted,0.08032128514056225,0.10552763819095477,0.0,0.0,1.8140589569160997e-05
common_voice_en_19964964.mp3,323dad2cece67f8ca5576a6227f15fc630c7f84448241660a4b38fb52e46ce9b4d140ec5365401c3fb87917b071991918c73a07f17b6554cf565c5e316b62e0c,male,railway,0.0963855421686747,0.0,0.0,0.24,1.8140589569160997e-05
common_voice_en_25382869.mp3,49e23eb26865583439a0f9a9a3e13c50d6154cb24776471c403ad7ef4f0274153a99087c1eec3d73ad4f28b4119fb9dba0bd687c8ec6a28f51911502fe88aad6,female,charles,0.1646586345381526,0.19095477386934673,0.0,0.0,0.00019954648526077098
common_voice_en_124790.mp3,77106b3d5604cc8c07ed7bb8ade3702707e4110fce88da4e1cb1c49a4674d63c78b9ff54bfc9b777ca2641ce4f2863ed5a4925456f76caafc86c6994fe3a249f,male,through,0.0,0.0,0.0,0.0,9.070294784580499e-06
common_voice_en_107501.mp3,549b886294cf3021d2784b4b046bf04e7ce45c89275bde14aed257607951acd12b791b4ec41f559566431893841cd285387681a94fb8127411b80be8a377afe4,male,other,0.3253012048192771,0.271356783919598,0.36,0.0,0.0013786848072562358
common_voice_en_19565506.mp3,6865dfe39ac430dc3edd227d9fb3833b32796f3e6abb930fbd098155e496c0c630039a46beaf425f8fd771692ac28d7c37d98ca46095ddba42b500c3564b905d,female,buildings,0.3815261044176707,0.35175879396984927,0.0,0.9500000000000001,0.00018140589569160998
common_voice_en_25071466.mp3,a7d5adc38513628c7e6762a7084ecdbbf42dde28d5c49ac2f9a0d85ab79f23ff3350318865d5cae6a48fbfaafe03f54ba65d6a21338a527b5995a8c0863aaedf,female,council,0.0,0.0,0.0,0.0,0.0
common_voice_en_20317290.mp3,82f76a31de330965dc25ed0bd6dd1b4fbb7eeabc141feaf3dccfc79ca48e0a8c7c887a3e9c98de25f05e6a55a15bd9c0186517a8bc806313808a4c222705530e,male,comes,0.1686746987951807,0.21105527638190955,0.0,0.0,4.5351473922902495e-05
common_voice_en_20068830.mp3,78f9e9891ad31bb9241e961889a517837f593b2c7dd6ab1a2cd38e482f0c78b5200184aefc590127275c5c44396d0e8110d6c33963d4e014152528c41650938f,female,through,0.0,0.0,0.0,0.0,0.0
common_voice_en_23605855.mp3,434b68ce6f25da713e5d5d2e2cf4f588b878d18d1580abb93b86078886b6d995423a2f522a545948d2c0b3d6e9c33f498bf60dbff1153cf6a6143d85be49cbd4,male,while,0.012048192771084338,0.02512562814070352,0.0,0.0,0.0
common_voice_en_22157790.mp3,36d7c06300782437df90a5218f7a4257c12f0aa1307b57c8b891c44cd279f06b970194be2dd41796a31e52c6e21132aaab10e1b14362f9251747e37228f8441e,female,company,0.1646586345381526,0.21105527638190955,0.0,0.0,9.070294784580499e-06
common_voice_en_20112260.mp3,f9d5b7fda28758265bf548d2188f5465e9a05556a26aa32d02543b56ddb68c7a99f0c03fe852ac98375b3c45bbaee718017b9d67f63a91604babafbc08bdb1f1,male,machine,0.0,0.0,0.0,0.0,0.0
common_voice_en_27076860.mp3,eb02821a6b3d2b0592bde48f4ce1b1b9076d9afcf39cc702624cb57343b31cfdab11e606a75578124dbd77c9f0e14dce998224f657056970edcff6a113b43538,female,located,0.3172690763052209,0.3015075376884422,0.04,0.0,0.00021768707482993198
common_voice_en_26177342.mp3,10f0e056e95da91b567c070a5bff34c2548544a869b62867768c737ace0739f6a594348684f496067981e1e36b06b8db84dd3e5ceb0b2233e1948490e3920810,male,following,0.26907630522088355,0.10552763819095477,0.06,0.38,9.070294784580499e-06
common_voice_en_648164.mp3,f68f8abaf51cfd35cbe93ebc04bb474343dbbd74168b847d68de41edfc8a66824904973e16e136b2496041e4d9342d4ac0e8809d0eb1b2cf274f86f922c018ed,female,phone,0.012048192771084338,0.01507537688442211,0.0,0.0,1.8140589569160997e-05
common_voice_en_17845943.mp3,f609c33493fadf4b06a933d6366b31b75a50da88337d1bfb4a94fac70a9279956102f62a974696b7a5acac488fde9311d006ccff707a5876c2600904726ffe7f,male,future,0.21285140562248997,0.22110552763819097,0.0,0.0,0.00040816326530612246
common_voice_en_24582563.mp3,708fa52409ec4f4af5e30dafa06feb8709cfa21e224efdef6e8bacb2d08c35f340f3ae8388d33c8b73ee78ce9a6bdf47d93c8c3947799f6a20519e01ff2686ae,female,often,0.23694779116465864,0.2814070351758794,0.0,0.0,0.00032653061224489796
common_voice_en_657915.mp3,7984d26d744bb4aa3ca115678147dc69a0f49873d394fcd6aff5333056858a8c1541d7db9f9568c5ef583185ae5a3e10badd85e0c30038cdf55c372b3a1f1b4f,male,happy,0.04417670682730924,0.035175879396984924,0.04,0.0,0.0
common_voice_en_19602797.mp3,c7ba117bc3ff6caf240d98c874bc34bdbe1438c71bedbe2c99f401fcee764b0ded50fbfa3f6e509665c214d7a547d9bbb8403fb264e1fdde237b9f28fbd6fbec,female,enough,0.06827309236947791,0.05025125628140704,0.0,0.01,2.7210884353741498e-05
common_voice_en_24065801.mp3,63e30100d86bf2179084981adcd252d0d8f56962a381875f90387268a8cc7c24143a5a1622b315cbbbe533bae64d95a58b73be808fa4ab7858b1d99388453e16,female,never,0.15261044176706828,0.19095477386934673,0.0,0.0,0.00019954648526077098
common_voice_en_18222744.mp3,115593753d0dec279ba260bec27d88573f53cbfdcc37c07e0dbbf0d08d4309ffe7379ccb474be7b0e978f9dff2c166ad7a3ebb4a6d72d78df5bb2a1f3fa9f857,male,almost,0.0,0.0,0.0,0.0,0.0
common_voice_en_607196.mp3,dbbab10d605124c9dda9cc7be352ef268cfdb1b3acb56f63336f5e95a12205f5379b02da9bf376911a17dc63d7e0b8886153961c427dfcbfa91a664a8e65e016,female,flight,0.3333333333333333,0.3065326633165829,0.0,0.0,0.00015419501133786848
common_voice_en_23734508.mp3,69bc3d94015c3bc7508f51b54636318764dba63bfedf716f1cfc2545d5edba983b27cb126a63ed597da9839eb0801ce1f8e44d42b72d4c75bcb7197e01354933,male,built,0.020080321285140562,0.020100502512562814,0.0,0.0,0.0
common_voice_en_19980622.mp3,c20a7ccfdaae72bdd9f308bcae6f5e96345e64bc09e0ea5fc7e16c91e7ded2a0ac1b74a7a1c8280dfe0fe3b425b83a94416860f30fa908717db41bc263976dd4,female,world,0.1285140562248996,0.1507537688442211,0.0,0.0,2.7210884353741498e-05
common_voice_en_20040617.mp3,db4f93b93e27499c9c9897130e8e5bafe68474e2d40ca2e303a3ef098f48cedb9ddc0e9967d1e7eff91e0c9b9922c5e6a352bada7c1f93465d103d108218785b,male,included,0.0963855421686747,0.020100502512562814,0.0,0.0,9.070294784580499e-06
common_voice_en_18728333.mp3,eb09fd8526992b75961d4b208856325f0eb35537c9166e91fcb53a3cda86c3d29b040a059841cc3dd1f7ad3ceb925c1a27aed53b320e4b07c0c6cbf1a264970f,female,joined,0.0,0.0,0.0,0.0,0.0
common_voice_en_560479.mp3,972b25fe6bacfdc3b4fb43ac3a7d83cf96e8665205c3e1d6d6773c02deee1a72199e1e91c4e681eb70a75ac9e90860532bcfdd68c8b0725d34e5bd45d54e5a26,female,alchemist,0.321285140562249,0.22110552763819097,0.11,0.3,0.00010884353741496599
common_voice_en_26672669.mp3,1ca45704d460eb479cfd545eed18aec3e05d68ef60222221fce02c7faf89d565fbba571b570b3bb4143d0198c80bdf14047167931d1ca15fbf50d83d44a91eef,male,designed,0.12048192771084337,0.12060301507537688,0.0,0.0,6.349206349206349e-05
common_voice_en_27015830.mp3,3a0519a6122a26c2ffea75773963f9334e0ae36961cc73ca840a68127b16811961c513a455b82cc253659a8a542888dc8ed42922e6481d9e2921c05498ded7af,female,feature,0.08835341365461848,0.010050251256281407,0.0,0.2,9.070294784580499e-06
common_voice_en_42212.mp3,a24d9c4ba2ea38cefc463c4cae88166e98abb65ddf20508d36e97d112ab769cd1a85655b5c6c0f8418ae0d9cb920ae84ae98be1845b77955bf6154d936f79258,male,think,0.20883534136546184,0.135678391959799,0.52,0.0,0.0004988662131519275
common_voice_en_26946280.mp3,a3ba61763489cf8f4d63ff60a646414b061e777aec0f284d4dff40f0b04218bc7c35e1a43b95b6158b88b43875228a55b409764c5437e63279a6c257327c634c,female,attack,0.0,0.0,0.0,0.0,0.0
common_voice_en_19654885.mp3,6f9543de96b39d865ff2337ac6d3a12b0baa176b9fff0543f7633e26b95f4333fc5bfc6a00a57b203c19dba00dc5cf2e1ea8cccf9918e392d36fcd58dacd18ba,male,could,0.0,0.0,0.0,0.0,0.0
common_voice_en_19685851.mp3,1ff7eb91558191234bbee6517f1ca1cc459667e5f2367bec015ae3b988b44e989334efea24f7806c5baa76def0408b5f3a02a1d719c1f4ff6538862bf290efa9,female,offers,0.21686746987951808,0.16080402010050251,0.22,0.0,0.00017233560090702948
common_voice_en_17444788.mp3,e41f197ac5cb5cfce90ddcddcc4096c7a3dc3f2b35ef9f24e563534715f21f99358a2e0842b09497640d94715960e0a230d4fa395a171b74b97ca45e4605d578,male,these,0.012048192771084338,0.010050251256281407,0.0,0.0,3.6281179138321995e-05
common_voice_en_19746560.mp3,b07cb066b4da202382632e29d7c3b69f538831ca7fda6bec38e4db740100fc85f3fdde4fc4d64b971ed95d93be64e8bb022477d0209115995fd183cac3eb2196,male,county,0.24096385542168675,0.16080402010050251,0.27,0.0,0.00037188208616780046
common_voice_en_26951029.mp3,85c3e3539f492a90b2af6a889712fe05f6d325b42fbcc240dc089b855c685872530ffea5b4f84c45a480ab5401f51d1bea32f17cbbfa7d4d12728bef6b0ac90e,female,known,0.24497991967871485,0.20100502512562815,0.0,0.04,0.03168253968253968
common_voice_en_19630028.mp3,62b48baecc015e25e3d53773bd125b351d2294c7a065ffa1cc103c050e868b8d96c98bc8f486ff1c71636d7ba5a6d3392b2cfed35522cd41efcae0feee7ddfd5,male,higher,0.004016064257028112,0.005025125628140704,0.0,0.0,0.0
common_voice_en_27597791.mp3,dd783708d96c25bd46e1831316a1641db7b2e1da8819c94ecb6a5f69ff1b21871e43ae539546f69f5347f83d270d926ac18e1deeb6e02b57096cb19f1c1cb41e,female,germany,0.20883534136546184,0.16080402010050251,0.0,0.05,4.5351473922902495e-05
common_voice_en_19711125.mp3,6f75dacc5ace979e725722f4d272c9aea7f02125c37760c55e457f0c671b4efb8c0b55289bc41c2a3deaa0f1fbaa4ada1777dd952b93576495cfed27fc356622,male,served,0.0,0.0,0.0,0.0,9.070294784580499e-06
common_voice_en_22949771.mp3,0440f904ccca092e8862dfaf684e8fc023b323c8de4d543c089bf9a94dfc7a4ff3706c43021c18fd7b2c023d1439bdeb1defb3ec924df6640f5c8b275abb1474,female,three,0.05220883534136546,0.06532663316582915,0.0,0.0,9.070294784580499e-06
common_voice_en_25355175.mp3,700776cf6647cf502615fc138780c544dab5a3079778a7762e7819eedc18f3d6c278a791b527efe51b60dd00f50400995f8194f0ec77ecfc4c1b781796c1b7ad,male,people,0.04417670682730924,0.05025125628140704,0.0,0.0,0.0
common_voice_en_486032.mp3,c712b69128713755762de99186dae771168d682215e8f9886e3f311b3f9d1e03741e7c55fbfadde017563ef428c50ee4291e2c774a7140e7bdf46b7b485605b0,female,didn't,0.3453815261044177,0.22110552763819097,0.6900000000000001,0.17,0.00012698412698412698
common_voice_en_19758335.mp3,e8fbfcebc7046fea53c41515fa8eb3278fd1a4f3eb9843c0008cd3b7db1a879fbcf960787546a1623e2ba6ad3fc6faa2ee91d81eb0e7304e7789e509910ee06e,female,young,0.17670682730923695,0.22110552763819097,0.0,0.0,0.0005714285714285715
common_voice_en_28528800.mp3,0c824fbdb8fa47b400a335d0774954d84f82b7993e77989b61a732bcf02feb0ff47169a2d384e2e84994efe66e3fb0bebfb11201f6831530826a81b0f7d1ec0f,male,began,0.19678714859437751,0.1306532663316583,0.13,0.0,1.8140589569160997e-05
common_voice_en_30951482.mp3,c632c9c4dba8382ca340b5cc5412d4aa09bcb7210ff62b38a5c2d818d54843c2cc3526fb5f859873e0fc12be3d27784f94b0510780bf3e92dc19cdf1b5e9afba,female,before,0.08032128514056225,0.035175879396984924,0.03,0.0,0.0
common_voice_en_23684393.mp3,97553a131506f2df393deb8f7867861b8c2c102fcf9b5b9d90dbe49308b4a7a72bca3fcada724e9a01804507874f727938d0341641795251f1466ae64a2fcc46,male,which,0.22088353413654618,0.2663316582914573,0.0,0.0,0.07786848072562358
common_voice_en_27725937.mp3,0b111a7205320f0498dd6d49d4318b2189971c57353d667edac9be7207cd8172807907511673a9b371cde3c4358a66625814c925282958cba0a0c22d9b0bb036,female,found,0.012048192771084338,0.010050251256281407,0.0,0.0,3.6281179138321995e-05
common_voice_en_20115409.mp3,2f1a20e790a6d6407810f888580daa2b750bd4f076d6cfa2f4bc4a9b3ee7fbcb7efcf5d1b54263cd13400887b79551deec66e6d0ad338ed33fc3a447c37578cb,male,himself,0.0,0.0,0.0,0.0,0.0
common_voice_en_19251912.mp3,fb2ecc52ca556777b1009c5ea3db8bf8c81f63a6f31f9df83153a4893a9b946586692da7cb3b25163b19a35ecccac920a21b2fb1de8137ca783aa823645d7266,female,immediately,0.024096385542168676,0.03015075376884422,0.0,0.0,9.070294784580499e-06
common_voice_en_22131819.mp3,553e6131dc19527787f781ce7eaeb836d24fab17d9c582b594ebd26c3476e5a993541f2fd931fd84e1cc80be2233167c3f377dcd9791284b449cc5e2020b632a,female,become,0.0,0.0,0.0,0.0,0.0
common_voice_en_17967652.mp3,74ecf295e1d20671badad5eeeda89fda4f3cd5c32a4ca218f75e42f0a8f0534287446507890cda02150bc42fa88a6a93005fffe17a0ef072114f5db2db9b58f4,male,moved,0.37349397590361444,0.21608040201005024,0.59,0.29,5.4421768707482996e-05
common_voice_en_19654773.mp3,2ac16044002e15fb73b91befcdf4ed1a7fb067012c2130f1181828cce99a679019be4010e49b66e10ef9ca5baff94ce7299a1020a1383054d8029dde6a320a09,male,often,0.0963855421686747,0.020100502512562814,0.0,0.15,0.0
common_voice_en_27344381.mp3,d0367c743ba1c78468d7882a15f19b6a3cecefd8cb05379830dad41f6b5bfdc6dfc76419162d99002530f747071cdbe2b0440039138c58fe8d2ed2e0eb600b73,male,their,0.03614457831325301,0.04522613065326633,0.0,0.0,9.070294784580499e-06
common_voice_en_477928.mp3,666473f4acdbebdda14632e352a74b6cec8488c92d0a2611bc8554c30d09c11aa2601b9228e66050b7abd9c365364d72539f77d73dea251a958370cf925f1f3c,male,wasn't,0.26506024096385544,0.20603015075376885,0.66,0.0,0.00015419501133786848
common_voice_en_201616.mp3,d4e788bb2ca24998e79ce1e67e5c5f735e3f7cf85e6b610fd2604ee9e0f6e8493f43d0de5f6bd1f32f2dcabb5dc9576a0d23e4047585a03fccdb2c4d7ce0ea24,male,began,0.25301204819277107,0.1658291457286432,0.5700000000000001,0.05,9.977324263038549e-05
common_voice_en_23801930.mp3,509ae95a9772fce060774a6ccb0786dd81b242690d8ded0c77708171729ecedcb297365710014930ddaf07999aaf264a3c8276a19c8d764d9e361fe251a27967,male,member,0.0,0.0,0.0,0.0,0.0
common_voice_en_23337558.mp3,85853641ebb44ec2b3d59500ac617f2b727d247fe30a69a51d36c9292e545ed522983dbfaa24660d4c4fd1b1db443b9bd7008f0cb2d331463a9403e05d511155,male,which,0.11646586345381527,0.1457286432160804,0.0,0.0,6.349206349206349e-05
common_voice_en_18838828.mp3,c0d2bcfcacd9774b26743a953d148ac13f455497598abaae165a29f1f21297c449ece54025855ac3dd3f284022777216bac3b0c5067ae7f8ebee97b8ae414459,male,director,0.2931726907630522,0.22110552763819097,0.35000000000000003,0.04,0.00021768707482993198
common_voice_en_20243843.mp3,2af74fb51e5c54ca92166d2974bfdb2423a64efe2ddeb714eee0e50025c9404762fb978895787f63c03b27dc9f3715757e4aa18db3e48d7b8bd4ed5d073d770f,male,little,0.10040160642570281,0.01507537688442211,0.0,0.22,3.6281179138321995e-05
common_voice_en_691706.mp3,cdc4d0a5da1a7a8b67c4116a49ffbb59cd5e1450a0d41c2b9d8ac5236fd2a1510cafc236304433c0bd702a31c7b8baa09145592f7ddfedd0e017c6c4874684c8,male,called,0.008032128514056224,0.0,0.0,0.0,0.0
common_voice_en_19141722.mp3,33167ee1a223f36f16ae626078be2753c6200052a505c61cbb7e6bcf9d12611ed87f676491faa1a6af420953518878eb61e0095fee24eb0932b1d94618b8acc5,male,located,0.0,0.0,0.0,0.0,0.0
