trial_id,pair_id,speaker,assignment,cue_ear,cue_path,cue_sentence,left_path,left_center_s,left_word,left_label,right_path,right_center_s,right_word,right_label,cued_path,cued_center_s,cued_word,cued_label,opposite_path,opposite_word
pair_000_ab_left,pair_000,00629ef5283de6396fb220d873d360b001eee93946c70473d949026bc9473a79275502f92d1000fedafed7fd5770c8cec6e425b53d3602ea2b49cb5dc5ff4fb0,ab,left,common_voice_en_24510903.mp3,"Eaton was born in Vancouver, British Columbia, Canada.",common_voice_en_24510947.mp3,4.505,career,97,common_voice_en_24535868.mp3,1.727,trains,729,common_voice_en_24510947.mp3,4.505,career,97,common_voice_en_24535868.mp3,trains
pair_000_ab_right,pair_000,00629ef5283de6396fb220d873d360b001eee93946c70473d949026bc9473a79275502f92d1000fedafed7fd5770c8cec6e425b53d3602ea2b49cb5dc5ff4fb0,ab,right,common_voice_en_24510903.mp3,"Eaton was born in Vancouver, British Columbia, Canada.",common_voice_en_24510947.mp3,4.505,career,97,common_voice_en_24535868.mp3,1.727,trains,729,common_voice_en_24535868.mp3,1.727,trains,729,common_voice_en_24510947.mp3,career
pair_000_ba_left,pair_000,00629ef5283de6396fb220d873d360b001eee93946c70473d949026bc9473a79275502f92d1000fedafed7fd5770c8cec6e425b53d3602ea2b49cb5dc5ff4fb0,ba,left,common_voice_en_24510903.mp3,"Eaton was born in Vancouver, British Columbia, Canada.",common_voice_en_24535868.mp3,1.727,trains,729,common_voice_en_24510947.mp3,4.505,career,97,common_voice_en_24535868.mp3,1.727,trains,729,common_voice_en_24510947.mp3,career
pair_000_ba_right,pair_000,00629ef5283de6396fb220d873d360b001eee93946c70473d949026bc9473a79275502f92d1000fedafed7fd5770c8cec6e425b53d3602ea2b49cb5dc5ff4fb0,ba,right,common_voice_en_24510903.mp3,"Eaton was born in Vancouver, British Columbia, Canada.",common_voice_en_24535868.mp3,1.727,trains,729,common_voice_en_24510947.mp3,4.505,career,97,common_voice_en_24510947.mp3,4.505,career,97,common_voice_en_24535868.mp3,trains
pair_001_ab_left,pair_001,08c7e75f653982c4a0169f785183225f8cd88e724991c62cd32bd3a35644b87c643412f00b6a1ad4e8bb03928be87b955d0af0ccc34e67f40e8b702be76d04ff,ab,left,common_voice_en_24666509.mp3,"Human beings, under the Code, have rights.",common_voice_en_24666508.mp3,1.845,worked,784,common_voice_en_24666512.mp3,1.994,within,778,common_voice_en_24666508.mp3,1.845,worked,784,common_voice_en_24666512.mp3,within
pair_001_ab_right,pair_001,08c7e75f653982c4a0169f785183225f8cd88e724991c62cd32bd3a35644b87c643412f00b6a1ad4e8bb03928be87b955d0af0ccc34e67f40e8b702be76d04ff,ab,right,common_voice_en_24666509.mp3,"Human beings, under the Code, have rights.",common_voice_en_24666508.mp3,1.845,worked,784,common_voice_en_24666512.mp3,1.994,within,778,common_voice_en_24666512.mp3,1.994,within,778,common_voice_en_24666508.mp3,worked
pair_001_ba_left,pair_001,08c7e75f653982c4a0169f785183225f8cd88e724991c62cd32bd3a35644b87c643412f00b6a1ad4e8bb03928be87b955d0af0ccc34e67f40e8b702be76d04ff,ba,left,common_voice_en_24666509.mp3,"Human beings, under the Code, have rights.",common_voice_en_24666512.mp3,1.994,within,778,common_voice_en_24666508.mp3,1.845,worked,784,common_voice_en_24666512.mp3,1.994,within,778,common_voice_en_24666508.mp3,worked
pair_001_ba_right,pair_001,08c7e75f653982c4a0169f785183225f8cd88e724991c62cd32bd3a35644b87c643412f00b6a1ad4e8bb03928be87b955d0af0ccc34e67f40e8b702be76d04ff,ba,right,common_voice_en_24666509.mp3,"Human beings, under the Code, have rights.",common_voice_en_24666512.mp3,1.994,within,778,common_voice_en_24666508.mp3,1.845,worked,784,common_voice_en_24666508.mp3,1.845,worked,784,common_voice_en_24666512.mp3,within
pair_002_ab_left,pair_002,09daa0e61f4baf6e351be32e1f0fdf050f8b8b16f63fd5d25a67c785a5ea7d9645c357ec6aada84fec91afc26661eae828369ee1a806a5e5adeb374bb214a427,ab,left,common_voice_en_21955675.mp3,zero,common_voice_en_21956021.mp3,3.904,number,461,common_voice_en_21959628.mp3,2.247,married,401,common_voice_en_21956021.mp3,3.904,number,461,common_voice_en_21959628.mp3,married
pair_002_ab_right,pair_002,09daa0e61f4baf6e351be32e1f0fdf050f8b8b16f63fd5d25a67c785a5ea7d9645c357ec6aada84fec91afc26661eae828369ee1a806a5e5adeb374bb214a427,ab,right,common_voice_en_21955675.mp3,zero,common_voice_en_21956021.mp3,3.904,number,461,common_voice_en_21959628.mp3,2.247,married,401,common_voice_en_21959628.mp3,2.247,married,401,common_voice_en_21956021.mp3,number
pair_002_ba_left,pair_002,09daa0e61f4baf6e351be32e1f0fdf050f8b8b16f63fd5d25a67c785a5ea7d9645c357ec6aada84fec91afc26661eae828369ee1a806a5e5adeb374bb214a427,ba,left,common_voice_en_21955675.mp3,zero,common_voice_en_21959628.mp3,2.247,married,401,common_voice_en_21956021.mp3,3.904,number,461,common_voice_en_21959628.mp3,2.247,married,401,common_voice_en_21956021.mp3,number
pair_002_ba_right,pair_002,09daa0e61f4baf6e351be32e1f0fdf050f8b8b16f63fd5d25a67c785a5ea7d9645c357ec6aada84fec91afc26661eae828369ee1a806a5e5adeb374bb214a427,ba,right,common_voice_en_21955675.mp3,zero,common_voice_en_21959628.mp3,2.247,married,401,common_voice_en_21956021.mp3,3.904,number,461,common_voice_en_21956021.mp3,3.904,number,461,common_voice_en_21959628.mp3,married
pair_003_ab_left,pair_003,0ae84240d635ebb50f3b3445b3d9c7b29393d7d3573c38d90a6438d850788a9907e8fce4bcfda6461a46d2952b5cd5120e29ae4c743e8a4ac9bde825ec682ec3,ab,left,common_voice_en_477387.mp3,"At other times, at a crucial moment, I make it easier for things to happen.",common_voice_en_477405.mp3,1.817,comes,133,common_voice_en_477452.mp3,1.644,began,61,common_voice_en_477405.mp3,1.817,comes,133,common_voice_en_477452.mp3,began
pair_003_ab_right,pair_003,0ae84240d635ebb50f3b3445b3d9c7b29393d7d3573c38d90a6438d850788a9907e8fce4bcfda6461a46d2952b5cd5120e29ae4c743e8a4ac9bde825ec682ec3,ab,right,common_voice_en_477387.mp3,"At other times, at a crucial moment, I make it easier for things to happen.",common_voice_en_477405.mp3,1.817,comes,133,common_voice_en_477452.mp3,1.644,began,61,common_voice_en_477452.mp3,1.644,began,61,common_voice_en_477405.mp3,comes
pair_003_ba_left,pair_003,0ae84240d635ebb50f3b3445b3d9c7b29393d7d3573c38d90a6438d850788a9907e8fce4bcfda6461a46d2952b5cd5120e29ae4c743e8a4ac9bde825ec682ec3,ba,left,common_voice_en_477387.mp3,"At other times, at a crucial moment, I make it easier for things to happen.",common_voice_en_477452.mp3,1.644,began,61,common_voice_en_477405.mp3,1.817,comes,133,common_voice_en_477452.mp3,1.644,began,61,common_voice_en_477405.mp3,comes
pair_003_ba_right,pair_003,0ae84240d635ebb50f3b3445b3d9c7b29393d7d3573c38d90a6438d850788a9907e8fce4bcfda6461a46d2952b5cd5120e29ae4c743e8a4ac9bde825ec682ec3,ba,right,common_voice_en_477387.mp3,"At other times, at a crucial moment, I make it easier for things to happen.",common_voice_en_477452.mp3,1.644,began,61,common_voice_en_477405.mp3,1.817,comes,133,common_voice_en_477405.mp3,1.817,comes,133,common_voice_en_477452.mp3,began
pair_004_ab_left,pair_004,0af632e80c890a454a534a68b1f1f491d2c8f6f78af490695ebaf667aaa5acbd42e2b0f294998b21bc9b1d9d9441ea0022d27335383f4e26d30134e3201b4077,ab,left,common_voice_en_17329273.mp3,"Now, attend to me.",common_voice_en_17329285.mp3,1.566,cause,101,common_voice_en_17329303.mp3,1.591,still,659,common_voice_en_17329285.mp3,1.566,cause,101,common_voice_en_17329303.mp3,still
pair_004_ab_right,pair_004,0af632e80c890a454a534a68b1f1f491d2c8f6f78af490695ebaf667aaa5acbd42e2b0f294998b21bc9b1d9d9441ea0022d27335383f4e26d30134e3201b4077,ab,right,common_voice_en_17329273.mp3,"Now, attend to me.",common_voice_en_17329285.mp3,1.566,cause,101,common_voice_en_17329303.mp3,1.591,still,659,common_voice_en_17329303.mp3,1.591,still,659,common_voice_en_17329285.mp3,cause
pair_004_ba_left,pair_004,0af632e80c890a454a534a68b1f1f491d2c8f6f78af490695ebaf667aaa5acbd42e2b0f294998b21bc9b1d9d9441ea0022d27335383f4e26d30134e3201b4077,ba,left,common_voice_en_17329273.mp3,"Now, attend to me.",common_voice_en_17329303.mp3,1.591,still,659,common_voice_en_17329285.mp3,1.566,cause,101,common_voice_en_17329303.mp3,1.591,still,659,common_voice_en_17329285.mp3,cause
pair_004_ba_right,pair_004,0af632e80c890a454a534a68b1f1f491d2c8f6f78af490695ebaf667aaa5acbd42e2b0f294998b21bc9b1d9d9441ea0022d27335383f4e26d30134e3201b4077,ba,right,common_voice_en_17329273.mp3,"Now, attend to me.",common_voice_en_17329303.mp3,1.591,still,659,common_voice_en_17329285.mp3,1.566,cause,101,common_voice_en_17329285.mp3,1.566,cause,101,common_voice_en_17329303.mp3,still
pair_005_ab_left,pair_005,0e584e386170c15476f57f463c00da3ed67ce550d45e03c276a338896c2192e52280e48c8be65f5112bd152923602c524038f0bb3e49529b7b2e2972172de821,ab,left,common_voice_en_26978321.mp3,This concept was carried further by the Douglas Paracone project.,common_voice_en_26978394.mp3,1.607,village,757,common_voice_en_26978395.mp3,1.8,operated,472,common_voice_en_26978394.mp3,1.607,village,757,common_voice_en_26978395.mp3,operated
pair_005_ab_right,pair_005,0e584e386170c15476f57f463c00da3ed67ce550d45e03c276a338896c2192e52280e48c8be65f5112bd152923602c524038f0bb3e49529b7b2e2972172de821,ab,right,common_voice_en_26978321.mp3,This concept was carried further by the Douglas Paracone project.,common_voice_en_26978394.mp3,1.607,village,757,common_voice_en_26978395.mp3,1.8,operated,472,common_voice_en_26978395.mp3,1.8,operated,472,common_voice_en_26978394.mp3,village
pair_005_ba_left,pair_005,0e584e386170c15476f57f463c00da3ed67ce550d45e03c276a338896c2192e52280e48c8be65f5112bd152923602c524038f0bb3e49529b7b2e2972172de821,ba,left,common_voice_en_26978321.mp3,This concept was carried further by the Douglas Paracone project.,common_voice_en_26978395.mp3,1.8,operated,472,common_voice_en_26978394.mp3,1.607,village,757,common_voice_en_26978395.mp3,1.8,operated,472,common_voice_en_26978394.mp3,village
pair_005_ba_right,pair_005,0e584e386170c15476f57f463c00da3ed67ce550d45e03c276a338896c2192e52280e48c8be65f5112bd152923602c524038f0bb3e49529b7b2e2972172de821,ba,right,common_voice_en_26978321.mp3,This concept was carried further by the Douglas Paracone project.,common_voice_en_26978395.mp3,1.8,operated,472,common_voice_en_26978394.mp3,1.607,village,757,common_voice_en_26978394.mp3,1.607,village,757,common_voice_en_26978395.mp3,operated
pair_006_ab_left,pair_006,11645b59ec56e6b2ab82803d8f834498c17aea3246696c1ceb7944c44ff7291e10fa777dd38d4b418ddfb32c2a6a319872afd27338f8df93b8a9c8298a84d1d5,ab,left,common_voice_en_19616190.mp3,"The company, however, never enjoyed a trade monopoly like the Dutch West India Company.",common_voice_en_19616191.mp3,4.567,without,779,common_voice_en_19616192.mp3,1.815,limited,376,common_voice_en_19616191.mp3,4.567,without,779,common_voice_en_19616192.mp3,limited
pair_006_ab_right,pair_006,11645b59ec56e6b2ab82803d8f834498c17aea3246696c1ceb7944c44ff7291e10fa777dd38d4b418ddfb32c2a6a319872afd27338f8df93b8a9c8298a84d1d5,ab,right,common_voice_en_19616190.mp3,"The company, however, never enjoyed a trade monopoly like the Dutch West India Company.",common_voice_en_19616191.mp3,4.567,without,779,common_voice_en_19616192.mp3,1.815,limited,376,common_voice_en_19616192.mp3,1.815,limited,376,common_voice_en_19616191.mp3,without
pair_006_ba_left,pair_006,11645b59ec56e6b2ab82803d8f834498c17aea3246696c1ceb7944c44ff7291e10fa777dd38d4b418ddfb32c2a6a319872afd27338f8df93b8a9c8298a84d1d5,ba,left,common_voice_en_19616190.mp3,"The company, however, never enjoyed a trade monopoly like the Dutch West India Company.",common_voice_en_19616192.mp3,1.815,limited,376,common_voice_en_19616191.mp3,4.567,without,779,common_voice_en_19616192.mp3,1.815,limited,376,common_voice_en_19616191.mp3,without
pair_006_ba_right,pair_006,11645b59ec56e6b2ab82803d8f834498c17aea3246696c1ceb7944c44ff7291e10fa777dd38d4b418ddfb32c2a6a319872afd27338f8df93b8a9c8298a84d1d5,ba,right,common_voice_en_19616190.mp3,"The company, however, never enjoyed a trade monopoly like the Dutch West India Company.",common_voice_en_19616192.mp3,1.815,limited,376,common_voice_en_19616191.mp3,4.567,without,779,common_voice_en_19616191.mp3,4.567,without,779,common_voice_en_19616192.mp3,limited
pair_007_ab_left,pair_007,11ec372417df77b07bb129cc7572637abe768dd9ba9a6cf66c66b5081a6016aa00fb0a31287220448ed090f18b89fb45ff7e35247c32e492909a9d08f7645c84,ab,left,common_voice_en_1529716.mp3,There's too much sugar in jello.,common_voice_en_16665979.mp3,1.661,almost,22,common_voice_en_617394.mp3,2.95,leave,369,common_voice_en_16665979.mp3,1.661,almost,22,common_voice_en_617394.mp3,leave
pair_007_ab_right,pair_007,11ec372417df77b07bb129cc7572637abe768dd9ba9a6cf66c66b5081a6016aa00fb0a31287220448ed090f18b89fb45ff7e35247c32e492909a9d08f7645c84,ab,right,common_voice_en_1529716.mp3,There's too much sugar in jello.,common_voice_en_16665979.mp3,1.661,almost,22,common_voice_en_617394.mp3,2.95,leave,369,common_voice_en_617394.mp3,2.95,leave,369,common_voice_en_16665979.mp3,almost
pair_007_ba_left,pair_007,11ec372417df77b07bb129cc7572637abe768dd9ba9a6cf66c66b5081a6016aa00fb0a31287220448ed090f18b89fb45ff7e35247c32e492909a9d08f7645c84,ba,left,common_voice_en_1529716.mp3,There's too much sugar in jello.,common_voice_en_617394.mp3,2.95,leave,369,common_voice_en_16665979.mp3,1.661,almost,22,common_voice_en_617394.mp3,2.95,leave,369,common_voice_en_16665979.mp3,almost
pair_007_ba_right,pair_007,11ec372417df77b07bb129cc7572637abe768dd9ba9a6cf66c66b5081a6016aa00fb0a31287220448ed090f18b89fb45ff7e35247c32e492909a9d08f7645c84,ba,right,common_voice_en_1529716.mp3,There's too much sugar in jello.,common_voice_en_617394.mp3,2.95,leave,369,common_voice_en_16665979.mp3,1.661,almost,22,common_voice_en_16665979.mp3,1.661,almost,22,common_voice_en_617394.mp3,leave
pair_008_ab_left,pair_008,15a22f0c0e1dd85bdeda7f733a831454f10c38f6da86b6c258157e616996b120ecdd47cf96cfbeeefbd455c03725780ef1ba4d4351013b20a20553c55db492dd,ab,left,common_voice_en_18709272.mp3,Giles tells Buffy that he has found a ritual to revoke a vampire's invitation.,common_voice_en_18709453.mp3,1.774,would,788,common_voice_en_18709565.mp3,3.927,typically,739,common_voice_en_18709453.mp3,1.774,would,788,common_voice_en_18709565.mp3,typically
pair_008_ab_right,pair_008,15a22f0c0e1dd85bdeda7f733a831454f10c38f6da86b6c258157e616996b120ecdd47cf96cfbeeefbd455c03725780ef1ba4d4351013b20a20553c55db492dd,ab,right,common_voice_en_18709272.mp3,Giles tells Buffy that he has found a ritual to revoke a vampire's invitation.,common_voice_en_18709453.mp3,1.774,would,788,common_voice_en_18709565.mp3,3.927,typically,739,common_voice_en_18709565.mp3,3.927,typically,739,common_voice_en_18709453.mp3,would
pair_008_ba_left,pair_008,15a22f0c0e1dd85bdeda7f733a831454f10c38f6da86b6c258157e616996b120ecdd47cf96cfbeeefbd455c03725780ef1ba4d4351013b20a20553c55db492dd,ba,left,common_voice_en_18709272.mp3,Giles tells Buffy that he has found a ritual to revoke a vampire's invitation.,common_voice_en_18709565.mp3,3.927,typically,739,common_voice_en_18709453.mp3,1.774,would,788,common_voice_en_18709565.mp3,3.927,typically,739,common_voice_en_18709453.mp3,would
pair_008_ba_right,pair_008,15a22f0c0e1dd85bdeda7f733a831454f10c38f6da86b6c258157e616996b120ecdd47cf96cfbeeefbd455c03725780ef1ba4d4351013b20a20553c55db492dd,ba,right,common_voice_en_18709272.mp3,Giles tells Buffy that he has found a ritual to revoke a vampire's invitation.,common_voice_en_18709565.mp3,3.927,typically,739,common_voice_en_18709453.mp3,1.774,would,788,common_voice_en_18709453.mp3,1.774,would,788,common_voice_en_18709565.mp3,typically
pair_009_ab_left,pair_009,185a19520056bd31c0b7613af5d9eb45e5b9eb8061127fc839233aac463eee2c687007a5977d117e7301d2c959de1b27d9331f7cb0bab85f776e64120795c77e,ab,left,common_voice_en_17251908.mp3,How are you getting on?,common_voice_en_17270512.mp3,2.155,behind,63,common_voice_en_495113.mp3,3.364,could,155,common_voice_en_17270512.mp3,2.155,behind,63,common_voice_en_495113.mp3,could
pair_009_ab_right,pair_009,185a19520056bd31c0b7613af5d9eb45e5b9eb8061127fc839233aac463eee2c687007a5977d117e7301d2c959de1b27d9331f7cb0bab85f776e64120795c77e,ab,right,common_voice_en_17251908.mp3,How are you getting on?,common_voice_en_17270512.mp3,2.155,behind,63,common_voice_en_495113.mp3,3.364,could,155,common_voice_en_495113.mp3,3.364,could,155,common_voice_en_17270512.mp3,behind
pair_009_ba_left,pair_009,185a19520056bd31c0b7613af5d9eb45e5b9eb8061127fc839233aac463eee2c687007a5977d117e7301d2c959de1b27d9331f7cb0bab85f776e64120795c77e,ba,left,common_voice_en_17251908.mp3,How are you getting on?,common_voice_en_495113.mp3,3.364,could,155,common_voice_en_17270512.mp3,2.155,behind,63,common_voice_en_495113.mp3,3.364,could,155,common_voice_en_17270512.mp3,behind
pair_009_ba_right,pair_009,185a19520056bd31c0b7613af5d9eb45e5b9eb8061127fc839233aac463eee2c687007a5977d117e7301d2c959de1b27d9331f7cb0bab85f776e64120795c77e,ba,right,common_voice_en_17251908.mp3,How are you getting on?,common_voice_en_495113.mp3,3.364,could,155,common_voice_en_17270512.mp3,2.155,behind,63,common_voice_en_17270512.mp3,2.155,behind,63,common_voice_en_495113.mp3,could
pair_010_ab_left,pair_010,1c3abdd589ad5bfb2edbec31028fa580e143ba9d5d05a26e28ffdc2f9d6d0ff5aa88eeb366e96f823c673fe54a13879cbaa606d6198de116b9ae18200601a8bd,ab,left,common_voice_en_19073547.mp3,There is an totalitarian aspect to the Movement.,common_voice_en_19073677.mp3,1.765,whole,773,common_voice_en_19073679.mp3,4.71,table,686,common_voice_en_19073677.mp3,1.765,whole,773,common_voice_en_19073679.mp3,table
pair_010_ab_right,pair_010,1c3abdd589ad5bfb2edbec31028fa580e143ba9d5d05a26e28ffdc2f9d6d0ff5aa88eeb366e96f823c673fe54a13879cbaa606d6198de116b9ae18200601a8bd,ab,right,common_voice_en_19073547.mp3,There is an totalitarian aspect to the Movement.,common_voice_en_19073677.mp3,1.765,whole,773,common_voice_en_19073679.mp3,4.71,table,686,common_voice_en_19073679.mp3,4.71,table,686,common_voice_en_19073677.mp3,whole
pair_010_ba_left,pair_010,1c3abdd589ad5bfb2edbec31028fa580e143ba9d5d05a26e28ffdc2f9d6d0ff5aa88eeb366e96f823c673fe54a13879cbaa606d6198de116b9ae18200601a8bd,ba,left,common_voice_en_19073547.mp3,There is an totalitarian aspect to the Movement.,common_voice_en_19073679.mp3,4.71,table,686,common_voice_en_19073677.mp3,1.765,whole,773,common_voice_en_19073679.mp3,4.71,table,686,common_voice_en_19073677.mp3,whole
pair_010_ba_right,pair_010,1c3abdd589ad5bfb2edbec31028fa580e143ba9d5d05a26e28ffdc2f9d6d0ff5aa88eeb366e96f823c673fe54a13879cbaa606d6198de116b9ae18200601a8bd,ba,right,common_voice_en_19073547.mp3,There is an totalitarian aspect to the Movement.,common_voice_en_19073679.mp3,4.71,table,686,common_voice_en_19073677.mp3,1.765,whole,773,common_voice_en_19073677.mp3,1.765,whole,773,common_voice_en_19073679.mp3,table
pair_011_ab_left,pair_011,1d95a778022e603e61909bf57085330eda7e63c833bc1064c63e8358cf03f5828fdfc527bfc775dbbc1fbfacd936e37e5c9ece5e77a9773b74ec3c516b490655,ab,left,common_voice_en_19120757.mp3,Qingpu District has three subdistricts and eight towns.,common_voice_en_19120760.mp3,3.737,david,174,common_voice_en_19952785.mp3,3.256,country,159,common_voice_en_19120760.mp3,3.737,david,174,common_voice_en_19952785.mp3,country
pair_011_ab_right,pair_011,1d95a778022e603e61909bf57085330eda7e63c833bc1064c63e8358cf03f5828fdfc527bfc775dbbc1fbfacd936e37e5c9ece5e77a9773b74ec3c516b490655,ab,right,common_voice_en_19120757.mp3,Qingpu District has three subdistricts and eight towns.,common_voice_en_19120760.mp3,3.737,david,174,common_voice_en_19952785.mp3,3.256,country,159,common_voice_en_19952785.mp3,3.256,country,159,common_voice_en_19120760.mp3,david
pair_011_ba_left,pair_011,1d95a778022e603e61909bf57085330eda7e63c833bc1064c63e8358cf03f5828fdfc527bfc775dbbc1fbfacd936e37e5c9ece5e77a9773b74ec3c516b490655,ba,left,common_voice_en_19120757.mp3,Qingpu District has three subdistricts and eight towns.,common_voice_en_19952785.mp3,3.256,country,159,common_voice_en_19120760.mp3,3.737,david,174,common_voice_en_19952785.mp3,3.256,country,159,common_voice_en_19120760.mp3,david
pair_011_ba_right,pair_011,1d95a778022e603e61909bf57085330eda7e63c833bc1064c63e8358cf03f5828fdfc527bfc775dbbc1fbfacd936e37e5c9ece5e77a9773b74ec3c516b490655,ba,right,common_voice_en_19120757.mp3,Qingpu District has three subdistricts and eight towns.,common_voice_en_19952785.mp3,3.256,country,159,common_voice_en_19120760.mp3,3.737,david,174,common_voice_en_19120760.mp3,3.737,david,174,common_voice_en_19952785.mp3,country
pair_012_ab_left,pair_012,1dcdedbe135ec7be714cfd2845fda08de01e759ee5cdb67bd5e6d84079be42dba7ee2337644680d79784f7ba5e63dc2ad89088d38857bd27d81c11dea60d338b,ab,left,common_voice_en_19953994.mp3,This project was part of Public Works Administration relief work in the area.,common_voice_en_19954321.mp3,1.623,another,33,common_voice_en_20026896.mp3,4.431,business,88,common_voice_en_19954321.mp3,1.623,another,33,common_voice_en_20026896.mp3,business
pair_012_ab_right,pair_012,1dcdedbe135ec7be714cfd2845fda08de01e759ee5cdb67bd5e6d84079be42dba7ee2337644680d79784f7ba5e63dc2ad89088d38857bd27d81c11dea60d338b,ab,right,common_voice_en_19953994.mp3,This project was part of Public Works Administration relief work in the area.,common_voice_en_19954321.mp3,1.623,another,33,common_voice_en_20026896.mp3,4.431,business,88,common_voice_en_20026896.mp3,4.431,business,88,common_voice_en_19954321.mp3,another
pair_012_ba_left,pair_012,1dcdedbe135ec7be714cfd2845fda08de01e759ee5cdb67bd5e6d84079be42dba7ee2337644680d79784f7ba5e63dc2ad89088d38857bd27d81c11dea60d338b,ba,left,common_voice_en_19953994.mp3,This project was part of Public Works Administration relief work in the area.,common_voice_en_20026896.mp3,4.431,business,88,common_voice_en_19954321.mp3,1.623,another,33,common_voice_en_20026896.mp3,4.431,business,88,common_voice_en_19954321.mp3,another
pair_012_ba_right,pair_012,1dcdedbe135ec7be714cfd2845fda08de01e759ee5cdb67bd5e6d84079be42dba7ee2337644680d79784f7ba5e63dc2ad89088d38857bd27d81c11dea60d338b,ba,right,common_voice_en_19953994.mp3,This project was part of Public Works Administration relief work in the area.,common_voice_en_20026896.mp3,4.431,business,88,common_voice_en_19954321.mp3,1.623,another,33,common_voice_en_19954321.mp3,1.623,another,33,common_voice_en_20026896.mp3,business
pair_013_ab_left,pair_013,231edcc0de6205701fb7b5a5188992280bafbaf9bdb48b511500c704fb4d42a54a010bf3eb2c8fdf7317d7d85933ef92ebf3a9580f2fa9f5d3989f35692fd04e,ab,left,common_voice_en_19620307.mp3,That decision set a statewide precedent.,common_voice_en_19620310.mp3,3.357,class,124,common_voice_en_19620312.mp3,1.687,still,659,common_voice_en_19620310.mp3,3.357,class,124,common_voice_en_19620312.mp3,still
pair_013_ab_right,pair_013,231edcc0de6205701fb7b5a5188992280bafbaf9bdb48b511500c704fb4d42a54a010bf3eb2c8fdf7317d7d85933ef92ebf3a9580f2fa9f5d3989f35692fd04e,ab,right,common_voice_en_19620307.mp3,That decision set a statewide precedent.,common_voice_en_19620310.mp3,3.357,class,124,common_voice_en_19620312.mp3,1.687,still,659,common_voice_en_19620312.mp3,1.687,still,659,common_voice_en_19620310.mp3,class
pair_013_ba_left,pair_013,231edcc0de6205701fb7b5a5188992280bafbaf9bdb48b511500c704fb4d42a54a010bf3eb2c8fdf7317d7d85933ef92ebf3a9580f2fa9f5d3989f35692fd04e,ba,left,common_voice_en_19620307.mp3,That decision set a statewide precedent.,common_voice_en_19620312.mp3,1.687,still,659,common_voice_en_19620310.mp3,3.357,class,124,common_voice_en_19620312.mp3,1.687,still,659,common_voice_en_19620310.mp3,class
pair_013_ba_right,pair_013,231edcc0de6205701fb7b5a5188992280bafbaf9bdb48b511500c704fb4d42a54a010bf3eb2c8fdf7317d7d85933ef92ebf3a9580f2fa9f5d3989f35692fd04e,ba,right,common_voice_en_19620307.mp3,That decision set a statewide precedent.,common_voice_en_19620312.mp3,1.687,still,659,common_voice_en_19620310.mp3,3.357,class,124,common_voice_en_19620310.mp3,3.357,class,124,common_voice_en_19620312.mp3,still
pair_014_ab_left,pair_014,2432927a3acd24b583f0f759819eb4e1b7150bf681b9385c26d0f36d14031ca1f7e8e76bfb5e217d7e7be940bb9aff98906b51bf2949ac1cfc5ca7c113f74794,ab,left,common_voice_en_26984741.mp3,"His brother was Armand Heine, and both were cousins of poet Heinrich Heine.",common_voice_en_26984947.mp3,4.285,might,415,common_voice_en_26984956.mp3,2.484,served,606,common_voice_en_26984947.mp3,4.285,might,415,common_voice_en_26984956.mp3,served
pair_014_ab_right,pair_014,2432927a3acd24b583f0f759819eb4e1b7150bf681b9385c26d0f36d14031ca1f7e8e76bfb5e217d7e7be940bb9aff98906b51bf2949ac1cfc5ca7c113f74794,ab,right,common_voice_en_26984741.mp3,"His brother was Armand Heine, and both were cousins of poet Heinrich Heine.",common_voice_en_26984947.mp3,4.285,might,415,common_voice_en_26984956.mp3,2.484,served,606,common_voice_en_26984956.mp3,2.484,served,606,common_voice_en_26984947.mp3,might
pair_014_ba_left,pair_014,2432927a3acd24b583f0f759819eb4e1b7150bf681b9385c26d0f36d14031ca1f7e8e76bfb5e217d7e7be940bb9aff98906b51bf2949ac1cfc5ca7c113f74794,ba,left,common_voice_en_26984741.mp3,"His brother was Armand Heine, and both were cousins of poet Heinrich Heine.",common_voice_en_26984956.mp3,2.484,served,606,common_voice_en_26984947.mp3,4.285,might,415,common_voice_en_26984956.mp3,2.484,served,606,common_voice_en_26984947.mp3,might
pair_014_ba_right,pair_014,2432927a3acd24b583f0f759819eb4e1b7150bf681b9385c26d0f36d14031ca1f7e8e76bfb5e217d7e7be940bb9aff98906b51bf2949ac1cfc5ca7c113f74794,ba,right,common_voice_en_26984741.mp3,"His brother was Armand Heine, and both were cousins of poet Heinrich Heine.",common_voice_en_26984956.mp3,2.484,served,606,common_voice_en_26984947.mp3,4.285,might,415,common_voice_en_26984947.mp3,4.285,might,415,common_voice_en_26984956.mp3,served
pair_015_ab_left,pair_015,25f51d3ad1cf1ad2a659ff86f2de8c50a170a6b2452f52f28d829226ccbd4f558f87f5f2aec8dc6320664ab98cde5f9be96e615964e1b889eebb9792795507b0,ab,left,common_voice_en_18338329.mp3,He was fond of quoting a fragment from a certain poem.,common_voice_en_18338328.mp3,1.72,meaning,405,common_voice_en_18338332.mp3,1.583,longer,387,common_voice_en_18338328.mp3,1.72,meaning,405,common_voice_en_18338332.mp3,longer
pair_015_ab_right,pair_015,25f51d3ad1cf1ad2a659ff86f2de8c50a170a6b2452f52f28d829226ccbd4f558f87f5f2aec8dc6320664ab98cde5f9be96e615964e1b889eebb9792795507b0,ab,right,common_voice_en_18338329.mp3,He was fond of quoting a fragment from a certain poem.,common_voice_en_18338328.mp3,1.72,meaning,405,common_voice_en_18338332.mp3,1.583,longer,387,common_voice_en_18338332.mp3,1.583,longer,387,common_voice_en_18338328.mp3,meaning
pair_015_ba_left,pair_015,25f51d3ad1cf1ad2a659ff86f2de8c50a170a6b2452f52f28d829226ccbd4f558f87f5f2aec8dc6320664ab98cde5f9be96e615964e1b889eebb9792795507b0,ba,left,common_voice_en_18338329.mp3,He was fond of quoting a fragment from a certain poem.,common_voice_en_18338332.mp3,1.583,longer,387,common_voice_en_18338328.mp3,1.72,meaning,405,common_voice_en_18338332.mp3,1.583,longer,387,common_voice_en_18338328.mp3,meaning
pair_015_ba_right,pair_015,25f51d3ad1cf1ad2a659ff86f2de8c50a170a6b2452f52f28d829226ccbd4f558f87f5f2aec8dc6320664ab98cde5f9be96e615964e1b889eebb9792795507b0,ba,right,common_voice_en_18338329.mp3,He was fond of quoting a fragment from a certain poem.,common_voice_en_18338332.mp3,1.583,longer,387,common_voice_en_18338328.mp3,1.72,meaning,405,common_voice_en_18338328.mp3,1.72,meaning,405,common_voice_en_18338332.mp3,longer
pair_016_ab_left,pair_016,269ce5fab1bf0a9f1141bb9fdaf5ee1eb35a6d23a2084d9df301969435b3ba9a525db49c0fb31d1f9a72d235f0db8928af3fda4bad43f24a0c7d7b2613e5e305,ab,left,common_voice_en_22749661.mp3,She became the second woman from her country to win the title.,common_voice_en_22749701.mp3,2.119,civil,123,common_voice_en_22749702.mp3,1.666,continue,151,common_voice_en_22749701.mp3,2.119,civil,123,common_voice_en_22749702.mp3,continue
pair_016_ab_right,pair_016,269ce5fab1bf0a9f1141bb9fdaf5ee1eb35a6d23a2084d9df301969435b3ba9a525db49c0fb31d1f9a72d235f0db8928af3fda4bad43f24a0c7d7b2613e5e305,ab,right,common_voice_en_22749661.mp3,She became the second woman from her country to win the title.,common_voice_en_22749701.mp3,2.119,civil,123,common_voice_en_22749702.mp3,1.666,continue,151,common_voice_en_22749702.mp3,1.666,continue,151,common_voice_en_22749701.mp3,civil
pair_016_ba_left,pair_016,269ce5fab1bf0a9f1141bb9fdaf5ee1eb35a6d23a2084d9df301969435b3ba9a525db49c0fb31d1f9a72d235f0db8928af3fda4bad43f24a0c7d7b2613e5e305,ba,left,common_voice_en_22749661.mp3,She became the second woman from her country to win the title.,common_voice_en_22749702.mp3,1.666,continue,151,common_voice_en_22749701.mp3,2.119,civil,123,common_voice_en_22749702.mp3,1.666,continue,151,common_voice_en_22749701.mp3,civil
pair_016_ba_right,pair_016,269ce5fab1bf0a9f1141bb9fdaf5ee1eb35a6d23a2084d9df301969435b3ba9a525db49c0fb31d1f9a72d235f0db8928af3fda4bad43f24a0c7d7b2613e5e305,ba,right,common_voice_en_22749661.mp3,She became the second woman from her country to win the title.,common_voice_en_22749702.mp3,1.666,continue,151,common_voice_en_22749701.mp3,2.119,civil,123,common_voice_en_22749701.mp3,2.119,civil,123,common_voice_en_22749702.mp3,continue
pair_017_ab_left,pair_017,27df1223bbfbd89b36d61b8fed39e40a1460c3e2e5fa763ba7d3c1b0d305b2919d2c3bbed70fabe90ab8bd15848f507b2331e5f108dd1b1b8c06dfbe287282c5,ab,left,common_voice_en_27633357.mp3,Its head office is in the Bank of China Tower in Central.,common_voice_en_27633354.mp3,2.302,called,90,common_voice_en_27633356.mp3,2.933,forms,265,common_voice_en_27633354.mp3,2.302,called,90,common_voice_en_27633356.mp3,forms
pair_017_ab_right,pair_017,27df1223bbfbd89b36d61b8fed39e40a1460c3e2e5fa763ba7d3c1b0d305b2919d2c3bbed70fabe90ab8bd15848f507b2331e5f108dd1b1b8c06dfbe287282c5,ab,right,common_voice_en_27633357.mp3,Its head office is in the Bank of China Tower in Central.,common_voice_en_27633354.mp3,2.302,called,90,common_voice_en_27633356.mp3,2.933,forms,265,common_voice_en_27633356.mp3,2.933,forms,265,common_voice_en_27633354.mp3,called
pair_017_ba_left,pair_017,27df1223bbfbd89b36d61b8fed39e40a1460c3e2e5fa763ba7d3c1b0d305b2919d2c3bbed70fabe90ab8bd15848f507b2331e5f108dd1b1b8c06dfbe287282c5,ba,left,common_voice_en_27633357.mp3,Its head office is in the Bank of China Tower in Central.,common_voice_en_27633356.mp3,2.933,forms,265,common_voice_en_27633354.mp3,2.302,called,90,common_voice_en_27633356.mp3,2.933,forms,265,common_voice_en_27633354.mp3,called
pair_017_ba_right,pair_017,27df1223bbfbd89b36d61b8fed39e40a1460c3e2e5fa763ba7d3c1b0d305b2919d2c3bbed70fabe90ab8bd15848f507b2331e5f108dd1b1b8c06dfbe287282c5,ba,right,common_voice_en_27633357.mp3,Its head office is in the Bank of China Tower in Central.,common_voice_en_27633356.mp3,2.933,forms,265,common_voice_en_27633354.mp3,2.302,called,90,common_voice_en_27633354.mp3,2.302,called,90,common_voice_en_27633356.mp3,forms
pair_018_ab_left,pair_018,292554dc2992a6cfa71015bc5446130ac34a3f9f7f846aa81977cff97cd6decbeff8ee37ff93244608f699828708f3a35e02e30dfca08527e35bfa987279aade,ab,left,common_voice_en_17857618.mp3,Did you see any ghosts?,common_voice_en_17857617.mp3,1.526,group,296,common_voice_en_17857619.mp3,1.703,level,373,common_voice_en_17857617.mp3,1.526,group,296,common_voice_en_17857619.mp3,level
pair_018_ab_right,pair_018,292554dc2992a6cfa71015bc5446130ac34a3f9f7f846aa81977cff97cd6decbeff8ee37ff93244608f699828708f3a35e02e30dfca08527e35bfa987279aade,ab,right,common_voice_en_17857618.mp3,Did you see any ghosts?,common_voice_en_17857617.mp3,1.526,group,296,common_voice_en_17857619.mp3,1.703,level,373,common_voice_en_17857619.mp3,1.703,level,373,common_voice_en_17857617.mp3,group
pair_018_ba_left,pair_018,292554dc2992a6cfa71015bc5446130ac34a3f9f7f846aa81977cff97cd6decbeff8ee37ff93244608f699828708f3a35e02e30dfca08527e35bfa987279aade,ba,left,common_voice_en_17857618.mp3,Did you see any ghosts?,common_voice_en_17857619.mp3,1.703,level,373,common_voice_en_17857617.mp3,1.526,group,296,common_voice_en_17857619.mp3,1.703,level,373,common_voice_en_17857617.mp3,group
pair_018_ba_right,pair_018,292554dc2992a6cfa71015bc5446130ac34a3f9f7f846aa81977cff97cd6decbeff8ee37ff93244608f699828708f3a35e02e30dfca08527e35bfa987279aade,ba,right,common_voice_en_17857618.mp3,Did you see any ghosts?,common_voice_en_17857619.mp3,1.703,level,373,common_voice_en_17857617.mp3,1.526,group,296,common_voice_en_17857617.mp3,1.526,group,296,common_voice_en_17857619.mp3,level
pair_019_ab_left,pair_019,2c3ffd78f56f2fefc02b7e5cfd35004f17ff411bacf92fb6062e073bbdfedb5d1a3157c0206b1946755d1ccf4d79f6ca35df8d2746d12a05cbaaf6fba64aa63e,ab,left,common_voice_en_18670834.mp3,Robert's mother and father are also deceased.,common_voice_en_18676741.mp3,1.968,season,600,common_voice_en_18682540.mp3,1.687,centre,106,common_voice_en_18676741.mp3,1.968,season,600,common_voice_en_18682540.mp3,centre
pair_019_ab_right,pair_019,2c3ffd78f56f2fefc02b7e5cfd35004f17ff411bacf92fb6062e073bbdfedb5d1a3157c0206b1946755d1ccf4d79f6ca35df8d2746d12a05cbaaf6fba64aa63e,ab,right,common_voice_en_18670834.mp3,Robert's mother and father are also deceased.,common_voice_en_18676741.mp3,1.968,season,600,common_voice_en_18682540.mp3,1.687,centre,106,common_voice_en_18682540.mp3,1.687,centre,106,common_voice_en_18676741.mp3,season
pair_019_ba_left,pair_019,2c3ffd78f56f2fefc02b7e5cfd35004f17ff411bacf92fb6062e073bbdfedb5d1a3157c0206b1946755d1ccf4d79f6ca35df8d2746d12a05cbaaf6fba64aa63e,ba,left,common_voice_en_18670834.mp3,Robert's mother and father are also deceased.,common_voice_en_18682540.mp3,1.687,centre,106,common_voice_en_18676741.mp3,1.968,season,600,common_voice_en_18682540.mp3,1.687,centre,106,common_voice_en_18676741.mp3,season
pair_019_ba_right,pair_019,2c3ffd78f56f2fefc02b7e5cfd35004f17ff411bacf92fb6062e073bbdfedb5d1a3157c0206b1946755d1ccf4d79f6ca35df8d2746d12a05cbaaf6fba64aa63e,ba,right,common_voice_en_18670834.mp3,Robert's mother and father are also deceased.,common_voice_en_18682540.mp3,1.687,centre,106,common_voice_en_18676741.mp3,1.968,season,600,common_voice_en_18676741.mp3,1.968,season,600,common_voice_en_18682540.mp3,centre
pair_020_ab_left,pair_020,2c5a2d151601f85f127571ee22f6ba67d16971c7540d7b365fde9cd20a3ecc6e390efa954e0c29e908c2d3fbab08ebf3feba29652745f36be704d950b3f372a3,ab,left,common_voice_en_19613376.mp3,Her main rival Yelena Isinbayeva did not take part in these Championships.,common_voice_en_19613377.mp3,1.563,built,86,common_voice_en_19613378.mp3,2.095,shall,612,common_voice_en_19613377.mp3,1.563,built,86,common_voice_en_19613378.mp3,shall
pair_020_ab_right,pair_020,2c5a2d151601f85f127571ee22f6ba67d16971c7540d7b365fde9cd20a3ecc6e390efa954e0c29e908c2d3fbab08ebf3feba29652745f36be704d950b3f372a3,ab,right,common_voice_en_19613376.mp3,Her main rival Yelena Isinbayeva did not take part in these Championships.,common_voice_en_19613377.mp3,1.563,built,86,common_voice_en_19613378.mp3,2.095,shall,612,common_voice_en_19613378.mp3,2.095,shall,612,common_voice_en_19613377.mp3,built
pair_020_ba_left,pair_020,2c5a2d151601f85f127571ee22f6ba67d16971c7540d7b365fde9cd20a3ecc6e390efa954e0c29e908c2d3fbab08ebf3feba29652745f36be704d950b3f372a3,ba,left,common_voice_en_19613376.mp3,Her main rival Yelena Isinbayeva did not take part in these Championships.,common_voice_en_19613378.mp3,2.095,shall,612,common_voice_en_19613377.mp3,1.563,built,86,common_voice_en_19613378.mp3,2.095,shall,612,common_voice_en_19613377.mp3,built
pair_020_ba_right,pair_020,2c5a2d151601f85f127571ee22f6ba67d16971c7540d7b365fde9cd20a3ecc6e390efa954e0c29e908c2d3fbab08ebf3feba29652745f36be704d950b3f372a3,ba,right,common_voice_en_19613376.mp3,Her main rival Yelena Isinbayeva did not take part in these Championships.,common_voice_en_19613378.mp3,2.095,shall,612,common_voice_en_19613377.mp3,1.563,built,86,common_voice_en_19613377.mp3,1.563,built,86,common_voice_en_19613378.mp3,shall
pair_021_ab_left,pair_021,2cabcb2c2e02e505f4c252aea1dda5bce10e9e995ec97f6bf2191ae07e171124bc12b9994309ff0fae3c8cc0823f96c715ede068c5e0b9ab0816ffe3fffbaa79,ab,left,common_voice_en_19345358.mp3,The Tuesday market is held by the blue bridge over the River Iro.,common_voice_en_19345592.mp3,1.635,floor,255,common_voice_en_19347758.mp3,2.597,known,357,common_voice_en_19345592.mp3,1.635,floor,255,common_voice_en_19347758.mp3,known
pair_021_ab_right,pair_021,2cabcb2c2e02e505f4c252aea1dda5bce10e9e995ec97f6bf2191ae07e171124bc12b9994309ff0fae3c8cc0823f96c715ede068c5e0b9ab0816ffe3fffbaa79,ab,right,common_voice_en_19345358.mp3,The Tuesday market is held by the blue bridge over the River Iro.,common_voice_en_19345592.mp3,1.635,floor,255,common_voice_en_19347758.mp3,2.597,known,357,common_voice_en_19347758.mp3,2.597,known,357,common_voice_en_19345592.mp3,floor
pair_021_ba_left,pair_021,2cabcb2c2e02e505f4c252aea1dda5bce10e9e995ec97f6bf2191ae07e171124bc12b9994309ff0fae3c8cc0823f96c715ede068c5e0b9ab0816ffe3fffbaa79,ba,left,common_voice_en_19345358.mp3,The Tuesday market is held by the blue bridge over the River Iro.,common_voice_en_19347758.mp3,2.597,known,357,common_voice_en_19345592.mp3,1.635,floor,255,common_voice_en_19347758.mp3,2.597,known,357,common_voice_en_19345592.mp3,floor
pair_021_ba_right,pair_021,2cabcb2c2e02e505f4c252aea1dda5bce10e9e995ec97f6bf2191ae07e171124bc12b9994309ff0fae3c8cc0823f96c715ede068c5e0b9ab0816ffe3fffbaa79,ba,right,common_voice_en_19345358.mp3,The Tuesday market is held by the blue bridge over the River Iro.,common_voice_en_19347758.mp3,2.597,known,357,common_voice_en_19345592.mp3,1.635,floor,255,common_voice_en_19345592.mp3,1.635,floor,255,common_voice_en_19347758.mp3,known
pair_022_ab_left,pair_022,2f226f586bbd43470e212e5f9de4d46e72f3d7f03a6ed99e93e8e53d7cc6eb28a3410bfe34e381b6001e1c84d2bc1d2dc7d8667b36d119ee15b03ea8a0b42e7a,ab,left,common_voice_en_18404081.mp3,"Take a sponge, some washing up liquid and a towel, then get to work!",common_voice_en_18404082.mp3,1.647,nothing,459,common_voice_en_18404083.mp3,1.986,british,79,common_voice_en_18404082.mp3,1.647,nothing,459,common_voice_en_18404083.mp3,british
pair_022_ab_right,pair_022,2f226f586bbd43470e212e5f9de4d46e72f3d7f03a6ed99e93e8e53d7cc6eb28a3410bfe34e381b6001e1c84d2bc1d2dc7d8667b36d119ee15b03ea8a0b42e7a,ab,right,common_voice_en_18404081.mp3,"Take a sponge, some washing up liquid and a towel, then get to work!",common_voice_en_18404082.mp3,1.647,nothing,459,common_voice_en_18404083.mp3,1.986,british,79,common_voice_en_18404083.mp3,1.986,british,79,common_voice_en_18404082.mp3,nothing
pair_022_ba_left,pair_022,2f226f586bbd43470e212e5f9de4d46e72f3d7f03a6ed99e93e8e53d7cc6eb28a3410bfe34e381b6001e1c84d2bc1d2dc7d8667b36d119ee15b03ea8a0b42e7a,ba,left,common_voice_en_18404081.mp3,"Take a sponge, some washing up liquid and a towel, then get to work!",common_voice_en_18404083.mp3,1.986,british,79,common_voice_en_18404082.mp3,1.647,nothing,459,common_voice_en_18404083.mp3,1.986,british,79,common_voice_en_18404082.mp3,nothing
pair_022_ba_right,pair_022,2f226f586bbd43470e212e5f9de4d46e72f3d7f03a6ed99e93e8e53d7cc6eb28a3410bfe34e381b6001e1c84d2bc1d2dc7d8667b36d119ee15b03ea8a0b42e7a,ba,right,common_voice_en_18404081.mp3,"Take a sponge, some washing up liquid and a towel, then get to work!",common_voice_en_18404083.mp3,1.986,british,79,common_voice_en_18404082.mp3,1.647,nothing,459,common_voice_en_18404082.mp3,1.647,nothing,459,common_voice_en_18404083.mp3,british
pair_023_ab_left,pair_023,2f986d70190ac87022911453b4d96e423e18e7eb11b6f8198ae825bd4e78cce4857e5416004e7a504b50aca2248a06c2cb86df5318abbdf2a4de37997ad9f6a4,ab,left,common_voice_en_18033937.mp3,"I can reassure you, that we won't retreat until the peace is secured.",common_voice_en_18066725.mp3,1.772,young,798,common_voice_en_18066736.mp3,1.974,outside,481,common_voice_en_18066725.mp3,1.772,young,798,common_voice_en_18066736.mp3,outside
pair_023_ab_right,pair_023,2f986d70190ac87022911453b4d96e423e18e7eb11b6f8198ae825bd4e78cce4857e5416004e7a504b50aca2248a06c2cb86df5318abbdf2a4de37997ad9f6a4,ab,right,common_voice_en_18033937.mp3,"I can reassure you, that we won't retreat until the peace is secured.",common_voice_en_18066725.mp3,1.772,young,798,common_voice_en_18066736.mp3,1.974,outside,481,common_voice_en_18066736.mp3,1.974,outside,481,common_voice_en_18066725.mp3,young
pair_023_ba_left,pair_023,2f986d70190ac87022911453b4d96e423e18e7eb11b6f8198ae825bd4e78cce4857e5416004e7a504b50aca2248a06c2cb86df5318abbdf2a4de37997ad9f6a4,ba,left,common_voice_en_18033937.mp3,"I can reassure you, that we won't retreat until the peace is secured.",common_voice_en_18066736.mp3,1.974,outside,481,common_voice_en_18066725.mp3,1.772,young,798,common_voice_en_18066736.mp3,1.974,outside,481,common_voice_en_18066725.mp3,young
pair_023_ba_right,pair_023,2f986d70190ac87022911453b4d96e423e18e7eb11b6f8198ae825bd4e78cce4857e5416004e7a504b50aca2248a06c2cb86df5318abbdf2a4de37997ad9f6a4,ba,right,common_voice_en_18033937.mp3,"I can reassure you, that we won't retreat until the peace is secured.",common_voice_en_18066736.mp3,1.974,outside,481,common_voice_en_18066725.mp3,1.772,young,798,common_voice_en_18066725.mp3,1.772,young,798,common_voice_en_18066736.mp3,outside
pair_024_ab_left,pair_024,32ef689910d78bd1b2dee1aa616774156ba49f7e9244240305fd87fff3b55b7469f6592a850b1ce1c091f2043d857ef469bb17631168966eafb4af7d91e4710d,ab,left,common_voice_en_562997.mp3,Do you mind if I sit down?,common_voice_en_563002.mp3,2.575,around,42,common_voice_en_563005.mp3,3.899,possible,520,common_voice_en_563002.mp3,2.575,around,42,common_voice_en_563005.mp3,possible
pair_024_ab_right,pair_024,32ef689910d78bd1b2dee1aa616774156ba49f7e9244240305fd87fff3b55b7469f6592a850b1ce1c091f2043d857ef469bb17631168966eafb4af7d91e4710d,ab,right,common_voice_en_562997.mp3,Do you mind if I sit down?,common_voice_en_563002.mp3,2.575,around,42,common_voice_en_563005.mp3,3.899,possible,520,common_voice_en_563005.mp3,3.899,possible,520,common_voice_en_563002.mp3,around
pair_024_ba_left,pair_024,32ef689910d78bd1b2dee1aa616774156ba49f7e9244240305fd87fff3b55b7469f6592a850b1ce1c091f2043d857ef469bb17631168966eafb4af7d91e4710d,ba,left,common_voice_en_562997.mp3,Do you mind if I sit down?,common_voice_en_563005.mp3,3.899,possible,520,common_voice_en_563002.mp3,2.575,around,42,common_voice_en_563005.mp3,3.899,possible,520,common_voice_en_563002.mp3,around
pair_024_ba_right,pair_024,32ef689910d78bd1b2dee1aa616774156ba49f7e9244240305fd87fff3b55b7469f6592a850b1ce1c091f2043d857ef469bb17631168966eafb4af7d91e4710d,ba,right,common_voice_en_562997.mp3,Do you mind if I sit down?,common_voice_en_563005.mp3,3.899,possible,520,common_voice_en_563002.mp3,2.575,around,42,common_voice_en_563002.mp3,2.575,around,42,common_voice_en_563005.mp3,possible
pair_025_ab_left,pair_025,335f9068818b6e54fa054d11d0b9e705918e8e046fad34f15d9314c9348d93017c4449c3a1987ec0992aae753696accb2cf0f7e11a7e8c64667c01fa2275d955,ab,left,common_voice_en_20157927.mp3,She is the wife of chess grandmaster Boris Gulko.,common_voice_en_20157926.mp3,3.164,eight,209,common_voice_en_20157929.mp3,2.106,school,596,common_voice_en_20157926.mp3,3.164,eight,209,common_voice_en_20157929.mp3,school
pair_025_ab_right,pair_025,335f9068818b6e54fa054d11d0b9e705918e8e046fad34f15d9314c9348d93017c4449c3a1987ec0992aae753696accb2cf0f7e11a7e8c64667c01fa2275d955,ab,right,common_voice_en_20157927.mp3,She is the wife of chess grandmaster Boris Gulko.,common_voice_en_20157926.mp3,3.164,eight,209,common_voice_en_20157929.mp3,2.106,school,596,common_voice_en_20157929.mp3,2.106,school,596,common_voice_en_20157926.mp3,eight
pair_025_ba_left,pair_025,335f9068818b6e54fa054d11d0b9e705918e8e046fad34f15d9314c9348d93017c4449c3a1987ec0992aae753696accb2cf0f7e11a7e8c64667c01fa2275d955,ba,left,common_voice_en_20157927.mp3,She is the wife of chess grandmaster Boris Gulko.,common_voice_en_20157929.mp3,2.106,school,596,common_voice_en_20157926.mp3,3.164,eight,209,common_voice_en_20157929.mp3,2.106,school,596,common_voice_en_20157926.mp3,eight
pair_025_ba_right,pair_025,335f9068818b6e54fa054d11d0b9e705918e8e046fad34f15d9314c9348d93017c4449c3a1987ec0992aae753696accb2cf0f7e11a7e8c64667c01fa2275d955,ba,right,common_voice_en_20157927.mp3,She is the wife of chess grandmaster Boris Gulko.,common_voice_en_20157929.mp3,2.106,school,596,common_voice_en_20157926.mp3,3.164,eight,209,common_voice_en_20157926.mp3,3.164,eight,209,common_voice_en_20157929.mp3,school
pair_026_ab_left,pair_026,33e5c6432296cef2df70504042b0fa882dc07a4c984c3eed5d0c60504316f02edc1562a886dbfe1127e5dd7759192ec1db551e7ba6e2602a38f44b7c67846368,ab,left,common_voice_en_22200722.mp3,no,common_voice_en_22200726.mp3,1.554,three,713,common_voice_en_22200727.mp3,1.659,seven,610,common_voice_en_22200726.mp3,1.554,three,713,common_voice_en_22200727.mp3,seven
pair_026_ab_right,pair_026,33e5c6432296cef2df70504042b0fa882dc07a4c984c3eed5d0c60504316f02edc1562a886dbfe1127e5dd7759192ec1db551e7ba6e2602a38f44b7c67846368,ab,right,common_voice_en_22200722.mp3,no,common_voice_en_22200726.mp3,1.554,three,713,common_voice_en_22200727.mp3,1.659,seven,610,common_voice_en_22200727.mp3,1.659,seven,610,common_voice_en_22200726.mp3,three
pair_026_ba_left,pair_026,33e5c6432296cef2df70504042b0fa882dc07a4c984c3eed5d0c60504316f02edc1562a886dbfe1127e5dd7759192ec1db551e7ba6e2602a38f44b7c67846368,ba,left,common_voice_en_22200722.mp3,no,common_voice_en_22200727.mp3,1.659,seven,610,common_voice_en_22200726.mp3,1.554,three,713,common_voice_en_22200727.mp3,1.659,seven,610,common_voice_en_22200726.mp3,three
pair_026_ba_right,pair_026,33e5c6432296cef2df70504042b0fa882dc07a4c984c3eed5d0c60504316f02edc1562a886dbfe1127e5dd7759192ec1db551e7ba6e2602a38f44b7c67846368,ba,right,common_voice_en_22200722.mp3,no,common_voice_en_22200727.mp3,1.659,seven,610,common_voice_en_22200726.mp3,1.554,three,713,common_voice_en_22200726.mp3,1.554,three,713,common_voice_en_22200727.mp3,seven
pair_027_ab_left,pair_027,34f2f98b0235d44b2b93ca5c9daf7c23889d876ee0ffc50951d0180d269e85ce1de9b276d4c2394a45522a8d5384768122dbdc2a1791e0fc25d9e06eabb1ca54,ab,left,common_voice_en_18708627.mp3,In contemporary times only villages in South Malaita have continued to hunt.,common_voice_en_18708628.mp3,5.032,paris,485,common_voice_en_18708650.mp3,2.794,owned,482,common_voice_en_18708628.mp3,5.032,paris,485,common_voice_en_18708650.mp3,owned
pair_027_ab_right,pair_027,34f2f98b0235d44b2b93ca5c9daf7c23889d876ee0ffc50951d0180d269e85ce1de9b276d4c2394a45522a8d5384768122dbdc2a1791e0fc25d9e06eabb1ca54,ab,right,common_voice_en_18708627.mp3,In contemporary times only villages in South Malaita have continued to hunt.,common_voice_en_18708628.mp3,5.032,paris,485,common_voice_en_18708650.mp3,2.794,owned,482,common_voice_en_18708650.mp3,2.794,owned,482,common_voice_en_18708628.mp3,paris
pair_027_ba_left,pair_027,34f2f98b0235d44b2b93ca5c9daf7c23889d876ee0ffc50951d0180d269e85ce1de9b276d4c2394a45522a8d5384768122dbdc2a1791e0fc25d9e06eabb1ca54,ba,left,common_voice_en_18708627.mp3,In contemporary times only villages in South Malaita have continued to hunt.,common_voice_en_18708650.mp3,2.794,owned,482,common_voice_en_18708628.mp3,5.032,paris,485,common_voice_en_18708650.mp3,2.794,owned,482,common_voice_en_18708628.mp3,paris
pair_027_ba_right,pair_027,34f2f98b0235d44b2b93ca5c9daf7c23889d876ee0ffc50951d0180d269e85ce1de9b276d4c2394a45522a8d5384768122dbdc2a1791e0fc25d9e06eabb1ca54,ba,right,common_voice_en_18708627.mp3,In contemporary times only villages in South Malaita have continued to hunt.,common_voice_en_18708650.mp3,2.794,owned,482,common_voice_en_18708628.mp3,5.032,paris,485,common_voice_en_18708628.mp3,5.032,paris,485,common_voice_en_18708650.mp3,owned
pair_028_ab_left,pair_028,35ea573b414801d7b08edb6f2972b1e0911babb168583dc836ab963c75a8a288b5e3f4a968c5176cba7de76683196fd25df94b56e6e31ede8ddfb8c9a1a7ff2a,ab,left,common_voice_en_10799677.mp3,The daffodils were like a carpet in the back garden.,common_voice_en_10799701.mp3,2.043,other,479,common_voice_en_579751.mp3,1.854,turned,735,common_voice_en_10799701.mp3,2.043,other,479,common_voice_en_579751.mp3,turned
pair_028_ab_right,pair_028,35ea573b414801d7b08edb6f2972b1e0911babb168583dc836ab963c75a8a288b5e3f4a968c5176cba7de76683196fd25df94b56e6e31ede8ddfb8c9a1a7ff2a,ab,right,common_voice_en_10799677.mp3,The daffodils were like a carpet in the back garden.,common_voice_en_10799701.mp3,2.043,other,479,common_voice_en_579751.mp3,1.854,turned,735,common_voice_en_579751.mp3,1.854,turned,735,common_voice_en_10799701.mp3,other
pair_028_ba_left,pair_028,35ea573b414801d7b08edb6f2972b1e0911babb168583dc836ab963c75a8a288b5e3f4a968c5176cba7de76683196fd25df94b56e6e31ede8ddfb8c9a1a7ff2a,ba,left,common_voice_en_10799677.mp3,The daffodils were like a carpet in the back garden.,common_voice_en_579751.mp3,1.854,turned,735,common_voice_en_10799701.mp3,2.043,other,479,common_voice_en_579751.mp3,1.854,turned,735,common_voice_en_10799701.mp3,other
pair_028_ba_right,pair_028,35ea573b414801d7b08edb6f2972b1e0911babb168583dc836ab963c75a8a288b5e3f4a968c5176cba7de76683196fd25df94b56e6e31ede8ddfb8c9a1a7ff2a,ba,right,common_voice_en_10799677.mp3,The daffodils were like a carpet in the back garden.,common_voice_en_579751.mp3,1.854,turned,735,common_voice_en_10799701.mp3,2.043,other,479,common_voice_en_10799701.mp3,2.043,other,479,common_voice_en_579751.mp3,turned
pair_029_ab_left,pair_029,39cef583a76ec72c2f34e188a49b55efbb90d94db4670ea6103bca9b3f001f10749b728118c3b298fd2f2a7b6b103c97ff7f9506236604178b4808cb21b1bdaf,ab,left,common_voice_en_25151435.mp3,He has remained a member ever since.,common_voice_en_25151431.mp3,3.072,began,61,common_voice_en_25151433.mp3,1.704,include,326,common_voice_en_25151431.mp3,3.072,began,61,common_voice_en_25151433.mp3,include
pair_029_ab_right,pair_029,39cef583a76ec72c2f34e188a49b55efbb90d94db4670ea6103bca9b3f001f10749b728118c3b298fd2f2a7b6b103c97ff7f9506236604178b4808cb21b1bdaf,ab,right,common_voice_en_25151435.mp3,He has remained a member ever since.,common_voice_en_25151431.mp3,3.072,began,61,common_voice_en_25151433.mp3,1.704,include,326,common_voice_en_25151433.mp3,1.704,include,326,common_voice_en_25151431.mp3,began
pair_029_ba_left,pair_029,39cef583a76ec72c2f34e188a49b55efbb90d94db4670ea6103bca9b3f001f10749b728118c3b298fd2f2a7b6b103c97ff7f9506236604178b4808cb21b1bdaf,ba,left,common_voice_en_25151435.mp3,He has remained a member ever since.,common_voice_en_25151433.mp3,1.704,include,326,common_voice_en_25151431.mp3,3.072,began,61,common_voice_en_25151433.mp3,1.704,include,326,common_voice_en_25151431.mp3,began
pair_029_ba_right,pair_029,39cef583a76ec72c2f34e188a49b55efbb90d94db4670ea6103bca9b3f001f10749b728118c3b298fd2f2a7b6b103c97ff7f9506236604178b4808cb21b1bdaf,ba,right,common_voice_en_25151435.mp3,He has remained a member ever since.,common_voice_en_25151433.mp3,1.704,include,326,common_voice_en_25151431.mp3,3.072,began,61,common_voice_en_25151431.mp3,3.072,began,61,common_voice_en_25151433.mp3,include
pair_030_ab_left,pair_030,3c64e964c2b809ce4c4f087c11fe90b765a7a37cb28da6a580fce8c173e3efe0ed44f696c351ba107348af0de28e3ad881a8c55bbbaced89805cb2ff681495d1,ab,left,common_voice_en_134272.mp3,I'm never more aware of a room's acoustics than when I'm trying to enjoy a snack I have no intention of sharing.,common_voice_en_134276.mp3,1.851,alchemist,20,common_voice_en_134292.mp3,2.146,beginning,62,common_voice_en_134276.mp3,1.851,alchemist,20,common_voice_en_134292.mp3,beginning
pair_030_ab_right,pair_030,3c64e964c2b809ce4c4f087c11fe90b765a7a37cb28da6a580fce8c173e3efe0ed44f696c351ba107348af0de28e3ad881a8c55bbbaced89805cb2ff681495d1,ab,right,common_voice_en_134272.mp3,I'm never more aware of a room's acoustics than when I'm trying to enjoy a snack I have no intention of sharing.,common_voice_en_134276.mp3,1.851,alchemist,20,common_voice_en_134292.mp3,2.146,beginning,62,common_voice_en_134292.mp3,2.146,beginning,62,common_voice_en_134276.mp3,alchemist
pair_030_ba_left,pair_030,3c64e964c2b809ce4c4f087c11fe90b765a7a37cb28da6a580fce8c173e3efe0ed44f696c351ba107348af0de28e3ad881a8c55bbbaced89805cb2ff681495d1,ba,left,common_voice_en_134272.mp3,I'm never more aware of a room's acoustics than when I'm trying to enjoy a snack I have no intention of sharing.,common_voice_en_134292.mp3,2.146,beginning,62,common_voice_en_134276.mp3,1.851,alchemist,20,common_voice_en_134292.mp3,2.146,beginning,62,common_voice_en_134276.mp3,alchemist
pair_030_ba_right,pair_030,3c64e964c2b809ce4c4f087c11fe90b765a7a37cb28da6a580fce8c173e3efe0ed44f696c351ba107348af0de28e3ad881a8c55bbbaced89805cb2ff681495d1,ba,right,common_voice_en_134272.mp3,I'm never more aware of a room's acoustics than when I'm trying to enjoy a snack I have no intention of sharing.,common_voice_en_134292.mp3,2.146,beginning,62,common_voice_en_134276.mp3,1.851,alchemist,20,common_voice_en_134276.mp3,1.851,alchemist,20,common_voice_en_134292.mp3,beginning
pair_031_ab_left,pair_031,3d24aebc0c06f0b0f29dcb5b0b1fc5438e0bbe5139a1603f9dc34d5b3bcbeea08072a6ad2a8152c034772ab1b9f329ab79e426bf1494351433be68baff830e5a,ab,left,common_voice_en_19981321.mp3,He also set the fastest lap in both of these events.,common_voice_en_19981320.mp3,1.807,became,57,common_voice_en_19981455.mp3,3.796,become,59,common_voice_en_19981320.mp3,1.807,became,57,common_voice_en_19981455.mp3,become
pair_031_ab_right,pair_031,3d24aebc0c06f0b0f29dcb5b0b1fc5438e0bbe5139a1603f9dc34d5b3bcbeea08072a6ad2a8152c034772ab1b9f329ab79e426bf1494351433be68baff830e5a,ab,right,common_voice_en_19981321.mp3,He also set the fastest lap in both of these events.,common_voice_en_19981320.mp3,1.807,became,57,common_voice_en_19981455.mp3,3.796,become,59,common_voice_en_19981455.mp3,3.796,become,59,common_voice_en_19981320.mp3,became
pair_031_ba_left,pair_031,3d24aebc0c06f0b0f29dcb5b0b1fc5438e0bbe5139a1603f9dc34d5b3bcbeea08072a6ad2a8152c034772ab1b9f329ab79e426bf1494351433be68baff830e5a,ba,left,common_voice_en_19981321.mp3,He also set the fastest lap in both of these events.,common_voice_en_19981455.mp3,3.796,become,59,common_voice_en_19981320.mp3,1.807,became,57,common_voice_en_19981455.mp3,3.796,become,59,common_voice_en_19981320.mp3,became
pair_031_ba_right,pair_031,3d24aebc0c06f0b0f29dcb5b0b1fc5438e0bbe5139a1603f9dc34d5b3bcbeea08072a6ad2a8152c034772ab1b9f329ab79e426bf1494351433be68baff830e5a,ba,right,common_voice_en_19981321.mp3,He also set the fastest lap in both of these events.,common_voice_en_19981455.mp3,3.796,become,59,common_voice_en_19981320.mp3,1.807,became,57,common_voice_en_19981320.mp3,1.807,became,57,common_voice_en_19981455.mp3,become
pair_032_ab_left,pair_032,3e96a0c27ed10f32deae244f11297bb8cbd2bc90dcb27479afed866abec0b0ab954f88d82d1ec1ad0a8e5ab2c58b6d7eccd2eedf198083d9811a56160adcccc9,ab,left,common_voice_en_488430.mp3,I want to book a food truck in Albania for ten people.,common_voice_en_488428.mp3,2.34,never,452,common_voice_en_488429.mp3,1.447,please,512,common_voice_en_488428.mp3,2.34,never,452,common_voice_en_488429.mp3,please
pair_032_ab_right,pair_032,3e96a0c27ed10f32deae244f11297bb8cbd2bc90dcb27479afed866abec0b0ab954f88d82d1ec1ad0a8e5ab2c58b6d7eccd2eedf198083d9811a56160adcccc9,ab,right,common_voice_en_488430.mp3,I want to book a food truck in Albania for ten people.,common_voice_en_488428.mp3,2.34,never,452,common_voice_en_488429.mp3,1.447,please,512,common_voice_en_488429.mp3,1.447,please,512,common_voice_en_488428.mp3,never
pair_032_ba_left,pair_032,3e96a0c27ed10f32deae244f11297bb8cbd2bc90dcb27479afed866abec0b0ab954f88d82d1ec1ad0a8e5ab2c58b6d7eccd2eedf198083d9811a56160adcccc9,ba,left,common_voice_en_488430.mp3,I want to book a food truck in Albania for ten people.,common_voice_en_488429.mp3,1.447,please,512,common_voice_en_488428.mp3,2.34,never,452,common_voice_en_488429.mp3,1.447,please,512,common_voice_en_488428.mp3,never
pair_032_ba_right,pair_032,3e96a0c27ed10f32deae244f11297bb8cbd2bc90dcb27479afed866abec0b0ab954f88d82d1ec1ad0a8e5ab2c58b6d7eccd2eedf198083d9811a56160adcccc9,ba,right,common_voice_en_488430.mp3,I want to book a food truck in Albania for ten people.,common_voice_en_488429.mp3,1.447,please,512,common_voice_en_488428.mp3,2.34,never,452,common_voice_en_488428.mp3,2.34,never,452,common_voice_en_488429.mp3,please
pair_033_ab_left,pair_033,404ac25c7a9e3d33bb1bd06e7bba578d007f63ad20a73790ca71dea54be15c0306e9db2f1ab409c74b26bc5123d311ee2e611648f377e4d83f3256b56b098b07,ab,left,common_voice_en_24942389.mp3,"She lives and works in Manhattan, Kansas.",common_voice_en_24942408.mp3,2.579,william,775,common_voice_en_24942510.mp3,2.067,since,624,common_voice_en_24942408.mp3,2.579,william,775,common_voice_en_24942510.mp3,since
pair_033_ab_right,pair_033,404ac25c7a9e3d33bb1bd06e7bba578d007f63ad20a73790ca71dea54be15c0306e9db2f1ab409c74b26bc5123d311ee2e611648f377e4d83f3256b56b098b07,ab,right,common_voice_en_24942389.mp3,"She lives and works in Manhattan, Kansas.",common_voice_en_24942408.mp3,2.579,william,775,common_voice_en_24942510.mp3,2.067,since,624,common_voice_en_24942510.mp3,2.067,since,624,common_voice_en_24942408.mp3,william
pair_033_ba_left,pair_033,404ac25c7a9e3d33bb1bd06e7bba578d007f63ad20a73790ca71dea54be15c0306e9db2f1ab409c74b26bc5123d311ee2e611648f377e4d83f3256b56b098b07,ba,left,common_voice_en_24942389.mp3,"She lives and works in Manhattan, Kansas.",common_voice_en_24942510.mp3,2.067,since,624,common_voice_en_24942408.mp3,2.579,william,775,common_voice_en_24942510.mp3,2.067,since,624,common_voice_en_24942408.mp3,william
pair_033_ba_right,pair_033,404ac25c7a9e3d33bb1bd06e7bba578d007f63ad20a73790ca71dea54be15c0306e9db2f1ab409c74b26bc5123d311ee2e611648f377e4d83f3256b56b098b07,ba,right,common_voice_en_24942389.mp3,"She lives and works in Manhattan, Kansas.",common_voice_en_24942510.mp3,2.067,since,624,common_voice_en_24942408.mp3,2.579,william,775,common_voice_en_24942408.mp3,2.579,william,775,common_voice_en_24942510.mp3,since
pair_034_ab_left,pair_034,42b4b33626b4173347210d0959772ef2ee1a58b27a6b0af6ed932af4ab4d9b087ff07ec307c14af893d5ef6da466f6c85e90bdfdc5d7328b3e2707568257da10,ab,left,common_voice_en_27703528.mp3,The More Things Change...,common_voice_en_27703525.mp3,1.472,james,351,common_voice_en_27703526.mp3,3.042,street,665,common_voice_en_27703525.mp3,1.472,james,351,common_voice_en_27703526.mp3,street
pair_034_ab_right,pair_034,42b4b33626b4173347210d0959772ef2ee1a58b27a6b0af6ed932af4ab4d9b087ff07ec307c14af893d5ef6da466f6c85e90bdfdc5d7328b3e2707568257da10,ab,right,common_voice_en_27703528.mp3,The More Things Change...,common_voice_en_27703525.mp3,1.472,james,351,common_voice_en_27703526.mp3,3.042,street,665,common_voice_en_27703526.mp3,3.042,street,665,common_voice_en_27703525.mp3,james
pair_034_ba_left,pair_034,42b4b33626b4173347210d0959772ef2ee1a58b27a6b0af6ed932af4ab4d9b087ff07ec307c14af893d5ef6da466f6c85e90bdfdc5d7328b3e2707568257da10,ba,left,common_voice_en_27703528.mp3,The More Things Change...,common_voice_en_27703526.mp3,3.042,street,665,common_voice_en_27703525.mp3,1.472,james,351,common_voice_en_27703526.mp3,3.042,street,665,common_voice_en_27703525.mp3,james
pair_034_ba_right,pair_034,42b4b33626b4173347210d0959772ef2ee1a58b27a6b0af6ed932af4ab4d9b087ff07ec307c14af893d5ef6da466f6c85e90bdfdc5d7328b3e2707568257da10,ba,right,common_voice_en_27703528.mp3,The More Things Change...,common_voice_en_27703526.mp3,3.042,street,665,common_voice_en_27703525.mp3,1.472,james,351,common_voice_en_27703525.mp3,1.472,james,351,common_voice_en_27703526.mp3,street
pair_035_ab_left,pair_035,44184f9dda2c364dcec98c57292917a3b8f60b3416f7b921f12e0f6fa0162476eac2378de5cdb0968692e34b99c9b922f279e15d10c6383fb0363970ce38fcc8,ab,left,common_voice_en_26323146.mp3,He later became the director of the College.,common_voice_en_26323318.mp3,2.503,appointed,40,common_voice_en_26723455.mp3,2.965,slowly,628,common_voice_en_26323318.mp3,2.503,appointed,40,common_voice_en_26723455.mp3,slowly
pair_035_ab_right,pair_035,44184f9dda2c364dcec98c57292917a3b8f60b3416f7b921f12e0f6fa0162476eac2378de5cdb0968692e34b99c9b922f279e15d10c6383fb0363970ce38fcc8,ab,right,common_voice_en_26323146.mp3,He later became the director of the College.,common_voice_en_26323318.mp3,2.503,appointed,40,common_voice_en_26723455.mp3,2.965,slowly,628,common_voice_en_26723455.mp3,2.965,slowly,628,common_voice_en_26323318.mp3,appointed
pair_035_ba_left,pair_035,44184f9dda2c364dcec98c57292917a3b8f60b3416f7b921f12e0f6fa0162476eac2378de5cdb0968692e34b99c9b922f279e15d10c6383fb0363970ce38fcc8,ba,left,common_voice_en_26323146.mp3,He later became the director of the College.,common_voice_en_26723455.mp3,2.965,slowly,628,common_voice_en_26323318.mp3,2.503,appointed,40,common_voice_en_26723455.mp3,2.965,slowly,628,common_voice_en_26323318.mp3,appointed
pair_035_ba_right,pair_035,44184f9dda2c364dcec98c57292917a3b8f60b3416f7b921f12e0f6fa0162476eac2378de5cdb0968692e34b99c9b922f279e15d10c6383fb0363970ce38fcc8,ba,right,common_voice_en_26323146.mp3,He later became the director of the College.,common_voice_en_26723455.mp3,2.965,slowly,628,common_voice_en_26323318.mp3,2.503,appointed,40,common_voice_en_26323318.mp3,2.503,appointed,40,common_voice_en_26723455.mp3,slowly
pair_036_ab_left,pair_036,448e25cbcb48a248d8580293fc74b5c730237022cb69194ae0314bb973bcebaa30c3f2fadf40359aec092cb5bce557635f794c8e51092afed151eb5854ca940b,ab,left,common_voice_en_19552127.mp3,"He said that Tokalauvere had no authority to do so, however.",common_voice_en_19552130.mp3,2.016,written,792,common_voice_en_19552143.mp3,1.642,called,90,common_voice_en_19552130.mp3,2.016,written,792,common_voice_en_19552143.mp3,called
pair_036_ab_right,pair_036,448e25cbcb48a248d8580293fc74b5c730237022cb69194ae0314bb973bcebaa30c3f2fadf40359aec092cb5bce557635f794c8e51092afed151eb5854ca940b,ab,right,common_voice_en_19552127.mp3,"He said that Tokalauvere had no authority to do so, however.",common_voice_en_19552130.mp3,2.016,written,792,common_voice_en_19552143.mp3,1.642,called,90,common_voice_en_19552143.mp3,1.642,called,90,common_voice_en_19552130.mp3,written
pair_036_ba_left,pair_036,448e25cbcb48a248d8580293fc74b5c730237022cb69194ae0314bb973bcebaa30c3f2fadf40359aec092cb5bce557635f794c8e51092afed151eb5854ca940b,ba,left,common_voice_en_19552127.mp3,"He said that Tokalauvere had no authority to do so, however.",common_voice_en_19552143.mp3,1.642,called,90,common_voice_en_19552130.mp3,2.016,written,792,common_voice_en_19552143.mp3,1.642,called,90,common_voice_en_19552130.mp3,written
pair_036_ba_right,pair_036,448e25cbcb48a248d8580293fc74b5c730237022cb69194ae0314bb973bcebaa30c3f2fadf40359aec092cb5bce557635f794c8e51092afed151eb5854ca940b,ba,right,common_voice_en_19552127.mp3,"He said that Tokalauvere had no authority to do so, however.",common_voice_en_19552143.mp3,1.642,called,90,common_voice_en_19552130.mp3,2.016,written,792,common_voice_en_19552130.mp3,2.016,written,792,common_voice_en_19552143.mp3,called
pair_037_ab_left,pair_037,44f9c86943d5869fb29640270041cb640e15dcabdfff65e66ecad1188e07ee5f3dd0e5463613c5533a86be0013d33e30cce89d9d98042329a608de5f15015ffb,ab,left,common_voice_en_18107715.mp3,It weighs five kilograms.,common_voice_en_18107713.mp3,2.795,decided,176,common_voice_en_18107714.mp3,1.789,night,454,common_voice_en_18107713.mp3,2.795,decided,176,common_voice_en_18107714.mp3,night
pair_037_ab_right,pair_037,44f9c86943d5869fb29640270041cb640e15dcabdfff65e66ecad1188e07ee5f3dd0e5463613c5533a86be0013d33e30cce89d9d98042329a608de5f15015ffb,ab,right,common_voice_en_18107715.mp3,It weighs five kilograms.,common_voice_en_18107713.mp3,2.795,decided,176,common_voice_en_18107714.mp3,1.789,night,454,common_voice_en_18107714.mp3,1.789,night,454,common_voice_en_18107713.mp3,decided
pair_037_ba_left,pair_037,44f9c86943d5869fb29640270041cb640e15dcabdfff65e66ecad1188e07ee5f3dd0e5463613c5533a86be0013d33e30cce89d9d98042329a608de5f15015ffb,ba,left,common_voice_en_18107715.mp3,It weighs five kilograms.,common_voice_en_18107714.mp3,1.789,night,454,common_voice_en_18107713.mp3,2.795,decided,176,common_voice_en_18107714.mp3,1.789,night,454,common_voice_en_18107713.mp3,decided
pair_037_ba_right,pair_037,44f9c86943d5869fb29640270041cb640e15dcabdfff65e66ecad1188e07ee5f3dd0e5463613c5533a86be0013d33e30cce89d9d98042329a608de5f15015ffb,ba,right,common_voice_en_18107715.mp3,It weighs five kilograms.,common_voice_en_18107714.mp3,1.789,night,454,common_voice_en_18107713.mp3,2.795,decided,176,common_voice_en_18107713.mp3,2.795,decided,176,common_voice_en_18107714.mp3,night
pair_038_ab_left,pair_038,45d190b7e0513aa52c41faa8fb430f541fc19d49faededb03c0466760697eba8d65c6b6e65fa212d0445f6ff92b19b790c89d2e6810f067f2fff373f5d7e08ff,ab,left,common_voice_en_17821144.mp3,The streaming portal uses the MPEG-Four video codec.,common_voice_en_25762095.mp3,1.583,plays,511,common_voice_en_25762098.mp3,2.244,consists,148,common_voice_en_25762095.mp3,1.583,plays,511,common_voice_en_25762098.mp3,consists
pair_038_ab_right,pair_038,45d190b7e0513aa52c41faa8fb430f541fc19d49faededb03c0466760697eba8d65c6b6e65fa212d0445f6ff92b19b790c89d2e6810f067f2fff373f5d7e08ff,ab,right,common_voice_en_17821144.mp3,The streaming portal uses the MPEG-Four video codec.,common_voice_en_25762095.mp3,1.583,plays,511,common_voice_en_25762098.mp3,2.244,consists,148,common_voice_en_25762098.mp3,2.244,consists,148,common_voice_en_25762095.mp3,plays
pair_038_ba_left,pair_038,45d190b7e0513aa52c41faa8fb430f541fc19d49faededb03c0466760697eba8d65c6b6e65fa212d0445f6ff92b19b790c89d2e6810f067f2fff373f5d7e08ff,ba,left,common_voice_en_17821144.mp3,The streaming portal uses the MPEG-Four video codec.,common_voice_en_25762098.mp3,2.244,consists,148,common_voice_en_25762095.mp3,1.583,plays,511,common_voice_en_25762098.mp3,2.244,consists,148,common_voice_en_25762095.mp3,plays
pair_038_ba_right,pair_038,45d190b7e0513aa52c41faa8fb430f541fc19d49faededb03c0466760697eba8d65c6b6e65fa212d0445f6ff92b19b790c89d2e6810f067f2fff373f5d7e08ff,ba,right,common_voice_en_17821144.mp3,The streaming portal uses the MPEG-Four video codec.,common_voice_en_25762098.mp3,2.244,consists,148,common_voice_en_25762095.mp3,1.583,plays,511,common_voice_en_25762095.mp3,1.583,plays,511,common_voice_en_25762098.mp3,consists
pair_039_ab_left,pair_039,4736e6f95a939c9602c1e1f200221e1ed5164b6e7190a1e567fe047fd73621cda5d4d8c063c41ad801a2fdf79246b9fa6b1d8050c23f7827e4b355c27371032e,ab,left,common_voice_en_24977701.mp3,It accepts foreign students.,common_voice_en_24977705.mp3,2.583,several,611,common_voice_en_24977706.mp3,1.411,roman,590,common_voice_en_24977705.mp3,2.583,several,611,common_voice_en_24977706.mp3,roman
pair_039_ab_right,pair_039,4736e6f95a939c9602c1e1f200221e1ed5164b6e7190a1e567fe047fd73621cda5d4d8c063c41ad801a2fdf79246b9fa6b1d8050c23f7827e4b355c27371032e,ab,right,common_voice_en_24977701.mp3,It accepts foreign students.,common_voice_en_24977705.mp3,2.583,several,611,common_voice_en_24977706.mp3,1.411,roman,590,common_voice_en_24977706.mp3,1.411,roman,590,common_voice_en_24977705.mp3,several
pair_039_ba_left,pair_039,4736e6f95a939c9602c1e1f200221e1ed5164b6e7190a1e567fe047fd73621cda5d4d8c063c41ad801a2fdf79246b9fa6b1d8050c23f7827e4b355c27371032e,ba,left,common_voice_en_24977701.mp3,It accepts foreign students.,common_voice_en_24977706.mp3,1.411,roman,590,common_voice_en_24977705.mp3,2.583,several,611,common_voice_en_24977706.mp3,1.411,roman,590,common_voice_en_24977705.mp3,several
pair_039_ba_right,pair_039,4736e6f95a939c9602c1e1f200221e1ed5164b6e7190a1e567fe047fd73621cda5d4d8c063c41ad801a2fdf79246b9fa6b1d8050c23f7827e4b355c27371032e,ba,right,common_voice_en_24977701.mp3,It accepts foreign students.,common_voice_en_24977706.mp3,1.411,roman,590,common_voice_en_24977705.mp3,2.583,several,611,common_voice_en_24977705.mp3,2.583,several,611,common_voice_en_24977706.mp3,roman
pair_040_ab_left,pair_040,48001eaf2b6f8ca6e618f062a0d4939c93ce23dc433e6cbc8941c5b9f3c1f7943f534b40bfe42f661fad1c645e3c607e6faaaed21092a9dbbd5974239baf938a,ab,left,common_voice_en_27003804.mp3,This solution allows consumers a limited amount of private copies.,common_voice_en_27160566.mp3,3.018,festival,245,common_voice_en_27160586.mp3,2.812,after,14,common_voice_en_27160566.mp3,3.018,festival,245,common_voice_en_27160586.mp3,after
pair_040_ab_right,pair_040,48001eaf2b6f8ca6e618f062a0d4939c93ce23dc433e6cbc8941c5b9f3c1f7943f534b40bfe42f661fad1c645e3c607e6faaaed21092a9dbbd5974239baf938a,ab,right,common_voice_en_27003804.mp3,This solution allows consumers a limited amount of private copies.,common_voice_en_27160566.mp3,3.018,festival,245,common_voice_en_27160586.mp3,2.812,after,14,common_voice_en_27160586.mp3,2.812,after,14,common_voice_en_27160566.mp3,festival
pair_040_ba_left,pair_040,48001eaf2b6f8ca6e618f062a0d4939c93ce23dc433e6cbc8941c5b9f3c1f7943f534b40bfe42f661fad1c645e3c607e6faaaed21092a9dbbd5974239baf938a,ba,left,common_voice_en_27003804.mp3,This solution allows consumers a limited amount of private copies.,common_voice_en_27160586.mp3,2.812,after,14,common_voice_en_27160566.mp3,3.018,festival,245,common_voice_en_27160586.mp3,2.812,after,14,common_voice_en_27160566.mp3,festival
pair_040_ba_right,pair_040,48001eaf2b6f8ca6e618f062a0d4939c93ce23dc433e6cbc8941c5b9f3c1f7943f534b40bfe42f661fad1c645e3c607e6faaaed21092a9dbbd5974239baf938a,ba,right,common_voice_en_27003804.mp3,This solution allows consumers a limited amount of private copies.,common_voice_en_27160586.mp3,2.812,after,14,common_voice_en_27160566.mp3,3.018,festival,245,common_voice_en_27160566.mp3,3.018,festival,245,common_voice_en_27160586.mp3,after
pair_041_ab_left,pair_041,48ea9cb17dff834dc79d7106663269f6ec23d65c1a0d46a185ab1d35eaffe41976f275c3d3fc858bc03282ab4198fa113a105354c6947f0e21554cb59b8c3071,ab,left,common_voice_en_21762340.mp3,Silt'e has a fairly typical set of consonants for an Ethiopian Semitic language.,common_voice_en_21762339.mp3,2.175,during,200,common_voice_en_21762342.mp3,2.117,successful,677,common_voice_en_21762339.mp3,2.175,during,200,common_voice_en_21762342.mp3,successful
pair_041_ab_right,pair_041,48ea9cb17dff834dc79d7106663269f6ec23d65c1a0d46a185ab1d35eaffe41976f275c3d3fc858bc03282ab4198fa113a105354c6947f0e21554cb59b8c3071,ab,right,common_voice_en_21762340.mp3,Silt'e has a fairly typical set of consonants for an Ethiopian Semitic language.,common_voice_en_21762339.mp3,2.175,during,200,common_voice_en_21762342.mp3,2.117,successful,677,common_voice_en_21762342.mp3,2.117,successful,677,common_voice_en_21762339.mp3,during
pair_041_ba_left,pair_041,48ea9cb17dff834dc79d7106663269f6ec23d65c1a0d46a185ab1d35eaffe41976f275c3d3fc858bc03282ab4198fa113a105354c6947f0e21554cb59b8c3071,ba,left,common_voice_en_21762340.mp3,Silt'e has a fairly typical set of consonants for an Ethiopian Semitic language.,common_voice_en_21762342.mp3,2.117,successful,677,common_voice_en_21762339.mp3,2.175,during,200,common_voice_en_21762342.mp3,2.117,successful,677,common_voice_en_21762339.mp3,during
pair_041_ba_right,pair_041,48ea9cb17dff834dc79d7106663269f6ec23d65c1a0d46a185ab1d35eaffe41976f275c3d3fc858bc03282ab4198fa113a105354c6947f0e21554cb59b8c3071,ba,right,common_voice_en_21762340.mp3,Silt'e has a fairly typical set of consonants for an Ethiopian Semitic language.,common_voice_en_21762342.mp3,2.117,successful,677,common_voice_en_21762339.mp3,2.175,during,200,common_voice_en_21762339.mp3,2.175,during,200,common_voice_en_21762342.mp3,successful
pair_042_ab_left,pair_042,4a31d3f26d2220235b114f379f20e2b8674e4af54e17769e4dc7118305a0fb1867b3add5742e53909b3ae14b35e21aa6cd703754a1bc72447d4799b7fc494d19,ab,left,common_voice_en_25641221.mp3,"The Motherwell District electoral divisions of Bellshill and Tannochside, Clydesdale, and Fortissat.",common_voice_en_25641224.mp3,2.465,three,713,common_voice_en_25641225.mp3,3.125,after,14,common_voice_en_25641224.mp3,2.465,three,713,common_voice_en_25641225.mp3,after
pair_042_ab_right,pair_042,4a31d3f26d2220235b114f379f20e2b8674e4af54e17769e4dc7118305a0fb1867b3add5742e53909b3ae14b35e21aa6cd703754a1bc72447d4799b7fc494d19,ab,right,common_voice_en_25641221.mp3,"The Motherwell District electoral divisions of Bellshill and Tannochside, Clydesdale, and Fortissat.",common_voice_en_25641224.mp3,2.465,three,713,common_voice_en_25641225.mp3,3.125,after,14,common_voice_en_25641225.mp3,3.125,after,14,common_voice_en_25641224.mp3,three
pair_042_ba_left,pair_042,4a31d3f26d2220235b114f379f20e2b8674e4af54e17769e4dc7118305a0fb1867b3add5742e53909b3ae14b35e21aa6cd703754a1bc72447d4799b7fc494d19,ba,left,common_voice_en_25641221.mp3,"The Motherwell District electoral divisions of Bellshill and Tannochside, Clydesdale, and Fortissat.",common_voice_en_25641225.mp3,3.125,after,14,common_voice_en_25641224.mp3,2.465,three,713,common_voice_en_25641225.mp3,3.125,after,14,common_voice_en_25641224.mp3,three
pair_042_ba_right,pair_042,4a31d3f26d2220235b114f379f20e2b8674e4af54e17769e4dc7118305a0fb1867b3add5742e53909b3ae14b35e21aa6cd703754a1bc72447d4799b7fc494d19,ba,right,common_voice_en_25641221.mp3,"The Motherwell District electoral divisions of Bellshill and Tannochside, Clydesdale, and Fortissat.",common_voice_en_25641225.mp3,3.125,after,14,common_voice_en_25641224.mp3,2.465,three,713,common_voice_en_25641224.mp3,2.465,three,713,common_voice_en_25641225.mp3,after
pair_043_ab_left,pair_043,4aa97f3abd28235a4681ec577ef5afc4e85427c5e6fffde45f7d727d8f7d42833a9feec081cbe70feb9f9ea5e43d136cd4e177f9bc8cdf37487369355593ea53,ab,left,common_voice_en_26971806.mp3,"They also include many important fossils, such as the nummulitids.",common_voice_en_26974034.mp3,1.594,island,344,common_voice_en_26974070.mp3,2.423,again,15,common_voice_en_26974034.mp3,1.594,island,344,common_voice_en_26974070.mp3,again
pair_043_ab_right,pair_043,4aa97f3abd28235a4681ec577ef5afc4e85427c5e6fffde45f7d727d8f7d42833a9feec081cbe70feb9f9ea5e43d136cd4e177f9bc8cdf37487369355593ea53,ab,right,common_voice_en_26971806.mp3,"They also include many important fossils, such as the nummulitids.",common_voice_en_26974034.mp3,1.594,island,344,common_voice_en_26974070.mp3,2.423,again,15,common_voice_en_26974070.mp3,2.423,again,15,common_voice_en_26974034.mp3,island
pair_043_ba_left,pair_043,4aa97f3abd28235a4681ec577ef5afc4e85427c5e6fffde45f7d727d8f7d42833a9feec081cbe70feb9f9ea5e43d136cd4e177f9bc8cdf37487369355593ea53,ba,left,common_voice_en_26971806.mp3,"They also include many important fossils, such as the nummulitids.",common_voice_en_26974070.mp3,2.423,again,15,common_voice_en_26974034.mp3,1.594,island,344,common_voice_en_26974070.mp3,2.423,again,15,common_voice_en_26974034.mp3,island
pair_043_ba_right,pair_043,4aa97f3abd28235a4681ec577ef5afc4e85427c5e6fffde45f7d727d8f7d42833a9feec081cbe70feb9f9ea5e43d136cd4e177f9bc8cdf37487369355593ea53,ba,right,common_voice_en_26971806.mp3,"They also include many important fossils, such as the nummulitids.",common_voice_en_26974070.mp3,2.423,again,15,common_voice_en_26974034.mp3,1.594,island,344,common_voice_en_26974034.mp3,1.594,island,344,common_voice_en_26974070.mp3,again
pair_044_ab_left,pair_044,4c407a51103a79d22a55ba3047ed5e1353ad666e3ed14df8998c75b7acdb1f335f7d77fd6526cc6950c5ebfc5dc998cb784dbba2b28556c81056e842ca8f0758,ab,left,common_voice_en_18469533.mp3,Thirty-two Turkish tourists took a trip to a turkey farm.,common_voice_en_18474239.mp3,2.014,outside,481,common_voice_en_18494081.mp3,2.359,seemed,603,common_voice_en_18474239.mp3,2.014,outside,481,common_voice_en_18494081.mp3,seemed
pair_044_ab_right,pair_044,4c407a51103a79d22a55ba3047ed5e1353ad666e3ed14df8998c75b7acdb1f335f7d77fd6526cc6950c5ebfc5dc998cb784dbba2b28556c81056e842ca8f0758,ab,right,common_voice_en_18469533.mp3,Thirty-two Turkish tourists took a trip to a turkey farm.,common_voice_en_18474239.mp3,2.014,outside,481,common_voice_en_18494081.mp3,2.359,seemed,603,common_voice_en_18494081.mp3,2.359,seemed,603,common_voice_en_18474239.mp3,outside
pair_044_ba_left,pair_044,4c407a51103a79d22a55ba3047ed5e1353ad666e3ed14df8998c75b7acdb1f335f7d77fd6526cc6950c5ebfc5dc998cb784dbba2b28556c81056e842ca8f0758,ba,left,common_voice_en_18469533.mp3,Thirty-two Turkish tourists took a trip to a turkey farm.,common_voice_en_18494081.mp3,2.359,seemed,603,common_voice_en_18474239.mp3,2.014,outside,481,common_voice_en_18494081.mp3,2.359,seemed,603,common_voice_en_18474239.mp3,outside
pair_044_ba_right,pair_044,4c407a51103a79d22a55ba3047ed5e1353ad666e3ed14df8998c75b7acdb1f335f7d77fd6526cc6950c5ebfc5dc998cb784dbba2b28556c81056e842ca8f0758,ba,right,common_voice_en_18469533.mp3,Thirty-two Turkish tourists took a trip to a turkey farm.,common_voice_en_18494081.mp3,2.359,seemed,603,common_voice_en_18474239.mp3,2.014,outside,481,common_voice_en_18474239.mp3,2.014,outside,481,common_voice_en_18494081.mp3,seemed
pair_045_ab_left,pair_045,4ed837dc950b1112df7d50d13c344b41bbfa64c6308b29f4e6d740dc32c49d78ef14d184051d9b61b8a86e46714fa89053447e56019360646fba2fe51daa79aa,ab,left,common_voice_en_23610008.mp3,She has a half-brother and -sister named Mark and Claire.,common_voice_en_23610007.mp3,2.854,changed,109,common_voice_en_23610011.mp3,1.497,first,253,common_voice_en_23610007.mp3,2.854,changed,109,common_voice_en_23610011.mp3,first
pair_045_ab_right,pair_045,4ed837dc950b1112df7d50d13c344b41bbfa64c6308b29f4e6d740dc32c49d78ef14d184051d9b61b8a86e46714fa89053447e56019360646fba2fe51daa79aa,ab,right,common_voice_en_23610008.mp3,She has a half-brother and -sister named Mark and Claire.,common_voice_en_23610007.mp3,2.854,changed,109,common_voice_en_23610011.mp3,1.497,first,253,common_voice_en_23610011.mp3,1.497,first,253,common_voice_en_23610007.mp3,changed
pair_045_ba_left,pair_045,4ed837dc950b1112df7d50d13c344b41bbfa64c6308b29f4e6d740dc32c49d78ef14d184051d9b61b8a86e46714fa89053447e56019360646fba2fe51daa79aa,ba,left,common_voice_en_23610008.mp3,She has a half-brother and -sister named Mark and Claire.,common_voice_en_23610011.mp3,1.497,first,253,common_voice_en_23610007.mp3,2.854,changed,109,common_voice_en_23610011.mp3,1.497,first,253,common_voice_en_23610007.mp3,changed
pair_045_ba_right,pair_045,4ed837dc950b1112df7d50d13c344b41bbfa64c6308b29f4e6d740dc32c49d78ef14d184051d9b61b8a86e46714fa89053447e56019360646fba2fe51daa79aa,ba,right,common_voice_en_23610008.mp3,She has a half-brother and -sister named Mark and Claire.,common_voice_en_23610011.mp3,1.497,first,253,common_voice_en_23610007.mp3,2.854,changed,109,common_voice_en_23610007.mp3,2.854,changed,109,common_voice_en_23610011.mp3,first
pair_046_ab_left,pair_046,4f7d8003ecde8b531425a66114dea855c47b1b3f20f5afe8f50a7b22cefe7fe592a31e109475dcd2f03a8dccd6a744b2a0079d3a5d3062df150ed372753c21df,ab,left,common_voice_en_20294782.mp3,He was almost sweetly sad tonight.,common_voice_en_20294778.mp3,2.837,state,655,common_voice_en_20294780.mp3,3.192,lives,381,common_voice_en_20294778.mp3,2.837,state,655,common_voice_en_20294780.mp3,lives
pair_046_ab_right,pair_046,4f7d8003ecde8b531425a66114dea855c47b1b3f20f5afe8f50a7b22cefe7fe592a31e109475dcd2f03a8dccd6a744b2a0079d3a5d3062df150ed372753c21df,ab,right,common_voice_en_20294782.mp3,He was almost sweetly sad tonight.,common_voice_en_20294778.mp3,2.837,state,655,common_voice_en_20294780.mp3,3.192,lives,381,common_voice_en_20294780.mp3,3.192,lives,381,common_voice_en_20294778.mp3,state
pair_046_ba_left,pair_046,4f7d8003ecde8b531425a66114dea855c47b1b3f20f5afe8f50a7b22cefe7fe592a31e109475dcd2f03a8dccd6a744b2a0079d3a5d3062df150ed372753c21df,ba,left,common_voice_en_20294782.mp3,He was almost sweetly sad tonight.,common_voice_en_20294780.mp3,3.192,lives,381,common_voice_en_20294778.mp3,2.837,state,655,common_voice_en_20294780.mp3,3.192,lives,381,common_voice_en_20294778.mp3,state
pair_046_ba_right,pair_046,4f7d8003ecde8b531425a66114dea855c47b1b3f20f5afe8f50a7b22cefe7fe592a31e109475dcd2f03a8dccd6a744b2a0079d3a5d3062df150ed372753c21df,ba,right,common_voice_en_20294782.mp3,He was almost sweetly sad tonight.,common_voice_en_20294780.mp3,3.192,lives,381,common_voice_en_20294778.mp3,2.837,state,655,common_voice_en_20294778.mp3,2.837,state,655,common_voice_en_20294780.mp3,lives
pair_047_ab_left,pair_047,50475c1f484e6dcdf24a902ff49459df5479bc81bc50dbd2a06f4ca464399baf1366b2f70eb2791f97169ad5ef3b088a2d3fa428fd8171f51347e31ac481413d,ab,left,common_voice_en_18584783.mp3,Be careful of bitcoin Ponzi schemes.,common_voice_en_18584789.mp3,1.379,would,788,common_voice_en_18584790.mp3,1.967,spent,648,common_voice_en_18584789.mp3,1.379,would,788,common_voice_en_18584790.mp3,spent
pair_047_ab_right,pair_047,50475c1f484e6dcdf24a902ff49459df5479bc81bc50dbd2a06f4ca464399baf1366b2f70eb2791f97169ad5ef3b088a2d3fa428fd8171f51347e31ac481413d,ab,right,common_voice_en_18584783.mp3,Be careful of bitcoin Ponzi schemes.,common_voice_en_18584789.mp3,1.379,would,788,common_voice_en_18584790.mp3,1.967,spent,648,common_voice_en_18584790.mp3,1.967,spent,648,common_voice_en_18584789.mp3,would
pair_047_ba_left,pair_047,50475c1f484e6dcdf24a902ff49459df5479bc81bc50dbd2a06f4ca464399baf1366b2f70eb2791f97169ad5ef3b088a2d3fa428fd8171f51347e31ac481413d,ba,left,common_voice_en_18584783.mp3,Be careful of bitcoin Ponzi schemes.,common_voice_en_18584790.mp3,1.967,spent,648,common_voice_en_18584789.mp3,1.379,would,788,common_voice_en_18584790.mp3,1.967,spent,648,common_voice_en_18584789.mp3,would
pair_047_ba_right,pair_047,50475c1f484e6dcdf24a902ff49459df5479bc81bc50dbd2a06f4ca464399baf1366b2f70eb2791f97169ad5ef3b088a2d3fa428fd8171f51347e31ac481413d,ba,right,common_voice_en_18584783.mp3,Be careful of bitcoin Ponzi schemes.,common_voice_en_18584790.mp3,1.967,spent,648,common_voice_en_18584789.mp3,1.379,would,788,common_voice_en_18584789.mp3,1.379,would,788,common_voice_en_18584790.mp3,spent
pair_048_ab_left,pair_048,51ae697fce5d6e0c1a98b8ee3da53ce279c3ba2198e11bb4879c9b382ce3a6d06b3ff1e6fc239bb45e7dc896e2c265794f8aca15db492923d1db1bd99af9140b,ab,left,common_voice_en_20410126.mp3,"Scotland has also registration counties, which are in current use.",common_voice_en_20410127.mp3,3.099,these,703,common_voice_en_20410142.mp3,1.874,later,363,common_voice_en_20410127.mp3,3.099,these,703,common_voice_en_20410142.mp3,later
pair_048_ab_right,pair_048,51ae697fce5d6e0c1a98b8ee3da53ce279c3ba2198e11bb4879c9b382ce3a6d06b3ff1e6fc239bb45e7dc896e2c265794f8aca15db492923d1db1bd99af9140b,ab,right,common_voice_en_20410126.mp3,"Scotland has also registration counties, which are in current use.",common_voice_en_20410127.mp3,3.099,these,703,common_voice_en_20410142.mp3,1.874,later,363,common_voice_en_20410142.mp3,1.874,later,363,common_voice_en_20410127.mp3,these
pair_048_ba_left,pair_048,51ae697fce5d6e0c1a98b8ee3da53ce279c3ba2198e11bb4879c9b382ce3a6d06b3ff1e6fc239bb45e7dc896e2c265794f8aca15db492923d1db1bd99af9140b,ba,left,common_voice_en_20410126.mp3,"Scotland has also registration counties, which are in current use.",common_voice_en_20410142.mp3,1.874,later,363,common_voice_en_20410127.mp3,3.099,these,703,common_voice_en_20410142.mp3,1.874,later,363,common_voice_en_20410127.mp3,these
pair_048_ba_right,pair_048,51ae697fce5d6e0c1a98b8ee3da53ce279c3ba2198e11bb4879c9b382ce3a6d06b3ff1e6fc239bb45e7dc896e2c265794f8aca15db492923d1db1bd99af9140b,ba,right,common_voice_en_20410126.mp3,"Scotland has also registration counties, which are in current use.",common_voice_en_20410142.mp3,1.874,later,363,common_voice_en_20410127.mp3,3.099,these,703,common_voice_en_20410127.mp3,3.099,these,703,common_voice_en_20410142.mp3,later
pair_049_ab_left,pair_049,5633df4160c8d2cb8153643874cdac4e2aea1fd117d0bae745824e14eb719cb714a3404165b3cb132afd4061371bbca1fc70a294a85babc553fe547bef1fcb0f,ab,left,common_voice_en_19677467.mp3,"May he be damned, damned, damned!",common_voice_en_19677890.mp3,2.095,world,787,common_voice_en_19678606.mp3,2.656,rights,587,common_voice_en_19677890.mp3,2.095,world,787,common_voice_en_19678606.mp3,rights
pair_049_ab_right,pair_049,5633df4160c8d2cb8153643874cdac4e2aea1fd117d0bae745824e14eb719cb714a3404165b3cb132afd4061371bbca1fc70a294a85babc553fe547bef1fcb0f,ab,right,common_voice_en_19677467.mp3,"May he be damned, damned, damned!",common_voice_en_19677890.mp3,2.095,world,787,common_voice_en_19678606.mp3,2.656,rights,587,common_voice_en_19678606.mp3,2.656,rights,587,common_voice_en_19677890.mp3,world
pair_049_ba_left,pair_049,5633df4160c8d2cb8153643874cdac4e2aea1fd117d0bae745824e14eb719cb714a3404165b3cb132afd4061371bbca1fc70a294a85babc553fe547bef1fcb0f,ba,left,common_voice_en_19677467.mp3,"May he be damned, damned, damned!",common_voice_en_19678606.mp3,2.656,rights,587,common_voice_en_19677890.mp3,2.095,world,787,common_voice_en_19678606.mp3,2.656,rights,587,common_voice_en_19677890.mp3,world
pair_049_ba_right,pair_049,5633df4160c8d2cb8153643874cdac4e2aea1fd117d0bae745824e14eb719cb714a3404165b3cb132afd4061371bbca1fc70a294a85babc553fe547bef1fcb0f,ba,right,common_voice_en_19677467.mp3,"May he be damned, damned, damned!",common_voice_en_19678606.mp3,2.656,rights,587,common_voice_en_19677890.mp3,2.095,world,787,common_voice_en_19677890.mp3,2.095,world,787,common_voice_en_19678606.mp3,rights
pair_050_ab_left,pair_050,59d1ec8273b815b11651211b336ef43cf0642924d7c72208fc1f15e8b4f4ccf0b046b7152bfb4a9378b7b8f740a38238a92da4f710d9f8bd93aa01a2cf5a07fd,ab,left,common_voice_en_101798.mp3,Now his intuition was that he had been right in coming.,common_voice_en_101797.mp3,2.115,other,479,common_voice_en_101807.mp3,3.184,going,289,common_voice_en_101797.mp3,2.115,other,479,common_voice_en_101807.mp3,going
pair_050_ab_right,pair_050,59d1ec8273b815b11651211b336ef43cf0642924d7c72208fc1f15e8b4f4ccf0b046b7152bfb4a9378b7b8f740a38238a92da4f710d9f8bd93aa01a2cf5a07fd,ab,right,common_voice_en_101798.mp3,Now his intuition was that he had been right in coming.,common_voice_en_101797.mp3,2.115,other,479,common_voice_en_101807.mp3,3.184,going,289,common_voice_en_101807.mp3,3.184,going,289,common_voice_en_101797.mp3,other
pair_050_ba_left,pair_050,59d1ec8273b815b11651211b336ef43cf0642924d7c72208fc1f15e8b4f4ccf0b046b7152bfb4a9378b7b8f740a38238a92da4f710d9f8bd93aa01a2cf5a07fd,ba,left,common_voice_en_101798.mp3,Now his intuition was that he had been right in coming.,common_voice_en_101807.mp3,3.184,going,289,common_voice_en_101797.mp3,2.115,other,479,common_voice_en_101807.mp3,3.184,going,289,common_voice_en_101797.mp3,other
pair_050_ba_right,pair_050,59d1ec8273b815b11651211b336ef43cf0642924d7c72208fc1f15e8b4f4ccf0b046b7152bfb4a9378b7b8f740a38238a92da4f710d9f8bd93aa01a2cf5a07fd,ba,right,common_voice_en_101798.mp3,Now his intuition was that he had been right in coming.,common_voice_en_101807.mp3,3.184,going,289,common_voice_en_101797.mp3,2.115,other,479,common_voice_en_101797.mp3,2.115,other,479,common_voice_en_101807.mp3,going
pair_051_ab_left,pair_051,5d21be2c97f8382dc29df69ebc0d225a6093b1b6434375c351ac7a16473f719c42912843a979f453209beb29e09dcabc85e38441662b48f56d57682cf8bf0c54,ab,left,common_voice_en_23753860.mp3,Nawab Asadu'llah Khan.,common_voice_en_23753858.mp3,1.444,can't,92,common_voice_en_23753861.mp3,2.346,countries,158,common_voice_en_23753858.mp3,1.444,can't,92,common_voice_en_23753861.mp3,countries
pair_051_ab_right,pair_051,5d21be2c97f8382dc29df69ebc0d225a6093b1b6434375c351ac7a16473f719c42912843a979f453209beb29e09dcabc85e38441662b48f56d57682cf8bf0c54,ab,right,common_voice_en_23753860.mp3,Nawab Asadu'llah Khan.,common_voice_en_23753858.mp3,1.444,can't,92,common_voice_en_23753861.mp3,2.346,countries,158,common_voice_en_23753861.mp3,2.346,countries,158,common_voice_en_23753858.mp3,can't
pair_051_ba_left,pair_051,5d21be2c97f8382dc29df69ebc0d225a6093b1b6434375c351ac7a16473f719c42912843a979f453209beb29e09dcabc85e38441662b48f56d57682cf8bf0c54,ba,left,common_voice_en_23753860.mp3,Nawab Asadu'llah Khan.,common_voice_en_23753861.mp3,2.346,countries,158,common_voice_en_23753858.mp3,1.444,can't,92,common_voice_en_23753861.mp3,2.346,countries,158,common_voice_en_23753858.mp3,can't
pair_051_ba_right,pair_051,5d21be2c97f8382dc29df69ebc0d225a6093b1b6434375c351ac7a16473f719c42912843a979f453209beb29e09dcabc85e38441662b48f56d57682cf8bf0c54,ba,right,common_voice_en_23753860.mp3,Nawab Asadu'llah Khan.,common_voice_en_23753861.mp3,2.346,countries,158,common_voice_en_23753858.mp3,1.444,can't,92,common_voice_en_23753858.mp3,1.444,can't,92,common_voice_en_23753861.mp3,countries
pair_052_ab_left,pair_052,5f1ac7acdb1c298f8d3596914c5eb6d088362e5360bd2554929e56f58933221f6dfe2a3490acf0fb1145ad922d371738bfd0640383ecdd947ea1a8ca00f3cac2,ab,left,common_voice_en_20037193.mp3,The religious ceremony took place in the Saint Mary Cathedral in Burgos.,common_voice_en_20037194.mp3,3.258,current,170,common_voice_en_20037197.mp3,1.582,attended,48,common_voice_en_20037194.mp3,3.258,current,170,common_voice_en_20037197.mp3,attended
pair_052_ab_right,pair_052,5f1ac7acdb1c298f8d3596914c5eb6d088362e5360bd2554929e56f58933221f6dfe2a3490acf0fb1145ad922d371738bfd0640383ecdd947ea1a8ca00f3cac2,ab,right,common_voice_en_20037193.mp3,The religious ceremony took place in the Saint Mary Cathedral in Burgos.,common_voice_en_20037194.mp3,3.258,current,170,common_voice_en_20037197.mp3,1.582,attended,48,common_voice_en_20037197.mp3,1.582,attended,48,common_voice_en_20037194.mp3,current
pair_052_ba_left,pair_052,5f1ac7acdb1c298f8d3596914c5eb6d088362e5360bd2554929e56f58933221f6dfe2a3490acf0fb1145ad922d371738bfd0640383ecdd947ea1a8ca00f3cac2,ba,left,common_voice_en_20037193.mp3,The religious ceremony took place in the Saint Mary Cathedral in Burgos.,common_voice_en_20037197.mp3,1.582,attended,48,common_voice_en_20037194.mp3,3.258,current,170,common_voice_en_20037197.mp3,1.582,attended,48,common_voice_en_20037194.mp3,current
pair_052_ba_right,pair_052,5f1ac7acdb1c298f8d3596914c5eb6d088362e5360bd2554929e56f58933221f6dfe2a3490acf0fb1145ad922d371738bfd0640383ecdd947ea1a8ca00f3cac2,ba,right,common_voice_en_20037193.mp3,The religious ceremony took place in the Saint Mary Cathedral in Burgos.,common_voice_en_20037197.mp3,1.582,attended,48,common_voice_en_20037194.mp3,3.258,current,170,common_voice_en_20037194.mp3,3.258,current,170,common_voice_en_20037197.mp3,attended
pair_053_ab_left,pair_053,64bd37c8bf7fe5ffa68ebfc665ce8d7e5abcb8955a4ecd457427561fee1b6af1f746fce2b342d9c99a21d2068fc6195b07cc7f5aeb30f1a9f728fcdfd36f9742,ab,left,common_voice_en_222098.mp3,I won't say anything.,common_voice_en_222100.mp3,3.505,would,788,common_voice_en_222103.mp3,1.732,decided,176,common_voice_en_222100.mp3,3.505,would,788,common_voice_en_222103.mp3,decided
pair_053_ab_right,pair_053,64bd37c8bf7fe5ffa68ebfc665ce8d7e5abcb8955a4ecd457427561fee1b6af1f746fce2b342d9c99a21d2068fc6195b07cc7f5aeb30f1a9f728fcdfd36f9742,ab,right,common_voice_en_222098.mp3,I won't say anything.,common_voice_en_222100.mp3,3.505,would,788,common_voice_en_222103.mp3,1.732,decided,176,common_voice_en_222103.mp3,1.732,decided,176,common_voice_en_222100.mp3,would
pair_053_ba_left,pair_053,64bd37c8bf7fe5ffa68ebfc665ce8d7e5abcb8955a4ecd457427561fee1b6af1f746fce2b342d9c99a21d2068fc6195b07cc7f5aeb30f1a9f728fcdfd36f9742,ba,left,common_voice_en_222098.mp3,I won't say anything.,common_voice_en_222103.mp3,1.732,decided,176,common_voice_en_222100.mp3,3.505,would,788,common_voice_en_222103.mp3,1.732,decided,176,common_voice_en_222100.mp3,would
pair_053_ba_right,pair_053,64bd37c8bf7fe5ffa68ebfc665ce8d7e5abcb8955a4ecd457427561fee1b6af1f746fce2b342d9c99a21d2068fc6195b07cc7f5aeb30f1a9f728fcdfd36f9742,ba,right,common_voice_en_222098.mp3,I won't say anything.,common_voice_en_222103.mp3,1.732,decided,176,common_voice_en_222100.mp3,3.505,would,788,common_voice_en_222100.mp3,3.505,would,788,common_voice_en_222103.mp3,decided
pair_054_ab_left,pair_054,6dca5c769f1b6c8fe708ec3f25bfdd5794038b5f55652747e6229200eeca682b15493a35c943ac8762b3146475de16553984275d6056120afd45bb5959930511,ab,left,common_voice_en_22606944.mp3,"Universal Pictures has a ""Policy Regarding Tobacco Depictions in Films"".",common_voice_en_22606945.mp3,1.865,church,121,common_voice_en_22606976.mp3,3.042,black,71,common_voice_en_22606945.mp3,1.865,church,121,common_voice_en_22606976.mp3,black
pair_054_ab_right,pair_054,6dca5c769f1b6c8fe708ec3f25bfdd5794038b5f55652747e6229200eeca682b15493a35c943ac8762b3146475de16553984275d6056120afd45bb5959930511,ab,right,common_voice_en_22606944.mp3,"Universal Pictures has a ""Policy Regarding Tobacco Depictions in Films"".",common_voice_en_22606945.mp3,1.865,church,121,common_voice_en_22606976.mp3,3.042,black,71,common_voice_en_22606976.mp3,3.042,black,71,common_voice_en_22606945.mp3,church
pair_054_ba_left,pair_054,6dca5c769f1b6c8fe708ec3f25bfdd5794038b5f55652747e6229200eeca682b15493a35c943ac8762b3146475de16553984275d6056120afd45bb5959930511,ba,left,common_voice_en_22606944.mp3,"Universal Pictures has a ""Policy Regarding Tobacco Depictions in Films"".",common_voice_en_22606976.mp3,3.042,black,71,common_voice_en_22606945.mp3,1.865,church,121,common_voice_en_22606976.mp3,3.042,black,71,common_voice_en_22606945.mp3,church
pair_054_ba_right,pair_054,6dca5c769f1b6c8fe708ec3f25bfdd5794038b5f55652747e6229200eeca682b15493a35c943ac8762b3146475de16553984275d6056120afd45bb5959930511,ba,right,common_voice_en_22606944.mp3,"Universal Pictures has a ""Policy Regarding Tobacco Depictions in Films"".",common_voice_en_22606976.mp3,3.042,black,71,common_voice_en_22606945.mp3,1.865,church,121,common_voice_en_22606945.mp3,1.865,church,121,common_voice_en_22606976.mp3,black
pair_055_ab_left,pair_055,7204cb22c75d8716f50b8f0cd23224e559bb94b6a7dc38bbb9f7561c1903fbe3a35b43976fdf1cc4019ea2472026a5cd911b39a241abf0f8902e2d2d52bc7967,ab,left,common_voice_en_24784486.mp3,Pigeon Lake empties into Lake Michigan through a channel protected by two piers.,common_voice_en_24860588.mp3,1.842,generally,282,common_voice_en_24860604.mp3,2.578,river,588,common_voice_en_24860588.mp3,1.842,generally,282,common_voice_en_24860604.mp3,river
pair_055_ab_right,pair_055,7204cb22c75d8716f50b8f0cd23224e559bb94b6a7dc38bbb9f7561c1903fbe3a35b43976fdf1cc4019ea2472026a5cd911b39a241abf0f8902e2d2d52bc7967,ab,right,common_voice_en_24784486.mp3,Pigeon Lake empties into Lake Michigan through a channel protected by two piers.,common_voice_en_24860588.mp3,1.842,generally,282,common_voice_en_24860604.mp3,2.578,river,588,common_voice_en_24860604.mp3,2.578,river,588,common_voice_en_24860588.mp3,generally
pair_055_ba_left,pair_055,7204cb22c75d8716f50b8f0cd23224e559bb94b6a7dc38bbb9f7561c1903fbe3a35b43976fdf1cc4019ea2472026a5cd911b39a241abf0f8902e2d2d52bc7967,ba,left,common_voice_en_24784486.mp3,Pigeon Lake empties into Lake Michigan through a channel protected by two piers.,common_voice_en_24860604.mp3,2.578,river,588,common_voice_en_24860588.mp3,1.842,generally,282,common_voice_en_24860604.mp3,2.578,river,588,common_voice_en_24860588.mp3,generally
pair_055_ba_right,pair_055,7204cb22c75d8716f50b8f0cd23224e559bb94b6a7dc38bbb9f7561c1903fbe3a35b43976fdf1cc4019ea2472026a5cd911b39a241abf0f8902e2d2d52bc7967,ba,right,common_voice_en_24784486.mp3,Pigeon Lake empties into Lake Michigan through a channel protected by two piers.,common_voice_en_24860604.mp3,2.578,river,588,common_voice_en_24860588.mp3,1.842,generally,282,common_voice_en_24860588.mp3,1.842,generally,282,common_voice_en_24860604.mp3,river
pair_056_ab_left,pair_056,72e66217363d6b05c8b839d9f0afe925d1fe25beeff3390d83c925b673612cc271aa920d3c4a60355b4774fa31d300ba6c9555cb09f2c344a9b79b0f76457a12,ab,left,common_voice_en_19717429.mp3,"With winter approaching, they headed north as quickly as possible.",common_voice_en_19745828.mp3,1.736,recent,561,common_voice_en_19745831.mp3,3.644,radio,550,common_voice_en_19745828.mp3,1.736,recent,561,common_voice_en_19745831.mp3,radio
pair_056_ab_right,pair_056,72e66217363d6b05c8b839d9f0afe925d1fe25beeff3390d83c925b673612cc271aa920d3c4a60355b4774fa31d300ba6c9555cb09f2c344a9b79b0f76457a12,ab,right,common_voice_en_19717429.mp3,"With winter approaching, they headed north as quickly as possible.",common_voice_en_19745828.mp3,1.736,recent,561,common_voice_en_19745831.mp3,3.644,radio,550,common_voice_en_19745831.mp3,3.644,radio,550,common_voice_en_19745828.mp3,recent
pair_056_ba_left,pair_056,72e66217363d6b05c8b839d9f0afe925d1fe25beeff3390d83c925b673612cc271aa920d3c4a60355b4774fa31d300ba6c9555cb09f2c344a9b79b0f76457a12,ba,left,common_voice_en_19717429.mp3,"With winter approaching, they headed north as quickly as possible.",common_voice_en_19745831.mp3,3.644,radio,550,common_voice_en_19745828.mp3,1.736,recent,561,common_voice_en_19745831.mp3,3.644,radio,550,common_voice_en_19745828.mp3,recent
pair_056_ba_right,pair_056,72e66217363d6b05c8b839d9f0afe925d1fe25beeff3390d83c925b673612cc271aa920d3c4a60355b4774fa31d300ba6c9555cb09f2c344a9b79b0f76457a12,ba,right,common_voice_en_19717429.mp3,"With winter approaching, they headed north as quickly as possible.",common_voice_en_19745831.mp3,3.644,radio,550,common_voice_en_19745828.mp3,1.736,recent,561,common_voice_en_19745828.mp3,1.736,recent,561,common_voice_en_19745831.mp3,radio
pair_057_ab_left,pair_057,77bba7b1aea18c06c397d52f1045879eee840c40edfb614157fe5255a44443e40f5b02ba7e6f32b683814fb1738e474bbefb01441c258514ae4a266649e31560,ab,left,common_voice_en_19288896.mp3,It is an alloy of aluminium phosphide and gallium phosphide.,common_voice_en_19288899.mp3,2.272,under,740,common_voice_en_19288900.mp3,1.632,after,14,common_voice_en_19288899.mp3,2.272,under,740,common_voice_en_19288900.mp3,after
pair_057_ab_right,pair_057,77bba7b1aea18c06c397d52f1045879eee840c40edfb614157fe5255a44443e40f5b02ba7e6f32b683814fb1738e474bbefb01441c258514ae4a266649e31560,ab,right,common_voice_en_19288896.mp3,It is an alloy of aluminium phosphide and gallium phosphide.,common_voice_en_19288899.mp3,2.272,under,740,common_voice_en_19288900.mp3,1.632,after,14,common_voice_en_19288900.mp3,1.632,after,14,common_voice_en_19288899.mp3,under
pair_057_ba_left,pair_057,77bba7b1aea18c06c397d52f1045879eee840c40edfb614157fe5255a44443e40f5b02ba7e6f32b683814fb1738e474bbefb01441c258514ae4a266649e31560,ba,left,common_voice_en_19288896.mp3,It is an alloy of aluminium phosphide and gallium phosphide.,common_voice_en_19288900.mp3,1.632,after,14,common_voice_en_19288899.mp3,2.272,under,740,common_voice_en_19288900.mp3,1.632,after,14,common_voice_en_19288899.mp3,under
pair_057_ba_right,pair_057,77bba7b1aea18c06c397d52f1045879eee840c40edfb614157fe5255a44443e40f5b02ba7e6f32b683814fb1738e474bbefb01441c258514ae4a266649e31560,ba,right,common_voice_en_19288896.mp3,It is an alloy of aluminium phosphide and gallium phosphide.,common_voice_en_19288900.mp3,1.632,after,14,common_voice_en_19288899.mp3,2.272,under,740,common_voice_en_19288899.mp3,2.272,under,740,common_voice_en_19288900.mp3,after
pair_058_ab_left,pair_058,7904790ea2596019d2296114d4d42a5192cd47eec95827aa6c0f183c5272ac00fa840b2dee6bfc798122d4118d00c92531b315a77379a140dbde4999f9bd0dbe,ab,left,common_voice_en_26979360.mp3,"However, Sodrel lost the Republican nomination to Bloomington attorney Todd Young.",common_voice_en_26979621.mp3,2.396,performance,493,common_voice_en_26979661.mp3,2.244,allowed,21,common_voice_en_26979621.mp3,2.396,performance,493,common_voice_en_26979661.mp3,allowed
pair_058_ab_right,pair_058,7904790ea2596019d2296114d4d42a5192cd47eec95827aa6c0f183c5272ac00fa840b2dee6bfc798122d4118d00c92531b315a77379a140dbde4999f9bd0dbe,ab,right,common_voice_en_26979360.mp3,"However, Sodrel lost the Republican nomination to Bloomington attorney Todd Young.",common_voice_en_26979621.mp3,2.396,performance,493,common_voice_en_26979661.mp3,2.244,allowed,21,common_voice_en_26979661.mp3,2.244,allowed,21,common_voice_en_26979621.mp3,performance
pair_058_ba_left,pair_058,7904790ea2596019d2296114d4d42a5192cd47eec95827aa6c0f183c5272ac00fa840b2dee6bfc798122d4118d00c92531b315a77379a140dbde4999f9bd0dbe,ba,left,common_voice_en_26979360.mp3,"However, Sodrel lost the Republican nomination to Bloomington attorney Todd Young.",common_voice_en_26979661.mp3,2.244,allowed,21,common_voice_en_26979621.mp3,2.396,performance,493,common_voice_en_26979661.mp3,2.244,allowed,21,common_voice_en_26979621.mp3,performance
pair_058_ba_right,pair_058,7904790ea2596019d2296114d4d42a5192cd47eec95827aa6c0f183c5272ac00fa840b2dee6bfc798122d4118d00c92531b315a77379a140dbde4999f9bd0dbe,ba,right,common_voice_en_26979360.mp3,"However, Sodrel lost the Republican nomination to Bloomington attorney Todd Young.",common_voice_en_26979661.mp3,2.244,allowed,21,common_voice_en_26979621.mp3,2.396,performance,493,common_voice_en_26979621.mp3,2.396,performance,493,common_voice_en_26979661.mp3,allowed
pair_059_ab_left,pair_059,7cceb319ae44e50f61e053d3bfb87285f378285f3f48781f636d62a9d62a01e0943a2abcf10b733c0e4451842317a241889960d2d7eb8b6c0c6b862ec569a888,ab,left,common_voice_en_23750801.mp3,The classification of the galah was difficult.,common_voice_en_23750802.mp3,1.869,sister,626,common_voice_en_23750845.mp3,1.567,began,61,common_voice_en_23750802.mp3,1.869,sister,626,common_voice_en_23750845.mp3,began
pair_059_ab_right,pair_059,7cceb319ae44e50f61e053d3bfb87285f378285f3f48781f636d62a9d62a01e0943a2abcf10b733c0e4451842317a241889960d2d7eb8b6c0c6b862ec569a888,ab,right,common_voice_en_23750801.mp3,The classification of the galah was difficult.,common_voice_en_23750802.mp3,1.869,sister,626,common_voice_en_23750845.mp3,1.567,began,61,common_voice_en_23750845.mp3,1.567,began,61,common_voice_en_23750802.mp3,sister
pair_059_ba_left,pair_059,7cceb319ae44e50f61e053d3bfb87285f378285f3f48781f636d62a9d62a01e0943a2abcf10b733c0e4451842317a241889960d2d7eb8b6c0c6b862ec569a888,ba,left,common_voice_en_23750801.mp3,The classification of the galah was difficult.,common_voice_en_23750845.mp3,1.567,began,61,common_voice_en_23750802.mp3,1.869,sister,626,common_voice_en_23750845.mp3,1.567,began,61,common_voice_en_23750802.mp3,sister
pair_059_ba_right,pair_059,7cceb319ae44e50f61e053d3bfb87285f378285f3f48781f636d62a9d62a01e0943a2abcf10b733c0e4451842317a241889960d2d7eb8b6c0c6b862ec569a888,ba,right,common_voice_en_23750801.mp3,The classification of the galah was difficult.,common_voice_en_23750845.mp3,1.567,began,61,common_voice_en_23750802.mp3,1.869,sister,626,common_voice_en_23750802.mp3,1.869,sister,626,common_voice_en_23750845.mp3,began
pair_060_ab_left,pair_060,83e383fc3bd5dd92c39954da6c23a08a08d0f2b5e68f7f30f58c0e1e9a8d449374ce26319b237da55a11a088d20194ef58d47f8b8765091b0f014d4c261c553d,ab,left,common_voice_en_20512041.mp3,It belongs to the tourist corridor of Los Blancos people.,common_voice_en_20512047.mp3,3.704,matter,403,common_voice_en_20512048.mp3,3.289,countries,158,common_voice_en_20512047.mp3,3.704,matter,403,common_voice_en_20512048.mp3,countries
pair_060_ab_right,pair_060,83e383fc3bd5dd92c39954da6c23a08a08d0f2b5e68f7f30f58c0e1e9a8d449374ce26319b237da55a11a088d20194ef58d47f8b8765091b0f014d4c261c553d,ab,right,common_voice_en_20512041.mp3,It belongs to the tourist corridor of Los Blancos people.,common_voice_en_20512047.mp3,3.704,matter,403,common_voice_en_20512048.mp3,3.289,countries,158,common_voice_en_20512048.mp3,3.289,countries,158,common_voice_en_20512047.mp3,matter
pair_060_ba_left,pair_060,83e383fc3bd5dd92c39954da6c23a08a08d0f2b5e68f7f30f58c0e1e9a8d449374ce26319b237da55a11a088d20194ef58d47f8b8765091b0f014d4c261c553d,ba,left,common_voice_en_20512041.mp3,It belongs to the tourist corridor of Los Blancos people.,common_voice_en_20512048.mp3,3.289,countries,158,common_voice_en_20512047.mp3,3.704,matter,403,common_voice_en_20512048.mp3,3.289,countries,158,common_voice_en_20512047.mp3,matter
pair_060_ba_right,pair_060,83e383fc3bd5dd92c39954da6c23a08a08d0f2b5e68f7f30f58c0e1e9a8d449374ce26319b237da55a11a088d20194ef58d47f8b8765091b0f014d4c261c553d,ba,right,common_voice_en_20512041.mp3,It belongs to the tourist corridor of Los Blancos people.,common_voice_en_20512048.mp3,3.289,countries,158,common_voice_en_20512047.mp3,3.704,matter,403,common_voice_en_20512047.mp3,3.704,matter,403,common_voice_en_20512048.mp3,countries
pair_061_ab_left,pair_061,8514fee6e9a358e2d4b664105d2efd1f0c0062b3a7b3ad532d442d52a341932a77bd95f66db77a764a74553992292a7cf60057f9b7726c11923911003900231c,ab,left,common_voice_en_21892992.mp3,So I guess that's the inspiration-the hope that that happens to someone someday.,common_voice_en_21892990.mp3,2.045,often,469,common_voice_en_21892991.mp3,1.396,would,788,common_voice_en_21892990.mp3,2.045,often,469,common_voice_en_21892991.mp3,would
pair_061_ab_right,pair_061,8514fee6e9a358e2d4b664105d2efd1f0c0062b3a7b3ad532d442d52a341932a77bd95f66db77a764a74553992292a7cf60057f9b7726c11923911003900231c,ab,right,common_voice_en_21892992.mp3,So I guess that's the inspiration-the hope that that happens to someone someday.,common_voice_en_21892990.mp3,2.045,often,469,common_voice_en_21892991.mp3,1.396,would,788,common_voice_en_21892991.mp3,1.396,would,788,common_voice_en_21892990.mp3,often
pair_061_ba_left,pair_061,8514fee6e9a358e2d4b664105d2efd1f0c0062b3a7b3ad532d442d52a341932a77bd95f66db77a764a74553992292a7cf60057f9b7726c11923911003900231c,ba,left,common_voice_en_21892992.mp3,So I guess that's the inspiration-the hope that that happens to someone someday.,common_voice_en_21892991.mp3,1.396,would,788,common_voice_en_21892990.mp3,2.045,often,469,common_voice_en_21892991.mp3,1.396,would,788,common_voice_en_21892990.mp3,often
pair_061_ba_right,pair_061,8514fee6e9a358e2d4b664105d2efd1f0c0062b3a7b3ad532d442d52a341932a77bd95f66db77a764a74553992292a7cf60057f9b7726c11923911003900231c,ba,right,common_voice_en_21892992.mp3,So I guess that's the inspiration-the hope that that happens to someone someday.,common_voice_en_21892991.mp3,1.396,would,788,common_voice_en_21892990.mp3,2.045,often,469,common_voice_en_21892990.mp3,2.045,often,469,common_voice_en_21892991.mp3,would
pair_062_ab_left,pair_062,878309e007dc6fadd337b484eced6caa25dee79016f855bff5ff2fad6b3e6223fb27ffb080821ed406418864992eeccb32bfde180c95087f6349f189d8661465,ab,left,common_voice_en_25109714.mp3,The Times Union Center also regularly hosts exhibition games of major sports leagues.,common_voice_en_25136015.mp3,1.554,following,257,common_voice_en_25136016.mp3,2.28,based,54,common_voice_en_25136015.mp3,1.554,following,257,common_voice_en_25136016.mp3,based
pair_062_ab_right,pair_062,878309e007dc6fadd337b484eced6caa25dee79016f855bff5ff2fad6b3e6223fb27ffb080821ed406418864992eeccb32bfde180c95087f6349f189d8661465,ab,right,common_voice_en_25109714.mp3,The Times Union Center also regularly hosts exhibition games of major sports leagues.,common_voice_en_25136015.mp3,1.554,following,257,common_voice_en_25136016.mp3,2.28,based,54,common_voice_en_25136016.mp3,2.28,based,54,common_voice_en_25136015.mp3,following
pair_062_ba_left,pair_062,878309e007dc6fadd337b484eced6caa25dee79016f855bff5ff2fad6b3e6223fb27ffb080821ed406418864992eeccb32bfde180c95087f6349f189d8661465,ba,left,common_voice_en_25109714.mp3,The Times Union Center also regularly hosts exhibition games of major sports leagues.,common_voice_en_25136016.mp3,2.28,based,54,common_voice_en_25136015.mp3,1.554,following,257,common_voice_en_25136016.mp3,2.28,based,54,common_voice_en_25136015.mp3,following
pair_062_ba_right,pair_062,878309e007dc6fadd337b484eced6caa25dee79016f855bff5ff2fad6b3e6223fb27ffb080821ed406418864992eeccb32bfde180c95087f6349f189d8661465,ba,right,common_voice_en_25109714.mp3,The Times Union Center also regularly hosts exhibition games of major sports leagues.,common_voice_en_25136016.mp3,2.28,based,54,common_voice_en_25136015.mp3,1.554,following,257,common_voice_en_25136015.mp3,1.554,following,257,common_voice_en_25136016.mp3,based
pair_063_ab_left,pair_063,88f182275a30062782bcfa735f66910e315318e47bd50be84221a7b062dab6074c3fd8ad9e7a0b7bd0acc7a813d5c78cdf4828aa20f78c3cc801472e7f51bf7a,ab,left,common_voice_en_19728321.mp3,Halimede has the second most eccentric and third most inclined orbit around Neptune.,common_voice_en_19774426.mp3,3.615,military,417,common_voice_en_19779814.mp3,1.835,issue,347,common_voice_en_19774426.mp3,3.615,military,417,common_voice_en_19779814.mp3,issue
pair_063_ab_right,pair_063,88f182275a30062782bcfa735f66910e315318e47bd50be84221a7b062dab6074c3fd8ad9e7a0b7bd0acc7a813d5c78cdf4828aa20f78c3cc801472e7f51bf7a,ab,right,common_voice_en_19728321.mp3,Halimede has the second most eccentric and third most inclined orbit around Neptune.,common_voice_en_19774426.mp3,3.615,military,417,common_voice_en_19779814.mp3,1.835,issue,347,common_voice_en_19779814.mp3,1.835,issue,347,common_voice_en_19774426.mp3,military
pair_063_ba_left,pair_063,88f182275a30062782bcfa735f66910e315318e47bd50be84221a7b062dab6074c3fd8ad9e7a0b7bd0acc7a813d5c78cdf4828aa20f78c3cc801472e7f51bf7a,ba,left,common_voice_en_19728321.mp3,Halimede has the second most eccentric and third most inclined orbit around Neptune.,common_voice_en_19779814.mp3,1.835,issue,347,common_voice_en_19774426.mp3,3.615,military,417,common_voice_en_19779814.mp3,1.835,issue,347,common_voice_en_19774426.mp3,military
pair_063_ba_right,pair_063,88f182275a30062782bcfa735f66910e315318e47bd50be84221a7b062dab6074c3fd8ad9e7a0b7bd0acc7a813d5c78cdf4828aa20f78c3cc801472e7f51bf7a,ba,right,common_voice_en_19728321.mp3,Halimede has the second most eccentric and third most inclined orbit around Neptune.,common_voice_en_19779814.mp3,1.835,issue,347,common_voice_en_19774426.mp3,3.615,military,417,common_voice_en_19774426.mp3,3.615,military,417,common_voice_en_19779814.mp3,issue
pair_064_ab_left,pair_064,89149ebd874873e2f68f80289cebef0c044cb7d7d1c0048b636d35f1221231ada517d63ab301b84ffd002cfc4d8208c758463cb94829d61b708cae12c752e61d,ab,left,common_voice_en_20048070.mp3,Music and lyrics to all seven of the songs were written by John Bucchino.,common_voice_en_20048072.mp3,3.239,twice,737,common_voice_en_20048132.mp3,4.196,fourth,269,common_voice_en_20048072.mp3,3.239,twice,737,common_voice_en_20048132.mp3,fourth
pair_064_ab_right,pair_064,89149ebd874873e2f68f80289cebef0c044cb7d7d1c0048b636d35f1221231ada517d63ab301b84ffd002cfc4d8208c758463cb94829d61b708cae12c752e61d,ab,right,common_voice_en_20048070.mp3,Music and lyrics to all seven of the songs were written by John Bucchino.,common_voice_en_20048072.mp3,3.239,twice,737,common_voice_en_20048132.mp3,4.196,fourth,269,common_voice_en_20048132.mp3,4.196,fourth,269,common_voice_en_20048072.mp3,twice
pair_064_ba_left,pair_064,89149ebd874873e2f68f80289cebef0c044cb7d7d1c0048b636d35f1221231ada517d63ab301b84ffd002cfc4d8208c758463cb94829d61b708cae12c752e61d,ba,left,common_voice_en_20048070.mp3,Music and lyrics to all seven of the songs were written by John Bucchino.,common_voice_en_20048132.mp3,4.196,fourth,269,common_voice_en_20048072.mp3,3.239,twice,737,common_voice_en_20048132.mp3,4.196,fourth,269,common_voice_en_20048072.mp3,twice
pair_064_ba_right,pair_064,89149ebd874873e2f68f80289cebef0c044cb7d7d1c0048b636d35f1221231ada517d63ab301b84ffd002cfc4d8208c758463cb94829d61b708cae12c752e61d,ba,right,common_voice_en_20048070.mp3,Music and lyrics to all seven of the songs were written by John Bucchino.,common_voice_en_20048132.mp3,4.196,fourth,269,common_voice_en_20048072.mp3,3.239,twice,737,common_voice_en_20048072.mp3,3.239,twice,737,common_voice_en_20048132.mp3,fourth
pair_065_ab_left,pair_065,89450dabbc4ed159645444d45804b0d8a2e46427eb6502fccc45bab428039dfc5f947e0fbdfd14832e24f258a1469e173d12868b499daa67a1ba473dc7872f31,ab,left,common_voice_en_18971309.mp3,Livonian culture was repressed during the Soviet period.,common_voice_en_18971360.mp3,3.367,through,714,common_voice_en_18971364.mp3,3.923,taking,689,common_voice_en_18971360.mp3,3.367,through,714,common_voice_en_18971364.mp3,taking
pair_065_ab_right,pair_065,89450dabbc4ed159645444d45804b0d8a2e46427eb6502fccc45bab428039dfc5f947e0fbdfd14832e24f258a1469e173d12868b499daa67a1ba473dc7872f31,ab,right,common_voice_en_18971309.mp3,Livonian culture was repressed during the Soviet period.,common_voice_en_18971360.mp3,3.367,through,714,common_voice_en_18971364.mp3,3.923,taking,689,common_voice_en_18971364.mp3,3.923,taking,689,common_voice_en_18971360.mp3,through
pair_065_ba_left,pair_065,89450dabbc4ed159645444d45804b0d8a2e46427eb6502fccc45bab428039dfc5f947e0fbdfd14832e24f258a1469e173d12868b499daa67a1ba473dc7872f31,ba,left,common_voice_en_18971309.mp3,Livonian culture was repressed during the Soviet period.,common_voice_en_18971364.mp3,3.923,taking,689,common_voice_en_18971360.mp3,3.367,through,714,common_voice_en_18971364.mp3,3.923,taking,689,common_voice_en_18971360.mp3,through
pair_065_ba_right,pair_065,89450dabbc4ed159645444d45804b0d8a2e46427eb6502fccc45bab428039dfc5f947e0fbdfd14832e24f258a1469e173d12868b499daa67a1ba473dc7872f31,ba,right,common_voice_en_18971309.mp3,Livonian culture was repressed during the Soviet period.,common_voice_en_18971364.mp3,3.923,taking,689,common_voice_en_18971360.mp3,3.367,through,714,common_voice_en_18971360.mp3,3.367,through,714,common_voice_en_18971364.mp3,taking
pair_066_ab_left,pair_066,8bf99804111805163ccff57587e0e03d7807b269c1bc5bea3c10207c8b94d9754bfdb29186cebe100bb96d6ba04664968654057295010fa00f0b110200ac7d74,ab,left,common_voice_en_25929862.mp3,Many things to do and many adventures to enjoy.,common_voice_en_25929866.mp3,1.816,living,382,common_voice_en_25929867.mp3,7.846,international,341,common_voice_en_25929866.mp3,1.816,living,382,common_voice_en_25929867.mp3,international
pair_066_ab_right,pair_066,8bf99804111805163ccff57587e0e03d7807b269c1bc5bea3c10207c8b94d9754bfdb29186cebe100bb96d6ba04664968654057295010fa00f0b110200ac7d74,ab,right,common_voice_en_25929862.mp3,Many things to do and many adventures to enjoy.,common_voice_en_25929866.mp3,1.816,living,382,common_voice_en_25929867.mp3,7.846,international,341,common_voice_en_25929867.mp3,7.846,international,341,common_voice_en_25929866.mp3,living
pair_066_ba_left,pair_066,8bf99804111805163ccff57587e0e03d7807b269c1bc5bea3c10207c8b94d9754bfdb29186cebe100bb96d6ba04664968654057295010fa00f0b110200ac7d74,ba,left,common_voice_en_25929862.mp3,Many things to do and many adventures to enjoy.,common_voice_en_25929867.mp3,7.846,international,341,common_voice_en_25929866.mp3,1.816,living,382,common_voice_en_25929867.mp3,7.846,international,341,common_voice_en_25929866.mp3,living
pair_066_ba_right,pair_066,8bf99804111805163ccff57587e0e03d7807b269c1bc5bea3c10207c8b94d9754bfdb29186cebe100bb96d6ba04664968654057295010fa00f0b110200ac7d74,ba,right,common_voice_en_25929862.mp3,Many things to do and many adventures to enjoy.,common_voice_en_25929867.mp3,7.846,international,341,common_voice_en_25929866.mp3,1.816,living,382,common_voice_en_25929866.mp3,1.816,living,382,common_voice_en_25929867.mp3,international
pair_067_ab_left,pair_067,8c5fce8df2bde736bed5eb78b358681e9749b6928b11d7ef49b008f116f817c0ce1be3f3e38d60b8ff5ec5e352b43dc14018079216e3db2a62b851dcd4135e5a,ab,left,common_voice_en_20306579.mp3,The Thing is heavily advertised via billboards that dot the interstate.,common_voice_en_20306581.mp3,2.026,major,394,common_voice_en_20306672.mp3,3.186,station,657,common_voice_en_20306581.mp3,2.026,major,394,common_voice_en_20306672.mp3,station
pair_067_ab_right,pair_067,8c5fce8df2bde736bed5eb78b358681e9749b6928b11d7ef49b008f116f817c0ce1be3f3e38d60b8ff5ec5e352b43dc14018079216e3db2a62b851dcd4135e5a,ab,right,common_voice_en_20306579.mp3,The Thing is heavily advertised via billboards that dot the interstate.,common_voice_en_20306581.mp3,2.026,major,394,common_voice_en_20306672.mp3,3.186,station,657,common_voice_en_20306672.mp3,3.186,station,657,common_voice_en_20306581.mp3,major
pair_067_ba_left,pair_067,8c5fce8df2bde736bed5eb78b358681e9749b6928b11d7ef49b008f116f817c0ce1be3f3e38d60b8ff5ec5e352b43dc14018079216e3db2a62b851dcd4135e5a,ba,left,common_voice_en_20306579.mp3,The Thing is heavily advertised via billboards that dot the interstate.,common_voice_en_20306672.mp3,3.186,station,657,common_voice_en_20306581.mp3,2.026,major,394,common_voice_en_20306672.mp3,3.186,station,657,common_voice_en_20306581.mp3,major
pair_067_ba_right,pair_067,8c5fce8df2bde736bed5eb78b358681e9749b6928b11d7ef49b008f116f817c0ce1be3f3e38d60b8ff5ec5e352b43dc14018079216e3db2a62b851dcd4135e5a,ba,right,common_voice_en_20306579.mp3,The Thing is heavily advertised via billboards that dot the interstate.,common_voice_en_20306672.mp3,3.186,station,657,common_voice_en_20306581.mp3,2.026,major,394,common_voice_en_20306581.mp3,2.026,major,394,common_voice_en_20306672.mp3,station
pair_068_ab_left,pair_068,8c72d67ca8ff5d496806435604573c65c28f2c8e856f18345f90d0599a6d070cacbf25fd3a859118a2643ea0b274b12fed5e10762379c28e155ff6e53f691db6,ab,left,common_voice_en_27340889.mp3,"The performance was recorded and later released on a live album titled ""Late Orchestration"".",common_voice_en_27340888.mp3,2.475,north,455,common_voice_en_27340894.mp3,2.056,played,507,common_voice_en_27340888.mp3,2.475,north,455,common_voice_en_27340894.mp3,played
pair_068_ab_right,pair_068,8c72d67ca8ff5d496806435604573c65c28f2c8e856f18345f90d0599a6d070cacbf25fd3a859118a2643ea0b274b12fed5e10762379c28e155ff6e53f691db6,ab,right,common_voice_en_27340889.mp3,"The performance was recorded and later released on a live album titled ""Late Orchestration"".",common_voice_en_27340888.mp3,2.475,north,455,common_voice_en_27340894.mp3,2.056,played,507,common_voice_en_27340894.mp3,2.056,played,507,common_voice_en_27340888.mp3,north
pair_068_ba_left,pair_068,8c72d67ca8ff5d496806435604573c65c28f2c8e856f18345f90d0599a6d070cacbf25fd3a859118a2643ea0b274b12fed5e10762379c28e155ff6e53f691db6,ba,left,common_voice_en_27340889.mp3,"The performance was recorded and later released on a live album titled ""Late Orchestration"".",common_voice_en_27340894.mp3,2.056,played,507,common_voice_en_27340888.mp3,2.475,north,455,common_voice_en_27340894.mp3,2.056,played,507,common_voice_en_27340888.mp3,north
pair_068_ba_right,pair_068,8c72d67ca8ff5d496806435604573c65c28f2c8e856f18345f90d0599a6d070cacbf25fd3a859118a2643ea0b274b12fed5e10762379c28e155ff6e53f691db6,ba,right,common_voice_en_27340889.mp3,"The performance was recorded and later released on a live album titled ""Late Orchestration"".",common_voice_en_27340894.mp3,2.056,played,507,common_voice_en_27340888.mp3,2.475,north,455,common_voice_en_27340888.mp3,2.475,north,455,common_voice_en_27340894.mp3,played
pair_069_ab_left,pair_069,90b83f2aff303b9fb221a4dd11033a2cf15acd66021224603c292d1a811b6b6379b7ecee7e41dd181e66200062e792d4be84b9d93f4a59e86493756d0c035c77,ab,left,common_voice_en_23719544.mp3,"""Heaven Tonight"" is considered Cheap Trick's best album by many fans and critics.",common_voice_en_23719632.mp3,2.962,their,697,common_voice_en_24206400.mp3,1.616,eventually,228,common_voice_en_23719632.mp3,2.962,their,697,common_voice_en_24206400.mp3,eventually
pair_069_ab_right,pair_069,90b83f2aff303b9fb221a4dd11033a2cf15acd66021224603c292d1a811b6b6379b7ecee7e41dd181e66200062e792d4be84b9d93f4a59e86493756d0c035c77,ab,right,common_voice_en_23719544.mp3,"""Heaven Tonight"" is considered Cheap Trick's best album by many fans and critics.",common_voice_en_23719632.mp3,2.962,their,697,common_voice_en_24206400.mp3,1.616,eventually,228,common_voice_en_24206400.mp3,1.616,eventually,228,common_voice_en_23719632.mp3,their
pair_069_ba_left,pair_069,90b83f2aff303b9fb221a4dd11033a2cf15acd66021224603c292d1a811b6b6379b7ecee7e41dd181e66200062e792d4be84b9d93f4a59e86493756d0c035c77,ba,left,common_voice_en_23719544.mp3,"""Heaven Tonight"" is considered Cheap Trick's best album by many fans and critics.",common_voice_en_24206400.mp3,1.616,eventually,228,common_voice_en_23719632.mp3,2.962,their,697,common_voice_en_24206400.mp3,1.616,eventually,228,common_voice_en_23719632.mp3,their
pair_069_ba_right,pair_069,90b83f2aff303b9fb221a4dd11033a2cf15acd66021224603c292d1a811b6b6379b7ecee7e41dd181e66200062e792d4be84b9d93f4a59e86493756d0c035c77,ba,right,common_voice_en_23719544.mp3,"""Heaven Tonight"" is considered Cheap Trick's best album by many fans and critics.",common_voice_en_24206400.mp3,1.616,eventually,228,common_voice_en_23719632.mp3,2.962,their,697,common_voice_en_23719632.mp3,2.962,their,697,common_voice_en_24206400.mp3,eventually
pair_070_ab_left,pair_070,90f344fe8ea041a321373f83cf8c87ba0cf66276043a3fbd21db3b670cafcfddb5838468dd0b08786925c64eadc20a752712a937f192b32c29ca2a31ee70f1b9,ab,left,common_voice_en_630974.mp3,Imagine if everyone went around transforming lead into gold.,common_voice_en_630979.mp3,1.556,means,406,common_voice_en_631008.mp3,2.646,found,267,common_voice_en_630979.mp3,1.556,means,406,common_voice_en_631008.mp3,found
pair_070_ab_right,pair_070,90f344fe8ea041a321373f83cf8c87ba0cf66276043a3fbd21db3b670cafcfddb5838468dd0b08786925c64eadc20a752712a937f192b32c29ca2a31ee70f1b9,ab,right,common_voice_en_630974.mp3,Imagine if everyone went around transforming lead into gold.,common_voice_en_630979.mp3,1.556,means,406,common_voice_en_631008.mp3,2.646,found,267,common_voice_en_631008.mp3,2.646,found,267,common_voice_en_630979.mp3,means
pair_070_ba_left,pair_070,90f344fe8ea041a321373f83cf8c87ba0cf66276043a3fbd21db3b670cafcfddb5838468dd0b08786925c64eadc20a752712a937f192b32c29ca2a31ee70f1b9,ba,left,common_voice_en_630974.mp3,Imagine if everyone went around transforming lead into gold.,common_voice_en_631008.mp3,2.646,found,267,common_voice_en_630979.mp3,1.556,means,406,common_voice_en_631008.mp3,2.646,found,267,common_voice_en_630979.mp3,means
pair_070_ba_right,pair_070,90f344fe8ea041a321373f83cf8c87ba0cf66276043a3fbd21db3b670cafcfddb5838468dd0b08786925c64eadc20a752712a937f192b32c29ca2a31ee70f1b9,ba,right,common_voice_en_630974.mp3,Imagine if everyone went around transforming lead into gold.,common_voice_en_631008.mp3,2.646,found,267,common_voice_en_630979.mp3,1.556,means,406,common_voice_en_630979.mp3,1.556,means,406,common_voice_en_631008.mp3,found
pair_071_ab_left,pair_071,91fe1f1a91198d021ccc655ba72fa744d611153a1675e7332a0c8098e9b62f15a74599cfd209451fe8f0c0f8c6b9375484abcea3e6894ef8f528c96e034edf19,ab,left,common_voice_en_26656729.mp3,The factory only handled final assembly.,common_voice_en_26656731.mp3,2.388,enough,217,common_voice_en_26656738.mp3,2.035,between,69,common_voice_en_26656731.mp3,2.388,enough,217,common_voice_en_26656738.mp3,between
pair_071_ab_right,pair_071,91fe1f1a91198d021ccc655ba72fa744d611153a1675e7332a0c8098e9b62f15a74599cfd209451fe8f0c0f8c6b9375484abcea3e6894ef8f528c96e034edf19,ab,right,common_voice_en_26656729.mp3,The factory only handled final assembly.,common_voice_en_26656731.mp3,2.388,enough,217,common_voice_en_26656738.mp3,2.035,between,69,common_voice_en_26656738.mp3,2.035,between,69,common_voice_en_26656731.mp3,enough
pair_071_ba_left,pair_071,91fe1f1a91198d021ccc655ba72fa744d611153a1675e7332a0c8098e9b62f15a74599cfd209451fe8f0c0f8c6b9375484abcea3e6894ef8f528c96e034edf19,ba,left,common_voice_en_26656729.mp3,The factory only handled final assembly.,common_voice_en_26656738.mp3,2.035,between,69,common_voice_en_26656731.mp3,2.388,enough,217,common_voice_en_26656738.mp3,2.035,between,69,common_voice_en_26656731.mp3,enough
pair_071_ba_right,pair_071,91fe1f1a91198d021ccc655ba72fa744d611153a1675e7332a0c8098e9b62f15a74599cfd209451fe8f0c0f8c6b9375484abcea3e6894ef8f528c96e034edf19,ba,right,common_voice_en_26656729.mp3,The factory only handled final assembly.,common_voice_en_26656738.mp3,2.035,between,69,common_voice_en_26656731.mp3,2.388,enough,217,common_voice_en_26656731.mp3,2.388,enough,217,common_voice_en_26656738.mp3,between
pair_072_ab_left,pair_072,92377d863866c8318cc0f9c9242bef72db31b319c6ff108addc2615f5b5269e4fdf26b34005d0b2b95e95d051ff92bf023148c400eb0601b2bd577b7c09d0493,ab,left,common_voice_en_17406734.mp3,"They both stormed out, neither thinking to fill me in on where they were going.",common_voice_en_17406732.mp3,3.036,better,68,common_voice_en_17406733.mp3,1.748,would,788,common_voice_en_17406732.mp3,3.036,better,68,common_voice_en_17406733.mp3,would
pair_072_ab_right,pair_072,92377d863866c8318cc0f9c9242bef72db31b319c6ff108addc2615f5b5269e4fdf26b34005d0b2b95e95d051ff92bf023148c400eb0601b2bd577b7c09d0493,ab,right,common_voice_en_17406734.mp3,"They both stormed out, neither thinking to fill me in on where they were going.",common_voice_en_17406732.mp3,3.036,better,68,common_voice_en_17406733.mp3,1.748,would,788,common_voice_en_17406733.mp3,1.748,would,788,common_voice_en_17406732.mp3,better
pair_072_ba_left,pair_072,92377d863866c8318cc0f9c9242bef72db31b319c6ff108addc2615f5b5269e4fdf26b34005d0b2b95e95d051ff92bf023148c400eb0601b2bd577b7c09d0493,ba,left,common_voice_en_17406734.mp3,"They both stormed out, neither thinking to fill me in on where they were going.",common_voice_en_17406733.mp3,1.748,would,788,common_voice_en_17406732.mp3,3.036,better,68,common_voice_en_17406733.mp3,1.748,would,788,common_voice_en_17406732.mp3,better
pair_072_ba_right,pair_072,92377d863866c8318cc0f9c9242bef72db31b319c6ff108addc2615f5b5269e4fdf26b34005d0b2b95e95d051ff92bf023148c400eb0601b2bd577b7c09d0493,ba,right,common_voice_en_17406734.mp3,"They both stormed out, neither thinking to fill me in on where they were going.",common_voice_en_17406733.mp3,1.748,would,788,common_voice_en_17406732.mp3,3.036,better,68,common_voice_en_17406732.mp3,3.036,better,68,common_voice_en_17406733.mp3,would
pair_073_ab_left,pair_073,93acc43e59d615bf308117939de619245f1b15324316a3311e19a40cd9a4b29760daa79f98ab93b1205495eb5ceec5fe3d3260f2029bf3175bb7ebadcf8a8e61,ab,left,common_voice_en_19942556.mp3,The website is currently hosted in neighbouring Singapore.,common_voice_en_19942555.mp3,2.295,never,452,common_voice_en_19942710.mp3,2.823,could,155,common_voice_en_19942555.mp3,2.295,never,452,common_voice_en_19942710.mp3,could
pair_073_ab_right,pair_073,93acc43e59d615bf308117939de619245f1b15324316a3311e19a40cd9a4b29760daa79f98ab93b1205495eb5ceec5fe3d3260f2029bf3175bb7ebadcf8a8e61,ab,right,common_voice_en_19942556.mp3,The website is currently hosted in neighbouring Singapore.,common_voice_en_19942555.mp3,2.295,never,452,common_voice_en_19942710.mp3,2.823,could,155,common_voice_en_19942710.mp3,2.823,could,155,common_voice_en_19942555.mp3,never
pair_073_ba_left,pair_073,93acc43e59d615bf308117939de619245f1b15324316a3311e19a40cd9a4b29760daa79f98ab93b1205495eb5ceec5fe3d3260f2029bf3175bb7ebadcf8a8e61,ba,left,common_voice_en_19942556.mp3,The website is currently hosted in neighbouring Singapore.,common_voice_en_19942710.mp3,2.823,could,155,common_voice_en_19942555.mp3,2.295,never,452,common_voice_en_19942710.mp3,2.823,could,155,common_voice_en_19942555.mp3,never
pair_073_ba_right,pair_073,93acc43e59d615bf308117939de619245f1b15324316a3311e19a40cd9a4b29760daa79f98ab93b1205495eb5ceec5fe3d3260f2029bf3175bb7ebadcf8a8e61,ba,right,common_voice_en_19942556.mp3,The website is currently hosted in neighbouring Singapore.,common_voice_en_19942710.mp3,2.823,could,155,common_voice_en_19942555.mp3,2.295,never,452,common_voice_en_19942555.mp3,2.295,never,452,common_voice_en_19942710.mp3,could
pair_074_ab_left,pair_074,95346fcf81b1638e8780277bcb6b2fbd667e1ba0fd0caa7b72148fc29fcb3b14b1ed04f466a245d3609d825197ce48102f76b50f19aed75c5de1e223101fb52f,ab,left,common_voice_en_189608.mp3,A group of people climb into a hot air balloon.,common_voice_en_189607.mp3,3.288,black,71,common_voice_en_189609.mp3,2.418,working,785,common_voice_en_189607.mp3,3.288,black,71,common_voice_en_189609.mp3,working
pair_074_ab_right,pair_074,95346fcf81b1638e8780277bcb6b2fbd667e1ba0fd0caa7b72148fc29fcb3b14b1ed04f466a245d3609d825197ce48102f76b50f19aed75c5de1e223101fb52f,ab,right,common_voice_en_189608.mp3,A group of people climb into a hot air balloon.,common_voice_en_189607.mp3,3.288,black,71,common_voice_en_189609.mp3,2.418,working,785,common_voice_en_189609.mp3,2.418,working,785,common_voice_en_189607.mp3,black
pair_074_ba_left,pair_074,95346fcf81b1638e8780277bcb6b2fbd667e1ba0fd0caa7b72148fc29fcb3b14b1ed04f466a245d3609d825197ce48102f76b50f19aed75c5de1e223101fb52f,ba,left,common_voice_en_189608.mp3,A group of people climb into a hot air balloon.,common_voice_en_189609.mp3,2.418,working,785,common_voice_en_189607.mp3,3.288,black,71,common_voice_en_189609.mp3,2.418,working,785,common_voice_en_189607.mp3,black
pair_074_ba_right,pair_074,95346fcf81b1638e8780277bcb6b2fbd667e1ba0fd0caa7b72148fc29fcb3b14b1ed04f466a245d3609d825197ce48102f76b50f19aed75c5de1e223101fb52f,ba,right,common_voice_en_189608.mp3,A group of people climb into a hot air balloon.,common_voice_en_189609.mp3,2.418,working,785,common_voice_en_189607.mp3,3.288,black,71,common_voice_en_189607.mp3,3.288,black,71,common_voice_en_189609.mp3,working
pair_075_ab_left,pair_075,99e3b06bc4b172e32be927bffad2560c5b60dc42dd91880afd036aa56fd78605c54c29a39f4d87c5fc1141089e3ae738380ecd361664b0340208f7fa7745a0e8,ab,left,common_voice_en_20016628.mp3,"Farmiga was a member of Plast, the Ukrainian scouting organization.",common_voice_en_20016645.mp3,1.564,strong,666,common_voice_en_20016687.mp3,1.677,cannot,95,common_voice_en_20016645.mp3,1.564,strong,666,common_voice_en_20016687.mp3,cannot
pair_075_ab_right,pair_075,99e3b06bc4b172e32be927bffad2560c5b60dc42dd91880afd036aa56fd78605c54c29a39f4d87c5fc1141089e3ae738380ecd361664b0340208f7fa7745a0e8,ab,right,common_voice_en_20016628.mp3,"Farmiga was a member of Plast, the Ukrainian scouting organization.",common_voice_en_20016645.mp3,1.564,strong,666,common_voice_en_20016687.mp3,1.677,cannot,95,common_voice_en_20016687.mp3,1.677,cannot,95,common_voice_en_20016645.mp3,strong
pair_075_ba_left,pair_075,99e3b06bc4b172e32be927bffad2560c5b60dc42dd91880afd036aa56fd78605c54c29a39f4d87c5fc1141089e3ae738380ecd361664b0340208f7fa7745a0e8,ba,left,common_voice_en_20016628.mp3,"Farmiga was a member of Plast, the Ukrainian scouting organization.",common_voice_en_20016687.mp3,1.677,cannot,95,common_voice_en_20016645.mp3,1.564,strong,666,common_voice_en_20016687.mp3,1.677,cannot,95,common_voice_en_20016645.mp3,strong
pair_075_ba_right,pair_075,99e3b06bc4b172e32be927bffad2560c5b60dc42dd91880afd036aa56fd78605c54c29a39f4d87c5fc1141089e3ae738380ecd361664b0340208f7fa7745a0e8,ba,right,common_voice_en_20016628.mp3,"Farmiga was a member of Plast, the Ukrainian scouting organization.",common_voice_en_20016687.mp3,1.677,cannot,95,common_voice_en_20016645.mp3,1.564,strong,666,common_voice_en_20016645.mp3,1.564,strong,666,common_voice_en_20016687.mp3,cannot
pair_076_ab_left,pair_076,a3a04a577342d7b0a4d70fb675aed5399297b0210d506f08e81bdcd09dbd317bc28013e71be45e5a1f6408d3fdda0bdb47c64ea9091dfe1a76a89c6c5ceada15,ab,left,common_voice_en_19046651.mp3,Lettermore island is in two halves.,common_voice_en_19046653.mp3,3.595,every,229,common_voice_en_19046655.mp3,2.8,means,406,common_voice_en_19046653.mp3,3.595,every,229,common_voice_en_19046655.mp3,means
pair_076_ab_right,pair_076,a3a04a577342d7b0a4d70fb675aed5399297b0210d506f08e81bdcd09dbd317bc28013e71be45e5a1f6408d3fdda0bdb47c64ea9091dfe1a76a89c6c5ceada15,ab,right,common_voice_en_19046651.mp3,Lettermore island is in two halves.,common_voice_en_19046653.mp3,3.595,every,229,common_voice_en_19046655.mp3,2.8,means,406,common_voice_en_19046655.mp3,2.8,means,406,common_voice_en_19046653.mp3,every
pair_076_ba_left,pair_076,a3a04a577342d7b0a4d70fb675aed5399297b0210d506f08e81bdcd09dbd317bc28013e71be45e5a1f6408d3fdda0bdb47c64ea9091dfe1a76a89c6c5ceada15,ba,left,common_voice_en_19046651.mp3,Lettermore island is in two halves.,common_voice_en_19046655.mp3,2.8,means,406,common_voice_en_19046653.mp3,3.595,every,229,common_voice_en_19046655.mp3,2.8,means,406,common_voice_en_19046653.mp3,every
pair_076_ba_right,pair_076,a3a04a577342d7b0a4d70fb675aed5399297b0210d506f08e81bdcd09dbd317bc28013e71be45e5a1f6408d3fdda0bdb47c64ea9091dfe1a76a89c6c5ceada15,ba,right,common_voice_en_19046651.mp3,Lettermore island is in two halves.,common_voice_en_19046655.mp3,2.8,means,406,common_voice_en_19046653.mp3,3.595,every,229,common_voice_en_19046653.mp3,3.595,every,229,common_voice_en_19046655.mp3,means
pair_077_ab_left,pair_077,a5ad57d0e256bfb27e804680466768f9e7036f44302a81d7b72c2c6c22ccc402e6c8d18b475cad07f1ab7a564cebd0f84f21e366deaf7fc4ee68dca750c7fe21,ab,left,common_voice_en_22969902.mp3,Koeman scored at the second attempt.,common_voice_en_22969900.mp3,2.962,project,540,common_voice_en_22969901.mp3,2.28,source,639,common_voice_en_22969900.mp3,2.962,project,540,common_voice_en_22969901.mp3,source
pair_077_ab_right,pair_077,a5ad57d0e256bfb27e804680466768f9e7036f44302a81d7b72c2c6c22ccc402e6c8d18b475cad07f1ab7a564cebd0f84f21e366deaf7fc4ee68dca750c7fe21,ab,right,common_voice_en_22969902.mp3,Koeman scored at the second attempt.,common_voice_en_22969900.mp3,2.962,project,540,common_voice_en_22969901.mp3,2.28,source,639,common_voice_en_22969901.mp3,2.28,source,639,common_voice_en_22969900.mp3,project
pair_077_ba_left,pair_077,a5ad57d0e256bfb27e804680466768f9e7036f44302a81d7b72c2c6c22ccc402e6c8d18b475cad07f1ab7a564cebd0f84f21e366deaf7fc4ee68dca750c7fe21,ba,left,common_voice_en_22969902.mp3,Koeman scored at the second attempt.,common_voice_en_22969901.mp3,2.28,source,639,common_voice_en_22969900.mp3,2.962,project,540,common_voice_en_22969901.mp3,2.28,source,639,common_voice_en_22969900.mp3,project
pair_077_ba_right,pair_077,a5ad57d0e256bfb27e804680466768f9e7036f44302a81d7b72c2c6c22ccc402e6c8d18b475cad07f1ab7a564cebd0f84f21e366deaf7fc4ee68dca750c7fe21,ba,right,common_voice_en_22969902.mp3,Koeman scored at the second attempt.,common_voice_en_22969901.mp3,2.28,source,639,common_voice_en_22969900.mp3,2.962,project,540,common_voice_en_22969900.mp3,2.962,project,540,common_voice_en_22969901.mp3,source
pair_078_ab_left,pair_078,a7e0c26d95d106d6faa00a9623d5aea971d9aecbe47b63145ca369729d5d35ec91b9cc1089af86c3233e67f023104db749c1987b1a1ecdced3d8c0796a776065,ab,left,common_voice_en_19602351.mp3,All of Gasa is an environmentally protected area of Bhutan.,common_voice_en_19602350.mp3,1.924,particularly,488,common_voice_en_19602353.mp3,2.038,number,461,common_voice_en_19602350.mp3,1.924,particularly,488,common_voice_en_19602353.mp3,number
pair_078_ab_right,pair_078,a7e0c26d95d106d6faa00a9623d5aea971d9aecbe47b63145ca369729d5d35ec91b9cc1089af86c3233e67f023104db749c1987b1a1ecdced3d8c0796a776065,ab,right,common_voice_en_19602351.mp3,All of Gasa is an environmentally protected area of Bhutan.,common_voice_en_19602350.mp3,1.924,particularly,488,common_voice_en_19602353.mp3,2.038,number,461,common_voice_en_19602353.mp3,2.038,number,461,common_voice_en_19602350.mp3,particularly
pair_078_ba_left,pair_078,a7e0c26d95d106d6faa00a9623d5aea971d9aecbe47b63145ca369729d5d35ec91b9cc1089af86c3233e67f023104db749c1987b1a1ecdced3d8c0796a776065,ba,left,common_voice_en_19602351.mp3,All of Gasa is an environmentally protected area of Bhutan.,common_voice_en_19602353.mp3,2.038,number,461,common_voice_en_19602350.mp3,1.924,particularly,488,common_voice_en_19602353.mp3,2.038,number,461,common_voice_en_19602350.mp3,particularly
pair_078_ba_right,pair_078,a7e0c26d95d106d6faa00a9623d5aea971d9aecbe47b63145ca369729d5d35ec91b9cc1089af86c3233e67f023104db749c1987b1a1ecdced3d8c0796a776065,ba,right,common_voice_en_19602351.mp3,All of Gasa is an environmentally protected area of Bhutan.,common_voice_en_19602353.mp3,2.038,number,461,common_voice_en_19602350.mp3,1.924,particularly,488,common_voice_en_19602350.mp3,1.924,particularly,488,common_voice_en_19602353.mp3,number
pair_079_ab_left,pair_079,a8a6fd2af2b007a0416a82aedc592534e0eb5f59345f8de5040c399338ff31c9e47dc7c0b047880db3fd7ba29b3ce8e0045f639b3d639f58fb6fc5d71cb962ab,ab,left,common_voice_en_25776874.mp3,"White throws four pitches: a fastball, a slider, a curveball, and a forkball.",common_voice_en_25776983.mp3,1.949,separate,604,common_voice_en_25777013.mp3,1.506,companies,139,common_voice_en_25776983.mp3,1.949,separate,604,common_voice_en_25777013.mp3,companies
pair_079_ab_right,pair_079,a8a6fd2af2b007a0416a82aedc592534e0eb5f59345f8de5040c399338ff31c9e47dc7c0b047880db3fd7ba29b3ce8e0045f639b3d639f58fb6fc5d71cb962ab,ab,right,common_voice_en_25776874.mp3,"White throws four pitches: a fastball, a slider, a curveball, and a forkball.",common_voice_en_25776983.mp3,1.949,separate,604,common_voice_en_25777013.mp3,1.506,companies,139,common_voice_en_25777013.mp3,1.506,companies,139,common_voice_en_25776983.mp3,separate
pair_079_ba_left,pair_079,a8a6fd2af2b007a0416a82aedc592534e0eb5f59345f8de5040c399338ff31c9e47dc7c0b047880db3fd7ba29b3ce8e0045f639b3d639f58fb6fc5d71cb962ab,ba,left,common_voice_en_25776874.mp3,"White throws four pitches: a fastball, a slider, a curveball, and a forkball.",common_voice_en_25777013.mp3,1.506,companies,139,common_voice_en_25776983.mp3,1.949,separate,604,common_voice_en_25777013.mp3,1.506,companies,139,common_voice_en_25776983.mp3,separate
pair_079_ba_right,pair_079,a8a6fd2af2b007a0416a82aedc592534e0eb5f59345f8de5040c399338ff31c9e47dc7c0b047880db3fd7ba29b3ce8e0045f639b3d639f58fb6fc5d71cb962ab,ba,right,common_voice_en_25776874.mp3,"White throws four pitches: a fastball, a slider, a curveball, and a forkball.",common_voice_en_25777013.mp3,1.506,companies,139,common_voice_en_25776983.mp3,1.949,separate,604,common_voice_en_25776983.mp3,1.949,separate,604,common_voice_en_25777013.mp3,companies
pair_080_ab_left,pair_080,a9049710b208fe6bb10e060b956d59061f5382f6d0556db101956a0dfb6a352981e56e2ed7108ce7ce4606f0ceef5f5f0da048dcc070fd1fa76d107e0646305c,ab,left,common_voice_en_19588943.mp3,He was succeeded by his son John the First of Ponthieu.,common_voice_en_19588940.mp3,2.035,there,700,common_voice_en_19588941.mp3,2.215,replaced,577,common_voice_en_19588940.mp3,2.035,there,700,common_voice_en_19588941.mp3,replaced
pair_080_ab_right,pair_080,a9049710b208fe6bb10e060b956d59061f5382f6d0556db101956a0dfb6a352981e56e2ed7108ce7ce4606f0ceef5f5f0da048dcc070fd1fa76d107e0646305c,ab,right,common_voice_en_19588943.mp3,He was succeeded by his son John the First of Ponthieu.,common_voice_en_19588940.mp3,2.035,there,700,common_voice_en_19588941.mp3,2.215,replaced,577,common_voice_en_19588941.mp3,2.215,replaced,577,common_voice_en_19588940.mp3,there
pair_080_ba_left,pair_080,a9049710b208fe6bb10e060b956d59061f5382f6d0556db101956a0dfb6a352981e56e2ed7108ce7ce4606f0ceef5f5f0da048dcc070fd1fa76d107e0646305c,ba,left,common_voice_en_19588943.mp3,He was succeeded by his son John the First of Ponthieu.,common_voice_en_19588941.mp3,2.215,replaced,577,common_voice_en_19588940.mp3,2.035,there,700,common_voice_en_19588941.mp3,2.215,replaced,577,common_voice_en_19588940.mp3,there
pair_080_ba_right,pair_080,a9049710b208fe6bb10e060b956d59061f5382f6d0556db101956a0dfb6a352981e56e2ed7108ce7ce4606f0ceef5f5f0da048dcc070fd1fa76d107e0646305c,ba,right,common_voice_en_19588943.mp3,He was succeeded by his son John the First of Ponthieu.,common_voice_en_19588941.mp3,2.215,replaced,577,common_voice_en_19588940.mp3,2.035,there,700,common_voice_en_19588940.mp3,2.035,there,700,common_voice_en_19588941.mp3,replaced
pair_081_ab_left,pair_081,aed91da51a4e9722a8c2a5d00393d9aa1da7de7bf01c641cbc48131b7226dc31e14529d0644062fc2c3c9e45c8ec02f865cdc58cf3f3e6468f8524e3da7ffc76,ab,left,common_voice_en_20273613.mp3,It is one of the world's largest university-based natural history museums.,common_voice_en_20273565.mp3,1.845,route,592,common_voice_en_20273615.mp3,4.085,member,409,common_voice_en_20273565.mp3,1.845,route,592,common_voice_en_20273615.mp3,member
pair_081_ab_right,pair_081,aed91da51a4e9722a8c2a5d00393d9aa1da7de7bf01c641cbc48131b7226dc31e14529d0644062fc2c3c9e45c8ec02f865cdc58cf3f3e6468f8524e3da7ffc76,ab,right,common_voice_en_20273613.mp3,It is one of the world's largest university-based natural history museums.,common_voice_en_20273565.mp3,1.845,route,592,common_voice_en_20273615.mp3,4.085,member,409,common_voice_en_20273615.mp3,4.085,member,409,common_voice_en_20273565.mp3,route
pair_081_ba_left,pair_081,aed91da51a4e9722a8c2a5d00393d9aa1da7de7bf01c641cbc48131b7226dc31e14529d0644062fc2c3c9e45c8ec02f865cdc58cf3f3e6468f8524e3da7ffc76,ba,left,common_voice_en_20273613.mp3,It is one of the world's largest university-based natural history museums.,common_voice_en_20273615.mp3,4.085,member,409,common_voice_en_20273565.mp3,1.845,route,592,common_voice_en_20273615.mp3,4.085,member,409,common_voice_en_20273565.mp3,route
pair_081_ba_right,pair_081,aed91da51a4e9722a8c2a5d00393d9aa1da7de7bf01c641cbc48131b7226dc31e14529d0644062fc2c3c9e45c8ec02f865cdc58cf3f3e6468f8524e3da7ffc76,ba,right,common_voice_en_20273613.mp3,It is one of the world's largest university-based natural history museums.,common_voice_en_20273615.mp3,4.085,member,409,common_voice_en_20273565.mp3,1.845,route,592,common_voice_en_20273565.mp3,1.845,route,592,common_voice_en_20273615.mp3,member
pair_082_ab_left,pair_082,b016ba0b8d65927f2a75714a9758ec2d98f64646715874f60e3e2be8383fd1f501fc025b9eee881a61a54c3319def476222b2e3519b228a0049c85dd2029abdd,ab,left,common_voice_en_38621.mp3,"From there, he could see Africa in the distance.",common_voice_en_38625.mp3,2.972,future,278,common_voice_en_38636.mp3,3.97,asked,44,common_voice_en_38625.mp3,2.972,future,278,common_voice_en_38636.mp3,asked
pair_082_ab_right,pair_082,b016ba0b8d65927f2a75714a9758ec2d98f64646715874f60e3e2be8383fd1f501fc025b9eee881a61a54c3319def476222b2e3519b228a0049c85dd2029abdd,ab,right,common_voice_en_38621.mp3,"From there, he could see Africa in the distance.",common_voice_en_38625.mp3,2.972,future,278,common_voice_en_38636.mp3,3.97,asked,44,common_voice_en_38636.mp3,3.97,asked,44,common_voice_en_38625.mp3,future
pair_082_ba_left,pair_082,b016ba0b8d65927f2a75714a9758ec2d98f64646715874f60e3e2be8383fd1f501fc025b9eee881a61a54c3319def476222b2e3519b228a0049c85dd2029abdd,ba,left,common_voice_en_38621.mp3,"From there, he could see Africa in the distance.",common_voice_en_38636.mp3,3.97,asked,44,common_voice_en_38625.mp3,2.972,future,278,common_voice_en_38636.mp3,3.97,asked,44,common_voice_en_38625.mp3,future
pair_082_ba_right,pair_082,b016ba0b8d65927f2a75714a9758ec2d98f64646715874f60e3e2be8383fd1f501fc025b9eee881a61a54c3319def476222b2e3519b228a0049c85dd2029abdd,ba,right,common_voice_en_38621.mp3,"From there, he could see Africa in the distance.",common_voice_en_38636.mp3,3.97,asked,44,common_voice_en_38625.mp3,2.972,future,278,common_voice_en_38625.mp3,2.972,future,278,common_voice_en_38636.mp3,asked
pair_083_ab_left,pair_083,b0a9c1096f7298520bd303bd875557ffe42b8d88d8caf51081a38bd61a8c200f7ae582fd4517f62d7715fdf9e8b95d736660271c1d6fff2dc5feab734931e2a3,ab,left,common_voice_en_19591949.mp3,Some compiled languages explicitly permit self-modifying code.,common_voice_en_19591948.mp3,1.625,there,700,common_voice_en_19591955.mp3,4.177,television,694,common_voice_en_19591948.mp3,1.625,there,700,common_voice_en_19591955.mp3,television
pair_083_ab_right,pair_083,b0a9c1096f7298520bd303bd875557ffe42b8d88d8caf51081a38bd61a8c200f7ae582fd4517f62d7715fdf9e8b95d736660271c1d6fff2dc5feab734931e2a3,ab,right,common_voice_en_19591949.mp3,Some compiled languages explicitly permit self-modifying code.,common_voice_en_19591948.mp3,1.625,there,700,common_voice_en_19591955.mp3,4.177,television,694,common_voice_en_19591955.mp3,4.177,television,694,common_voice_en_19591948.mp3,there
pair_083_ba_left,pair_083,b0a9c1096f7298520bd303bd875557ffe42b8d88d8caf51081a38bd61a8c200f7ae582fd4517f62d7715fdf9e8b95d736660271c1d6fff2dc5feab734931e2a3,ba,left,common_voice_en_19591949.mp3,Some compiled languages explicitly permit self-modifying code.,common_voice_en_19591955.mp3,4.177,television,694,common_voice_en_19591948.mp3,1.625,there,700,common_voice_en_19591955.mp3,4.177,television,694,common_voice_en_19591948.mp3,there
pair_083_ba_right,pair_083,b0a9c1096f7298520bd303bd875557ffe42b8d88d8caf51081a38bd61a8c200f7ae582fd4517f62d7715fdf9e8b95d736660271c1d6fff2dc5feab734931e2a3,ba,right,common_voice_en_19591949.mp3,Some compiled languages explicitly permit self-modifying code.,common_voice_en_19591955.mp3,4.177,television,694,common_voice_en_19591948.mp3,1.625,there,700,common_voice_en_19591948.mp3,1.625,there,700,common_voice_en_19591955.mp3,television
pair_084_ab_left,pair_084,b570d19edbda421e0975056b5fdf4cefbc3825b840aacaa337567ec1aa151a81633eb645a86c8c1c22b23e7f916c60c20cb115de29b670511fb9413611e8cc3b,ab,left,common_voice_en_19055614.mp3,Step-free access is available to both platforms via ramps.,common_voice_en_19055618.mp3,2.245,designed,182,common_voice_en_19055632.mp3,1.782,eastern,204,common_voice_en_19055618.mp3,2.245,designed,182,common_voice_en_19055632.mp3,eastern
pair_084_ab_right,pair_084,b570d19edbda421e0975056b5fdf4cefbc3825b840aacaa337567ec1aa151a81633eb645a86c8c1c22b23e7f916c60c20cb115de29b670511fb9413611e8cc3b,ab,right,common_voice_en_19055614.mp3,Step-free access is available to both platforms via ramps.,common_voice_en_19055618.mp3,2.245,designed,182,common_voice_en_19055632.mp3,1.782,eastern,204,common_voice_en_19055632.mp3,1.782,eastern,204,common_voice_en_19055618.mp3,designed
pair_084_ba_left,pair_084,b570d19edbda421e0975056b5fdf4cefbc3825b840aacaa337567ec1aa151a81633eb645a86c8c1c22b23e7f916c60c20cb115de29b670511fb9413611e8cc3b,ba,left,common_voice_en_19055614.mp3,Step-free access is available to both platforms via ramps.,common_voice_en_19055632.mp3,1.782,eastern,204,common_voice_en_19055618.mp3,2.245,designed,182,common_voice_en_19055632.mp3,1.782,eastern,204,common_voice_en_19055618.mp3,designed
pair_084_ba_right,pair_084,b570d19edbda421e0975056b5fdf4cefbc3825b840aacaa337567ec1aa151a81633eb645a86c8c1c22b23e7f916c60c20cb115de29b670511fb9413611e8cc3b,ba,right,common_voice_en_19055614.mp3,Step-free access is available to both platforms via ramps.,common_voice_en_19055632.mp3,1.782,eastern,204,common_voice_en_19055618.mp3,2.245,designed,182,common_voice_en_19055618.mp3,2.245,designed,182,common_voice_en_19055632.mp3,eastern
pair_085_ab_left,pair_085,b63e9f160905d449f5726e1afe49b6a722995a7edd35ab62810788435c7094bf37799732cefdf959ae8f3eec6e16bfa87b99a91974270f4d3728f6c1a62dffd5,ab,left,common_voice_en_22919118.mp3,"Knapp, Stout and Company became the largest lumber company in the world.",common_voice_en_22919120.mp3,2.482,featured,242,common_voice_en_22919136.mp3,2.085,never,452,common_voice_en_22919120.mp3,2.482,featured,242,common_voice_en_22919136.mp3,never
pair_085_ab_right,pair_085,b63e9f160905d449f5726e1afe49b6a722995a7edd35ab62810788435c7094bf37799732cefdf959ae8f3eec6e16bfa87b99a91974270f4d3728f6c1a62dffd5,ab,right,common_voice_en_22919118.mp3,"Knapp, Stout and Company became the largest lumber company in the world.",common_voice_en_22919120.mp3,2.482,featured,242,common_voice_en_22919136.mp3,2.085,never,452,common_voice_en_22919136.mp3,2.085,never,452,common_voice_en_22919120.mp3,featured
pair_085_ba_left,pair_085,b63e9f160905d449f5726e1afe49b6a722995a7edd35ab62810788435c7094bf37799732cefdf959ae8f3eec6e16bfa87b99a91974270f4d3728f6c1a62dffd5,ba,left,common_voice_en_22919118.mp3,"Knapp, Stout and Company became the largest lumber company in the world.",common_voice_en_22919136.mp3,2.085,never,452,common_voice_en_22919120.mp3,2.482,featured,242,common_voice_en_22919136.mp3,2.085,never,452,common_voice_en_22919120.mp3,featured
pair_085_ba_right,pair_085,b63e9f160905d449f5726e1afe49b6a722995a7edd35ab62810788435c7094bf37799732cefdf959ae8f3eec6e16bfa87b99a91974270f4d3728f6c1a62dffd5,ba,right,common_voice_en_22919118.mp3,"Knapp, Stout and Company became the largest lumber company in the world.",common_voice_en_22919136.mp3,2.085,never,452,common_voice_en_22919120.mp3,2.482,featured,242,common_voice_en_22919120.mp3,2.482,featured,242,common_voice_en_22919136.mp3,never
pair_086_ab_left,pair_086,b779db7939aed133ee10cd7bc8f5c6791935f4f5f8cc80c4338e621ad8b99c50ec1a642e203e5fa69834fd6158bc614fdb5f54cd486a49a2b936a4e0c31677b7,ab,left,common_voice_en_23883731.mp3,Marsh did not appear in the witness box to give evidence.,common_voice_en_23883719.mp3,2.316,south,640,common_voice_en_23883730.mp3,2.386,centre,106,common_voice_en_23883719.mp3,2.316,south,640,common_voice_en_23883730.mp3,centre
pair_086_ab_right,pair_086,b779db7939aed133ee10cd7bc8f5c6791935f4f5f8cc80c4338e621ad8b99c50ec1a642e203e5fa69834fd6158bc614fdb5f54cd486a49a2b936a4e0c31677b7,ab,right,common_voice_en_23883731.mp3,Marsh did not appear in the witness box to give evidence.,common_voice_en_23883719.mp3,2.316,south,640,common_voice_en_23883730.mp3,2.386,centre,106,common_voice_en_23883730.mp3,2.386,centre,106,common_voice_en_23883719.mp3,south
pair_086_ba_left,pair_086,b779db7939aed133ee10cd7bc8f5c6791935f4f5f8cc80c4338e621ad8b99c50ec1a642e203e5fa69834fd6158bc614fdb5f54cd486a49a2b936a4e0c31677b7,ba,left,common_voice_en_23883731.mp3,Marsh did not appear in the witness box to give evidence.,common_voice_en_23883730.mp3,2.386,centre,106,common_voice_en_23883719.mp3,2.316,south,640,common_voice_en_23883730.mp3,2.386,centre,106,common_voice_en_23883719.mp3,south
pair_086_ba_right,pair_086,b779db7939aed133ee10cd7bc8f5c6791935f4f5f8cc80c4338e621ad8b99c50ec1a642e203e5fa69834fd6158bc614fdb5f54cd486a49a2b936a4e0c31677b7,ba,right,common_voice_en_23883731.mp3,Marsh did not appear in the witness box to give evidence.,common_voice_en_23883730.mp3,2.386,centre,106,common_voice_en_23883719.mp3,2.316,south,640,common_voice_en_23883719.mp3,2.316,south,640,common_voice_en_23883730.mp3,centre
pair_087_ab_left,pair_087,b8d9f89e1fba8d2f36d6f603d76061626b7e1f80064ba2f15dcacafac8c7375cf2e02addf2a14ccb9c14c53f8ce2ad84d428088b5eaa626895ec1e75f766a8f6,ab,left,common_voice_en_14473.mp3,And don't bump into anything.,common_voice_en_14474.mp3,1.597,that's,696,common_voice_en_14477.mp3,1.478,could,155,common_voice_en_14474.mp3,1.597,that's,696,common_voice_en_14477.mp3,could
pair_087_ab_right,pair_087,b8d9f89e1fba8d2f36d6f603d76061626b7e1f80064ba2f15dcacafac8c7375cf2e02addf2a14ccb9c14c53f8ce2ad84d428088b5eaa626895ec1e75f766a8f6,ab,right,common_voice_en_14473.mp3,And don't bump into anything.,common_voice_en_14474.mp3,1.597,that's,696,common_voice_en_14477.mp3,1.478,could,155,common_voice_en_14477.mp3,1.478,could,155,common_voice_en_14474.mp3,that's
pair_087_ba_left,pair_087,b8d9f89e1fba8d2f36d6f603d76061626b7e1f80064ba2f15dcacafac8c7375cf2e02addf2a14ccb9c14c53f8ce2ad84d428088b5eaa626895ec1e75f766a8f6,ba,left,common_voice_en_14473.mp3,And don't bump into anything.,common_voice_en_14477.mp3,1.478,could,155,common_voice_en_14474.mp3,1.597,that's,696,common_voice_en_14477.mp3,1.478,could,155,common_voice_en_14474.mp3,that's
pair_087_ba_right,pair_087,b8d9f89e1fba8d2f36d6f603d76061626b7e1f80064ba2f15dcacafac8c7375cf2e02addf2a14ccb9c14c53f8ce2ad84d428088b5eaa626895ec1e75f766a8f6,ba,right,common_voice_en_14473.mp3,And don't bump into anything.,common_voice_en_14477.mp3,1.478,could,155,common_voice_en_14474.mp3,1.597,that's,696,common_voice_en_14474.mp3,1.597,that's,696,common_voice_en_14477.mp3,could
pair_088_ab_left,pair_088,b8ed47c13f200f2aa65db96ef876d699cdad279553768ef33205e4623ac59c8fd73b3428ade578ef91075da8ea4d133c410db89525a8f512a1a7b26bbb6d9fdf,ab,left,common_voice_en_23695794.mp3,This transfer of energy redshifts the radiation it emits.,common_voice_en_23695793.mp3,1.556,different,187,common_voice_en_23695796.mp3,1.664,album,19,common_voice_en_23695793.mp3,1.556,different,187,common_voice_en_23695796.mp3,album
pair_088_ab_right,pair_088,b8ed47c13f200f2aa65db96ef876d699cdad279553768ef33205e4623ac59c8fd73b3428ade578ef91075da8ea4d133c410db89525a8f512a1a7b26bbb6d9fdf,ab,right,common_voice_en_23695794.mp3,This transfer of energy redshifts the radiation it emits.,common_voice_en_23695793.mp3,1.556,different,187,common_voice_en_23695796.mp3,1.664,album,19,common_voice_en_23695796.mp3,1.664,album,19,common_voice_en_23695793.mp3,different
pair_088_ba_left,pair_088,b8ed47c13f200f2aa65db96ef876d699cdad279553768ef33205e4623ac59c8fd73b3428ade578ef91075da8ea4d133c410db89525a8f512a1a7b26bbb6d9fdf,ba,left,common_voice_en_23695794.mp3,This transfer of energy redshifts the radiation it emits.,common_voice_en_23695796.mp3,1.664,album,19,common_voice_en_23695793.mp3,1.556,different,187,common_voice_en_23695796.mp3,1.664,album,19,common_voice_en_23695793.mp3,different
pair_088_ba_right,pair_088,b8ed47c13f200f2aa65db96ef876d699cdad279553768ef33205e4623ac59c8fd73b3428ade578ef91075da8ea4d133c410db89525a8f512a1a7b26bbb6d9fdf,ba,right,common_voice_en_23695794.mp3,This transfer of energy redshifts the radiation it emits.,common_voice_en_23695796.mp3,1.664,album,19,common_voice_en_23695793.mp3,1.556,different,187,common_voice_en_23695793.mp3,1.556,different,187,common_voice_en_23695796.mp3,album
pair_089_ab_left,pair_089,bbb931b71c9f86a9d55f858e249d3ef726b84a760c7e82a42046ad85c62e84472b16c19863d2ab9fbbce370116523fafe1b80a750db5e736f78b12fcf438b2db,ab,left,common_voice_en_122505.mp3,She refilled her vessel and left.,common_voice_en_122512.mp3,1.415,could,155,common_voice_en_122532.mp3,2.29,stone,660,common_voice_en_122512.mp3,1.415,could,155,common_voice_en_122532.mp3,stone
pair_089_ab_right,pair_089,bbb931b71c9f86a9d55f858e249d3ef726b84a760c7e82a42046ad85c62e84472b16c19863d2ab9fbbce370116523fafe1b80a750db5e736f78b12fcf438b2db,ab,right,common_voice_en_122505.mp3,She refilled her vessel and left.,common_voice_en_122512.mp3,1.415,could,155,common_voice_en_122532.mp3,2.29,stone,660,common_voice_en_122532.mp3,2.29,stone,660,common_voice_en_122512.mp3,could
pair_089_ba_left,pair_089,bbb931b71c9f86a9d55f858e249d3ef726b84a760c7e82a42046ad85c62e84472b16c19863d2ab9fbbce370116523fafe1b80a750db5e736f78b12fcf438b2db,ba,left,common_voice_en_122505.mp3,She refilled her vessel and left.,common_voice_en_122532.mp3,2.29,stone,660,common_voice_en_122512.mp3,1.415,could,155,common_voice_en_122532.mp3,2.29,stone,660,common_voice_en_122512.mp3,could
pair_089_ba_right,pair_089,bbb931b71c9f86a9d55f858e249d3ef726b84a760c7e82a42046ad85c62e84472b16c19863d2ab9fbbce370116523fafe1b80a750db5e736f78b12fcf438b2db,ba,right,common_voice_en_122505.mp3,She refilled her vessel and left.,common_voice_en_122532.mp3,2.29,stone,660,common_voice_en_122512.mp3,1.415,could,155,common_voice_en_122512.mp3,1.415,could,155,common_voice_en_122532.mp3,stone
pair_090_ab_left,pair_090,bd05e15dd9ce4d89e3eda63c896ed2e68dbe7b1f9162acacc3d848464f4ded9ee7874511673982ada274c627bca216a568c5a6dc29eb0d0cdacd1073415a0d12,ab,left,common_voice_en_19621151.mp3,"""Maser"", spot, marking, especially on wood; ""cf.",common_voice_en_19621008.mp3,2.524,himself,311,common_voice_en_19621009.mp3,1.474,isn't,346,common_voice_en_19621008.mp3,2.524,himself,311,common_voice_en_19621009.mp3,isn't
pair_090_ab_right,pair_090,bd05e15dd9ce4d89e3eda63c896ed2e68dbe7b1f9162acacc3d848464f4ded9ee7874511673982ada274c627bca216a568c5a6dc29eb0d0cdacd1073415a0d12,ab,right,common_voice_en_19621151.mp3,"""Maser"", spot, marking, especially on wood; ""cf.",common_voice_en_19621008.mp3,2.524,himself,311,common_voice_en_19621009.mp3,1.474,isn't,346,common_voice_en_19621009.mp3,1.474,isn't,346,common_voice_en_19621008.mp3,himself
pair_090_ba_left,pair_090,bd05e15dd9ce4d89e3eda63c896ed2e68dbe7b1f9162acacc3d848464f4ded9ee7874511673982ada274c627bca216a568c5a6dc29eb0d0cdacd1073415a0d12,ba,left,common_voice_en_19621151.mp3,"""Maser"", spot, marking, especially on wood; ""cf.",common_voice_en_19621009.mp3,1.474,isn't,346,common_voice_en_19621008.mp3,2.524,himself,311,common_voice_en_19621009.mp3,1.474,isn't,346,common_voice_en_19621008.mp3,himself
pair_090_ba_right,pair_090,bd05e15dd9ce4d89e3eda63c896ed2e68dbe7b1f9162acacc3d848464f4ded9ee7874511673982ada274c627bca216a568c5a6dc29eb0d0cdacd1073415a0d12,ba,right,common_voice_en_19621151.mp3,"""Maser"", spot, marking, especially on wood; ""cf.",common_voice_en_19621009.mp3,1.474,isn't,346,common_voice_en_19621008.mp3,2.524,himself,311,common_voice_en_19621008.mp3,2.524,himself,311,common_voice_en_19621009.mp3,isn't
pair_091_ab_left,pair_091,bd6960e88aeb2934020ae1021cfcf01d8189276528b0a6d96cbb8215facb432dd71291d9665abbd71c69b2ecd0d48ea5f3a9652ef0eca3c1b5a49bb9d12fe304,ab,left,common_voice_en_26724288.mp3,This gives the opportunity for all members to review the text.,common_voice_en_26724326.mp3,2.844,independent,331,common_voice_en_26724329.mp3,1.703,companies,139,common_voice_en_26724326.mp3,2.844,independent,331,common_voice_en_26724329.mp3,companies
pair_091_ab_right,pair_091,bd6960e88aeb2934020ae1021cfcf01d8189276528b0a6d96cbb8215facb432dd71291d9665abbd71c69b2ecd0d48ea5f3a9652ef0eca3c1b5a49bb9d12fe304,ab,right,common_voice_en_26724288.mp3,This gives the opportunity for all members to review the text.,common_voice_en_26724326.mp3,2.844,independent,331,common_voice_en_26724329.mp3,1.703,companies,139,common_voice_en_26724329.mp3,1.703,companies,139,common_voice_en_26724326.mp3,independent
pair_091_ba_left,pair_091,bd6960e88aeb2934020ae1021cfcf01d8189276528b0a6d96cbb8215facb432dd71291d9665abbd71c69b2ecd0d48ea5f3a9652ef0eca3c1b5a49bb9d12fe304,ba,left,common_voice_en_26724288.mp3,This gives the opportunity for all members to review the text.,common_voice_en_26724329.mp3,1.703,companies,139,common_voice_en_26724326.mp3,2.844,independent,331,common_voice_en_26724329.mp3,1.703,companies,139,common_voice_en_26724326.mp3,independent
pair_091_ba_right,pair_091,bd6960e88aeb2934020ae1021cfcf01d8189276528b0a6d96cbb8215facb432dd71291d9665abbd71c69b2ecd0d48ea5f3a9652ef0eca3c1b5a49bb9d12fe304,ba,right,common_voice_en_26724288.mp3,This gives the opportunity for all members to review the text.,common_voice_en_26724329.mp3,1.703,companies,139,common_voice_en_26724326.mp3,2.844,independent,331,common_voice_en_26724326.mp3,2.844,independent,331,common_voice_en_26724329.mp3,companies
pair_092_ab_left,pair_092,bef66748153cfebe9b6fa68f6169d46fc97e1047b5cf98a0fc702eee2e02365cc162af0246a8eff724087a05535792b3e87fa986b7ac8c990e101a4f9c79c385,ab,left,common_voice_en_19768598.mp3,"McMahon had underestimated two major factors, however.",common_voice_en_19768597.mp3,1.722,finished,251,common_voice_en_19768599.mp3,6.459,research,579,common_voice_en_19768597.mp3,1.722,finished,251,common_voice_en_19768599.mp3,research
pair_092_ab_right,pair_092,bef66748153cfebe9b6fa68f6169d46fc97e1047b5cf98a0fc702eee2e02365cc162af0246a8eff724087a05535792b3e87fa986b7ac8c990e101a4f9c79c385,ab,right,common_voice_en_19768598.mp3,"McMahon had underestimated two major factors, however.",common_voice_en_19768597.mp3,1.722,finished,251,common_voice_en_19768599.mp3,6.459,research,579,common_voice_en_19768599.mp3,6.459,research,579,common_voice_en_19768597.mp3,finished
pair_092_ba_left,pair_092,bef66748153cfebe9b6fa68f6169d46fc97e1047b5cf98a0fc702eee2e02365cc162af0246a8eff724087a05535792b3e87fa986b7ac8c990e101a4f9c79c385,ba,left,common_voice_en_19768598.mp3,"McMahon had underestimated two major factors, however.",common_voice_en_19768599.mp3,6.459,research,579,common_voice_en_19768597.mp3,1.722,finished,251,common_voice_en_19768599.mp3,6.459,research,579,common_voice_en_19768597.mp3,finished
pair_092_ba_right,pair_092,bef66748153cfebe9b6fa68f6169d46fc97e1047b5cf98a0fc702eee2e02365cc162af0246a8eff724087a05535792b3e87fa986b7ac8c990e101a4f9c79c385,ba,right,common_voice_en_19768598.mp3,"McMahon had underestimated two major factors, however.",common_voice_en_19768599.mp3,6.459,research,579,common_voice_en_19768597.mp3,1.722,finished,251,common_voice_en_19768597.mp3,1.722,finished,251,common_voice_en_19768599.mp3,research
pair_093_ab_left,pair_093,c11c9fdccbc3a99967bb74572864767d4504616e08dffd12988736c6aa0b7624ade55e3e58bd7db4a74a484b3519b8420216e3a3f7106bf6e79037d0b303c202,ab,left,common_voice_en_21362499.mp3,"He cultivated the acquaintance of Franz Grillparzer, Heinrich Laube, and other intellectuals in Vienna.",common_voice_en_21362498.mp3,3.995,cross,168,common_voice_en_21362501.mp3,3.745,believe,65,common_voice_en_21362498.mp3,3.995,cross,168,common_voice_en_21362501.mp3,believe
pair_093_ab_right,pair_093,c11c9fdccbc3a99967bb74572864767d4504616e08dffd12988736c6aa0b7624ade55e3e58bd7db4a74a484b3519b8420216e3a3f7106bf6e79037d0b303c202,ab,right,common_voice_en_21362499.mp3,"He cultivated the acquaintance of Franz Grillparzer, Heinrich Laube, and other intellectuals in Vienna.",common_voice_en_21362498.mp3,3.995,cross,168,common_voice_en_21362501.mp3,3.745,believe,65,common_voice_en_21362501.mp3,3.745,believe,65,common_voice_en_21362498.mp3,cross
pair_093_ba_left,pair_093,c11c9fdccbc3a99967bb74572864767d4504616e08dffd12988736c6aa0b7624ade55e3e58bd7db4a74a484b3519b8420216e3a3f7106bf6e79037d0b303c202,ba,left,common_voice_en_21362499.mp3,"He cultivated the acquaintance of Franz Grillparzer, Heinrich Laube, and other intellectuals in Vienna.",common_voice_en_21362501.mp3,3.745,believe,65,common_voice_en_21362498.mp3,3.995,cross,168,common_voice_en_21362501.mp3,3.745,believe,65,common_voice_en_21362498.mp3,cross
pair_093_ba_right,pair_093,c11c9fdccbc3a99967bb74572864767d4504616e08dffd12988736c6aa0b7624ade55e3e58bd7db4a74a484b3519b8420216e3a3f7106bf6e79037d0b303c202,ba,right,common_voice_en_21362499.mp3,"He cultivated the acquaintance of Franz Grillparzer, Heinrich Laube, and other intellectuals in Vienna.",common_voice_en_21362501.mp3,3.745,believe,65,common_voice_en_21362498.mp3,3.995,cross,168,common_voice_en_21362498.mp3,3.995,cross,168,common_voice_en_21362501.mp3,believe
pair_094_ab_left,pair_094,c432ede42d1ecb921effab5e51da3a9b88b4a2ad703a7c9e176ba97e6dc142b2ada3f29de21c90a65a95907ebca4455e32c75a14579e3a45bd7d587ccacc1040,ab,left,common_voice_en_25867967.mp3,"Roy Eldridge stated, I'd listened to him all kinds of ways.",common_voice_en_25867965.mp3,4.449,noted,458,common_voice_en_25867966.mp3,1.494,single,625,common_voice_en_25867965.mp3,4.449,noted,458,common_voice_en_25867966.mp3,single
pair_094_ab_right,pair_094,c432ede42d1ecb921effab5e51da3a9b88b4a2ad703a7c9e176ba97e6dc142b2ada3f29de21c90a65a95907ebca4455e32c75a14579e3a45bd7d587ccacc1040,ab,right,common_voice_en_25867967.mp3,"Roy Eldridge stated, I'd listened to him all kinds of ways.",common_voice_en_25867965.mp3,4.449,noted,458,common_voice_en_25867966.mp3,1.494,single,625,common_voice_en_25867966.mp3,1.494,single,625,common_voice_en_25867965.mp3,noted
pair_094_ba_left,pair_094,c432ede42d1ecb921effab5e51da3a9b88b4a2ad703a7c9e176ba97e6dc142b2ada3f29de21c90a65a95907ebca4455e32c75a14579e3a45bd7d587ccacc1040,ba,left,common_voice_en_25867967.mp3,"Roy Eldridge stated, I'd listened to him all kinds of ways.",common_voice_en_25867966.mp3,1.494,single,625,common_voice_en_25867965.mp3,4.449,noted,458,common_voice_en_25867966.mp3,1.494,single,625,common_voice_en_25867965.mp3,noted
pair_094_ba_right,pair_094,c432ede42d1ecb921effab5e51da3a9b88b4a2ad703a7c9e176ba97e6dc142b2ada3f29de21c90a65a95907ebca4455e32c75a14579e3a45bd7d587ccacc1040,ba,right,common_voice_en_25867967.mp3,"Roy Eldridge stated, I'd listened to him all kinds of ways.",common_voice_en_25867966.mp3,1.494,single,625,common_voice_en_25867965.mp3,4.449,noted,458,common_voice_en_25867965.mp3,4.449,noted,458,common_voice_en_25867966.mp3,single
pair_095_ab_left,pair_095,c8be5e5160748bb5ce3a1138dd5d4bc07d0becf12c2e205ad421fa202038dffe6c5ad264beb25a399cbaab9608a40cc9bcd11e4ab698281673c6f7227dcf6dbe,ab,left,common_voice_en_26532248.mp3,Murphy was the son of Irish immigrants Dennis Murphy and Mary Prendergrass.,common_voice_en_26532250.mp3,1.875,there,700,common_voice_en_26532253.mp3,5.068,called,90,common_voice_en_26532250.mp3,1.875,there,700,common_voice_en_26532253.mp3,called
pair_095_ab_right,pair_095,c8be5e5160748bb5ce3a1138dd5d4bc07d0becf12c2e205ad421fa202038dffe6c5ad264beb25a399cbaab9608a40cc9bcd11e4ab698281673c6f7227dcf6dbe,ab,right,common_voice_en_26532248.mp3,Murphy was the son of Irish immigrants Dennis Murphy and Mary Prendergrass.,common_voice_en_26532250.mp3,1.875,there,700,common_voice_en_26532253.mp3,5.068,called,90,common_voice_en_26532253.mp3,5.068,called,90,common_voice_en_26532250.mp3,there
pair_095_ba_left,pair_095,c8be5e5160748bb5ce3a1138dd5d4bc07d0becf12c2e205ad421fa202038dffe6c5ad264beb25a399cbaab9608a40cc9bcd11e4ab698281673c6f7227dcf6dbe,ba,left,common_voice_en_26532248.mp3,Murphy was the son of Irish immigrants Dennis Murphy and Mary Prendergrass.,common_voice_en_26532253.mp3,5.068,called,90,common_voice_en_26532250.mp3,1.875,there,700,common_voice_en_26532253.mp3,5.068,called,90,common_voice_en_26532250.mp3,there
pair_095_ba_right,pair_095,c8be5e5160748bb5ce3a1138dd5d4bc07d0becf12c2e205ad421fa202038dffe6c5ad264beb25a399cbaab9608a40cc9bcd11e4ab698281673c6f7227dcf6dbe,ba,right,common_voice_en_26532248.mp3,Murphy was the son of Irish immigrants Dennis Murphy and Mary Prendergrass.,common_voice_en_26532253.mp3,5.068,called,90,common_voice_en_26532250.mp3,1.875,there,700,common_voice_en_26532250.mp3,1.875,there,700,common_voice_en_26532253.mp3,called
pair_096_ab_left,pair_096,c947abaa955f8c89270cee73697a380e9e9998f27ea4c567af2be4b719d07945ce46aae51432a4f2832574635acda37fc02d2d5087c7459ceea10fe99e611d56,ab,left,common_voice_en_209232.mp3,"""I'll be back,"" the boy said.",common_voice_en_209233.mp3,2.849,dream,199,common_voice_en_209244.mp3,2.107,south,640,common_voice_en_209233.mp3,2.849,dream,199,common_voice_en_209244.mp3,south
pair_096_ab_right,pair_096,c947abaa955f8c89270cee73697a380e9e9998f27ea4c567af2be4b719d07945ce46aae51432a4f2832574635acda37fc02d2d5087c7459ceea10fe99e611d56,ab,right,common_voice_en_209232.mp3,"""I'll be back,"" the boy said.",common_voice_en_209233.mp3,2.849,dream,199,common_voice_en_209244.mp3,2.107,south,640,common_voice_en_209244.mp3,2.107,south,640,common_voice_en_209233.mp3,dream
pair_096_ba_left,pair_096,c947abaa955f8c89270cee73697a380e9e9998f27ea4c567af2be4b719d07945ce46aae51432a4f2832574635acda37fc02d2d5087c7459ceea10fe99e611d56,ba,left,common_voice_en_209232.mp3,"""I'll be back,"" the boy said.",common_voice_en_209244.mp3,2.107,south,640,common_voice_en_209233.mp3,2.849,dream,199,common_voice_en_209244.mp3,2.107,south,640,common_voice_en_209233.mp3,dream
pair_096_ba_right,pair_096,c947abaa955f8c89270cee73697a380e9e9998f27ea4c567af2be4b719d07945ce46aae51432a4f2832574635acda37fc02d2d5087c7459ceea10fe99e611d56,ba,right,common_voice_en_209232.mp3,"""I'll be back,"" the boy said.",common_voice_en_209244.mp3,2.107,south,640,common_voice_en_209233.mp3,2.849,dream,199,common_voice_en_209233.mp3,2.849,dream,199,common_voice_en_209244.mp3,south
pair_097_ab_left,pair_097,ccfe72e294ce2b520f2ce5978a555a254ec8c298f9e3ddb3071c095f33c36b6409501a4921ae2fa8669700bb438ccaaa04289c6398e28a87800be361bb59c8e0,ab,left,common_voice_en_19869124.mp3,His son Colin Davis also became a driver.,common_voice_en_19869199.mp3,2.659,national,444,common_voice_en_19869213.mp3,2.817,strong,666,common_voice_en_19869199.mp3,2.659,national,444,common_voice_en_19869213.mp3,strong
pair_097_ab_right,pair_097,ccfe72e294ce2b520f2ce5978a555a254ec8c298f9e3ddb3071c095f33c36b6409501a4921ae2fa8669700bb438ccaaa04289c6398e28a87800be361bb59c8e0,ab,right,common_voice_en_19869124.mp3,His son Colin Davis also became a driver.,common_voice_en_19869199.mp3,2.659,national,444,common_voice_en_19869213.mp3,2.817,strong,666,common_voice_en_19869213.mp3,2.817,strong,666,common_voice_en_19869199.mp3,national
pair_097_ba_left,pair_097,ccfe72e294ce2b520f2ce5978a555a254ec8c298f9e3ddb3071c095f33c36b6409501a4921ae2fa8669700bb438ccaaa04289c6398e28a87800be361bb59c8e0,ba,left,common_voice_en_19869124.mp3,His son Colin Davis also became a driver.,common_voice_en_19869213.mp3,2.817,strong,666,common_voice_en_19869199.mp3,2.659,national,444,common_voice_en_19869213.mp3,2.817,strong,666,common_voice_en_19869199.mp3,national
pair_097_ba_right,pair_097,ccfe72e294ce2b520f2ce5978a555a254ec8c298f9e3ddb3071c095f33c36b6409501a4921ae2fa8669700bb438ccaaa04289c6398e28a87800be361bb59c8e0,ba,right,common_voice_en_19869124.mp3,His son Colin Davis also became a driver.,common_voice_en_19869213.mp3,2.817,strong,666,common_voice_en_19869199.mp3,2.659,national,444,common_voice_en_19869199.mp3,2.659,national,444,common_voice_en_19869213.mp3,strong
pair_098_ab_left,pair_098,d1239589424ff80f61ff7526def05de2eaefed32e56cf23c876b06852c8a92f661b40661272a7ea0494b6484dbcf1b14e73c8693d54e7110539e43397bc2465d,ab,left,common_voice_en_18800378.mp3,Current board member at The New York Women's Foundation.,common_voice_en_18800383.mp3,2.83,established,223,common_voice_en_18800415.mp3,2.418,however,320,common_voice_en_18800383.mp3,2.83,established,223,common_voice_en_18800415.mp3,however
pair_098_ab_right,pair_098,d1239589424ff80f61ff7526def05de2eaefed32e56cf23c876b06852c8a92f661b40661272a7ea0494b6484dbcf1b14e73c8693d54e7110539e43397bc2465d,ab,right,common_voice_en_18800378.mp3,Current board member at The New York Women's Foundation.,common_voice_en_18800383.mp3,2.83,established,223,common_voice_en_18800415.mp3,2.418,however,320,common_voice_en_18800415.mp3,2.418,however,320,common_voice_en_18800383.mp3,established
pair_098_ba_left,pair_098,d1239589424ff80f61ff7526def05de2eaefed32e56cf23c876b06852c8a92f661b40661272a7ea0494b6484dbcf1b14e73c8693d54e7110539e43397bc2465d,ba,left,common_voice_en_18800378.mp3,Current board member at The New York Women's Foundation.,common_voice_en_18800415.mp3,2.418,however,320,common_voice_en_18800383.mp3,2.83,established,223,common_voice_en_18800415.mp3,2.418,however,320,common_voice_en_18800383.mp3,established
pair_098_ba_right,pair_098,d1239589424ff80f61ff7526def05de2eaefed32e56cf23c876b06852c8a92f661b40661272a7ea0494b6484dbcf1b14e73c8693d54e7110539e43397bc2465d,ba,right,common_voice_en_18800378.mp3,Current board member at The New York Women's Foundation.,common_voice_en_18800415.mp3,2.418,however,320,common_voice_en_18800383.mp3,2.83,established,223,common_voice_en_18800383.mp3,2.83,established,223,common_voice_en_18800415.mp3,however
pair_099_ab_left,pair_099,d18c467a83ec3a64ca6d5a6f371e18808b86ce70628835bf4ba503cd26b9e4bfe4dc75978f9e7a2fc1ca030ab0c00b35247979f8d8530b34ac559df8d2185713,ab,left,common_voice_en_637058.mp3,The top had certainly ceased to rotate.,common_voice_en_637061.mp3,1.55,would,788,common_voice_en_637071.mp3,1.509,fight,247,common_voice_en_637061.mp3,1.55,would,788,common_voice_en_637071.mp3,fight
pair_099_ab_right,pair_099,d18c467a83ec3a64ca6d5a6f371e18808b86ce70628835bf4ba503cd26b9e4bfe4dc75978f9e7a2fc1ca030ab0c00b35247979f8d8530b34ac559df8d2185713,ab,right,common_voice_en_637058.mp3,The top had certainly ceased to rotate.,common_voice_en_637061.mp3,1.55,would,788,common_voice_en_637071.mp3,1.509,fight,247,common_voice_en_637071.mp3,1.509,fight,247,common_voice_en_637061.mp3,would
pair_099_ba_left,pair_099,d18c467a83ec3a64ca6d5a6f371e18808b86ce70628835bf4ba503cd26b9e4bfe4dc75978f9e7a2fc1ca030ab0c00b35247979f8d8530b34ac559df8d2185713,ba,left,common_voice_en_637058.mp3,The top had certainly ceased to rotate.,common_voice_en_637071.mp3,1.509,fight,247,common_voice_en_637061.mp3,1.55,would,788,common_voice_en_637071.mp3,1.509,fight,247,common_voice_en_637061.mp3,would
pair_099_ba_right,pair_099,d18c467a83ec3a64ca6d5a6f371e18808b86ce70628835bf4ba503cd26b9e4bfe4dc75978f9e7a2fc1ca030ab0c00b35247979f8d8530b34ac559df8d2185713,ba,right,common_voice_en_637058.mp3,The top had certainly ceased to rotate.,common_voice_en_637071.mp3,1.509,fight,247,common_voice_en_637061.mp3,1.55,would,788,common_voice_en_637061.mp3,1.55,would,788,common_voice_en_637071.mp3,fight
pair_100_ab_left,pair_100,d6a158cfd02cf2acbdfafa494f36145d069f0c6afb4ef5606ebad63b5b8f9a0192318b677bc689086c52b11be52f6646f4d4d1611b9a33f1988f53c0649d352b,ab,left,common_voice_en_21281338.mp3,She finds he is not there and that he had left a tape behind.,common_voice_en_21281335.mp3,4.027,natural,446,common_voice_en_21281452.mp3,1.605,chinese,119,common_voice_en_21281335.mp3,4.027,natural,446,common_voice_en_21281452.mp3,chinese
pair_100_ab_right,pair_100,d6a158cfd02cf2acbdfafa494f36145d069f0c6afb4ef5606ebad63b5b8f9a0192318b677bc689086c52b11be52f6646f4d4d1611b9a33f1988f53c0649d352b,ab,right,common_voice_en_21281338.mp3,She finds he is not there and that he had left a tape behind.,common_voice_en_21281335.mp3,4.027,natural,446,common_voice_en_21281452.mp3,1.605,chinese,119,common_voice_en_21281452.mp3,1.605,chinese,119,common_voice_en_21281335.mp3,natural
pair_100_ba_left,pair_100,d6a158cfd02cf2acbdfafa494f36145d069f0c6afb4ef5606ebad63b5b8f9a0192318b677bc689086c52b11be52f6646f4d4d1611b9a33f1988f53c0649d352b,ba,left,common_voice_en_21281338.mp3,She finds he is not there and that he had left a tape behind.,common_voice_en_21281452.mp3,1.605,chinese,119,common_voice_en_21281335.mp3,4.027,natural,446,common_voice_en_21281452.mp3,1.605,chinese,119,common_voice_en_21281335.mp3,natural
pair_100_ba_right,pair_100,d6a158cfd02cf2acbdfafa494f36145d069f0c6afb4ef5606ebad63b5b8f9a0192318b677bc689086c52b11be52f6646f4d4d1611b9a33f1988f53c0649d352b,ba,right,common_voice_en_21281338.mp3,She finds he is not there and that he had left a tape behind.,common_voice_en_21281452.mp3,1.605,chinese,119,common_voice_en_21281335.mp3,4.027,natural,446,common_voice_en_21281335.mp3,4.027,natural,446,common_voice_en_21281452.mp3,chinese
pair_101_ab_left,pair_101,dcb71f68dfa7c11babdb9f24739bd736d5b738c7617bafeeb00d74473839c3f8dc5fa41c7426856cb055128412d565bcede764d3d615b9c551b189ffbd8a0252,ab,left,common_voice_en_22150195.mp3,yes,common_voice_en_22150601.mp3,1.696,capital,96,common_voice_en_22151148.mp3,2.9,international,341,common_voice_en_22150601.mp3,1.696,capital,96,common_voice_en_22151148.mp3,international
pair_101_ab_right,pair_101,dcb71f68dfa7c11babdb9f24739bd736d5b738c7617bafeeb00d74473839c3f8dc5fa41c7426856cb055128412d565bcede764d3d615b9c551b189ffbd8a0252,ab,right,common_voice_en_22150195.mp3,yes,common_voice_en_22150601.mp3,1.696,capital,96,common_voice_en_22151148.mp3,2.9,international,341,common_voice_en_22151148.mp3,2.9,international,341,common_voice_en_22150601.mp3,capital
pair_101_ba_left,pair_101,dcb71f68dfa7c11babdb9f24739bd736d5b738c7617bafeeb00d74473839c3f8dc5fa41c7426856cb055128412d565bcede764d3d615b9c551b189ffbd8a0252,ba,left,common_voice_en_22150195.mp3,yes,common_voice_en_22151148.mp3,2.9,international,341,common_voice_en_22150601.mp3,1.696,capital,96,common_voice_en_22151148.mp3,2.9,international,341,common_voice_en_22150601.mp3,capital
pair_101_ba_right,pair_101,dcb71f68dfa7c11babdb9f24739bd736d5b738c7617bafeeb00d74473839c3f8dc5fa41c7426856cb055128412d565bcede764d3d615b9c551b189ffbd8a0252,ba,right,common_voice_en_22150195.mp3,yes,common_voice_en_22151148.mp3,2.9,international,341,common_voice_en_22150601.mp3,1.696,capital,96,common_voice_en_22150601.mp3,1.696,capital,96,common_voice_en_22151148.mp3,international
pair_102_ab_left,pair_102,e520c471ea6f134d2af8f0ab63e5df686a6cff2436688015b7a891d25e47d7adef6f72184a9004a13f04f6ee55e406c4b528f112746a563adb914d52a5a0e281,ab,left,common_voice_en_25835051.mp3,Treatment of uncompensated metabolic acidosis is focused upon correcting the underlying problem.,common_voice_en_25835199.mp3,3.721,notable,457,common_voice_en_25835338.mp3,1.884,first,253,common_voice_en_25835199.mp3,3.721,notable,457,common_voice_en_25835338.mp3,first
pair_102_ab_right,pair_102,e520c471ea6f134d2af8f0ab63e5df686a6cff2436688015b7a891d25e47d7adef6f72184a9004a13f04f6ee55e406c4b528f112746a563adb914d52a5a0e281,ab,right,common_voice_en_25835051.mp3,Treatment of uncompensated metabolic acidosis is focused upon correcting the underlying problem.,common_voice_en_25835199.mp3,3.721,notable,457,common_voice_en_25835338.mp3,1.884,first,253,common_voice_en_25835338.mp3,1.884,first,253,common_voice_en_25835199.mp3,notable
pair_102_ba_left,pair_102,e520c471ea6f134d2af8f0ab63e5df686a6cff2436688015b7a891d25e47d7adef6f72184a9004a13f04f6ee55e406c4b528f112746a563adb914d52a5a0e281,ba,left,common_voice_en_25835051.mp3,Treatment of uncompensated metabolic acidosis is focused upon correcting the underlying problem.,common_voice_en_25835338.mp3,1.884,first,253,common_voice_en_25835199.mp3,3.721,notable,457,common_voice_en_25835338.mp3,1.884,first,253,common_voice_en_25835199.mp3,notable
pair_102_ba_right,pair_102,e520c471ea6f134d2af8f0ab63e5df686a6cff2436688015b7a891d25e47d7adef6f72184a9004a13f04f6ee55e406c4b528f112746a563adb914d52a5a0e281,ba,right,common_voice_en_25835051.mp3,Treatment of uncompensated metabolic acidosis is focused upon correcting the underlying problem.,common_voice_en_25835338.mp3,1.884,first,253,common_voice_en_25835199.mp3,3.721,notable,457,common_voice_en_25835199.mp3,3.721,notable,457,common_voice_en_25835338.mp3,first
pair_103_ab_left,pair_103,eeb442ce8ae7e272b69866ee62ce733e1ecf9bb721fca69bf7d42623bd4ecb1fd6a558a2611bed921f19ec2856431af2d333cb0cb288033130b5741c4c4be77e,ab,left,common_voice_en_219102.mp3,"If you start your emails with ""Greetings"" let me be the first to welcome you to Earth.",common_voice_en_219108.mp3,5.587,green,294,common_voice_en_219110.mp3,1.833,seemed,603,common_voice_en_219108.mp3,5.587,green,294,common_voice_en_219110.mp3,seemed
pair_103_ab_right,pair_103,eeb442ce8ae7e272b69866ee62ce733e1ecf9bb721fca69bf7d42623bd4ecb1fd6a558a2611bed921f19ec2856431af2d333cb0cb288033130b5741c4c4be77e,ab,right,common_voice_en_219102.mp3,"If you start your emails with ""Greetings"" let me be the first to welcome you to Earth.",common_voice_en_219108.mp3,5.587,green,294,common_voice_en_219110.mp3,1.833,seemed,603,common_voice_en_219110.mp3,1.833,seemed,603,common_voice_en_219108.mp3,green
pair_103_ba_left,pair_103,eeb442ce8ae7e272b69866ee62ce733e1ecf9bb721fca69bf7d42623bd4ecb1fd6a558a2611bed921f19ec2856431af2d333cb0cb288033130b5741c4c4be77e,ba,left,common_voice_en_219102.mp3,"If you start your emails with ""Greetings"" let me be the first to welcome you to Earth.",common_voice_en_219110.mp3,1.833,seemed,603,common_voice_en_219108.mp3,5.587,green,294,common_voice_en_219110.mp3,1.833,seemed,603,common_voice_en_219108.mp3,green
pair_103_ba_right,pair_103,eeb442ce8ae7e272b69866ee62ce733e1ecf9bb721fca69bf7d42623bd4ecb1fd6a558a2611bed921f19ec2856431af2d333cb0cb288033130b5741c4c4be77e,ba,right,common_voice_en_219102.mp3,"If you start your emails with ""Greetings"" let me be the first to welcome you to Earth.",common_voice_en_219110.mp3,1.833,seemed,603,common_voice_en_219108.mp3,5.587,green,294,common_voice_en_219108.mp3,5.587,green,294,common_voice_en_219110.mp3,seemed
pair_104_ab_left,pair_104,f210601ed1ac94f08bac97cb0849fda881621456006568b293019d1279a343427c6185178a41ac1a5d9f37e735507df4e2e75102a42dc1e685185f79c7404c89,ab,left,common_voice_en_536787.mp3,The Englishman said nothing.,common_voice_en_536785.mp3,2.583,hands,299,common_voice_en_536786.mp3,1.929,never,452,common_voice_en_536785.mp3,2.583,hands,299,common_voice_en_536786.mp3,never
pair_104_ab_right,pair_104,f210601ed1ac94f08bac97cb0849fda881621456006568b293019d1279a343427c6185178a41ac1a5d9f37e735507df4e2e75102a42dc1e685185f79c7404c89,ab,right,common_voice_en_536787.mp3,The Englishman said nothing.,common_voice_en_536785.mp3,2.583,hands,299,common_voice_en_536786.mp3,1.929,never,452,common_voice_en_536786.mp3,1.929,never,452,common_voice_en_536785.mp3,hands
pair_104_ba_left,pair_104,f210601ed1ac94f08bac97cb0849fda881621456006568b293019d1279a343427c6185178a41ac1a5d9f37e735507df4e2e75102a42dc1e685185f79c7404c89,ba,left,common_voice_en_536787.mp3,The Englishman said nothing.,common_voice_en_536786.mp3,1.929,never,452,common_voice_en_536785.mp3,2.583,hands,299,common_voice_en_536786.mp3,1.929,never,452,common_voice_en_536785.mp3,hands
pair_104_ba_right,pair_104,f210601ed1ac94f08bac97cb0849fda881621456006568b293019d1279a343427c6185178a41ac1a5d9f37e735507df4e2e75102a42dc1e685185f79c7404c89,ba,right,common_voice_en_536787.mp3,The Englishman said nothing.,common_voice_en_536786.mp3,1.929,never,452,common_voice_en_536785.mp3,2.583,hands,299,common_voice_en_536785.mp3,2.583,hands,299,common_voice_en_536786.mp3,never
pair_105_ab_left,pair_105,f270c77b7426e139617567552ccdc36e180deabf3783b7c6433abdf2a0eb267fa157f6a0fbfd28a4243138eba24a69c17c7d9974d7da9c56a2f3911b342d0d62,ab,left,common_voice_en_25264191.mp3,The album was produced by Ontronik.,common_voice_en_25264190.mp3,3.112,system,684,common_voice_en_25264192.mp3,1.538,change,108,common_voice_en_25264190.mp3,3.112,system,684,common_voice_en_25264192.mp3,change
pair_105_ab_right,pair_105,f270c77b7426e139617567552ccdc36e180deabf3783b7c6433abdf2a0eb267fa157f6a0fbfd28a4243138eba24a69c17c7d9974d7da9c56a2f3911b342d0d62,ab,right,common_voice_en_25264191.mp3,The album was produced by Ontronik.,common_voice_en_25264190.mp3,3.112,system,684,common_voice_en_25264192.mp3,1.538,change,108,common_voice_en_25264192.mp3,1.538,change,108,common_voice_en_25264190.mp3,system
pair_105_ba_left,pair_105,f270c77b7426e139617567552ccdc36e180deabf3783b7c6433abdf2a0eb267fa157f6a0fbfd28a4243138eba24a69c17c7d9974d7da9c56a2f3911b342d0d62,ba,left,common_voice_en_25264191.mp3,The album was produced by Ontronik.,common_voice_en_25264192.mp3,1.538,change,108,common_voice_en_25264190.mp3,3.112,system,684,common_voice_en_25264192.mp3,1.538,change,108,common_voice_en_25264190.mp3,system
pair_105_ba_right,pair_105,f270c77b7426e139617567552ccdc36e180deabf3783b7c6433abdf2a0eb267fa157f6a0fbfd28a4243138eba24a69c17c7d9974d7da9c56a2f3911b342d0d62,ba,right,common_voice_en_25264191.mp3,The album was produced by Ontronik.,common_voice_en_25264192.mp3,1.538,change,108,common_voice_en_25264190.mp3,3.112,system,684,common_voice_en_25264190.mp3,3.112,system,684,common_voice_en_25264192.mp3,change
pair_106_ab_left,pair_106,f7b9011213f8b0b95ef92533acf8d2728fb6e0b59e373b5d7d987075dc500e461f67a879ac9109c3db3591b7e02aad697fe5159d5cdc718d93b33f02db0cd9c2,ab,left,common_voice_en_18628706.mp3,I found a cold egg which I had overlooked.,common_voice_en_18628701.mp3,1.653,therefore,702,common_voice_en_18628703.mp3,3.136,football,258,common_voice_en_18628701.mp3,1.653,therefore,702,common_voice_en_18628703.mp3,football
pair_106_ab_right,pair_106,f7b9011213f8b0b95ef92533acf8d2728fb6e0b59e373b5d7d987075dc500e461f67a879ac9109c3db3591b7e02aad697fe5159d5cdc718d93b33f02db0cd9c2,ab,right,common_voice_en_18628706.mp3,I found a cold egg which I had overlooked.,common_voice_en_18628701.mp3,1.653,therefore,702,common_voice_en_18628703.mp3,3.136,football,258,common_voice_en_18628703.mp3,3.136,football,258,common_voice_en_18628701.mp3,therefore
pair_106_ba_left,pair_106,f7b9011213f8b0b95ef92533acf8d2728fb6e0b59e373b5d7d987075dc500e461f67a879ac9109c3db3591b7e02aad697fe5159d5cdc718d93b33f02db0cd9c2,ba,left,common_voice_en_18628706.mp3,I found a cold egg which I had overlooked.,common_voice_en_18628703.mp3,3.136,football,258,common_voice_en_18628701.mp3,1.653,therefore,702,common_voice_en_18628703.mp3,3.136,football,258,common_voice_en_18628701.mp3,therefore
pair_106_ba_right,pair_106,f7b9011213f8b0b95ef92533acf8d2728fb6e0b59e373b5d7d987075dc500e461f67a879ac9109c3db3591b7e02aad697fe5159d5cdc718d93b33f02db0cd9c2,ba,right,common_voice_en_18628706.mp3,I found a cold egg which I had overlooked.,common_voice_en_18628703.mp3,3.136,football,258,common_voice_en_18628701.mp3,1.653,therefore,702,common_voice_en_18628701.mp3,1.653,therefore,702,common_voice_en_18628703.mp3,football
pair_107_ab_left,pair_107,f91af799e6f128f501e63d9621bc161c55f288bf4af1e3991aad357a0162b31dd5d68b706e0470b0d220d0b60f56851585afe46b43599485c3b25853d995c7d2,ab,left,common_voice_en_680871.mp3,"Ouch, that was uncalled for.",common_voice_en_680878.mp3,1.418,where,768,common_voice_en_680880.mp3,2.337,through,714,common_voice_en_680878.mp3,1.418,where,768,common_voice_en_680880.mp3,through
pair_107_ab_right,pair_107,f91af799e6f128f501e63d9621bc161c55f288bf4af1e3991aad357a0162b31dd5d68b706e0470b0d220d0b60f56851585afe46b43599485c3b25853d995c7d2,ab,right,common_voice_en_680871.mp3,"Ouch, that was uncalled for.",common_voice_en_680878.mp3,1.418,where,768,common_voice_en_680880.mp3,2.337,through,714,common_voice_en_680880.mp3,2.337,through,714,common_voice_en_680878.mp3,where
pair_107_ba_left,pair_107,f91af799e6f128f501e63d9621bc161c55f288bf4af1e3991aad357a0162b31dd5d68b706e0470b0d220d0b60f56851585afe46b43599485c3b25853d995c7d2,ba,left,common_voice_en_680871.mp3,"Ouch, that was uncalled for.",common_voice_en_680880.mp3,2.337,through,714,common_voice_en_680878.mp3,1.418,where,768,common_voice_en_680880.mp3,2.337,through,714,common_voice_en_680878.mp3,where
pair_107_ba_right,pair_107,f91af799e6f128f501e63d9621bc161c55f288bf4af1e3991aad357a0162b31dd5d68b706e0470b0d220d0b60f56851585afe46b43599485c3b25853d995c7d2,ba,right,common_voice_en_680871.mp3,"Ouch, that was uncalled for.",common_voice_en_680880.mp3,2.337,through,714,common_voice_en_680878.mp3,1.418,where,768,common_voice_en_680878.mp3,1.418,where,768,common_voice_en_680880.mp3,through
pair_108_ab_left,pair_108,fb39d657f421e8a4a8adc46fbcaf8cba76f21bda4ad49070bb93de743092bc4adfeadc37ee7e05c208478d1507de334cc7e5898a89ae581a8a9872781dc49cfa,ab,left,common_voice_en_20440352.mp3,Nothing but this manna to look at.,common_voice_en_20440357.mp3,1.978,these,703,common_voice_en_20440359.mp3,2.093,election,212,common_voice_en_20440357.mp3,1.978,these,703,common_voice_en_20440359.mp3,election
pair_108_ab_right,pair_108,fb39d657f421e8a4a8adc46fbcaf8cba76f21bda4ad49070bb93de743092bc4adfeadc37ee7e05c208478d1507de334cc7e5898a89ae581a8a9872781dc49cfa,ab,right,common_voice_en_20440352.mp3,Nothing but this manna to look at.,common_voice_en_20440357.mp3,1.978,these,703,common_voice_en_20440359.mp3,2.093,election,212,common_voice_en_20440359.mp3,2.093,election,212,common_voice_en_20440357.mp3,these
pair_108_ba_left,pair_108,fb39d657f421e8a4a8adc46fbcaf8cba76f21bda4ad49070bb93de743092bc4adfeadc37ee7e05c208478d1507de334cc7e5898a89ae581a8a9872781dc49cfa,ba,left,common_voice_en_20440352.mp3,Nothing but this manna to look at.,common_voice_en_20440359.mp3,2.093,election,212,common_voice_en_20440357.mp3,1.978,these,703,common_voice_en_20440359.mp3,2.093,election,212,common_voice_en_20440357.mp3,these
pair_108_ba_right,pair_108,fb39d657f421e8a4a8adc46fbcaf8cba76f21bda4ad49070bb93de743092bc4adfeadc37ee7e05c208478d1507de334cc7e5898a89ae581a8a9872781dc49cfa,ba,right,common_voice_en_20440352.mp3,Nothing but this manna to look at.,common_voice_en_20440359.mp3,2.093,election,212,common_voice_en_20440357.mp3,1.978,these,703,common_voice_en_20440357.mp3,1.978,these,703,common_voice_en_20440359.mp3,election
pair_109_ab_left,pair_109,fc6cc3625c64e94c1d5f025c0b6d3235eb59d8b230f2c9e50268fb548560e6b9468818c7acaa68180fe1c546cbd09f8b018fdd0fd35e1e9d47a021e15478e875,ab,left,common_voice_en_645238.mp3,"It was, however, still so hot from its flight through the air.",common_voice_en_645258.mp3,2.135,don't,198,common_voice_en_645260.mp3,1.604,seemed,603,common_voice_en_645258.mp3,2.135,don't,198,common_voice_en_645260.mp3,seemed
pair_109_ab_right,pair_109,fc6cc3625c64e94c1d5f025c0b6d3235eb59d8b230f2c9e50268fb548560e6b9468818c7acaa68180fe1c546cbd09f8b018fdd0fd35e1e9d47a021e15478e875,ab,right,common_voice_en_645238.mp3,"It was, however, still so hot from its flight through the air.",common_voice_en_645258.mp3,2.135,don't,198,common_voice_en_645260.mp3,1.604,seemed,603,common_voice_en_645260.mp3,1.604,seemed,603,common_voice_en_645258.mp3,don't
pair_109_ba_left,pair_109,fc6cc3625c64e94c1d5f025c0b6d3235eb59d8b230f2c9e50268fb548560e6b9468818c7acaa68180fe1c546cbd09f8b018fdd0fd35e1e9d47a021e15478e875,ba,left,common_voice_en_645238.mp3,"It was, however, still so hot from its flight through the air.",common_voice_en_645260.mp3,1.604,seemed,603,common_voice_en_645258.mp3,2.135,don't,198,common_voice_en_645260.mp3,1.604,seemed,603,common_voice_en_645258.mp3,don't
pair_109_ba_right,pair_109,fc6cc3625c64e94c1d5f025c0b6d3235eb59d8b230f2c9e50268fb548560e6b9468818c7acaa68180fe1c546cbd09f8b018fdd0fd35e1e9d47a021e15478e875,ba,right,common_voice_en_645238.mp3,"It was, however, still so hot from its flight through the air.",common_voice_en_645260.mp3,1.604,seemed,603,common_voice_en_645258.mp3,2.135,don't,198,common_voice_en_645258.mp3,2.135,don't,198,common_voice_en_645260.mp3,seemed
